record_id,doi,year,pdf_path,pdf_is_version_of_record,page_count,scoped_first_page,scoped_last_page,predicted_figures_total,historical_figures_total,count_error,exact,figure_numbers,missing_figure_numbers,contiguous,census_error
doi:10.1021/sb200001q,10.1021/sb200001q,2012,data/papers/2012/10.1021__sb200001q/publisher/paper.pdf,True,8,1,8,4,4,0,True,1 2 3 4,,True,
doi:10.1021/sb200002m,10.1021/sb200002m,2012,data/papers/2012/10.1021__sb200002m/publisher/paper.pdf,True,10,1,10,5,5,0,True,1 2 3 4 5,,True,
doi:10.1021/sb200003v,10.1021/sb200003v,2012,data/papers/2012/10.1021__sb200003v/publisher/paper.pdf,True,7,1,7,4,4,0,True,1 2 3 4,,True,
doi:10.1021/sb200005w,10.1021/sb200005w,2012,data/papers/2012/10.1021__sb200005w/paper.pdf,True,6,1,6,3,3,0,True,1 2 3,,True,
doi:10.1021/sb2000066,10.1021/sb2000066,2012,data/papers/2012/10.1021__sb2000066/publisher/paper.pdf,True,5,1,5,4,4,0,True,1 2 3 4,,True,
doi:10.1021/sb200007r,10.1021/sb200007r,2012,data/papers/2012/10.1021__sb200007r/publisher/paper.pdf,True,7,1,7,4,4,0,True,1 2 3 4,,True,
doi:10.1021/sb200008j,10.1021/sb200008j,2012,data/papers/2012/10.1021__sb200008j/publisher/paper.pdf,True,8,1,8,5,5,0,True,1 2 3 4 5,,True,
doi:10.1021/sb200010w,10.1021/sb200010w,2012,data/papers/2012/10.1021__sb200010w/publisher/paper.pdf,True,8,1,8,6,6,0,True,1 2 3 4 5 6,,True,
doi:10.1021/sb2000116,10.1021/sb2000116,2012,data/papers/2012/10.1021__sb2000116/publisher/paper.pdf,True,8,1,8,5,5,0,True,1 2 3 4 5,,True,
doi:10.1021/sb200013j,10.1021/sb200013j,2012,data/papers/2012/10.1021__sb200013j/publisher/paper.pdf,True,7,1,7,5,5,0,True,1 2 3 4 5,,True,
doi:10.1021/sb200015u,10.1021/sb200015u,2012,data/papers/2012/10.1021__sb200015u/paper.pdf,True,12,1,12,5,5,0,True,1 2 3 4 5,,True,
doi:10.1021/sb200016s,10.1021/sb200016s,2012,data/papers/2012/10.1021__sb200016s/publisher/paper.pdf,True,13,1,13,8,8,0,True,1 2 3 4 5 6 7 8,,True,
doi:10.1021/sb200017p,10.1021/sb200017p,2012,data/papers/2012/10.1021__sb200017p/publisher/paper.pdf,True,9,1,9,7,7,0,True,1 2 3 4 5 6 7,,True,
doi:10.1021/sb200018e,10.1021/sb200018e,2012,data/papers/2012/10.1021__sb200018e/publisher/paper.pdf,True,9,1,9,5,5,0,True,1 2 3 4 5,,True,
doi:10.1021/sb200019x,10.1021/sb200019x,2012,data/papers/2012/10.1021__sb200019x/publisher/paper.pdf,True,12,1,12,10,10,0,True,1 2 3 4 5 6 7 8 9 10,,True,
doi:10.1021/sb200021s,10.1021/sb200021s,2012,data/papers/2012/10.1021__sb200021s/publisher/paper.pdf,True,9,1,9,8,8,0,True,1 2 3 4 5 6 7 8,,True,
doi:10.1021/sb2000275,10.1021/sb2000275,2012,data/papers/2012/10.1021__sb2000275/publisher/paper.pdf,True,9,1,9,4,4,0,True,1 2 3 4,,True,
doi:10.1021/sb2000287,10.1021/sb2000287,2012,data/papers/2012/10.1021__sb2000287/publisher/paper.pdf,True,2,1,2,0,0,0,True,,,True,
doi:10.1021/sb200029a,10.1021/sb200029a,2012,data/papers/2012/10.1021__sb200029a/publisher/paper.pdf,True,7,1,7,5,5,0,True,1 2 3 4 5,,True,
doi:10.1021/sb3000029,10.1021/sb3000029,2012,data/papers/2012/10.1021__sb3000029/publisher/paper.pdf,True,10,1,10,3,3,0,True,1 2 3,,True,
doi:10.1021/sb3000035,10.1021/sb3000035,2012,data/papers/2012/10.1021__sb3000035/publisher/paper.pdf,True,8,1,8,4,4,0,True,1 2 3 4,,True,
doi:10.1021/sb3000063,10.1021/sb3000063,2012,data/papers/2012/10.1021__sb3000063/publisher/paper.pdf,True,11,1,11,8,8,0,True,1 2 3 4 5 6 7 8,,True,
doi:10.1021/sb300009t,10.1021/sb300009t,2012,data/papers/2012/10.1021__sb300009t/publisher/paper.pdf,True,10,1,10,6,6,0,True,1 2 3 4 5 6,,True,
doi:10.1021/sb300010a,10.1021/sb300010a,2012,data/papers/2012/10.1021__sb300010a/publisher/paper.pdf,True,6,1,6,4,4,0,True,1 2 3 4,,True,
doi:10.1021/sb3000113,10.1021/sb3000113,2012,data/papers/2012/10.1021__sb3000113/publisher/paper.pdf,True,7,1,7,8,8,0,True,1 2 3 4 5 6 7 8,,True,
doi:10.1021/sb300012g,10.1021/sb300012g,2012,data/papers/2012/10.1021__sb300012g/publisher/paper.pdf,True,12,1,12,5,5,0,True,1 2 3 4 5,,True,
doi:10.1021/sb300014t,10.1021/sb300014t,2012,data/papers/2012/10.1021__sb300014t/publisher/paper.pdf,True,8,1,8,5,5,0,True,1 2 3 4 5,,True,
doi:10.1021/sb300016b,10.1021/sb300016b,2012,data/papers/2012/10.1021__sb300016b/publisher/paper.pdf,True,11,1,11,6,6,0,True,1 2 3 4 5 6,,True,
doi:10.1021/sb3000172,10.1021/sb3000172,2012,data/papers/2012/10.1021__sb3000172/publisher/paper.pdf,True,10,1,10,7,7,0,True,1 2 3 4 5 6 7,,True,
doi:10.1021/sb300018h,10.1021/sb300018h,2012,data/papers/2012/10.1021__sb300018h/publisher/paper.pdf,True,18,1,18,9,9,0,True,1 2 3 4 5 6 7 8 9,,True,
doi:10.1021/sb3000194,10.1021/sb3000194,2012,data/papers/2012/10.1021__sb3000194/publisher/paper.pdf,True,7,1,7,4,4,0,True,1 2 3 4,,True,
doi:10.1021/sb300020f,10.1021/sb300020f,2012,data/papers/2012/10.1021__sb300020f/publisher/paper.pdf,True,11,1,11,11,11,0,True,1 2 3 4 5 6 7 8 9 10 11,,True,
doi:10.1021/sb300023h,10.1021/sb300023h,2012,data/papers/2012/10.1021__sb300023h/publisher/paper.pdf,True,5,1,5,6,6,0,True,1 2 3 4 5 6,,True,
doi:10.1021/sb3000244,10.1021/sb3000244,2012,data/papers/2012/10.1021__sb3000244/publisher/paper.pdf,True,10,1,10,5,5,0,True,1 2 3 4 5,,True,
doi:10.1021/sb300025d,10.1021/sb300025d,2012,data/papers/2012/10.1021__sb300025d/publisher/paper.pdf,True,5,1,5,2,2,0,True,1 2,,True,
doi:10.1021/sb300027y,10.1021/sb300027y,2012,data/papers/2012/10.1021__sb300027y/publisher/paper.pdf,True,7,1,7,5,5,0,True,1 2 3 4 5,,True,
doi:10.1021/sb300028q,10.1021/sb300028q,2012,data/papers/2012/10.1021__sb300028q/publisher/paper.pdf,True,11,1,11,5,5,0,True,1 2 3 4 5,,True,
doi:10.1021/sb300030d,10.1021/sb300030d,2012,data/papers/2012/10.1021__sb300030d/publisher/paper.pdf,True,15,1,15,10,10,0,True,1 2 3 4 5 6 7 8 9 10,,True,
doi:10.1021/sb300031n,10.1021/sb300031n,2012,data/papers/2012/10.1021__sb300031n/publisher/paper.pdf,True,8,1,8,5,5,0,True,1 2 3 4 5,,True,
doi:10.1021/sb300032y,10.1021/sb300032y,2012,data/papers/2012/10.1021__sb300032y/publisher/paper.pdf,True,13,1,13,8,8,0,True,1 2 3 4 5 6 7 8,,True,
doi:10.1021/sb300033q,10.1021/sb300033q,2012,data/papers/2012/10.1021__sb300033q/publisher/paper.pdf,True,12,1,12,13,13,0,True,1 2 3 4 5 6 7 8 9 10 11 12 13,,True,
doi:10.1021/sb300034m,10.1021/sb300034m,2012,data/papers/2012/10.1021__sb300034m/publisher/paper.pdf,True,10,1,10,7,7,0,True,1 2 3 4 5 6 7,,True,
doi:10.1021/sb300036z,10.1021/sb300036z,2012,data/papers/2012/10.1021__sb300036z/publisher/paper.pdf,True,3,1,3,1,1,0,True,1,,True,
doi:10.1021/sb300040v,10.1021/sb300040v,2012,data/papers/2012/10.1021__sb300040v/paper.pdf,True,6,1,6,3,3,0,True,1 2 3,,True,
doi:10.1021/sb300041z,10.1021/sb300041z,2012,data/papers/2012/10.1021__sb300041z/publisher/paper.pdf,True,7,1,7,3,3,0,True,1 2 3,,True,
doi:10.1021/sb3000436,10.1021/sb3000436,2012,data/papers/2012/10.1021__sb3000436/publisher/paper.pdf,True,12,1,12,6,6,0,True,1 2 3 4 5 6,,True,
doi:10.1021/sb300044r,10.1021/sb300044r,2012,data/papers/2012/10.1021__sb300044r/publisher/paper.pdf,True,14,1,14,4,4,0,True,1 2 3 4,,True,
doi:10.1021/sb300045j,10.1021/sb300045j,2012,data/papers/2012/10.1021__sb300045j/publisher/paper.pdf,True,8,1,8,4,4,0,True,1 2 3 4,,True,
doi:10.1021/sb300049p,10.1021/sb300049p,2012,data/papers/2012/10.1021__sb300049p/publisher/paper.pdf,True,6,1,6,4,4,0,True,1 2 3 4,,True,
doi:10.1021/sb300050j,10.1021/sb300050j,2012,data/papers/2012/10.1021__sb300050j/publisher/paper.pdf,True,7,1,7,5,5,0,True,1 2 3 4 5,,True,
doi:10.1021/sb300052u,10.1021/sb300052u,2012,data/papers/2012/10.1021__sb300052u/publisher/paper.pdf,True,7,1,7,3,3,0,True,1 2 3,,True,
doi:10.1021/sb300053s,10.1021/sb300053s,2012,data/papers/2012/10.1021__sb300053s/publisher/paper.pdf,True,12,1,12,5,5,0,True,1 2 3 4 5,,True,
doi:10.1021/sb300054p,10.1021/sb300054p,2012,data/papers/2012/10.1021__sb300054p/publisher/paper.pdf,True,7,1,7,6,6,0,True,1 2 3 4 5 6,,True,
doi:10.1021/sb3000589,10.1021/sb3000589,2012,data/papers/2012/10.1021__sb3000589/publisher/paper.pdf,True,6,1,6,6,6,0,True,1 2 3 4 5 6,,True,
doi:10.1021/sb3000595,10.1021/sb3000595,2012,data/papers/2012/10.1021__sb3000595/publisher/paper.pdf,True,7,1,7,3,3,0,True,1 2 3,,True,
doi:10.1021/sb300060e,10.1021/sb300060e,2012,data/papers/2012/10.1021__sb300060e/paper.pdf,True,7,1,7,4,4,0,True,1 2 3 4,,True,
doi:10.1021/sb3000639,10.1021/sb3000639,2012,data/papers/2012/10.1021__sb3000639/paper.pdf,True,6,1,6,4,4,0,True,1 2 3 4,,True,
doi:10.1021/sb300071a,10.1021/sb300071a,2012,data/papers/2012/10.1021__sb300071a/publisher/paper.pdf,True,9,1,9,4,4,0,True,1 2 3 4,,True,
doi:10.1021/sb300074k,10.1021/sb300074k,2012,data/papers/2012/10.1021__sb300074k/publisher/paper.pdf,True,16,1,16,6,6,0,True,1 2 3 4 5 6,,True,
doi:10.1021/sb3000782,10.1021/sb3000782,2012,data/papers/2012/10.1021__sb3000782/publisher/paper.pdf,True,14,1,14,7,7,0,True,1 2 3 4 5 6 7,,True,
doi:10.1021/sb3000832,10.1021/sb3000832,2012,data/papers/2012/10.1021__sb3000832/publisher/paper.pdf,True,10,1,10,8,8,0,True,1 2 3 4 5 6 7 8,,True,
doi:10.1021/sb3000904,10.1021/sb3000904,2012,data/papers/2012/10.1021__sb3000904/publisher/paper.pdf,True,8,1,8,4,4,0,True,1 2 3 4,,True,
doi:10.1021/sb300094q,10.1021/sb300094q,2012,data/papers/2012/10.1021__sb300094q/publisher/paper.pdf,True,12,1,12,7,7,0,True,1 2 3 4 5 6 7,,True,
doi:10.1021/sb300029m,10.1021/sb300029m,2013,data/papers/2013/10.1021__sb300029m/publisher/paper.pdf,True,8,1,8,3,3,0,True,1 2 3,,True,
doi:10.1021/sb300037w,10.1021/sb300037w,2013,data/papers/2013/10.1021__sb300037w/publisher/paper.pdf,True,10,1,10,6,6,0,True,1 2 3 4 5 6,,True,
doi:10.1021/sb300042w,10.1021/sb300042w,2013,data/papers/2013/10.1021__sb300042w/publisher/paper.pdf,True,9,1,9,8,8,0,True,1 2 3 4 5 6 7 8,,True,
doi:10.1021/sb3000468,10.1021/sb3000468,2013,data/papers/2013/10.1021__sb3000468/publisher/paper.pdf,True,7,1,7,5,5,0,True,1 2 3 4 5,,True,
doi:10.1021/sb300047u,10.1021/sb300047u,2013,data/papers/2013/10.1021__sb300047u/publisher/paper.pdf,True,8,1,8,6,6,0,True,1 2 3 4 5 6,,True,
doi:10.1021/sb3000518,10.1021/sb3000518,2013,data/papers/2013/10.1021__sb3000518/publisher/paper.pdf,True,6,1,6,5,5,0,True,1 2 3 4 5,,True,
doi:10.1021/sb300055e,10.1021/sb300055e,2013,data/papers/2013/10.1021__sb300055e/publisher/paper.pdf,True,10,1,10,5,5,0,True,1 2 3 4 5,,True,
doi:10.1021/sb300061x,10.1021/sb300061x,2013,data/papers/2013/10.1021__sb300061x/publisher/paper.pdf,True,4,1,4,1,1,0,True,1,,True,
doi:10.1021/sb3000657,10.1021/sb3000657,2013,data/papers/2013/10.1021__sb3000657/publisher/paper.pdf,True,12,1,12,5,5,0,True,1 2 3 4 5,,True,
doi:10.1021/sb300068g,10.1021/sb300068g,2013,data/papers/2013/10.1021__sb300068g/publisher/paper.pdf,True,9,1,9,6,6,0,True,1 2 3 4 5 6,,True,
doi:10.1021/sb300069k,10.1021/sb300069k,2013,data/papers/2013/10.1021__sb300069k/publisher/paper.pdf,True,13,1,13,9,9,0,True,1 2 3 4 5 6 7 8 9,,True,
doi:10.1021/sb300075t,10.1021/sb300075t,2013,data/papers/2013/10.1021__sb300075t/publisher/paper.pdf,True,7,1,7,4,4,0,True,1 2 3 4,,True,
doi:10.1021/sb300082b,10.1021/sb300082b,2013,data/papers/2013/10.1021__sb300082b/publisher/paper.pdf,True,7,1,7,6,6,0,True,1 2 3 4 5 6,,True,
doi:10.1021/sb300084h,10.1021/sb300084h,2013,data/papers/2013/10.1021__sb300084h/publisher/paper.pdf,True,7,1,7,5,5,0,True,1 2 3 4 5,,True,
doi:10.1021/sb300086d,10.1021/sb300086d,2013,data/papers/2013/10.1021__sb300086d/publisher/paper.pdf,True,8,1,8,5,5,0,True,1 2 3 4 5,,True,
doi:10.1021/sb300087n,10.1021/sb300087n,2013,data/papers/2013/10.1021__sb300087n/publisher/paper.pdf,True,10,1,10,20,20,0,True,1 2 3 4 5 6 7 8 9 10 11 12 13 14 15 16 17 18 19 20,,True,
doi:10.1021/sb300091d,10.1021/sb300091d,2013,data/papers/2013/10.1021__sb300091d/publisher/paper.pdf,True,12,1,12,6,6,0,True,1 2 3 4 5 6,,True,
doi:10.1021/sb300093y,10.1021/sb300093y,2013,data/papers/2013/10.1021__sb300093y/publisher/paper.pdf,True,8,1,8,4,4,0,True,1 2 3 4,,True,
doi:10.1021/sb300095m,10.1021/sb300095m,2013,data/papers/2013/10.1021__sb300095m/publisher/paper.pdf,True,11,1,11,7,7,0,True,1 2 3 4 5 6 7,,True,
doi:10.1021/sb300098w,10.1021/sb300098w,2013,data/papers/2013/10.1021__sb300098w/publisher/paper.pdf,True,11,1,11,7,7,0,True,1 2 3 4 5 6 7,,True,
doi:10.1021/sb3001003,10.1021/sb3001003,2013,data/papers/2013/10.1021__sb3001003/publisher/paper.pdf,True,13,1,13,7,7,0,True,1 2 3 4 5 6 7,,True,
doi:10.1021/sb300101g,10.1021/sb300101g,2013,data/papers/2013/10.1021__sb300101g/publisher/paper.pdf,True,15,1,15,4,4,0,True,1 2 3 4,,True,
doi:10.1021/sb300102k,10.1021/sb300102k,2013,data/papers/2013/10.1021__sb300102k/publisher/paper.pdf,True,15,1,15,8,8,0,True,1 2 3 4 5 6 7 8,,True,
doi:10.1021/sb300104f,10.1021/sb300104f,2013,data/papers/2013/10.1021__sb300104f/publisher/paper.pdf,True,7,1,7,6,6,0,True,1 2 3 4 5 6,,True,
doi:10.1021/sb3001062,10.1021/sb3001062,2013,data/papers/2013/10.1021__sb3001062/publisher/paper.pdf,True,5,1,5,3,3,0,True,1 2 3,,True,
doi:10.1021/sb300107h,10.1021/sb300107h,2013,data/papers/2013/10.1021__sb300107h/publisher/paper.pdf,True,7,1,7,4,4,0,True,1 2 3 4,,True,
doi:10.1021/sb3001084,10.1021/sb3001084,2013,data/papers/2013/10.1021__sb3001084/publisher/paper.pdf,True,8,1,8,5,5,0,True,1 2 3 4 5,,True,
doi:10.1021/sb300110b,10.1021/sb300110b,2013,data/papers/2013/10.1021__sb300110b/publisher/paper.pdf,True,14,1,14,6,6,0,True,1 2 3 4 5 6,,True,
doi:10.1021/sb3001112,10.1021/sb3001112,2013,data/papers/2013/10.1021__sb3001112/publisher/paper.pdf,True,11,1,11,6,6,0,True,1 2 3 4 5 6,,True,
doi:10.1021/sb300114d,10.1021/sb300114d,2013,data/papers/2013/10.1021__sb300114d/publisher/paper.pdf,True,10,1,10,6,6,0,True,1 2 3 4 5 6,,True,
doi:10.1021/sb300115n,10.1021/sb300115n,2013,data/papers/2013/10.1021__sb300115n/publisher/paper.pdf,True,6,1,6,4,4,0,True,1 2 3 4,,True,
doi:10.1021/sb300116y,10.1021/sb300116y,2013,data/papers/2013/10.1021__sb300116y/publisher/paper.pdf,True,11,1,11,7,7,0,True,1 2 3 4 5 6 7,,True,
doi:10.1021/sb300119v,10.1021/sb300119v,2013,data/papers/2013/10.1021__sb300119v/publisher/paper.pdf,True,10,1,10,6,6,0,True,1 2 3 4 5 6,,True,
doi:10.1021/sb300120n,10.1021/sb300120n,2013,data/papers/2013/10.1021__sb300120n/publisher/paper.pdf,True,9,1,9,7,7,0,True,1 2 3 4 5 6 7,,True,
doi:10.1021/sb300122q,10.1021/sb300122q,2013,data/papers/2013/10.1021__sb300122q/publisher/paper.pdf,True,11,1,11,8,8,0,True,1 2 3 4 5 6 7 8,,True,
doi:10.1021/sb300123m,10.1021/sb300123m,2013,data/papers/2013/10.1021__sb300123m/publisher/paper.pdf,True,7,1,7,6,6,0,True,1 2 3 4 5 6,,True,
doi:10.1021/sb300125z,10.1021/sb300125z,2013,data/papers/2013/10.1021__sb300125z/publisher/paper.pdf,True,8,1,8,4,4,0,True,1 2 3 4,,True,
doi:10.1021/sb300128r,10.1021/sb300128r,2013,data/papers/2013/10.1021__sb300128r/publisher/paper.pdf,True,8,1,8,3,3,0,True,1 2 3,,True,
doi:10.1021/sb300129j,10.1021/sb300129j,2013,data/papers/2013/10.1021__sb300129j/publisher/paper.pdf,True,11,1,11,9,9,0,True,1 2 3 4 5 6 7 8 9,,True,
doi:10.1021/sb300131w,10.1021/sb300131w,2013,data/papers/2013/10.1021__sb300131w/publisher/paper.pdf,True,5,1,5,2,2,0,True,1 2,,True,
doi:10.1021/sb3001326,10.1021/sb3001326,2013,data/papers/2013/10.1021__sb3001326/publisher/paper.pdf,True,10,1,10,4,4,0,True,1 2 3 4,,True,
doi:10.1021/sb400002n,10.1021/sb400002n,2013,data/papers/2013/10.1021__sb400002n/publisher/paper.pdf,True,10,1,10,8,8,0,True,1 2 3 4 5 6 7 8,,True,
doi:10.1021/sb400003y,10.1021/sb400003y,2013,data/papers/2013/10.1021__sb400003y/publisher/paper.pdf,True,8,1,8,6,6,0,True,1 2 3 4 5 6,,True,
doi:10.1021/sb400007z,10.1021/sb400007z,2013,data/papers/2013/10.1021__sb400007z/publisher/paper.pdf,True,4,1,4,0,0,0,True,,,True,
doi:10.1021/sb4000096,10.1021/sb4000096,2013,data/papers/2013/10.1021__sb4000096/publisher/paper.pdf,True,10,1,10,7,7,0,True,1 2 3 4 5 6 7,,True,
doi:10.1021/sb400010m,10.1021/sb400010m,2013,data/papers/2013/10.1021__sb400010m/publisher/paper.pdf,True,7,1,7,6,6,0,True,1 2 3 4 5 6,,True,
doi:10.1021/sb400013w,10.1021/sb400013w,2013,data/papers/2013/10.1021__sb400013w/publisher/paper.pdf,True,11,1,11,8,8,0,True,1 2 3 4 5 6 7 8,,True,
doi:10.1021/sb4000146,10.1021/sb4000146,2013,data/papers/2013/10.1021__sb4000146/publisher/paper.pdf,True,7,1,7,5,5,0,True,1 2 3 4 5,,True,
doi:10.1021/sb400016j,10.1021/sb400016j,2013,data/papers/2013/10.1021__sb400016j/publisher/paper.pdf,True,8,1,8,7,7,0,True,1 2 3 4 5 6 7,,True,
doi:10.1021/sb400019s,10.1021/sb400019s,2013,data/papers/2013/10.1021__sb400019s/publisher/paper.pdf,True,7,1,7,3,3,0,True,1 2 3,,True,
doi:10.1021/sb400021j,10.1021/sb400021j,2013,data/papers/2013/10.1021__sb400021j/publisher/paper.pdf,True,5,1,5,2,2,0,True,1 2,,True,
doi:10.1021/sb4000228,10.1021/sb4000228,2013,data/papers/2013/10.1021__sb4000228/publisher/paper.pdf,True,6,1,6,2,2,0,True,1 2,,True,
doi:10.1021/sb400024s,10.1021/sb400024s,2013,data/papers/2013/10.1021__sb400024s/publisher/paper.pdf,True,3,1,3,1,1,0,True,1,,True,
doi:10.1021/sb400027x,10.1021/sb400027x,2013,data/papers/2013/10.1021__sb400027x/publisher/paper.pdf,True,3,1,3,1,1,0,True,1,,True,
doi:10.1021/sb400028c,10.1021/sb400028c,2013,data/papers/2013/10.1021__sb400028c/publisher/paper.pdf,True,9,1,9,5,5,0,True,1 2 3 4 5,,True,
doi:10.1021/sb400030p,10.1021/sb400030p,2013,data/papers/2013/10.1021__sb400030p/publisher/paper.pdf,True,10,1,10,5,5,0,True,1 2 3 4 5,,True,
doi:10.1021/sb4000355,10.1021/sb4000355,2013,data/papers/2013/10.1021__sb4000355/publisher/paper.pdf,True,8,1,8,8,8,0,True,1 2 3 4 5 6 7 8,,True,
doi:10.1021/sb4000367,10.1021/sb4000367,2013,data/papers/2013/10.1021__sb4000367/publisher/paper.pdf,True,8,1,8,3,3,0,True,1 2 3,,True,
doi:10.1021/sb400037a,10.1021/sb400037a,2013,data/papers/2013/10.1021__sb400037a/paper.pdf,True,6,1,6,5,5,0,True,1 2 3 4 5,,True,
doi:10.1021/sb400039g,10.1021/sb400039g,2013,data/papers/2013/10.1021__sb400039g/publisher/paper.pdf,True,3,1,3,0,0,0,True,,,True,
doi:10.1021/sb4000417,10.1021/sb4000417,2013,data/papers/2013/10.1021__sb4000417/publisher/paper.pdf,True,9,1,9,5,5,0,True,1 2 3 4 5,,True,
doi:10.1021/sb4000433,10.1021/sb4000433,2013,data/papers/2013/10.1021__sb4000433/publisher/paper.pdf,True,8,1,8,5,5,0,True,1 2 3 4 5,,True,
doi:10.1021/sb400044g,10.1021/sb400044g,2013,data/papers/2013/10.1021__sb400044g/paper.pdf,True,7,1,7,8,8,0,True,1 2 3 4 5 6 7 8,,True,
doi:10.1021/sb400045k,10.1021/sb400045k,2013,data/papers/2013/10.1021__sb400045k/publisher/paper.pdf,True,5,1,5,0,0,0,True,,,True,
doi:10.1021/sb400046t,10.1021/sb400046t,2013,data/papers/2013/10.1021__sb400046t/publisher/paper.pdf,True,3,1,3,0,0,0,True,,,True,
doi:10.1021/sb400048b,10.1021/sb400048b,2013,data/papers/2013/10.1021__sb400048b/publisher/paper.pdf,True,6,1,6,3,3,0,True,1 2 3,,True,
doi:10.1021/sb400050k,10.1021/sb400050k,2013,data/papers/2013/10.1021__sb400050k/publisher/paper.pdf,True,10,1,10,6,6,0,True,1 2 3 4 5 6,,True,
doi:10.1021/sb400051t,10.1021/sb400051t,2013,data/papers/2013/10.1021__sb400051t/publisher/paper.pdf,True,11,1,11,6,7,-1,False,1 2 3 4 5 6,,True,
doi:10.1021/sb4000542,10.1021/sb4000542,2013,data/papers/2013/10.1021__sb4000542/publisher/paper.pdf,True,13,1,13,5,5,0,True,1 2 3 4 5,,True,
doi:10.1021/sb400055h,10.1021/sb400055h,2013,data/papers/2013/10.1021__sb400055h/publisher/paper.pdf,True,10,1,10,4,4,0,True,1 2 3 4,,True,
doi:10.1021/sb4000564,10.1021/sb4000564,2013,data/papers/2013/10.1021__sb4000564/paper.pdf,True,21,1,21,7,7,0,True,1 2 3 4 5 6 7,,True,
doi:10.1021/sb400058n,10.1021/sb400058n,2013,data/papers/2013/10.1021__sb400058n/publisher/paper.pdf,True,8,1,8,3,3,0,True,1 2 3,,True,
doi:10.1021/sb400067v,10.1021/sb400067v,2013,data/papers/2013/10.1021__sb400067v/paper.pdf,True,6,1,6,2,2,0,True,1 2,,True,
doi:10.1021/sb400074w,10.1021/sb400074w,2013,data/papers/2013/10.1021__sb400074w/publisher/paper.pdf,True,8,1,8,3,3,0,True,1 2 3,,True,
doi:10.1021/sb400076r,10.1021/sb400076r,2013,data/papers/2013/10.1021__sb400076r/publisher/paper.pdf,True,10,1,10,7,7,0,True,1 2 3 4 5 6 7,,True,
doi:10.1021/sb400079u,10.1021/sb400079u,2013,data/papers/2013/10.1021__sb400079u/publisher/paper.pdf,True,7,1,7,3,3,0,True,1 2 3,,True,
doi:10.1021/sb4000806,10.1021/sb4000806,2013,data/papers/2013/10.1021__sb4000806/publisher/paper.pdf,True,9,1,9,5,5,0,True,1 2 3 4 5,,True,
doi:10.1021/sb400081r,10.1021/sb400081r,2013,data/papers/2013/10.1021__sb400081r/paper.pdf,True,10,1,10,6,6,0,True,1 2 3 4 5 6,,True,
doi:10.1021/sb400086p,10.1021/sb400086p,2013,data/papers/2013/10.1021__sb400086p/publisher/paper.pdf,True,11,1,11,3,4,-1,False,1 2 3,,True,
doi:10.1021/sb400117c,10.1021/sb400117c,2013,data/papers/2013/10.1021__sb400117c/publisher/paper.pdf,True,9,1,9,5,5,0,True,1 2 3 4 5,,True,
doi:10.1021/sb3000673,10.1021/sb3000673,2014,data/papers/2014/10.1021__sb3000673/publisher/paper.pdf,True,11,1,11,2,0,2,False,1 2,,True,
doi:10.1021/sb3000723,10.1021/sb3000723,2014,data/papers/2014/10.1021__sb3000723/publisher/paper.pdf,True,12,1,12,6,6,0,True,1 2 3 4 5 6,,True,
doi:10.1021/sb300079h,10.1021/sb300079h,2014,data/papers/2014/10.1021__sb300079h/publisher/paper.pdf,True,14,1,14,5,5,0,True,1 2 3 4 5,,True,
doi:10.1021/sb300080t,10.1021/sb300080t,2014,data/papers/2014/10.1021__sb300080t/publisher/paper.pdf,True,14,1,14,9,9,0,True,1 2 3 4 5 6 7 8 9,,True,
doi:10.1021/sb400052f,10.1021/sb400052f,2014,data/papers/2014/10.1021__sb400052f/publisher/paper.pdf,True,12,1,12,5,5,0,True,1 2 3 4 5,,True,
doi:10.1021/sb400053b,10.1021/sb400053b,2014,data/papers/2014/10.1021__sb400053b/paper.pdf,True,9,1,9,6,6,0,True,1 2 3 4 5 6,,True,
doi:10.1021/sb400059y,10.1021/sb400059y,2014,data/papers/2014/10.1021__sb400059y/publisher/paper.pdf,True,9,1,9,5,5,0,True,1 2 3 4 5,,True,
doi:10.1021/sb400064y,10.1021/sb400064y,2014,data/papers/2014/10.1021__sb400064y/publisher/paper.pdf,True,6,1,6,4,4,0,True,1 2 3 4,,True,
doi:10.1021/sb400065q,10.1021/sb400065q,2014,data/papers/2014/10.1021__sb400065q/publisher/paper.pdf,True,11,1,11,6,6,0,True,1 2 3 4 5 6,,True,
doi:10.1021/sb400066m,10.1021/sb400066m,2014,data/papers/2014/10.1021__sb400066m/publisher/paper.pdf,True,10,1,10,7,7,0,True,1 2 3 4 5 6 7,,True,
doi:10.1021/sb400068z,10.1021/sb400068z,2014,data/papers/2014/10.1021__sb400068z/publisher/paper.pdf,True,10,1,10,5,5,0,True,1 2 3 4 5,,True,
doi:10.1021/sb400069w,10.1021/sb400069w,2014,data/papers/2014/10.1021__sb400069w/publisher/paper.pdf,True,8,1,8,4,4,0,True,1 2 3 4,,True,
doi:10.1021/sb400070q,10.1021/sb400070q,2014,data/papers/2014/10.1021__sb400070q/publisher/paper.pdf,True,8,1,8,5,5,0,True,1 2 3 4 5,,True,
doi:10.1021/sb4000756,10.1021/sb4000756,2014,data/papers/2014/10.1021__sb4000756/publisher/paper.pdf,True,7,1,7,4,4,0,True,1 2 3 4,,True,
doi:10.1021/sb400077j,10.1021/sb400077j,2014,data/papers/2014/10.1021__sb400077j/publisher/paper.pdf,True,10,1,10,5,5,0,True,1 2 3 4 5,,True,
doi:10.1021/sb4000788,10.1021/sb4000788,2014,data/papers/2014/10.1021__sb4000788/publisher/paper.pdf,True,7,1,7,6,6,0,True,1 2 3 4 5 6,,True,
doi:10.1021/sb400082j,10.1021/sb400082j,2014,data/papers/2014/10.1021__sb400082j/publisher/paper.pdf,True,7,1,7,5,5,0,True,1 2 3 4 5,,True,
doi:10.1021/sb4000838,10.1021/sb4000838,2014,data/papers/2014/10.1021__sb4000838/publisher/paper.pdf,True,7,1,7,3,3,0,True,1 2 3,,True,
doi:10.1021/sb400087e,10.1021/sb400087e,2014,data/papers/2014/10.1021__sb400087e/publisher/paper.pdf,True,6,1,6,2,2,0,True,1 2,,True,
doi:10.1021/sb400089c,10.1021/sb400089c,2014,data/papers/2014/10.1021__sb400089c/publisher/paper.pdf,True,6,1,6,3,3,0,True,1 2 3,,True,
doi:10.1021/sb400090s,10.1021/sb400090s,2014,data/papers/2014/10.1021__sb400090s/publisher/paper.pdf,True,6,1,6,5,5,0,True,1 2 3 4 5,,True,
doi:10.1021/sb400091p,10.1021/sb400091p,2014,data/papers/2014/10.1021__sb400091p/paper.pdf,True,4,1,4,2,2,0,True,1 2,,True,
doi:10.1021/sb400093x,10.1021/sb400093x,2014,data/papers/2014/10.1021__sb400093x/publisher/paper.pdf,True,8,1,8,4,4,0,True,1 2 3 4,,True,
doi:10.1021/sb400094c,10.1021/sb400094c,2014,data/papers/2014/10.1021__sb400094c/publisher/paper.pdf,True,8,1,8,6,6,0,True,1 2 3 4 5 6,,True,
doi:10.1021/sb4000959,10.1021/sb4000959,2014,data/papers/2014/10.1021__sb4000959/publisher/paper.pdf,True,11,1,11,7,7,0,True,1 2 3 4 5 6 7,,True,
doi:10.1021/sb4000965,10.1021/sb4000965,2014,data/papers/2014/10.1021__sb4000965/publisher/paper.pdf,True,9,1,9,5,5,0,True,1 2 3 4 5,,True,
doi:10.1021/sb4000977,10.1021/sb4000977,2014,data/papers/2014/10.1021__sb4000977/publisher/paper.pdf,True,9,1,9,7,7,0,True,1 2 3 4 5 6 7,,True,
doi:10.1021/sb4000993,10.1021/sb4000993,2014,data/papers/2014/10.1021__sb4000993/publisher/paper.pdf,True,7,1,7,5,5,0,True,1 2 3 4 5,,True,
doi:10.1021/sb400102w,10.1021/sb400102w,2014,data/papers/2014/10.1021__sb400102w/publisher/paper.pdf,True,7,1,7,5,5,0,True,1 2 3 4 5,,True,
doi:10.1021/sb4001068,10.1021/sb4001068,2014,data/papers/2014/10.1021__sb4001068/publisher/paper.pdf,True,8,1,8,3,3,0,True,1 2 3,,True,
doi:10.1021/sb400109p,10.1021/sb400109p,2014,data/papers/2014/10.1021__sb400109p/publisher/paper.pdf,True,7,1,7,3,3,0,True,1 2 3,,True,
doi:10.1021/sb400110j,10.1021/sb400110j,2014,data/papers/2014/10.1021__sb400110j/publisher/paper.pdf,True,7,1,7,3,3,0,True,1 2 3,,True,
doi:10.1021/sb4001118,10.1021/sb4001118,2014,data/papers/2014/10.1021__sb4001118/publisher/paper.pdf,True,12,1,12,8,8,0,True,1 2 3 4 5 6 7 8,,True,
doi:10.1021/sb400112u,10.1021/sb400112u,2014,data/papers/2014/10.1021__sb400112u/publisher/paper.pdf,True,9,1,9,7,7,0,True,1 2 3 4 5 6 7,,True,
doi:10.1021/sb400114p,10.1021/sb400114p,2014,data/papers/2014/10.1021__sb400114p/paper.pdf,True,8,1,8,5,5,0,True,1 2 3 4 5,,True,
doi:10.1021/sb400115e,10.1021/sb400115e,2014,data/papers/2014/10.1021__sb400115e/publisher/paper.pdf,True,9,1,9,4,4,0,True,1 2 3 4,,True,
doi:10.1021/sb400116x,10.1021/sb400116x,2014,data/papers/2014/10.1021__sb400116x/publisher/paper.pdf,True,10,1,10,6,6,0,True,1 2 3 4 5 6,,True,
doi:10.1021/sb4001245,10.1021/sb4001245,2014,data/papers/2014/10.1021__sb4001245/publisher/paper.pdf,True,11,1,11,4,4,0,True,1 2 3 4,,True,
doi:10.1021/sb4001273,10.1021/sb4001273,2014,data/papers/2014/10.1021__sb4001273/publisher/paper.pdf,True,13,1,13,7,7,0,True,1 2 3 4 5 6 7,,True,
doi:10.1021/sb400128g,10.1021/sb400128g,2014,data/papers/2014/10.1021__sb400128g/paper.pdf,True,11,1,11,7,7,0,True,1 2 3 4 5 6 7,,True,
doi:10.1021/sb4001307,10.1021/sb4001307,2014,data/papers/2014/10.1021__sb4001307/publisher/paper.pdf,True,11,1,11,6,6,0,True,1 2 3 4 5 6,,True,
doi:10.1021/sb400131a,10.1021/sb400131a,2014,data/papers/2014/10.1021__sb400131a/publisher/paper.pdf,True,11,1,11,7,7,0,True,1 2 3 4 5 6 7,,True,
doi:10.1021/sb4001323,10.1021/sb4001323,2014,data/papers/2014/10.1021__sb4001323/publisher/paper.pdf,True,4,1,4,1,1,0,True,1,,True,
doi:10.1021/sb400134k,10.1021/sb400134k,2014,data/papers/2014/10.1021__sb400134k/publisher/paper.pdf,True,8,1,8,2,2,0,True,1 2,,True,
doi:10.1021/sb400135t,10.1021/sb400135t,2014,data/papers/2014/10.1021__sb400135t/publisher/paper.pdf,True,13,1,13,7,7,0,True,1 2 3 4 5 6 7,,True,
doi:10.1021/sb400136f,10.1021/sb400136f,2014,data/papers/2014/10.1021__sb400136f/publisher/paper.pdf,True,12,1,12,4,4,0,True,1 2 3 4,,True,
doi:10.1021/sb400137b,10.1021/sb400137b,2014,data/papers/2014/10.1021__sb400137b/paper.pdf,True,9,1,9,3,3,0,True,1 2 3,,True,
doi:10.1021/sb4001382,10.1021/sb4001382,2014,data/papers/2014/10.1021__sb4001382/publisher/paper.pdf,True,10,1,10,6,6,0,True,1 2 3 4 5 6,,True,
doi:10.1021/sb400139h,10.1021/sb400139h,2014,data/papers/2014/10.1021__sb400139h/publisher/paper.pdf,True,9,1,9,3,3,0,True,1 2 3,,True,
doi:10.1021/sb400140t,10.1021/sb400140t,2014,data/papers/2014/10.1021__sb400140t/paper.pdf,True,12,1,12,8,8,0,True,1 2 3 4 5 6 7 8,,True,
doi:10.1021/sb400142b,10.1021/sb400142b,2014,data/papers/2014/10.1021__sb400142b/publisher/paper.pdf,True,9,1,9,4,4,0,True,1 2 3 4,,True,
doi:10.1021/sb4001432,10.1021/sb4001432,2014,data/papers/2014/10.1021__sb4001432/publisher/paper.pdf,True,7,1,7,4,4,0,True,1 2 3 4,,True,
doi:10.1021/sb400144h,10.1021/sb400144h,2014,data/papers/2014/10.1021__sb400144h/publisher/paper.pdf,True,5,1,5,3,3,0,True,1 2 3,,True,
doi:10.1021/sb400147n,10.1021/sb400147n,2014,data/papers/2014/10.1021__sb400147n/publisher/paper.pdf,True,10,1,10,6,6,0,True,1 2 3 4 5 6,,True,
doi:10.1021/sb4001504,10.1021/sb4001504,2014,data/papers/2014/10.1021__sb4001504/publisher/paper.pdf,True,5,1,5,3,3,0,True,1 2 3,,True,
doi:10.1021/sb400152n,10.1021/sb400152n,2014,data/papers/2014/10.1021__sb400152n/publisher/paper.pdf,True,11,1,11,5,5,0,True,1 2 3 4 5,,True,
doi:10.1021/sb400156v,10.1021/sb400156v,2014,data/papers/2014/10.1021__sb400156v/publisher/paper.pdf,True,11,1,11,7,7,0,True,1 2 3 4 5 6 7,,True,
doi:10.1021/sb400157z,10.1021/sb400157z,2014,data/papers/2014/10.1021__sb400157z/publisher/paper.pdf,True,11,1,11,10,10,0,True,1 2 3 4 5 6 7 8 9 10,,True,
doi:10.1021/sb4001596,10.1021/sb4001596,2014,data/papers/2014/10.1021__sb4001596/paper.pdf,True,7,1,7,3,3,0,True,1 2 3,,True,
doi:10.1021/sb400160m,10.1021/sb400160m,2014,data/papers/2014/10.1021__sb400160m/publisher/paper.pdf,True,6,1,6,9,9,0,True,1 2 3 4 5 6 7 8 9,,True,
doi:10.1021/sb400161v,10.1021/sb400161v,2014,data/papers/2014/10.1021__sb400161v/publisher/paper.pdf,True,14,1,14,12,12,0,True,1 2 3 4 5 6 7 8 9 10 11 12,,True,
doi:10.1021/sb400166j,10.1021/sb400166j,2014,data/papers/2014/10.1021__sb400166j/publisher/paper.pdf,True,8,1,8,4,4,0,True,1 2 3 4,,True,
doi:10.1021/sb400168u,10.1021/sb400168u,2014,data/papers/2014/10.1021__sb400168u/paper.pdf,True,15,1,15,7,7,0,True,1 2 3 4 5 6 7,,True,
doi:10.1021/sb400169s,10.1021/sb400169s,2014,data/papers/2014/10.1021__sb400169s/publisher/paper.pdf,True,17,1,17,12,12,0,True,1 2 3 4 5 6 7 8 9 10 11 12,,True,
doi:10.1021/sb4001728,10.1021/sb4001728,2014,data/papers/2014/10.1021__sb4001728/publisher/paper.pdf,True,10,1,10,6,6,0,True,1 2 3 4 5 6,,True,
doi:10.1021/sb400174s,10.1021/sb400174s,2014,data/papers/2014/10.1021__sb400174s/publisher/paper.pdf,True,5,1,5,2,2,0,True,1 2,,True,
doi:10.1021/sb400176e,10.1021/sb400176e,2014,data/papers/2014/10.1021__sb400176e/publisher/paper.pdf,True,6,1,6,3,3,0,True,1 2 3,,True,
doi:10.1021/sb400177x,10.1021/sb400177x,2014,data/papers/2014/10.1021__sb400177x/paper.pdf,True,10,1,10,5,5,0,True,1 2 3 4 5,,True,
doi:10.1021/sb400178c,10.1021/sb400178c,2014,data/papers/2014/10.1021__sb400178c/publisher/paper.pdf,True,5,1,5,2,2,0,True,1 2,,True,
doi:10.1021/sb4001799,10.1021/sb4001799,2014,data/papers/2014/10.1021__sb4001799/publisher/paper.pdf,True,14,1,14,8,8,0,True,1 2 3 4 5 6 7 8,,True,
doi:10.1021/sb400182x,10.1021/sb400182x,2014,data/papers/2014/10.1021__sb400182x/paper.pdf,True,9,1,9,5,5,0,True,1 2 3 4 5,,True,
doi:10.1021/sb4001867,10.1021/sb4001867,2014,data/papers/2014/10.1021__sb4001867/publisher/paper.pdf,True,8,1,8,4,4,0,True,1 2 3 4,,True,
doi:10.1021/sb4001883,10.1021/sb4001883,2014,data/papers/2014/10.1021__sb4001883/publisher/paper.pdf,True,3,1,3,1,1,0,True,1,,True,
doi:10.1021/sb4001917,10.1021/sb4001917,2014,data/papers/2014/10.1021__sb4001917/publisher/paper.pdf,True,5,1,5,5,5,0,True,1 2 3 4 5,,True,
doi:10.1021/sb400192a,10.1021/sb400192a,2014,data/papers/2014/10.1021__sb400192a/paper.pdf,True,6,1,6,5,5,0,True,1 2 3 4 5,,True,
doi:10.1021/sb400194g,10.1021/sb400194g,2014,data/papers/2014/10.1021__sb400194g/publisher/paper.pdf,True,7,1,7,5,5,0,True,1 2 3 4 5,,True,
doi:10.1021/sb400197f,10.1021/sb400197f,2014,data/papers/2014/10.1021__sb400197f/publisher/paper.pdf,True,10,1,10,6,6,0,True,1 2 3 4 5 6,,True,
doi:10.1021/sb4001992,10.1021/sb4001992,2014,data/papers/2014/10.1021__sb4001992/publisher/paper.pdf,True,10,1,10,4,4,0,True,1 2 3 4,,True,
doi:10.1021/sb400202s,10.1021/sb400202s,2014,data/papers/2014/10.1021__sb400202s/publisher/paper.pdf,True,7,1,7,3,3,0,True,1 2 3,,True,
doi:10.1021/sb400203p,10.1021/sb400203p,2014,data/papers/2014/10.1021__sb400203p/publisher/paper.pdf,True,10,1,10,7,7,0,True,1 2 3 4 5 6 7,,True,
doi:10.1021/sb400205x,10.1021/sb400205x,2014,data/papers/2014/10.1021__sb400205x/publisher/paper.pdf,True,9,1,9,6,6,0,True,1 2 3 4 5 6,,True,
doi:10.1021/sb5000077,10.1021/sb5000077,2014,data/papers/2014/10.1021__sb5000077/publisher/paper.pdf,True,4,1,4,2,2,0,True,1 2,,True,
doi:10.1021/sb5000143,10.1021/sb5000143,2014,data/papers/2014/10.1021__sb5000143/publisher/paper.pdf,True,3,1,3,3,3,0,True,1 2 3,,True,
doi:10.1021/sb500018f,10.1021/sb500018f,2014,data/papers/2014/10.1021__sb500018f/publisher/paper.pdf,True,3,1,3,1,1,0,True,1,,True,
doi:10.1021/sb500020g,10.1021/sb500020g,2014,data/papers/2014/10.1021__sb500020g/publisher/paper.pdf,True,3,1,3,2,2,0,True,1 2,,True,
doi:10.1021/sb500023f,10.1021/sb500023f,2014,data/papers/2014/10.1021__sb500023f/publisher/paper.pdf,True,4,1,4,3,3,0,True,1 2 3,,True,
doi:10.1021/sb5000252,10.1021/sb5000252,2014,data/papers/2014/10.1021__sb5000252/publisher/paper.pdf,True,4,1,4,1,1,0,True,1,,True,
doi:10.1021/sb500029n,10.1021/sb500029n,2014,data/papers/2014/10.1021__sb500029n/publisher/paper.pdf,True,4,1,4,3,3,0,True,1 2 3,,True,
doi:10.1021/sb5000302,10.1021/sb5000302,2014,data/papers/2014/10.1021__sb5000302/publisher/paper.pdf,True,5,1,5,2,2,0,True,1 2,,True,
doi:10.1021/sb500031h,10.1021/sb500031h,2014,data/papers/2014/10.1021__sb500031h/publisher/paper.pdf,True,4,1,4,4,4,0,True,1 2 3 4,,True,
doi:10.1021/sb500033d,10.1021/sb500033d,2014,data/papers/2014/10.1021__sb500033d/publisher/paper.pdf,True,4,1,4,3,3,0,True,1 2 3,,True,
doi:10.1021/sb500035y,10.1021/sb500035y,2014,data/papers/2014/10.1021__sb500035y/publisher/paper.pdf,True,4,1,4,3,3,0,True,1 2 3,,True,
doi:10.1021/sb500036q,10.1021/sb500036q,2014,data/papers/2014/10.1021__sb500036q/paper.pdf,True,3,1,3,2,2,0,True,1 2,,True,
doi:10.1021/sb500039z,10.1021/sb500039z,2014,data/papers/2014/10.1021__sb500039z/publisher/paper.pdf,True,3,1,3,3,3,0,True,1 2 3,,True,
doi:10.1021/sb500042m,10.1021/sb500042m,2014,data/papers/2014/10.1021__sb500042m/publisher/paper.pdf,True,3,1,3,2,2,0,True,1 2,,True,
doi:10.1021/sb500045w,10.1021/sb500045w,2014,data/papers/2014/10.1021__sb500045w/publisher/paper.pdf,True,3,1,3,2,2,0,True,1 2,,True,
doi:10.1021/sb5000466,10.1021/sb5000466,2014,data/papers/2014/10.1021__sb5000466/publisher/paper.pdf,True,4,1,4,4,4,0,True,1 2 3 4,,True,
doi:10.1021/sb500047r,10.1021/sb500047r,2014,data/papers/2014/10.1021__sb500047r/paper.pdf,True,4,1,4,2,2,0,True,1 2,,True,
doi:10.1021/sb500053j,10.1021/sb500053j,2014,data/papers/2014/10.1021__sb500053j/publisher/paper.pdf,True,3,1,3,1,1,0,True,1,,True,
doi:10.1021/sb500058e,10.1021/sb500058e,2014,data/papers/2014/10.1021__sb500058e/publisher/paper.pdf,True,3,1,3,1,1,0,True,1,,True,
doi:10.1021/sb500059x,10.1021/sb500059x,2014,data/papers/2014/10.1021__sb500059x/publisher/paper.pdf,True,4,1,4,3,3,0,True,1 2 3,,True,
doi:10.1021/sb5000675,10.1021/sb5000675,2014,data/papers/2014/10.1021__sb5000675/publisher/paper.pdf,True,10,1,10,11,11,0,True,1 2 3 4 5 6 7 8 9 10 11,,True,
doi:10.1021/sb500070c,10.1021/sb500070c,2014,data/papers/2014/10.1021__sb500070c/publisher/paper.pdf,True,6,1,6,4,4,0,True,1 2 3 4,,True,
doi:10.1021/sb500084f,10.1021/sb500084f,2014,data/papers/2014/10.1021__sb500084f/publisher/paper.pdf,True,10,1,10,7,7,0,True,1 2 3 4 5 6 7,,True,
doi:10.1021/sb5001356,10.1021/sb5001356,2014,data/papers/2014/10.1021__sb5001356/paper.pdf,True,8,1,8,6,6,0,True,1 2 3 4 5 6,,True,
doi:10.1021/sb500222z,10.1021/sb500222z,2014,data/papers/2014/10.1021__sb500222z/paper.pdf,True,10,1,10,6,6,0,True,1 2 3 4 5 6,,True,
doi:10.1021/sb500225r,10.1021/sb500225r,2014,data/papers/2014/10.1021__sb500225r/publisher/paper.pdf,True,7,1,7,4,4,0,True,1 2 3 4,,True,
doi:10.1021/sb500236e,10.1021/sb500236e,2014,data/papers/2014/10.1021__sb500236e/paper.pdf,True,16,1,16,7,7,0,True,1 2 3 4 5 6 7,,True,
doi:10.1021/sb5002505,10.1021/sb5002505,2014,data/papers/2014/10.1021__sb5002505/publisher/paper.pdf,True,9,1,9,4,4,0,True,1 2 3 4,,True,
doi:10.1021/sb500262f,10.1021/sb500262f,2014,data/papers/2014/10.1021__sb500262f/paper.pdf,True,7,1,7,5,5,0,True,1 2 3 4 5,,True,
doi:10.1021/sb500273n,10.1021/sb500273n,2014,data/papers/2014/10.1021__sb500273n/publisher/paper.pdf,True,12,1,12,6,6,0,True,1 2 3 4 5 6,,True,
doi:10.1021/sb5002856,10.1021/sb5002856,2014,data/papers/2014/10.1021__sb5002856/paper.pdf,True,12,1,12,4,4,0,True,1 2 3 4,,True,
doi:10.1021/sb500291r,10.1021/sb500291r,2014,data/papers/2014/10.1021__sb500291r/paper.pdf,True,7,1,7,4,4,0,True,1 2 3 4,,True,
doi:10.1021/sb500304m,10.1021/sb500304m,2014,data/papers/2014/10.1021__sb500304m/publisher/paper.pdf,True,4,1,4,2,2,0,True,1 2,,True,
doi:10.1021/sb500305v,10.1021/sb500305v,2014,data/papers/2014/10.1021__sb500305v/publisher/paper.pdf,True,6,1,6,3,3,0,True,1 2 3,,True,
doi:10.1021/sb5003554,10.1021/sb5003554,2014,data/papers/2014/10.1021__sb5003554/publisher/paper.pdf,True,2,1,2,0,0,0,True,,,True,
doi:10.1021/sb500358y,10.1021/sb500358y,2014,data/papers/2014/10.1021__sb500358y/publisher/paper.pdf,True,2,1,2,0,0,0,True,,,True,
doi:10.1021/sb500361d,10.1021/sb500361d,2014,data/papers/2014/10.1021__sb500361d/paper.pdf,True,2,1,2,0,0,0,True,,,True,
doi:10.1021/acssynbio.5b00002,10.1021/acssynbio.5b00002,2015,data/papers/2015/10.1021__acssynbio.5b00002/paper.pdf,True,11,1,11,7,7,0,True,1 2 3 4 5 6 7,,True,
doi:10.1021/acssynbio.5b00004,10.1021/acssynbio.5b00004,2015,data/papers/2015/10.1021__acssynbio.5b00004/publisher/paper.pdf,True,8,1,8,3,3,0,True,1 2 3,,True,
doi:10.1021/acssynbio.5b00007,10.1021/acssynbio.5b00007,2015,data/papers/2015/10.1021__acssynbio.5b00007/publisher/paper.pdf,True,9,1,9,3,3,0,True,1 2 3,,True,
doi:10.1021/acssynbio.5b00009,10.1021/acssynbio.5b00009,2015,data/papers/2015/10.1021__acssynbio.5b00009/publisher/paper.pdf,True,10,1,10,5,5,0,True,1 2 3 4 5,,True,
doi:10.1021/acssynbio.5b00012,10.1021/acssynbio.5b00012,2015,data/papers/2015/10.1021__acssynbio.5b00012/publisher/paper.pdf,True,14,1,14,8,8,0,True,1 2 3 4 5 6 7 8,,True,
doi:10.1021/acssynbio.5b00016,10.1021/acssynbio.5b00016,2015,data/papers/2015/10.1021__acssynbio.5b00016/publisher/paper.pdf,True,10,1,10,6,6,0,True,1 2 3 4 5 6,,True,
doi:10.1021/acssynbio.5b00018,10.1021/acssynbio.5b00018,2015,data/papers/2015/10.1021__acssynbio.5b00018/publisher/paper.pdf,True,4,1,4,1,1,0,True,1,,True,
doi:10.1021/acssynbio.5b00025,10.1021/acssynbio.5b00025,2015,data/papers/2015/10.1021__acssynbio.5b00025/publisher/paper.pdf,True,13,1,13,8,7,1,False,1 2 3 4 5 6 7 15,8 9 10 11 12 13 14,False,
doi:10.1021/acssynbio.5b00033,10.1021/acssynbio.5b00033,2015,data/papers/2015/10.1021__acssynbio.5b00033/publisher/paper.pdf,True,7,1,7,4,4,0,True,1 2 3 4,,True,
doi:10.1021/acssynbio.5b00034,10.1021/acssynbio.5b00034,2015,data/papers/2015/10.1021__acssynbio.5b00034/publisher/paper.pdf,True,10,1,10,9,10,-1,False,1 2 3 4 5 6 7 8 9,,True,
doi:10.1021/acssynbio.5b00037,10.1021/acssynbio.5b00037,2015,data/papers/2015/10.1021__acssynbio.5b00037/publisher/paper.pdf,True,9,1,9,5,5,0,True,1 2 3 4 5,,True,
doi:10.1021/acssynbio.5b00038,10.1021/acssynbio.5b00038,2015,data/papers/2015/10.1021__acssynbio.5b00038/publisher/paper.pdf,True,10,1,10,5,5,0,True,1 2 3 4 5,,True,
doi:10.1021/acssynbio.5b00040,10.1021/acssynbio.5b00040,2015,data/papers/2015/10.1021__acssynbio.5b00040/publisher/paper.pdf,True,8,1,8,4,4,0,True,1 2 3 4,,True,
doi:10.1021/acssynbio.5b00041,10.1021/acssynbio.5b00041,2015,data/papers/2015/10.1021__acssynbio.5b00041/publisher/paper.pdf,True,9,1,9,6,6,0,True,1 2 3 4 5 6,,True,
doi:10.1021/acssynbio.5b00043,10.1021/acssynbio.5b00043,2015,data/papers/2015/10.1021__acssynbio.5b00043/publisher/paper.pdf,True,11,1,11,1,1,0,True,1,,True,
doi:10.1021/acssynbio.5b00044,10.1021/acssynbio.5b00044,2015,data/papers/2015/10.1021__acssynbio.5b00044/publisher/paper.pdf,True,16,1,16,12,12,0,True,1 2 3 4 5 6 7 8 9 10 11 12,,True,
doi:10.1021/acssynbio.5b00048,10.1021/acssynbio.5b00048,2015,data/papers/2015/10.1021__acssynbio.5b00048/publisher/paper.pdf,True,12,1,12,7,7,0,True,1 2 3 4 5 6 7,,True,
doi:10.1021/acssynbio.5b00051,10.1021/acssynbio.5b00051,2015,data/papers/2015/10.1021__acssynbio.5b00051/publisher/paper.pdf,True,8,1,8,6,6,0,True,1 2 3 4 5 6,,True,
doi:10.1021/acssynbio.5b00053,10.1021/acssynbio.5b00053,2015,data/papers/2015/10.1021__acssynbio.5b00053/publisher/paper.pdf,True,9,1,9,5,5,0,True,1 2 3 4 5,,True,
doi:10.1021/acssynbio.5b00054,10.1021/acssynbio.5b00054,2015,data/papers/2015/10.1021__acssynbio.5b00054/publisher/paper.pdf,True,7,1,7,7,7,0,True,1 2 3 4 5 6 7,,True,
doi:10.1021/acssynbio.5b00057,10.1021/acssynbio.5b00057,2015,data/papers/2015/10.1021__acssynbio.5b00057/publisher/paper.pdf,True,8,1,8,6,6,0,True,1 2 3 4 5 6,,True,
doi:10.1021/acssynbio.5b00058,10.1021/acssynbio.5b00058,2015,data/papers/2015/10.1021__acssynbio.5b00058/publisher/paper.pdf,True,11,1,11,7,7,0,True,1 2 3 4 5 6 7,,True,
doi:10.1021/acssynbio.5b00060,10.1021/acssynbio.5b00060,2015,data/papers/2015/10.1021__acssynbio.5b00060/publisher/paper.pdf,True,12,1,12,4,4,0,True,1 2 3 4,,True,
doi:10.1021/acssynbio.5b00062,10.1021/acssynbio.5b00062,2015,data/papers/2015/10.1021__acssynbio.5b00062/publisher/paper.pdf,True,14,1,14,6,6,0,True,1 2 3 4 5 6,,True,
doi:10.1021/acssynbio.5b00068,10.1021/acssynbio.5b00068,2015,data/papers/2015/10.1021__acssynbio.5b00068/publisher/paper.pdf,True,5,1,5,2,2,0,True,1 2,,True,
doi:10.1021/acssynbio.5b00069,10.1021/acssynbio.5b00069,2015,data/papers/2015/10.1021__acssynbio.5b00069/publisher/paper.pdf,True,8,1,8,5,5,0,True,1 2 3 4 5,,True,
doi:10.1021/acssynbio.5b00070,10.1021/acssynbio.5b00070,2015,data/papers/2015/10.1021__acssynbio.5b00070/paper.pdf,True,9,1,9,6,5,1,False,1 2 3 4 5 6,,True,
doi:10.1021/acssynbio.5b00074,10.1021/acssynbio.5b00074,2015,data/papers/2015/10.1021__acssynbio.5b00074/publisher/paper.pdf,True,11,1,11,5,5,0,True,1 2 3 4 5,,True,
doi:10.1021/acssynbio.5b00075,10.1021/acssynbio.5b00075,2015,data/papers/2015/10.1021__acssynbio.5b00075/publisher/paper.pdf,True,6,1,6,3,3,0,True,1 2 3,,True,
doi:10.1021/acssynbio.5b00077,10.1021/acssynbio.5b00077,2015,data/papers/2015/10.1021__acssynbio.5b00077/publisher/paper.pdf,True,13,1,13,6,6,0,True,1 2 3 4 5 6,,True,
doi:10.1021/acssynbio.5b00080,10.1021/acssynbio.5b00080,2015,data/papers/2015/10.1021__acssynbio.5b00080/paper.pdf,True,12,1,12,6,6,0,True,1 2 3 4 5 6,,True,
doi:10.1021/acssynbio.5b00085,10.1021/acssynbio.5b00085,2015,data/papers/2015/10.1021__acssynbio.5b00085/publisher/paper.pdf,True,8,1,8,3,3,0,True,1 2 3,,True,
doi:10.1021/acssynbio.5b00087,10.1021/acssynbio.5b00087,2015,data/papers/2015/10.1021__acssynbio.5b00087/publisher/paper.pdf,True,8,1,8,4,4,0,True,1 2 3 4,,True,
doi:10.1021/acssynbio.5b00092,10.1021/acssynbio.5b00092,2015,data/papers/2015/10.1021__acssynbio.5b00092/publisher/paper.pdf,True,12,1,12,3,3,0,True,1 2 3,,True,
doi:10.1021/acssynbio.5b00098,10.1021/acssynbio.5b00098,2015,data/papers/2015/10.1021__acssynbio.5b00098/publisher/paper.pdf,True,8,1,8,7,7,0,True,1 2 3 4 5 6 7,,True,
doi:10.1021/acssynbio.5b00107,10.1021/acssynbio.5b00107,2015,data/papers/2015/10.1021__acssynbio.5b00107/publisher/paper.pdf,True,9,1,9,5,5,0,True,1 2 3 4 5,,True,
doi:10.1021/acssynbio.5b00113,10.1021/acssynbio.5b00113,2015,data/papers/2015/10.1021__acssynbio.5b00113/publisher/paper.pdf,True,5,1,5,2,2,0,True,1 2,,True,
doi:10.1021/acssynbio.5b00131,10.1021/acssynbio.5b00131,2015,data/papers/2015/10.1021__acssynbio.5b00131/publisher/paper.pdf,True,9,1,9,5,5,0,True,1 2 3 4 5,,True,
doi:10.1021/acssynbio.5b00132,10.1021/acssynbio.5b00132,2015,data/papers/2015/10.1021__acssynbio.5b00132/paper.pdf,True,9,1,9,4,4,0,True,1 2 3 4,,True,
doi:10.1021/acssynbio.5b00133,10.1021/acssynbio.5b00133,2015,data/papers/2015/10.1021__acssynbio.5b00133/publisher/paper.pdf,True,10,1,10,6,6,0,True,1 2 3 4 5 6,,True,
doi:10.1021/acssynbio.5b00170,10.1021/acssynbio.5b00170,2015,data/papers/2015/10.1021__acssynbio.5b00170/publisher/paper.pdf,True,12,1,12,3,3,0,True,1 2 3,,True,
doi:10.1021/acssynbio.5b00190,10.1021/acssynbio.5b00190,2015,data/papers/2015/10.1021__acssynbio.5b00190/publisher/paper.pdf,True,3,1,3,1,1,0,True,1,,True,
doi:10.1021/acssynbio.5b00218,10.1021/acssynbio.5b00218,2015,data/papers/2015/10.1021__acssynbio.5b00218/publisher/paper.pdf,True,3,1,3,1,1,0,True,1,,True,
doi:10.1021/sb300092n,10.1021/sb300092n,2015,data/papers/2015/10.1021__sb300092n/paper.pdf,True,12,1,12,6,6,0,True,1 2 3 4 5 6,,True,
doi:10.1021/sb4001189,10.1021/sb4001189,2015,data/papers/2015/10.1021__sb4001189/publisher/paper.pdf,True,6,1,6,4,4,0,True,1 2 3 4,,True,
doi:10.1021/sb400126a,10.1021/sb400126a,2015,data/papers/2015/10.1021__sb400126a/publisher/paper.pdf,True,10,1,10,4,4,0,True,1 2 3 4,,True,
doi:10.1021/sb400133g,10.1021/sb400133g,2015,data/papers/2015/10.1021__sb400133g/publisher/paper.pdf,True,6,1,6,5,5,0,True,1 2 3 4 5,,True,
doi:10.1021/sb400158w,10.1021/sb400158w,2015,data/papers/2015/10.1021__sb400158w/publisher/paper.pdf,True,9,1,9,5,5,0,True,1 2 3 4 5,,True,
doi:10.1021/sb400162z,10.1021/sb400162z,2015,data/papers/2015/10.1021__sb400162z/paper.pdf,True,9,1,9,5,5,0,True,1 2 3 4 5,,True,
doi:10.1021/sb4002008,10.1021/sb4002008,2015,data/papers/2015/10.1021__sb4002008/publisher/paper.pdf,True,9,1,9,5,5,0,True,1 2 3 4 5,,True,
doi:10.1021/sb400201u,10.1021/sb400201u,2015,data/papers/2015/10.1021__sb400201u/publisher/paper.pdf,True,9,1,9,6,6,0,True,1 2 3 4 5 6,,True,
doi:10.1021/sb400206c,10.1021/sb400206c,2015,data/papers/2015/10.1021__sb400206c/paper.pdf,True,13,1,13,7,7,0,True,1 2 3 4 5 6 7,,True,
doi:10.1021/sb500003x,10.1021/sb500003x,2015,data/papers/2015/10.1021__sb500003x/publisher/paper.pdf,True,9,1,9,3,3,0,True,1 2 3,,True,
doi:10.1021/sb5000059,10.1021/sb5000059,2015,data/papers/2015/10.1021__sb5000059/paper.pdf,True,7,1,7,5,5,0,True,1 2 3 4 5,,True,
doi:10.1021/sb5000115,10.1021/sb5000115,2015,data/papers/2015/10.1021__sb5000115/publisher/paper.pdf,True,9,1,9,7,7,0,True,1 2 3 4 5 6 7,,True,
doi:10.1021/sb500019b,10.1021/sb500019b,2015,data/papers/2015/10.1021__sb500019b/paper.pdf,True,10,1,10,7,7,0,True,1 2 3 4 5 6 7,,True,
doi:10.1021/sb500024b,10.1021/sb500024b,2015,data/papers/2015/10.1021__sb500024b/paper.pdf,True,12,1,12,7,7,0,True,1 2 3 4 5 6 7,,True,
doi:10.1021/sb500055u,10.1021/sb500055u,2015,data/papers/2015/10.1021__sb500055u/publisher/paper.pdf,True,9,1,9,5,5,0,True,1 2 3 4 5,,True,
doi:10.1021/sb500062p,10.1021/sb500062p,2015,data/papers/2015/10.1021__sb500062p/publisher/paper.pdf,True,10,1,10,5,5,0,True,1 2 3 4 5,,True,
doi:10.1021/sb5000725,10.1021/sb5000725,2015,data/papers/2015/10.1021__sb5000725/publisher/paper.pdf,True,5,1,5,3,3,0,True,1 2 3,,True,
doi:10.1021/sb500074a,10.1021/sb500074a,2015,data/papers/2015/10.1021__sb500074a/publisher/paper.pdf,True,9,1,9,5,5,0,True,1 2 3 4 5,,True,
doi:10.1021/sb500079f,10.1021/sb500079f,2015,data/papers/2015/10.1021__sb500079f/publisher/paper.pdf,True,9,1,9,6,6,0,True,1 2 3 4 5 6,,True,
doi:10.1021/sb500083t,10.1021/sb500083t,2015,data/papers/2015/10.1021__sb500083t/publisher/paper.pdf,True,9,1,9,5,5,0,True,1 2 3 4 5,,True,
doi:10.1021/sb5000884,10.1021/sb5000884,2015,data/papers/2015/10.1021__sb5000884/publisher/paper.pdf,True,7,1,7,6,6,0,True,1 2 3 4 5 6,,True,
doi:10.1021/sb500090b,10.1021/sb500090b,2015,data/papers/2015/10.1021__sb500090b/paper.pdf,True,8,1,8,5,5,0,True,1 2 3 4 5,,True,
doi:10.1021/sb500096y,10.1021/sb500096y,2015,data/papers/2015/10.1021__sb500096y/publisher/paper.pdf,True,5,1,5,5,4,1,False,1 2 3 4 6,5,False,
doi:10.1021/sb5001092,10.1021/sb5001092,2015,data/papers/2015/10.1021__sb5001092/publisher/paper.pdf,True,6,1,6,5,5,0,True,1 2 3 4 5,,True,
doi:10.1021/sb500113b,10.1021/sb500113b,2015,data/papers/2015/10.1021__sb500113b/paper.pdf,True,4,1,4,2,2,0,True,1 2,,True,
doi:10.1021/sb500134w,10.1021/sb500134w,2015,data/papers/2015/10.1021__sb500134w/publisher/paper.pdf,True,10,1,10,6,7,-1,False,1 2 4 5 6 7,3,False,
doi:10.1021/sb5001406,10.1021/sb5001406,2015,data/papers/2015/10.1021__sb5001406/publisher/paper.pdf,True,9,1,9,9,9,0,True,1 2 3 4 5 6 7 8 9,,True,
doi:10.1021/sb5001565,10.1021/sb5001565,2015,data/papers/2015/10.1021__sb5001565/paper.pdf,True,6,1,6,3,3,0,True,1 2 3,,True,
doi:10.1021/sb500165g,10.1021/sb500165g,2015,data/papers/2015/10.1021__sb500165g/paper.pdf,True,7,1,7,5,5,0,True,1 2 3 4 5,,True,
doi:10.1021/sb500173f,10.1021/sb500173f,2015,data/papers/2015/10.1021__sb500173f/publisher/paper.pdf,True,9,1,9,6,6,0,True,1 2 3 4 5 6,,True,
doi:10.1021/sb500176h,10.1021/sb500176h,2015,data/papers/2015/10.1021__sb500176h/publisher/paper.pdf,True,15,1,15,20,20,0,True,1 2 3 4 5 6 7 8 9 10 11 12 13 14 15 16 17 18 19 20,,True,
doi:10.1021/sb500194z,10.1021/sb500194z,2015,data/papers/2015/10.1021__sb500194z/publisher/paper.pdf,True,8,1,8,4,4,0,True,1 2 3 4,,True,
doi:10.1021/sb500195w,10.1021/sb500195w,2015,data/papers/2015/10.1021__sb500195w/paper.pdf,True,6,1,6,5,5,0,True,1 2 3 4 5,,True,
doi:10.1021/sb5002196,10.1021/sb5002196,2015,data/papers/2015/10.1021__sb5002196/publisher/paper.pdf,True,15,1,15,10,10,0,True,1 2 3 4 5 6 7 8 9 10,,True,
doi:10.1021/sb500221v,10.1021/sb500221v,2015,data/papers/2015/10.1021__sb500221v/publisher/paper.pdf,True,14,1,14,6,6,0,True,1 2 3 4 5 6,,True,
doi:10.1021/sb500226j,10.1021/sb500226j,2015,data/papers/2015/10.1021__sb500226j/publisher/paper.pdf,True,10,1,10,5,5,0,True,1 2 3 4 5,,True,
doi:10.1021/sb500229s,10.1021/sb500229s,2015,data/papers/2015/10.1021__sb500229s/publisher/paper.pdf,True,12,1,12,5,5,0,True,1 2 3 4 5,,True,
doi:10.1021/sb500233u,10.1021/sb500233u,2015,data/papers/2015/10.1021__sb500233u/paper.pdf,True,10,1,10,9,9,0,True,1 2 3 4 5 6 7 8 9,,True,
doi:10.1021/sb500234s,10.1021/sb500234s,2015,data/papers/2015/10.1021__sb500234s/publisher/paper.pdf,True,10,1,10,5,5,0,True,1 2 3 4 5,,True,
doi:10.1021/sb500235p,10.1021/sb500235p,2015,data/papers/2015/10.1021__sb500235p/paper.pdf,True,11,1,11,11,11,0,True,1 2 3 4 5 6 7 8 9 10 11,,True,
doi:10.1021/sb500237x,10.1021/sb500237x,2015,data/papers/2015/10.1021__sb500237x/publisher/paper.pdf,True,7,1,7,5,5,0,True,1 2 3 4 5,,True,
doi:10.1021/sb5002399,10.1021/sb5002399,2015,data/papers/2015/10.1021__sb5002399/publisher/paper.pdf,True,15,1,15,4,4,0,True,1 2 3 4,,True,
doi:10.1021/sb500240p,10.1021/sb500240p,2015,data/papers/2015/10.1021__sb500240p/publisher/paper.pdf,True,5,1,5,1,2,-1,False,1,,True,
doi:10.1021/sb500241e,10.1021/sb500241e,2015,data/papers/2015/10.1021__sb500241e/publisher/paper.pdf,True,8,1,8,4,4,0,True,1 2 3 4,,True,
doi:10.1021/sb500242x,10.1021/sb500242x,2015,data/papers/2015/10.1021__sb500242x/publisher/paper.pdf,True,7,1,7,3,3,0,True,1 2 3,,True,
doi:10.1021/sb500243c,10.1021/sb500243c,2015,data/papers/2015/10.1021__sb500243c/publisher/paper.pdf,True,10,1,10,5,5,0,True,1 2 3 4 5,,True,
doi:10.1021/sb5002467,10.1021/sb5002467,2015,data/papers/2015/10.1021__sb5002467/publisher/paper.pdf,True,9,1,9,5,5,0,True,1 2 3 4 5,,True,
doi:10.1021/sb500247a,10.1021/sb500247a,2015,data/papers/2015/10.1021__sb500247a/publisher/paper.pdf,True,10,1,10,5,5,0,True,1 2 3 4 5,,True,
doi:10.1021/sb5002483,10.1021/sb5002483,2015,data/papers/2015/10.1021__sb5002483/paper.pdf,True,6,1,6,4,4,0,True,1 2 3 4,,True,
doi:10.1021/sb500249g,10.1021/sb500249g,2015,data/papers/2015/10.1021__sb500249g/publisher/paper.pdf,True,11,1,11,5,5,0,True,1 2 3 4 5,,True,
doi:10.1021/sb5002517,10.1021/sb5002517,2015,data/papers/2015/10.1021__sb5002517/publisher/paper.pdf,True,7,1,7,3,3,0,True,1 2 3,,True,
doi:10.1021/sb500252a,10.1021/sb500252a,2015,data/papers/2015/10.1021__sb500252a/paper.pdf,True,11,1,11,5,5,0,True,1 2 3 4 5,,True,
doi:10.1021/sb5002533,10.1021/sb5002533,2015,data/papers/2015/10.1021__sb5002533/publisher/paper.pdf,True,8,1,8,5,5,0,True,1 2 3 4 5,,True,
doi:10.1021/sb500254g,10.1021/sb500254g,2015,data/papers/2015/10.1021__sb500254g/paper.pdf,True,7,1,7,3,3,0,True,1 2 3,,True,
doi:10.1021/sb500255k,10.1021/sb500255k,2015,data/papers/2015/10.1021__sb500255k/publisher/paper.pdf,True,10,1,10,6,6,0,True,1 2 3 4 5 6,,True,
doi:10.1021/sb500258b,10.1021/sb500258b,2015,data/papers/2015/10.1021__sb500258b/paper.pdf,True,7,1,7,0,1,-1,False,,,True,
doi:10.1021/sb500260k,10.1021/sb500260k,2015,data/papers/2015/10.1021__sb500260k/paper.pdf,True,9,1,9,9,9,0,True,1 2 3 4 5 6 7 8 9,,True,
doi:10.1021/sb500261t,10.1021/sb500261t,2015,data/papers/2015/10.1021__sb500261t/paper.pdf,True,8,1,8,6,6,0,True,1 2 3 4 5 6,,True,
doi:10.1021/sb500263b,10.1021/sb500263b,2015,data/papers/2015/10.1021__sb500263b/publisher/paper.pdf,True,9,1,9,5,5,0,True,1 2 3 4 5,,True,
doi:10.1021/sb500267d,10.1021/sb500267d,2015,data/papers/2015/10.1021__sb500267d/paper.pdf,True,11,1,11,7,7,0,True,1 2 3 4 5 6 7,,True,
doi:10.1021/sb500268n,10.1021/sb500268n,2015,data/papers/2015/10.1021__sb500268n/publisher/paper.pdf,True,7,1,7,6,6,0,True,1 2 3 4 5 6,,True,
doi:10.1021/sb500270h,10.1021/sb500270h,2015,data/papers/2015/10.1021__sb500270h/publisher/paper.pdf,True,9,1,9,5,5,0,True,1 2 3 4 5,,True,
doi:10.1021/sb500278z,10.1021/sb500278z,2015,data/papers/2015/10.1021__sb500278z/publisher/paper.pdf,True,7,1,7,6,6,0,True,1 2 3 4 5 6,,True,
doi:10.1021/sb500279w,10.1021/sb500279w,2015,data/papers/2015/10.1021__sb500279w/publisher/paper.pdf,True,6,1,6,4,4,0,True,1 2 3 4,,True,
doi:10.1021/sb500280q,10.1021/sb500280q,2015,data/papers/2015/10.1021__sb500280q/paper.pdf,True,7,1,7,3,5,-2,False,1 2 3,,True,
doi:10.1021/sb500282v,10.1021/sb500282v,2015,data/papers/2015/10.1021__sb500282v/publisher/paper.pdf,True,11,1,11,6,6,0,True,1 2 3 4 5 6,,True,
doi:10.1021/sb500286r,10.1021/sb500286r,2015,data/papers/2015/10.1021__sb500286r/publisher/paper.pdf,True,12,1,12,1,1,0,True,1,,True,
doi:10.1021/sb5002938,10.1021/sb5002938,2015,data/papers/2015/10.1021__sb5002938/paper.pdf,True,10,1,10,7,7,0,True,1 2 3 4 5 6 7,,True,
doi:10.1021/sb500296p,10.1021/sb500296p,2015,data/papers/2015/10.1021__sb500296p/paper.pdf,True,9,1,9,7,7,0,True,1 2 3 4 5 6 7,,True,
doi:10.1021/sb500299c,10.1021/sb500299c,2015,data/papers/2015/10.1021__sb500299c/publisher/paper.pdf,True,7,1,7,2,2,0,True,1 2,,True,
doi:10.1021/sb500300d,10.1021/sb500300d,2015,data/papers/2015/10.1021__sb500300d/publisher/paper.pdf,True,11,1,11,7,7,0,True,1 2 3 4 5 6 7,,True,
doi:10.1021/sb500302y,10.1021/sb500302y,2015,data/papers/2015/10.1021__sb500302y/publisher/paper.pdf,True,9,1,9,8,8,0,True,1 2 3 4 5 6 7 8,,True,
doi:10.1021/sb500303q,10.1021/sb500303q,2015,data/papers/2015/10.1021__sb500303q/publisher/paper.pdf,True,5,1,5,6,6,0,True,1 2 3 4 5 6,,True,
doi:10.1021/sb500307w,10.1021/sb500307w,2015,data/papers/2015/10.1021__sb500307w/publisher/paper.pdf,True,8,1,8,4,4,0,True,1 2 3 4,,True,
doi:10.1021/sb500309r,10.1021/sb500309r,2015,data/papers/2015/10.1021__sb500309r/publisher/paper.pdf,True,10,1,10,8,8,0,True,1 2 3 4 5 6 7 8,,True,
doi:10.1021/sb5003136,10.1021/sb5003136,2015,data/papers/2015/10.1021__sb5003136/publisher/paper.pdf,True,7,1,7,6,6,0,True,1 2 3 4 5 6,,True,
doi:10.1021/sb500314r,10.1021/sb500314r,2015,data/papers/2015/10.1021__sb500314r/paper.pdf,True,4,1,4,2,2,0,True,1 2,,True,
doi:10.1021/sb500319p,10.1021/sb500319p,2015,data/papers/2015/10.1021__sb500319p/publisher/paper.pdf,True,7,1,7,4,4,0,True,1 2 3 4,,True,
doi:10.1021/sb5003218,10.1021/sb5003218,2015,data/papers/2015/10.1021__sb5003218/publisher/paper.pdf,True,7,1,7,3,6,-3,False,1 2 3,,True,
doi:10.1021/sb500322u,10.1021/sb500322u,2015,data/papers/2015/10.1021__sb500322u/paper.pdf,True,11,1,11,6,6,0,True,1 2 3 4 5 6,,True,
doi:10.1021/sb500324p,10.1021/sb500324p,2015,data/papers/2015/10.1021__sb500324p/publisher/paper.pdf,True,7,1,7,3,3,0,True,1 2 3,,True,
doi:10.1021/sb5003289,10.1021/sb5003289,2015,data/papers/2015/10.1021__sb5003289/publisher/paper.pdf,True,7,1,7,4,4,0,True,1 2 3 4,,True,
doi:10.1021/sb500331x,10.1021/sb500331x,2015,data/papers/2015/10.1021__sb500331x/publisher/paper.pdf,True,9,1,9,4,4,0,True,1 2 3 4,,True,
doi:10.1021/sb500332c,10.1021/sb500332c,2015,data/papers/2015/10.1021__sb500332c/publisher/paper.pdf,True,6,1,6,4,4,0,True,1 2 3 4,,True,
doi:10.1021/sb5003357,10.1021/sb5003357,2015,data/papers/2015/10.1021__sb5003357/publisher/paper.pdf,True,9,1,9,8,8,0,True,1 2 3 4 5 6 7 8,,True,
doi:10.1021/sb500338g,10.1021/sb500338g,2015,data/papers/2015/10.1021__sb500338g/publisher/paper.pdf,True,5,1,5,3,3,0,True,1 2 3,,True,
doi:10.1021/sb500339k,10.1021/sb500339k,2015,data/papers/2015/10.1021__sb500339k/publisher/paper.pdf,True,8,1,8,3,3,0,True,1 2 3,,True,
doi:10.1021/sb5003407,10.1021/sb5003407,2015,data/papers/2015/10.1021__sb5003407/publisher/paper.pdf,True,10,1,10,6,6,0,True,1 2 3 4 5 6,,True,
doi:10.1021/sb500341a,10.1021/sb500341a,2015,data/papers/2015/10.1021__sb500341a/publisher/paper.pdf,True,9,1,9,4,4,0,True,1 2 3 4,,True,
doi:10.1021/sb500343g,10.1021/sb500343g,2015,data/papers/2015/10.1021__sb500343g/publisher/paper.pdf,True,8,1,8,3,3,0,True,1 2 3,,True,
doi:10.1021/sb500345t,10.1021/sb500345t,2015,data/papers/2015/10.1021__sb500345t/publisher/paper.pdf,True,11,1,11,5,5,0,True,1 2 3 4 5,,True,
doi:10.1021/sb5003482,10.1021/sb5003482,2015,data/papers/2015/10.1021__sb5003482/publisher/paper.pdf,True,9,1,9,4,4,0,True,1 2 3 4,,True,
doi:10.1021/sb500351f,10.1021/sb500351f,2015,data/papers/2015/10.1021__sb500351f/paper.pdf,True,6,1,6,2,2,0,True,1 2,,True,
doi:10.1021/sb500352b,10.1021/sb500352b,2015,data/papers/2015/10.1021__sb500352b/publisher/paper.pdf,True,4,1,4,1,1,0,True,1,,True,
doi:10.1021/sb500356d,10.1021/sb500356d,2015,data/papers/2015/10.1021__sb500356d/publisher/paper.pdf,True,7,1,7,5,5,0,True,1 2 3 4 5,,True,
doi:10.1021/sb500362n,10.1021/sb500362n,2015,data/papers/2015/10.1021__sb500362n/publisher/paper.pdf,True,7,1,7,5,5,0,True,1 2 3 4 5,,True,
doi:10.1021/sb500363y,10.1021/sb500363y,2015,data/papers/2015/10.1021__sb500363y/publisher/paper.pdf,True,11,1,11,6,6,0,True,1 2 3 4 5 6,,True,
doi:10.1021/sb500364q,10.1021/sb500364q,2015,data/papers/2015/10.1021__sb500364q/publisher/paper.pdf,True,7,1,7,5,5,0,True,1 2 3 4 5,,True,
doi:10.1021/sb500365m,10.1021/sb500365m,2015,data/papers/2015/10.1021__sb500365m/publisher/paper.pdf,True,9,1,9,4,4,0,True,1 2 3 4,,True,
doi:10.1021/sb500366v,10.1021/sb500366v,2015,data/papers/2015/10.1021__sb500366v/publisher/paper.pdf,True,12,1,12,9,9,0,True,1 2 3 4 5 6 7 8 9,,True,
doi:10.1021/sb500368w,10.1021/sb500368w,2015,data/papers/2015/10.1021__sb500368w/publisher/paper.pdf,True,12,1,12,5,5,0,True,1 2 3 4 5,,True,
doi:10.1021/sb500372z,10.1021/sb500372z,2015,data/papers/2015/10.1021__sb500372z/publisher/paper.pdf,True,7,1,7,4,4,0,True,1 2 3 4,,True,
doi:10.1021/acssynbio.5b00064,10.1021/acssynbio.5b00064,2016,data/papers/2016/10.1021__acssynbio.5b00064/publisher/paper.pdf,True,8,1,8,5,5,0,True,1 2 3 4 5,,True,
doi:10.1021/acssynbio.5b00073,10.1021/acssynbio.5b00073,2016,data/papers/2016/10.1021__acssynbio.5b00073/publisher/paper.pdf,True,8,1,8,7,7,0,True,1 2 3 4 5 6 7,,True,
doi:10.1021/acssynbio.5b00076,10.1021/acssynbio.5b00076,2016,data/papers/2016/10.1021__acssynbio.5b00076/publisher/paper.pdf,True,8,1,8,2,2,0,True,1 2,,True,
doi:10.1021/acssynbio.5b00090,10.1021/acssynbio.5b00090,2016,data/papers/2016/10.1021__acssynbio.5b00090/publisher/paper.pdf,True,9,1,9,8,8,0,True,1 2 3 4 5 6 7 8,,True,
doi:10.1021/acssynbio.5b00094,10.1021/acssynbio.5b00094,2016,data/papers/2016/10.1021__acssynbio.5b00094/publisher/paper.pdf,True,7,1,7,5,5,0,True,1 2 3 4 5,,True,
doi:10.1021/acssynbio.5b00096,10.1021/acssynbio.5b00096,2016,data/papers/2016/10.1021__acssynbio.5b00096/publisher/paper.pdf,True,7,1,7,3,3,0,True,1 2 3,,True,
doi:10.1021/acssynbio.5b00099,10.1021/acssynbio.5b00099,2016,data/papers/2016/10.1021__acssynbio.5b00099/publisher/paper.pdf,True,10,1,10,5,5,0,True,1 2 3 4 5,,True,
doi:10.1021/acssynbio.5b00100,10.1021/acssynbio.5b00100,2016,data/papers/2016/10.1021__acssynbio.5b00100/publisher/paper.pdf,True,11,1,11,7,7,0,True,1 2 3 4 5 6 7,,True,
doi:10.1021/acssynbio.5b00103,10.1021/acssynbio.5b00103,2016,data/papers/2016/10.1021__acssynbio.5b00103/publisher/paper.pdf,True,12,1,12,5,5,0,True,1 2 3 4 5,,True,
doi:10.1021/acssynbio.5b00111,10.1021/acssynbio.5b00111,2016,data/papers/2016/10.1021__acssynbio.5b00111/publisher/paper.pdf,True,10,1,10,6,6,0,True,1 2 3 4 5 6,,True,
doi:10.1021/acssynbio.5b00116,10.1021/acssynbio.5b00116,2016,data/papers/2016/10.1021__acssynbio.5b00116/paper.pdf,True,10,1,10,7,7,0,True,1 2 3 4 5 6 7,,True,
doi:10.1021/acssynbio.5b00117,10.1021/acssynbio.5b00117,2016,data/papers/2016/10.1021__acssynbio.5b00117/publisher/paper.pdf,True,7,1,7,2,2,0,True,1 2,,True,
doi:10.1021/acssynbio.5b00119,10.1021/acssynbio.5b00119,2016,data/papers/2016/10.1021__acssynbio.5b00119/publisher/paper.pdf,True,12,1,12,7,7,0,True,1 2 3 4 5 6 7,,True,
doi:10.1021/acssynbio.5b00120,10.1021/acssynbio.5b00120,2016,data/papers/2016/10.1021__acssynbio.5b00120/publisher/paper.pdf,True,7,1,7,3,3,0,True,1 2 3,,True,
doi:10.1021/acssynbio.5b00124,10.1021/acssynbio.5b00124,2016,data/papers/2016/10.1021__acssynbio.5b00124/publisher/paper.pdf,True,5,1,5,2,2,0,True,1 2,,True,
doi:10.1021/acssynbio.5b00127,10.1021/acssynbio.5b00127,2016,data/papers/2016/10.1021__acssynbio.5b00127/publisher/paper.pdf,True,8,1,8,4,4,0,True,1 2 3 4,,True,
doi:10.1021/acssynbio.5b00129,10.1021/acssynbio.5b00129,2016,data/papers/2016/10.1021__acssynbio.5b00129/publisher/paper.pdf,True,9,1,9,7,7,0,True,1 2 3 4 5 6 7,,True,
doi:10.1021/acssynbio.5b00130,10.1021/acssynbio.5b00130,2016,data/papers/2016/10.1021__acssynbio.5b00130/publisher/paper.pdf,True,7,1,7,4,4,0,True,1 2 3 4,,True,
doi:10.1021/acssynbio.5b00135,10.1021/acssynbio.5b00135,2016,data/papers/2016/10.1021__acssynbio.5b00135/publisher/paper.pdf,True,9,1,9,8,8,0,True,1 2 3 4 5 6 7 8,,True,
doi:10.1021/acssynbio.5b00138,10.1021/acssynbio.5b00138,2016,data/papers/2016/10.1021__acssynbio.5b00138/publisher/paper.pdf,True,6,1,6,5,5,0,True,1 2 3 4 5,,True,
doi:10.1021/acssynbio.5b00141,10.1021/acssynbio.5b00141,2016,data/papers/2016/10.1021__acssynbio.5b00141/publisher/paper.pdf,True,7,1,7,4,4,0,True,1 2 3 4,,True,
doi:10.1021/acssynbio.5b00144,10.1021/acssynbio.5b00144,2016,data/papers/2016/10.1021__acssynbio.5b00144/paper.pdf,True,7,1,7,5,5,0,True,1 2 3 4 5,,True,
doi:10.1021/acssynbio.5b00147,10.1021/acssynbio.5b00147,2016,data/papers/2016/10.1021__acssynbio.5b00147/publisher/paper.pdf,True,8,1,8,4,4,0,True,1 2 3 4,,True,
doi:10.1021/acssynbio.5b00153,10.1021/acssynbio.5b00153,2016,data/papers/2016/10.1021__acssynbio.5b00153/publisher/paper.pdf,True,7,1,7,4,4,0,True,1 2 3 4,,True,
doi:10.1021/acssynbio.5b00154,10.1021/acssynbio.5b00154,2016,data/papers/2016/10.1021__acssynbio.5b00154/publisher/paper.pdf,True,13,1,13,8,8,0,True,1 2 3 4 5 6 7 8,,True,
doi:10.1021/acssynbio.5b00156,10.1021/acssynbio.5b00156,2016,data/papers/2016/10.1021__acssynbio.5b00156/publisher/paper.pdf,True,5,1,5,3,3,0,True,1 2 3,,True,
doi:10.1021/acssynbio.5b00158,10.1021/acssynbio.5b00158,2016,data/papers/2016/10.1021__acssynbio.5b00158/publisher/paper.pdf,True,9,1,9,5,5,0,True,1 2 3 4 5,,True,
doi:10.1021/acssynbio.5b00161,10.1021/acssynbio.5b00161,2016,data/papers/2016/10.1021__acssynbio.5b00161/publisher/paper.pdf,True,10,1,10,6,6,0,True,1 2 3 4 5 6,,True,
doi:10.1021/acssynbio.5b00162,10.1021/acssynbio.5b00162,2016,data/papers/2016/10.1021__acssynbio.5b00162/publisher/paper.pdf,True,4,1,4,2,2,0,True,1 2,,True,
doi:10.1021/acssynbio.5b00164,10.1021/acssynbio.5b00164,2016,data/papers/2016/10.1021__acssynbio.5b00164/publisher/paper.pdf,True,9,1,9,3,3,0,True,1 2 3,,True,
doi:10.1021/acssynbio.5b00172,10.1021/acssynbio.5b00172,2016,data/papers/2016/10.1021__acssynbio.5b00172/publisher/paper.pdf,True,7,1,7,6,6,0,True,1 2 3 4 5 6,,True,
doi:10.1021/acssynbio.5b00174,10.1021/acssynbio.5b00174,2016,data/papers/2016/10.1021__acssynbio.5b00174/publisher/paper.pdf,True,10,1,10,6,6,0,True,1 2 3 4 5 6,,True,
doi:10.1021/acssynbio.5b00176,10.1021/acssynbio.5b00176,2016,data/papers/2016/10.1021__acssynbio.5b00176/publisher/paper.pdf,True,13,1,13,7,7,0,True,1 2 3 4 5 6 7,,True,
doi:10.1021/acssynbio.5b00179,10.1021/acssynbio.5b00179,2016,data/papers/2016/10.1021__acssynbio.5b00179/paper.pdf,True,12,1,12,7,7,0,True,1 2 3 4 5 6 7,,True,
doi:10.1021/acssynbio.5b00180,10.1021/acssynbio.5b00180,2016,data/papers/2016/10.1021__acssynbio.5b00180/publisher/paper.pdf,True,8,1,8,5,5,0,True,1 2 3 4 5,,True,
doi:10.1021/acssynbio.5b00187,10.1021/acssynbio.5b00187,2016,data/papers/2016/10.1021__acssynbio.5b00187/publisher/paper.pdf,True,8,1,8,4,4,0,True,1 2 3 4,,True,
doi:10.1021/acssynbio.5b00191,10.1021/acssynbio.5b00191,2016,data/papers/2016/10.1021__acssynbio.5b00191/publisher/paper.pdf,True,7,1,7,4,4,0,True,1 2 3 4,,True,
doi:10.1021/acssynbio.5b00192,10.1021/acssynbio.5b00192,2016,data/papers/2016/10.1021__acssynbio.5b00192/publisher/paper.pdf,True,9,1,9,4,4,0,True,1 2 3 4,,True,
doi:10.1021/acssynbio.5b00193,10.1021/acssynbio.5b00193,2016,data/papers/2016/10.1021__acssynbio.5b00193/publisher/paper.pdf,True,13,1,13,8,8,0,True,1 2 3 4 5 6 7 8,,True,
doi:10.1021/acssynbio.5b00194,10.1021/acssynbio.5b00194,2016,data/papers/2016/10.1021__acssynbio.5b00194/publisher/paper.pdf,True,8,1,8,8,8,0,True,1 2 3 4 5 6 7 8,,True,
doi:10.1021/acssynbio.5b00196,10.1021/acssynbio.5b00196,2016,data/papers/2016/10.1021__acssynbio.5b00196/publisher/paper.pdf,True,6,1,6,2,2,0,True,1 2,,True,
doi:10.1021/acssynbio.5b00197,10.1021/acssynbio.5b00197,2016,data/papers/2016/10.1021__acssynbio.5b00197/publisher/paper.pdf,True,9,1,9,6,6,0,True,1 2 3 4 5 6,,True,
doi:10.1021/acssynbio.5b00199,10.1021/acssynbio.5b00199,2016,data/papers/2016/10.1021__acssynbio.5b00199/publisher/paper.pdf,True,15,1,15,6,6,0,True,1 2 3 4 5 6,,True,
doi:10.1021/acssynbio.5b00201,10.1021/acssynbio.5b00201,2016,data/papers/2016/10.1021__acssynbio.5b00201/publisher/paper.pdf,True,7,1,7,4,4,0,True,1 2 3 4,,True,
doi:10.1021/acssynbio.5b00202,10.1021/acssynbio.5b00202,2016,data/papers/2016/10.1021__acssynbio.5b00202/publisher/paper.pdf,True,9,1,9,5,5,0,True,1 2 3 4 5,,True,
doi:10.1021/acssynbio.5b00205,10.1021/acssynbio.5b00205,2016,data/papers/2016/10.1021__acssynbio.5b00205/publisher/paper.pdf,True,9,1,9,4,4,0,True,1 2 3 4,,True,
doi:10.1021/acssynbio.5b00209,10.1021/acssynbio.5b00209,2016,data/papers/2016/10.1021__acssynbio.5b00209/publisher/paper.pdf,True,8,1,8,6,6,0,True,1 2 3 4 5 6,,True,
doi:10.1021/acssynbio.5b00210,10.1021/acssynbio.5b00210,2016,data/papers/2016/10.1021__acssynbio.5b00210/publisher/paper.pdf,True,11,1,11,12,12,0,True,1 2 3 4 5 6 7 8 9 10 11 12,,True,
doi:10.1021/acssynbio.5b00212,10.1021/acssynbio.5b00212,2016,data/papers/2016/10.1021__acssynbio.5b00212/publisher/paper.pdf,True,8,1,8,4,4,0,True,1 2 3 4,,True,
doi:10.1021/acssynbio.5b00213,10.1021/acssynbio.5b00213,2016,data/papers/2016/10.1021__acssynbio.5b00213/paper.pdf,True,7,1,7,4,4,0,True,1 2 3 4,,True,
doi:10.1021/acssynbio.5b00215,10.1021/acssynbio.5b00215,2016,data/papers/2016/10.1021__acssynbio.5b00215/publisher/paper.pdf,True,9,1,9,3,4,-1,False,1 2 3,,True,
doi:10.1021/acssynbio.5b00216,10.1021/acssynbio.5b00216,2016,data/papers/2016/10.1021__acssynbio.5b00216/paper.pdf,True,11,1,11,5,5,0,True,1 2 3 4 5,,True,
doi:10.1021/acssynbio.5b00219,10.1021/acssynbio.5b00219,2016,data/papers/2016/10.1021__acssynbio.5b00219/publisher/paper.pdf,True,7,1,7,3,3,0,True,1 2 3,,True,
doi:10.1021/acssynbio.5b00222,10.1021/acssynbio.5b00222,2016,data/papers/2016/10.1021__acssynbio.5b00222/publisher/paper.pdf,True,10,1,10,5,5,0,True,1 2 3 4 5,,True,
doi:10.1021/acssynbio.5b00223,10.1021/acssynbio.5b00223,2016,data/papers/2016/10.1021__acssynbio.5b00223/publisher/paper.pdf,True,11,1,11,7,7,0,True,1 2 3 4 5 6 7,,True,
doi:10.1021/acssynbio.5b00225,10.1021/acssynbio.5b00225,2016,data/papers/2016/10.1021__acssynbio.5b00225/publisher/paper.pdf,True,10,1,10,4,4,0,True,1 2 3 4,,True,
doi:10.1021/acssynbio.5b00226,10.1021/acssynbio.5b00226,2016,data/papers/2016/10.1021__acssynbio.5b00226/publisher/paper.pdf,True,8,1,8,5,5,0,True,1 2 3 4 5,,True,
doi:10.1021/acssynbio.5b00228,10.1021/acssynbio.5b00228,2016,data/papers/2016/10.1021__acssynbio.5b00228/publisher/paper.pdf,True,10,1,10,6,6,0,True,1 2 3 4 5 6,,True,
doi:10.1021/acssynbio.5b00229,10.1021/acssynbio.5b00229,2016,data/papers/2016/10.1021__acssynbio.5b00229/paper.pdf,True,7,1,7,4,4,0,True,1 2 3 4,,True,
doi:10.1021/acssynbio.5b00230,10.1021/acssynbio.5b00230,2016,data/papers/2016/10.1021__acssynbio.5b00230/publisher/paper.pdf,True,10,1,10,6,6,0,True,1 2 3 4 5 6,,True,
doi:10.1021/acssynbio.5b00232,10.1021/acssynbio.5b00232,2016,data/papers/2016/10.1021__acssynbio.5b00232/publisher/paper.pdf,True,11,1,11,5,5,0,True,1 2 3 4 5,,True,
doi:10.1021/acssynbio.5b00236,10.1021/acssynbio.5b00236,2016,data/papers/2016/10.1021__acssynbio.5b00236/publisher/paper.pdf,True,8,1,8,4,4,0,True,1 2 3 4,,True,
doi:10.1021/acssynbio.5b00237,10.1021/acssynbio.5b00237,2016,data/papers/2016/10.1021__acssynbio.5b00237/publisher/paper.pdf,True,9,1,9,5,5,0,True,1 2 3 4 5,,True,
doi:10.1021/acssynbio.5b00240,10.1021/acssynbio.5b00240,2016,data/papers/2016/10.1021__acssynbio.5b00240/publisher/paper.pdf,True,10,1,10,5,5,0,True,1 2 3 4 5,,True,
doi:10.1021/acssynbio.5b00242,10.1021/acssynbio.5b00242,2016,data/papers/2016/10.1021__acssynbio.5b00242/publisher/paper.pdf,True,7,1,7,8,8,0,True,1 2 3 4 5 6 7 8,,True,
doi:10.1021/acssynbio.5b00243,10.1021/acssynbio.5b00243,2016,data/papers/2016/10.1021__acssynbio.5b00243/publisher/paper.pdf,True,15,1,15,11,11,0,True,1 2 3 4 5 6 7 8 9 10 11,,True,
doi:10.1021/acssynbio.5b00244,10.1021/acssynbio.5b00244,2016,data/papers/2016/10.1021__acssynbio.5b00244/publisher/paper.pdf,True,3,1,3,2,2,0,True,1 2,,True,
doi:10.1021/acssynbio.5b00246,10.1021/acssynbio.5b00246,2016,data/papers/2016/10.1021__acssynbio.5b00246/publisher/paper.pdf,True,20,1,20,12,12,0,True,1 2 3 4 5 6 7 8 9 10 11 12,,True,
doi:10.1021/acssynbio.5b00249,10.1021/acssynbio.5b00249,2016,data/papers/2016/10.1021__acssynbio.5b00249/publisher/paper.pdf,True,9,1,9,4,4,0,True,1 2 3 4,,True,
doi:10.1021/acssynbio.5b00250,10.1021/acssynbio.5b00250,2016,data/papers/2016/10.1021__acssynbio.5b00250/publisher/paper.pdf,True,9,1,9,5,5,0,True,1 2 3 4 5,,True,
doi:10.1021/acssynbio.5b00252,10.1021/acssynbio.5b00252,2016,data/papers/2016/10.1021__acssynbio.5b00252/publisher/paper.pdf,True,12,1,12,7,7,0,True,1 2 3 4 5 6 7,,True,
doi:10.1021/acssynbio.5b00253,10.1021/acssynbio.5b00253,2016,data/papers/2016/10.1021__acssynbio.5b00253/publisher/paper.pdf,True,11,1,11,7,7,0,True,1 2 3 4 5 6 7,,True,
doi:10.1021/acssynbio.5b00254,10.1021/acssynbio.5b00254,2016,data/papers/2016/10.1021__acssynbio.5b00254/publisher/paper.pdf,True,8,1,8,5,5,0,True,1 2 3 4 5,,True,
doi:10.1021/acssynbio.5b00257,10.1021/acssynbio.5b00257,2016,data/papers/2016/10.1021__acssynbio.5b00257/publisher/paper.pdf,True,5,1,5,2,2,0,True,1 2,,True,
doi:10.1021/acssynbio.5b00259,10.1021/acssynbio.5b00259,2016,data/papers/2016/10.1021__acssynbio.5b00259/publisher/paper.pdf,True,9,1,9,5,5,0,True,1 2 3 4 5,,True,
doi:10.1021/acssynbio.5b00261,10.1021/acssynbio.5b00261,2016,data/papers/2016/10.1021__acssynbio.5b00261/publisher/paper.pdf,True,6,1,6,3,4,-1,False,1 2 3,,True,
doi:10.1021/acssynbio.5b00264,10.1021/acssynbio.5b00264,2016,data/papers/2016/10.1021__acssynbio.5b00264/publisher/paper.pdf,True,6,1,6,4,4,0,True,1 2 3 4,,True,
doi:10.1021/acssynbio.5b00266,10.1021/acssynbio.5b00266,2016,data/papers/2016/10.1021__acssynbio.5b00266/publisher/paper.pdf,True,10,1,10,7,7,0,True,1 2 3 4 5 6 7,,True,
doi:10.1021/acssynbio.5b00267,10.1021/acssynbio.5b00267,2016,data/papers/2016/10.1021__acssynbio.5b00267/publisher/paper.pdf,True,5,1,5,4,4,0,True,1 2 3 4,,True,
doi:10.1021/acssynbio.5b00274,10.1021/acssynbio.5b00274,2016,data/papers/2016/10.1021__acssynbio.5b00274/publisher/paper.pdf,True,10,1,10,5,5,0,True,1 2 3 4 5,,True,
doi:10.1021/acssynbio.5b00275,10.1021/acssynbio.5b00275,2016,data/papers/2016/10.1021__acssynbio.5b00275/publisher/paper.pdf,True,7,1,7,9,9,0,True,1 2 3 4 5 6 7 8 9,,True,
doi:10.1021/acssynbio.5b00276,10.1021/acssynbio.5b00276,2016,data/papers/2016/10.1021__acssynbio.5b00276/publisher/paper.pdf,True,7,1,7,5,5,0,True,1 2 3 4 5,,True,
doi:10.1021/acssynbio.5b00279,10.1021/acssynbio.5b00279,2016,data/papers/2016/10.1021__acssynbio.5b00279/publisher/paper.pdf,True,10,1,10,5,5,0,True,1 2 3 4 5,,True,
doi:10.1021/acssynbio.5b00284,10.1021/acssynbio.5b00284,2016,data/papers/2016/10.1021__acssynbio.5b00284/publisher/paper.pdf,True,7,1,7,2,2,0,True,1 2,,True,
doi:10.1021/acssynbio.5b00286,10.1021/acssynbio.5b00286,2016,data/papers/2016/10.1021__acssynbio.5b00286/publisher/paper.pdf,True,9,1,9,6,6,0,True,1 2 3 4 5 6,,True,
doi:10.1021/acssynbio.5b00287,10.1021/acssynbio.5b00287,2016,data/papers/2016/10.1021__acssynbio.5b00287/publisher/paper.pdf,True,8,1,8,4,4,0,True,1 2 3 4,,True,
doi:10.1021/acssynbio.5b00289,10.1021/acssynbio.5b00289,2016,data/papers/2016/10.1021__acssynbio.5b00289/publisher/paper.pdf,True,10,1,10,6,6,0,True,1 2 3 4 5 6,,True,
doi:10.1021/acssynbio.5b00291,10.1021/acssynbio.5b00291,2016,data/papers/2016/10.1021__acssynbio.5b00291/publisher/paper.pdf,True,8,1,8,3,3,0,True,1 2 3,,True,
doi:10.1021/acssynbio.5b00294,10.1021/acssynbio.5b00294,2016,data/papers/2016/10.1021__acssynbio.5b00294/publisher/paper.pdf,True,11,1,11,8,8,0,True,1 2 3 4 5 6 7 8,,True,
doi:10.1021/acssynbio.5b00295,10.1021/acssynbio.5b00295,2016,data/papers/2016/10.1021__acssynbio.5b00295/publisher/paper.pdf,True,12,1,12,11,11,0,True,1 2 3 4 5 6 7 8 9 10 11,,True,
doi:10.1021/acssynbio.5b00296,10.1021/acssynbio.5b00296,2016,data/papers/2016/10.1021__acssynbio.5b00296/publisher/paper.pdf,True,12,1,12,7,7,0,True,1 2 3 4 5 6 7,,True,
doi:10.1021/acssynbio.5b00297,10.1021/acssynbio.5b00297,2016,data/papers/2016/10.1021__acssynbio.5b00297/publisher/paper.pdf,True,15,1,15,3,3,0,True,1 2 3,,True,
doi:10.1021/acssynbio.5b00298,10.1021/acssynbio.5b00298,2016,data/papers/2016/10.1021__acssynbio.5b00298/publisher/paper.pdf,True,6,1,6,3,3,0,True,1 2 3,,True,
doi:10.1021/acssynbio.5b00303,10.1021/acssynbio.5b00303,2016,data/papers/2016/10.1021__acssynbio.5b00303/publisher/paper.pdf,True,9,1,9,5,5,0,True,1 2 3 4 5,,True,
doi:10.1021/acssynbio.5b00305,10.1021/acssynbio.5b00305,2016,data/papers/2016/10.1021__acssynbio.5b00305/publisher/paper.pdf,True,11,1,11,6,6,0,True,1 2 3 4 5 6,,True,
doi:10.1021/acssynbio.6b00002,10.1021/acssynbio.6b00002,2016,data/papers/2016/10.1021__acssynbio.6b00002/publisher/paper.pdf,True,12,1,12,4,4,0,True,1 2 3 4,,True,
doi:10.1021/acssynbio.6b00007,10.1021/acssynbio.6b00007,2016,data/papers/2016/10.1021__acssynbio.6b00007/publisher/paper.pdf,True,8,1,8,6,6,0,True,1 2 3 4 5 6,,True,
doi:10.1021/acssynbio.6b00009,10.1021/acssynbio.6b00009,2016,data/papers/2016/10.1021__acssynbio.6b00009/publisher/paper.pdf,True,13,1,13,9,9,0,True,1 2 3 4 5 6 7 8 9,,True,
doi:10.1021/acssynbio.6b00010,10.1021/acssynbio.6b00010,2016,data/papers/2016/10.1021__acssynbio.6b00010/publisher/paper.pdf,True,8,1,8,6,6,0,True,1 2 3 4 5 6,,True,
doi:10.1021/acssynbio.6b00011,10.1021/acssynbio.6b00011,2016,data/papers/2016/10.1021__acssynbio.6b00011/publisher/paper.pdf,True,8,1,8,7,7,0,True,1 2 3 4 5 6 7,,True,
doi:10.1021/acssynbio.6b00013,10.1021/acssynbio.6b00013,2016,data/papers/2016/10.1021__acssynbio.6b00013/publisher/paper.pdf,True,10,1,10,4,4,0,True,1 2 3 4,,True,
doi:10.1021/acssynbio.6b00014,10.1021/acssynbio.6b00014,2016,data/papers/2016/10.1021__acssynbio.6b00014/publisher/paper.pdf,True,9,1,9,6,6,0,True,1 2 3 4 5 6,,True,
doi:10.1021/acssynbio.6b00017,10.1021/acssynbio.6b00017,2016,data/papers/2016/10.1021__acssynbio.6b00017/publisher/paper.pdf,True,7,1,7,4,4,0,True,1 2 3 4,,True,
doi:10.1021/acssynbio.6b00019,10.1021/acssynbio.6b00019,2016,data/papers/2016/10.1021__acssynbio.6b00019/publisher/paper.pdf,True,9,1,9,5,5,0,True,1 2 3 4 5,,True,
doi:10.1021/acssynbio.6b00025,10.1021/acssynbio.6b00025,2016,data/papers/2016/10.1021__acssynbio.6b00025/publisher/paper.pdf,True,9,1,9,7,7,0,True,1 2 3 4 5 6 7,,True,
doi:10.1021/acssynbio.6b00026,10.1021/acssynbio.6b00026,2016,data/papers/2016/10.1021__acssynbio.6b00026/publisher/paper.pdf,True,3,1,3,2,2,0,True,1 2,,True,
doi:10.1021/acssynbio.6b00027,10.1021/acssynbio.6b00027,2016,data/papers/2016/10.1021__acssynbio.6b00027/publisher/paper.pdf,True,12,1,12,7,7,0,True,1 2 3 4 5 6 7,,True,
doi:10.1021/acssynbio.6b00028,10.1021/acssynbio.6b00028,2016,data/papers/2016/10.1021__acssynbio.6b00028/publisher/paper.pdf,True,10,1,10,6,6,0,True,1 2 3 4 5 6,,True,
doi:10.1021/acssynbio.6b00029,10.1021/acssynbio.6b00029,2016,data/papers/2016/10.1021__acssynbio.6b00029/publisher/paper.pdf,True,9,1,9,6,6,0,True,1 2 3 4 5 6,,True,
doi:10.1021/acssynbio.6b00030,10.1021/acssynbio.6b00030,2016,data/papers/2016/10.1021__acssynbio.6b00030/publisher/paper.pdf,True,10,1,10,8,8,0,True,1 2 3 4 5 6 7 8,,True,
doi:10.1021/acssynbio.6b00031,10.1021/acssynbio.6b00031,2016,data/papers/2016/10.1021__acssynbio.6b00031/publisher/paper.pdf,True,11,1,11,5,5,0,True,1 2 3 4 5,,True,
doi:10.1021/acssynbio.6b00032,10.1021/acssynbio.6b00032,2016,data/papers/2016/10.1021__acssynbio.6b00032/publisher/paper.pdf,True,6,1,6,4,4,0,True,1 2 3 4,,True,
doi:10.1021/acssynbio.6b00033,10.1021/acssynbio.6b00033,2016,data/papers/2016/10.1021__acssynbio.6b00033/publisher/paper.pdf,True,9,1,9,4,4,0,True,1 2 3 4,,True,
doi:10.1021/acssynbio.6b00034,10.1021/acssynbio.6b00034,2016,data/papers/2016/10.1021__acssynbio.6b00034/publisher/paper.pdf,True,7,1,7,4,4,0,True,1 2 3 4,,True,
doi:10.1021/acssynbio.6b00036,10.1021/acssynbio.6b00036,2016,data/papers/2016/10.1021__acssynbio.6b00036/publisher/paper.pdf,True,14,1,14,6,6,0,True,1 2 3 4 5 6,,True,
doi:10.1021/acssynbio.6b00037,10.1021/acssynbio.6b00037,2016,data/papers/2016/10.1021__acssynbio.6b00037/publisher/paper.pdf,True,6,1,6,4,4,0,True,1 2 3 4,,True,
doi:10.1021/acssynbio.6b00038,10.1021/acssynbio.6b00038,2016,data/papers/2016/10.1021__acssynbio.6b00038/publisher/paper.pdf,True,11,1,11,4,4,0,True,1 2 3 4,,True,
doi:10.1021/acssynbio.6b00040,10.1021/acssynbio.6b00040,2016,data/papers/2016/10.1021__acssynbio.6b00040/publisher/paper.pdf,True,11,1,11,3,3,0,True,1 2 3,,True,
doi:10.1021/acssynbio.6b00044,10.1021/acssynbio.6b00044,2016,data/papers/2016/10.1021__acssynbio.6b00044/publisher/paper.pdf,True,7,1,7,4,4,0,True,1 2 3 4,,True,
doi:10.1021/acssynbio.6b00052,10.1021/acssynbio.6b00052,2016,data/papers/2016/10.1021__acssynbio.6b00052/publisher/paper.pdf,True,9,1,9,6,6,0,True,1 2 3 4 5 6,,True,
doi:10.1021/acssynbio.6b00053,10.1021/acssynbio.6b00053,2016,data/papers/2016/10.1021__acssynbio.6b00053/publisher/paper.pdf,True,13,1,13,8,8,0,True,1 2 3 4 5 6 7 8,,True,
doi:10.1021/acssynbio.6b00054,10.1021/acssynbio.6b00054,2016,data/papers/2016/10.1021__acssynbio.6b00054/publisher/paper.pdf,True,12,1,12,10,10,0,True,1 2 3 4 5 6 7 8 9 10,,True,
doi:10.1021/acssynbio.6b00056,10.1021/acssynbio.6b00056,2016,data/papers/2016/10.1021__acssynbio.6b00056/publisher/paper.pdf,True,7,1,7,3,3,0,True,1 2 3,,True,
doi:10.1021/acssynbio.6b00057,10.1021/acssynbio.6b00057,2016,data/papers/2016/10.1021__acssynbio.6b00057/publisher/paper.pdf,True,5,1,5,2,2,0,True,1 2,,True,
doi:10.1021/acssynbio.6b00060,10.1021/acssynbio.6b00060,2016,data/papers/2016/10.1021__acssynbio.6b00060/publisher/paper.pdf,True,12,1,12,5,5,0,True,1 2 3 4 5,,True,
doi:10.1021/acssynbio.6b00061,10.1021/acssynbio.6b00061,2016,data/papers/2016/10.1021__acssynbio.6b00061/publisher/paper.pdf,True,9,1,9,6,6,0,True,1 2 3 4 5 6,,True,
doi:10.1021/acssynbio.6b00064,10.1021/acssynbio.6b00064,2016,data/papers/2016/10.1021__acssynbio.6b00064/publisher/paper.pdf,True,10,1,10,6,6,0,True,1 2 3 4 5 6,,True,
doi:10.1021/acssynbio.6b00065,10.1021/acssynbio.6b00065,2016,data/papers/2016/10.1021__acssynbio.6b00065/publisher/paper.pdf,True,6,1,6,6,6,0,True,1 2 3 4 5 6,,True,
doi:10.1021/acssynbio.6b00068,10.1021/acssynbio.6b00068,2016,data/papers/2016/10.1021__acssynbio.6b00068/publisher/paper.pdf,True,8,1,8,5,5,0,True,1 2 3 4 5,,True,
doi:10.1021/acssynbio.6b00069,10.1021/acssynbio.6b00069,2016,data/papers/2016/10.1021__acssynbio.6b00069/publisher/paper.pdf,True,7,1,7,3,3,0,True,1 2 3,,True,
doi:10.1021/acssynbio.6b00072,10.1021/acssynbio.6b00072,2016,data/papers/2016/10.1021__acssynbio.6b00072/publisher/paper.pdf,True,4,1,4,2,2,0,True,1 2,,True,
doi:10.1021/acssynbio.6b00074,10.1021/acssynbio.6b00074,2016,data/papers/2016/10.1021__acssynbio.6b00074/publisher/paper.pdf,True,10,1,10,2,2,0,True,1 2,,True,
doi:10.1021/acssynbio.6b00075,10.1021/acssynbio.6b00075,2016,data/papers/2016/10.1021__acssynbio.6b00075/publisher/paper.pdf,True,11,1,11,5,5,0,True,1 2 3 4 5,,True,
doi:10.1021/acssynbio.6b00078,10.1021/acssynbio.6b00078,2016,data/papers/2016/10.1021__acssynbio.6b00078/publisher/paper.pdf,True,5,1,5,2,2,0,True,1 2,,True,
doi:10.1021/acssynbio.6b00079,10.1021/acssynbio.6b00079,2016,data/papers/2016/10.1021__acssynbio.6b00079/publisher/paper.pdf,True,9,1,9,5,5,0,True,1 2 3 4 5,,True,
doi:10.1021/acssynbio.6b00080,10.1021/acssynbio.6b00080,2016,data/papers/2016/10.1021__acssynbio.6b00080/publisher/paper.pdf,True,9,1,9,5,5,0,True,1 2 3 4 5,,True,
doi:10.1021/acssynbio.6b00081,10.1021/acssynbio.6b00081,2016,data/papers/2016/10.1021__acssynbio.6b00081/publisher/paper.pdf,True,13,1,13,4,4,0,True,1 2 3 4,,True,
doi:10.1021/acssynbio.6b00082,10.1021/acssynbio.6b00082,2016,data/papers/2016/10.1021__acssynbio.6b00082/publisher/paper.pdf,True,11,1,11,6,6,0,True,1 2 3 4 5 6,,True,
doi:10.1021/acssynbio.6b00083,10.1021/acssynbio.6b00083,2016,data/papers/2016/10.1021__acssynbio.6b00083/publisher/paper.pdf,True,10,1,10,5,5,0,True,1 2 3 4 5,,True,
doi:10.1021/acssynbio.6b00085,10.1021/acssynbio.6b00085,2016,data/papers/2016/10.1021__acssynbio.6b00085/publisher/paper.pdf,True,9,1,9,5,5,0,True,1 2 3 4 5,,True,
doi:10.1021/acssynbio.6b00087,10.1021/acssynbio.6b00087,2016,data/papers/2016/10.1021__acssynbio.6b00087/publisher/paper.pdf,True,9,1,9,6,6,0,True,1 2 3 4 5 6,,True,
doi:10.1021/acssynbio.6b00089,10.1021/acssynbio.6b00089,2016,data/papers/2016/10.1021__acssynbio.6b00089/publisher/paper.pdf,True,7,1,7,4,4,0,True,1 2 3 4,,True,
doi:10.1021/acssynbio.6b00097,10.1021/acssynbio.6b00097,2016,data/papers/2016/10.1021__acssynbio.6b00097/publisher/paper.pdf,True,10,1,10,8,8,0,True,1 2 3 4 5 6 7 8,,True,
doi:10.1021/acssynbio.6b00100,10.1021/acssynbio.6b00100,2016,data/papers/2016/10.1021__acssynbio.6b00100/publisher/paper.pdf,True,7,1,7,3,3,0,True,1 2 3,,True,
doi:10.1021/acssynbio.6b00104,10.1021/acssynbio.6b00104,2016,data/papers/2016/10.1021__acssynbio.6b00104/publisher/paper.pdf,True,7,1,7,3,3,0,True,1 2 3,,True,
doi:10.1021/acssynbio.6b00105,10.1021/acssynbio.6b00105,2016,data/papers/2016/10.1021__acssynbio.6b00105/publisher/paper.pdf,True,11,1,11,7,7,0,True,1 2 3 4 5 6 7,,True,
doi:10.1021/acssynbio.6b00107,10.1021/acssynbio.6b00107,2016,data/papers/2016/10.1021__acssynbio.6b00107/publisher/paper.pdf,True,7,1,7,5,5,0,True,1 2 3 4 5,,True,
doi:10.1021/acssynbio.6b00114,10.1021/acssynbio.6b00114,2016,data/papers/2016/10.1021__acssynbio.6b00114/publisher/paper.pdf,True,6,1,6,4,4,0,True,1 2 3 4,,True,
doi:10.1021/acssynbio.6b00115,10.1021/acssynbio.6b00115,2016,data/papers/2016/10.1021__acssynbio.6b00115/publisher/paper.pdf,True,12,1,12,4,4,0,True,1 2 3 4,,True,
doi:10.1021/acssynbio.6b00116,10.1021/acssynbio.6b00116,2016,data/papers/2016/10.1021__acssynbio.6b00116/publisher/paper.pdf,True,7,1,7,4,5,-1,False,1 2 3 4,,True,
doi:10.1021/acssynbio.6b00117,10.1021/acssynbio.6b00117,2016,data/papers/2016/10.1021__acssynbio.6b00117/publisher/paper.pdf,True,8,1,8,6,6,0,True,1 2 3 4 5 6,,True,
doi:10.1021/acssynbio.6b00119,10.1021/acssynbio.6b00119,2016,data/papers/2016/10.1021__acssynbio.6b00119/publisher/paper.pdf,True,14,1,14,7,7,0,True,1 2 3 4 5 6 7,,True,
doi:10.1021/acssynbio.6b00120,10.1021/acssynbio.6b00120,2016,data/papers/2016/10.1021__acssynbio.6b00120/publisher/paper.pdf,True,7,1,7,5,5,0,True,1 2 3 4 5,,True,
doi:10.1021/acssynbio.6b00121,10.1021/acssynbio.6b00121,2016,data/papers/2016/10.1021__acssynbio.6b00121/publisher/paper.pdf,True,16,1,16,6,6,0,True,1 2 3 4 5 6,,True,
doi:10.1021/acssynbio.6b00123,10.1021/acssynbio.6b00123,2016,data/papers/2016/10.1021__acssynbio.6b00123/publisher/paper.pdf,True,11,1,11,6,6,0,True,1 2 3 4 5 6,,True,
doi:10.1021/acssynbio.6b00135,10.1021/acssynbio.6b00135,2016,data/papers/2016/10.1021__acssynbio.6b00135/publisher/paper.pdf,True,11,1,11,6,6,0,True,1 2 3 4 5 6,,True,
doi:10.1021/acssynbio.6b00140,10.1021/acssynbio.6b00140,2016,data/papers/2016/10.1021__acssynbio.6b00140/publisher/paper.pdf,True,10,1,10,7,7,0,True,1 2 3 4 5 6 7,,True,
doi:10.1021/acssynbio.6b00141,10.1021/acssynbio.6b00141,2016,data/papers/2016/10.1021__acssynbio.6b00141/publisher/paper.pdf,True,8,1,8,5,5,0,True,1 2 3 4 5,,True,
doi:10.1021/acssynbio.6b00143,10.1021/acssynbio.6b00143,2016,data/papers/2016/10.1021__acssynbio.6b00143/publisher/paper.pdf,True,9,1,9,7,7,0,True,1 2 3 4 5 6 7,,True,
doi:10.1021/acssynbio.6b00144,10.1021/acssynbio.6b00144,2016,data/papers/2016/10.1021__acssynbio.6b00144/publisher/paper.pdf,True,15,1,15,29,29,0,True,1 2 3 4 5 6 7 8 9 10 11 12 13 14 15 16 17 18 19 20 21 22 23 24 25 26 27 28 29,,True,
doi:10.1021/acssynbio.6b00146,10.1021/acssynbio.6b00146,2016,data/papers/2016/10.1021__acssynbio.6b00146/publisher/paper.pdf,True,3,1,3,1,1,0,True,1,,True,
doi:10.1021/acssynbio.6b00148,10.1021/acssynbio.6b00148,2016,data/papers/2016/10.1021__acssynbio.6b00148/publisher/paper.pdf,True,8,1,8,5,5,0,True,1 2 3 4 5,,True,
doi:10.1021/acssynbio.6b00150,10.1021/acssynbio.6b00150,2016,data/papers/2016/10.1021__acssynbio.6b00150/publisher/paper.pdf,True,12,1,12,10,10,0,True,1 2 3 4 5 6 7 8 9 10,,True,
doi:10.1021/acssynbio.6b00154,10.1021/acssynbio.6b00154,2016,data/papers/2016/10.1021__acssynbio.6b00154/publisher/paper.pdf,True,11,1,11,6,6,0,True,1 2 3 4 5 6,,True,
doi:10.1021/acssynbio.6b00194,10.1021/acssynbio.6b00194,2016,data/papers/2016/10.1021__acssynbio.6b00194/publisher/paper.pdf,True,6,1,6,3,3,0,True,1 2 3,,True,
doi:10.1021/acssynbio.6b00213,10.1021/acssynbio.6b00213,2016,data/papers/2016/10.1021__acssynbio.6b00213/publisher/paper.pdf,True,2,1,2,0,0,0,True,,,True,
doi:10.1021/acssynbio.6b00227,10.1021/acssynbio.6b00227,2016,data/papers/2016/10.1021__acssynbio.6b00227/publisher/paper.pdf,True,3,1,3,0,0,0,True,,,True,
doi:10.1021/acssynbio.6b00256,10.1021/acssynbio.6b00256,2016,data/papers/2016/10.1021__acssynbio.6b00256/publisher/paper.pdf,True,3,1,3,1,1,0,True,1,,True,
doi:10.1021/acssynbio.5b00163,10.1021/acssynbio.5b00163,2017,data/papers/2017/10.1021__acssynbio.5b00163/publisher/paper.pdf,True,8,1,8,5,5,0,True,1 2 3 4 5,,True,
doi:10.1021/acssynbio.5b00217,10.1021/acssynbio.5b00217,2017,data/papers/2017/10.1021__acssynbio.5b00217/publisher/paper.pdf,True,9,1,9,5,5,0,True,1 2 3 4 5,,True,
doi:10.1021/acssynbio.5b00231,10.1021/acssynbio.5b00231,2017,data/papers/2017/10.1021__acssynbio.5b00231/paper.pdf,True,10,1,10,6,6,0,True,1 2 3 4 5 6,,True,
doi:10.1021/acssynbio.5b00299,10.1021/acssynbio.5b00299,2017,data/papers/2017/10.1021__acssynbio.5b00299/publisher/paper.pdf,True,11,1,11,6,6,0,True,1 2 3 4 5 6,,True,
doi:10.1021/acssynbio.6b00048,10.1021/acssynbio.6b00048,2017,data/papers/2017/10.1021__acssynbio.6b00048/publisher/paper.pdf,True,7,1,7,4,4,0,True,1 2 3 4,,True,
doi:10.1021/acssynbio.6b00050,10.1021/acssynbio.6b00050,2017,data/papers/2017/10.1021__acssynbio.6b00050/publisher/paper.pdf,True,14,1,14,6,6,0,True,1 2 3 4 5 6,,True,
doi:10.1021/acssynbio.6b00092,10.1021/acssynbio.6b00092,2017,data/papers/2017/10.1021__acssynbio.6b00092/publisher/paper.pdf,True,6,1,6,4,4,0,True,1 2 3 4,,True,
doi:10.1021/acssynbio.6b00108,10.1021/acssynbio.6b00108,2017,data/papers/2017/10.1021__acssynbio.6b00108/publisher/paper.pdf,True,5,1,5,3,3,0,True,1 2 3,,True,
doi:10.1021/acssynbio.6b00109,10.1021/acssynbio.6b00109,2017,data/papers/2017/10.1021__acssynbio.6b00109/publisher/paper.pdf,True,10,1,10,5,5,0,True,1 2 3 4 5,,True,
doi:10.1021/acssynbio.6b00122,10.1021/acssynbio.6b00122,2017,data/papers/2017/10.1021__acssynbio.6b00122/publisher/paper.pdf,True,9,1,9,5,5,0,True,1 2 3 4 5,,True,
doi:10.1021/acssynbio.6b00125,10.1021/acssynbio.6b00125,2017,data/papers/2017/10.1021__acssynbio.6b00125/publisher/paper.pdf,True,10,1,10,8,8,0,True,1 2 3 4 5 6 7 8,,True,
doi:10.1021/acssynbio.6b00132,10.1021/acssynbio.6b00132,2017,data/papers/2017/10.1021__acssynbio.6b00132/publisher/paper.pdf,True,10,1,10,6,6,0,True,1 2 3 4 5 6,,True,
doi:10.1021/acssynbio.6b00134,10.1021/acssynbio.6b00134,2017,data/papers/2017/10.1021__acssynbio.6b00134/publisher/paper.pdf,True,8,1,8,4,4,0,True,1 2 3 4,,True,
doi:10.1021/acssynbio.6b00136,10.1021/acssynbio.6b00136,2017,data/papers/2017/10.1021__acssynbio.6b00136/publisher/paper.pdf,True,7,1,7,3,3,0,True,1 2 3,,True,
doi:10.1021/acssynbio.6b00138,10.1021/acssynbio.6b00138,2017,data/papers/2017/10.1021__acssynbio.6b00138/publisher/paper.pdf,True,23,1,23,8,8,0,True,1 2 3 4 5 6 7 8,,True,
doi:10.1021/acssynbio.6b00142,10.1021/acssynbio.6b00142,2017,data/papers/2017/10.1021__acssynbio.6b00142/publisher/paper.pdf,True,9,1,9,5,5,0,True,1 2 3 4 5,,True,
doi:10.1021/acssynbio.6b00145,10.1021/acssynbio.6b00145,2017,data/papers/2017/10.1021__acssynbio.6b00145/publisher/paper.pdf,True,12,1,12,6,6,0,True,1 2 3 4 5 6,,True,
doi:10.1021/acssynbio.6b00149,10.1021/acssynbio.6b00149,2017,data/papers/2017/10.1021__acssynbio.6b00149/publisher/paper.pdf,True,10,1,10,7,7,0,True,1 2 3 4 5 6 7,,True,
doi:10.1021/acssynbio.6b00157,10.1021/acssynbio.6b00157,2017,data/papers/2017/10.1021__acssynbio.6b00157/publisher/paper.pdf,True,8,1,8,6,6,0,True,1 2 3 4 5 6,,True,
doi:10.1021/acssynbio.6b00159,10.1021/acssynbio.6b00159,2017,data/papers/2017/10.1021__acssynbio.6b00159/publisher/paper.pdf,True,10,1,10,6,6,0,True,1 2 3 4 5 6,,True,
doi:10.1021/acssynbio.6b00160,10.1021/acssynbio.6b00160,2017,data/papers/2017/10.1021__acssynbio.6b00160/publisher/paper.pdf,True,6,1,6,4,4,0,True,1 2 3 4,,True,
doi:10.1021/acssynbio.6b00165,10.1021/acssynbio.6b00165,2017,data/papers/2017/10.1021__acssynbio.6b00165/publisher/paper.pdf,True,9,1,9,6,6,0,True,1 2 3 4 5 6,,True,
doi:10.1021/acssynbio.6b00166,10.1021/acssynbio.6b00166,2017,data/papers/2017/10.1021__acssynbio.6b00166/publisher/paper.pdf,True,10,1,10,5,5,0,True,1 2 3 4 5,,True,
doi:10.1021/acssynbio.6b00167,10.1021/acssynbio.6b00167,2017,data/papers/2017/10.1021__acssynbio.6b00167/publisher/paper.pdf,True,8,1,8,5,5,0,True,1 2 3 4 5,,True,
doi:10.1021/acssynbio.6b00170,10.1021/acssynbio.6b00170,2017,data/papers/2017/10.1021__acssynbio.6b00170/publisher/paper.pdf,True,4,1,4,4,4,0,True,1 2 3 4,,True,
doi:10.1021/acssynbio.6b00174,10.1021/acssynbio.6b00174,2017,data/papers/2017/10.1021__acssynbio.6b00174/publisher/paper.pdf,True,17,1,17,8,8,0,True,1 2 3 4 5 6 7 8,,True,
doi:10.1021/acssynbio.6b00176,10.1021/acssynbio.6b00176,2017,data/papers/2017/10.1021__acssynbio.6b00176/publisher/paper.pdf,True,9,1,9,5,5,0,True,1 2 3 4 5,,True,
doi:10.1021/acssynbio.6b00177,10.1021/acssynbio.6b00177,2017,data/papers/2017/10.1021__acssynbio.6b00177/publisher/paper.pdf,True,8,1,8,6,6,0,True,1 2 3 4 5 6,,True,
doi:10.1021/acssynbio.6b00178,10.1021/acssynbio.6b00178,2017,data/papers/2017/10.1021__acssynbio.6b00178/paper.pdf,True,14,1,14,5,5,0,True,1 2 3 4 5,,True,
doi:10.1021/acssynbio.6b00180,10.1021/acssynbio.6b00180,2017,data/papers/2017/10.1021__acssynbio.6b00180/publisher/paper.pdf,True,10,1,10,5,5,0,True,1 2 3 4 5,,True,
doi:10.1021/acssynbio.6b00184,10.1021/acssynbio.6b00184,2017,data/papers/2017/10.1021__acssynbio.6b00184/publisher/paper.pdf,True,15,1,15,5,5,0,True,1 2 3 4 5,,True,
doi:10.1021/acssynbio.6b00187,10.1021/acssynbio.6b00187,2017,data/papers/2017/10.1021__acssynbio.6b00187/publisher/paper.pdf,True,11,1,11,8,8,0,True,1 2 3 4 5 6 7 8,,True,
doi:10.1021/acssynbio.6b00188,10.1021/acssynbio.6b00188,2017,data/papers/2017/10.1021__acssynbio.6b00188/publisher/paper.pdf,True,8,1,8,2,2,0,True,1 2,,True,
doi:10.1021/acssynbio.6b00189,10.1021/acssynbio.6b00189,2017,data/papers/2017/10.1021__acssynbio.6b00189/publisher/paper.pdf,True,10,1,10,5,5,0,True,1 2 3 4 5,,True,
doi:10.1021/acssynbio.6b00191,10.1021/acssynbio.6b00191,2017,data/papers/2017/10.1021__acssynbio.6b00191/publisher/paper.pdf,True,5,1,5,4,4,0,True,1 2 3 4,,True,
doi:10.1021/acssynbio.6b00192,10.1021/acssynbio.6b00192,2017,data/papers/2017/10.1021__acssynbio.6b00192/publisher/paper.pdf,True,10,1,10,5,5,0,True,1 2 3 4 5,,True,
doi:10.1021/acssynbio.6b00193,10.1021/acssynbio.6b00193,2017,data/papers/2017/10.1021__acssynbio.6b00193/publisher/paper.pdf,True,7,1,7,3,3,0,True,1 2 3,,True,
doi:10.1021/acssynbio.6b00198,10.1021/acssynbio.6b00198,2017,data/papers/2017/10.1021__acssynbio.6b00198/publisher/paper.pdf,True,6,1,6,2,2,0,True,1 2,,True,
doi:10.1021/acssynbio.6b00199,10.1021/acssynbio.6b00199,2017,data/papers/2017/10.1021__acssynbio.6b00199/publisher/paper.pdf,True,16,1,16,10,10,0,True,1 2 3 4 5 6 7 8 9 10,,True,
doi:10.1021/acssynbio.6b00200,10.1021/acssynbio.6b00200,2017,data/papers/2017/10.1021__acssynbio.6b00200/publisher/paper.pdf,True,12,1,12,5,5,0,True,1 2 3 4 5,,True,
doi:10.1021/acssynbio.6b00201,10.1021/acssynbio.6b00201,2017,data/papers/2017/10.1021__acssynbio.6b00201/publisher/paper.pdf,True,7,1,7,6,6,0,True,1 2 3 4 5 6,,True,
doi:10.1021/acssynbio.6b00202,10.1021/acssynbio.6b00202,2017,data/papers/2017/10.1021__acssynbio.6b00202/publisher/paper.pdf,True,8,1,8,5,5,0,True,1 2 3 4 5,,True,
doi:10.1021/acssynbio.6b00203,10.1021/acssynbio.6b00203,2017,data/papers/2017/10.1021__acssynbio.6b00203/publisher/paper.pdf,True,7,1,7,4,4,0,True,1 2 3 4,,True,
doi:10.1021/acssynbio.6b00205,10.1021/acssynbio.6b00205,2017,data/papers/2017/10.1021__acssynbio.6b00205/publisher/paper.pdf,True,10,1,10,6,6,0,True,1 2 3 4 5 6,,True,
doi:10.1021/acssynbio.6b00206,10.1021/acssynbio.6b00206,2017,data/papers/2017/10.1021__acssynbio.6b00206/publisher/paper.pdf,True,5,1,5,2,2,0,True,1 2,,True,
doi:10.1021/acssynbio.6b00211,10.1021/acssynbio.6b00211,2017,data/papers/2017/10.1021__acssynbio.6b00211/publisher/paper.pdf,True,5,1,5,5,5,0,True,1 2 3 4 5,,True,
doi:10.1021/acssynbio.6b00215,10.1021/acssynbio.6b00215,2017,data/papers/2017/10.1021__acssynbio.6b00215/publisher/paper.pdf,True,6,1,6,3,3,0,True,1 2 3,,True,
doi:10.1021/acssynbio.6b00219,10.1021/acssynbio.6b00219,2017,data/papers/2017/10.1021__acssynbio.6b00219/pmc/paper.pdf,True,10,1,10,4,4,0,True,1 2 3 4,,True,
doi:10.1021/acssynbio.6b00220,10.1021/acssynbio.6b00220,2017,data/papers/2017/10.1021__acssynbio.6b00220/publisher/paper.pdf,True,11,1,11,6,6,0,True,1 2 3 4 5 6,,True,
doi:10.1021/acssynbio.6b00222,10.1021/acssynbio.6b00222,2017,data/papers/2017/10.1021__acssynbio.6b00222/publisher/paper.pdf,True,7,1,7,4,4,0,True,1 2 3 4,,True,
doi:10.1021/acssynbio.6b00224,10.1021/acssynbio.6b00224,2017,data/papers/2017/10.1021__acssynbio.6b00224/publisher/paper.pdf,True,11,1,11,3,3,0,True,1 2 3,,True,
doi:10.1021/acssynbio.6b00228,10.1021/acssynbio.6b00228,2017,data/papers/2017/10.1021__acssynbio.6b00228/publisher/paper.pdf,True,7,1,7,5,5,0,True,1 2 3 4 5,,True,
doi:10.1021/acssynbio.6b00230,10.1021/acssynbio.6b00230,2017,data/papers/2017/10.1021__acssynbio.6b00230/paper.pdf,True,13,1,13,5,5,0,True,1 2 3 4 5,,True,
doi:10.1021/acssynbio.6b00233,10.1021/acssynbio.6b00233,2017,data/papers/2017/10.1021__acssynbio.6b00233/publisher/paper.pdf,True,13,1,13,7,7,0,True,1 2 3 4 5 6 7,,True,
doi:10.1021/acssynbio.6b00235,10.1021/acssynbio.6b00235,2017,data/papers/2017/10.1021__acssynbio.6b00235/publisher/paper.pdf,True,7,1,7,3,3,0,True,1 2 3,,True,
doi:10.1021/acssynbio.6b00239,10.1021/acssynbio.6b00239,2017,data/papers/2017/10.1021__acssynbio.6b00239/publisher/paper.pdf,True,7,1,7,5,5,0,True,1 2 3 4 5,,True,
doi:10.1021/acssynbio.6b00240,10.1021/acssynbio.6b00240,2017,data/papers/2017/10.1021__acssynbio.6b00240/publisher/paper.pdf,True,9,1,9,6,6,0,True,1 2 3 4 5 6,,True,
doi:10.1021/acssynbio.6b00245,10.1021/acssynbio.6b00245,2017,data/papers/2017/10.1021__acssynbio.6b00245/publisher/paper.pdf,True,10,1,10,4,4,0,True,1 2 3 4,,True,
doi:10.1021/acssynbio.6b00248,10.1021/acssynbio.6b00248,2017,data/papers/2017/10.1021__acssynbio.6b00248/publisher/paper.pdf,True,10,1,10,5,5,0,True,1 2 3 4 5,,True,
doi:10.1021/acssynbio.6b00250,10.1021/acssynbio.6b00250,2017,data/papers/2017/10.1021__acssynbio.6b00250/publisher/paper.pdf,True,10,1,10,4,4,0,True,1 2 3 4,,True,
doi:10.1021/acssynbio.6b00251,10.1021/acssynbio.6b00251,2017,data/papers/2017/10.1021__acssynbio.6b00251/publisher/paper.pdf,True,10,1,10,4,4,0,True,1 2 3 4,,True,
doi:10.1021/acssynbio.6b00252,10.1021/acssynbio.6b00252,2017,data/papers/2017/10.1021__acssynbio.6b00252/publisher/paper.pdf,True,5,1,5,5,5,0,True,1 2 3 4 5,,True,
doi:10.1021/acssynbio.6b00254,10.1021/acssynbio.6b00254,2017,data/papers/2017/10.1021__acssynbio.6b00254/publisher/paper.pdf,True,8,1,8,5,5,0,True,1 2 3 4 5,,True,
doi:10.1021/acssynbio.6b00255,10.1021/acssynbio.6b00255,2017,data/papers/2017/10.1021__acssynbio.6b00255/publisher/paper.pdf,True,7,1,7,5,5,0,True,1 2 3 4 5,,True,
doi:10.1021/acssynbio.6b00257,10.1021/acssynbio.6b00257,2017,data/papers/2017/10.1021__acssynbio.6b00257/publisher/paper.pdf,True,9,1,9,5,5,0,True,1 2 3 4 5,,True,
doi:10.1021/acssynbio.6b00261,10.1021/acssynbio.6b00261,2017,data/papers/2017/10.1021__acssynbio.6b00261/publisher/paper.pdf,True,11,1,11,7,7,0,True,1 2 3 4 5 6 7,,True,
doi:10.1021/acssynbio.6b00262,10.1021/acssynbio.6b00262,2017,data/papers/2017/10.1021__acssynbio.6b00262/publisher/paper.pdf,True,8,1,8,4,4,0,True,1 2 3 4,,True,
doi:10.1021/acssynbio.6b00263,10.1021/acssynbio.6b00263,2017,data/papers/2017/10.1021__acssynbio.6b00263/publisher/paper.pdf,True,11,1,11,6,6,0,True,1 2 3 4 5 6,,True,
doi:10.1021/acssynbio.6b00264,10.1021/acssynbio.6b00264,2017,data/papers/2017/10.1021__acssynbio.6b00264/publisher/paper.pdf,True,16,1,16,6,6,0,True,1 2 3 4 5 6,,True,
doi:10.1021/acssynbio.6b00271,10.1021/acssynbio.6b00271,2017,data/papers/2017/10.1021__acssynbio.6b00271/publisher/paper.pdf,True,10,1,10,8,8,0,True,1 2 3 4 5 6 7 8,,True,
doi:10.1021/acssynbio.6b00273,10.1021/acssynbio.6b00273,2017,data/papers/2017/10.1021__acssynbio.6b00273/publisher/paper.pdf,True,5,1,5,2,2,0,True,1 2,,True,
doi:10.1021/acssynbio.6b00275,10.1021/acssynbio.6b00275,2017,data/papers/2017/10.1021__acssynbio.6b00275/publisher/paper.pdf,True,11,1,11,10,10,0,True,1 2 3 4 5 6 7 8 9 10,,True,
doi:10.1021/acssynbio.6b00277,10.1021/acssynbio.6b00277,2017,data/papers/2017/10.1021__acssynbio.6b00277/publisher/paper.pdf,True,8,1,8,6,6,0,True,1 2 3 4 5 6,,True,
doi:10.1021/acssynbio.6b00278,10.1021/acssynbio.6b00278,2017,data/papers/2017/10.1021__acssynbio.6b00278/publisher/paper.pdf,True,5,1,5,2,2,0,True,1 2,,True,
doi:10.1021/acssynbio.6b00279,10.1021/acssynbio.6b00279,2017,data/papers/2017/10.1021__acssynbio.6b00279/publisher/paper.pdf,True,14,1,14,7,7,0,True,1 2 3 4 5 6 7,,True,
doi:10.1021/acssynbio.6b00281,10.1021/acssynbio.6b00281,2017,data/papers/2017/10.1021__acssynbio.6b00281/publisher/paper.pdf,True,8,1,8,7,7,0,True,1 2 3 4 5 6 7,,True,
doi:10.1021/acssynbio.6b00282,10.1021/acssynbio.6b00282,2017,data/papers/2017/10.1021__acssynbio.6b00282/publisher/paper.pdf,True,10,1,10,5,5,0,True,1 2 3 4 5,,True,
doi:10.1021/acssynbio.6b00284,10.1021/acssynbio.6b00284,2017,data/papers/2017/10.1021__acssynbio.6b00284/publisher/paper.pdf,True,11,1,11,7,7,0,True,1 2 3 4 5 6 7,,True,
doi:10.1021/acssynbio.6b00285,10.1021/acssynbio.6b00285,2017,data/papers/2017/10.1021__acssynbio.6b00285/publisher/paper.pdf,True,8,1,8,4,4,0,True,1 2 3 4,,True,
doi:10.1021/acssynbio.6b00286,10.1021/acssynbio.6b00286,2017,data/papers/2017/10.1021__acssynbio.6b00286/publisher/paper.pdf,True,4,1,4,5,5,0,True,1 2 3 4 5,,True,
doi:10.1021/acssynbio.6b00288,10.1021/acssynbio.6b00288,2017,data/papers/2017/10.1021__acssynbio.6b00288/publisher/paper.pdf,True,12,1,12,8,8,0,True,1 2 3 4 5 6 7 8,,True,
doi:10.1021/acssynbio.6b00291,10.1021/acssynbio.6b00291,2017,data/papers/2017/10.1021__acssynbio.6b00291/publisher/paper.pdf,True,6,1,6,3,3,0,True,1 2 3,,True,
doi:10.1021/acssynbio.6b00292,10.1021/acssynbio.6b00292,2017,data/papers/2017/10.1021__acssynbio.6b00292/publisher/paper.pdf,True,11,1,11,4,4,0,True,1 2 3 4,,True,
doi:10.1021/acssynbio.6b00293,10.1021/acssynbio.6b00293,2017,data/papers/2017/10.1021__acssynbio.6b00293/publisher/paper.pdf,True,8,1,8,4,4,0,True,1 2 3 4,,True,
doi:10.1021/acssynbio.6b00295,10.1021/acssynbio.6b00295,2017,data/papers/2017/10.1021__acssynbio.6b00295/publisher/paper.pdf,True,11,1,11,7,7,0,True,1 2 3 4 5 6 7,,True,
doi:10.1021/acssynbio.6b00296,10.1021/acssynbio.6b00296,2017,data/papers/2017/10.1021__acssynbio.6b00296/publisher/paper.pdf,True,11,1,11,10,10,0,True,1 2 3 4 5 6 7 8 9 10,,True,
doi:10.1021/acssynbio.6b00297,10.1021/acssynbio.6b00297,2017,data/papers/2017/10.1021__acssynbio.6b00297/publisher/paper.pdf,True,5,1,5,4,4,0,True,1 2 3 4,,True,
doi:10.1021/acssynbio.6b00299,10.1021/acssynbio.6b00299,2017,data/papers/2017/10.1021__acssynbio.6b00299/publisher/paper.pdf,True,7,1,7,5,5,0,True,1 2 3 4 5,,True,
doi:10.1021/acssynbio.6b00301,10.1021/acssynbio.6b00301,2017,data/papers/2017/10.1021__acssynbio.6b00301/publisher/paper.pdf,True,10,1,10,6,6,0,True,1 2 3 4 5 6,,True,
doi:10.1021/acssynbio.6b00304,10.1021/acssynbio.6b00304,2017,data/papers/2017/10.1021__acssynbio.6b00304/publisher/paper.pdf,True,3,1,3,2,2,0,True,1 2,,True,
doi:10.1021/acssynbio.6b00306,10.1021/acssynbio.6b00306,2017,data/papers/2017/10.1021__acssynbio.6b00306/publisher/paper.pdf,True,14,1,14,8,8,0,True,1 2 3 4 5 6 7 8,,True,
doi:10.1021/acssynbio.6b00309,10.1021/acssynbio.6b00309,2017,data/papers/2017/10.1021__acssynbio.6b00309/publisher/paper.pdf,True,7,1,7,6,6,0,True,1 2 3 4 5 6,,True,
doi:10.1021/acssynbio.6b00310,10.1021/acssynbio.6b00310,2017,data/papers/2017/10.1021__acssynbio.6b00310/publisher/paper.pdf,True,9,1,9,5,5,0,True,1 2 3 4 5,,True,
doi:10.1021/acssynbio.6b00313,10.1021/acssynbio.6b00313,2017,data/papers/2017/10.1021__acssynbio.6b00313/publisher/paper.pdf,True,8,1,8,4,4,0,True,1 2 3 4,,True,
doi:10.1021/acssynbio.6b00315,10.1021/acssynbio.6b00315,2017,data/papers/2017/10.1021__acssynbio.6b00315/publisher/paper.pdf,True,17,1,17,10,10,0,True,1 2 3 4 5 6 7 8 9 10,,True,
doi:10.1021/acssynbio.6b00319,10.1021/acssynbio.6b00319,2017,data/papers/2017/10.1021__acssynbio.6b00319/publisher/paper.pdf,True,9,1,9,5,5,0,True,1 2 3 4 5,,True,
doi:10.1021/acssynbio.6b00320,10.1021/acssynbio.6b00320,2017,data/papers/2017/10.1021__acssynbio.6b00320/paper.pdf,True,17,1,17,6,6,0,True,1 2 3 4 5 6,,True,
doi:10.1021/acssynbio.6b00321,10.1021/acssynbio.6b00321,2017,data/papers/2017/10.1021__acssynbio.6b00321/publisher/paper.pdf,True,10,1,10,6,6,0,True,1 2 3 4 5 6,,True,
doi:10.1021/acssynbio.6b00322,10.1021/acssynbio.6b00322,2017,data/papers/2017/10.1021__acssynbio.6b00322/publisher/paper.pdf,True,14,1,14,14,14,0,True,1 2 3 4 5 6 7 8 9 10 11 12 13 14,,True,
doi:10.1021/acssynbio.6b00323,10.1021/acssynbio.6b00323,2017,data/papers/2017/10.1021__acssynbio.6b00323/publisher/paper.pdf,True,11,1,11,6,6,0,True,1 2 3 4 5 6,,True,
doi:10.1021/acssynbio.6b00324,10.1021/acssynbio.6b00324,2017,data/papers/2017/10.1021__acssynbio.6b00324/publisher/paper.pdf,True,6,1,6,3,3,0,True,1 2 3,,True,
doi:10.1021/acssynbio.6b00328,10.1021/acssynbio.6b00328,2017,data/papers/2017/10.1021__acssynbio.6b00328/publisher/paper.pdf,True,12,1,12,8,8,0,True,1 2 3 4 5 6 7 8,,True,
doi:10.1021/acssynbio.6b00330,10.1021/acssynbio.6b00330,2017,data/papers/2017/10.1021__acssynbio.6b00330/publisher/paper.pdf,True,11,1,11,5,5,0,True,1 2 3 4 5,,True,
doi:10.1021/acssynbio.6b00331,10.1021/acssynbio.6b00331,2017,data/papers/2017/10.1021__acssynbio.6b00331/publisher/paper.pdf,True,9,1,9,2,2,0,True,1 2,,True,
doi:10.1021/acssynbio.6b00333,10.1021/acssynbio.6b00333,2017,data/papers/2017/10.1021__acssynbio.6b00333/paper.pdf,True,9,1,9,5,5,0,True,1 2 3 4 5,,True,
doi:10.1021/acssynbio.6b00335,10.1021/acssynbio.6b00335,2017,data/papers/2017/10.1021__acssynbio.6b00335/publisher/paper.pdf,True,10,1,10,6,6,0,True,1 2 3 4 5 6,,True,
doi:10.1021/acssynbio.6b00336,10.1021/acssynbio.6b00336,2017,data/papers/2017/10.1021__acssynbio.6b00336/publisher/paper.pdf,True,7,1,7,5,5,0,True,1 2 3 4 5,,True,
doi:10.1021/acssynbio.6b00337,10.1021/acssynbio.6b00337,2017,data/papers/2017/10.1021__acssynbio.6b00337/publisher/paper.pdf,True,10,1,10,5,5,0,True,1 2 3 4 5,,True,
doi:10.1021/acssynbio.6b00339,10.1021/acssynbio.6b00339,2017,data/papers/2017/10.1021__acssynbio.6b00339/paper.pdf,True,13,1,13,6,6,0,True,1 2 3 4 5 6,,True,
doi:10.1021/acssynbio.6b00341,10.1021/acssynbio.6b00341,2017,data/papers/2017/10.1021__acssynbio.6b00341/publisher/paper.pdf,True,7,1,7,3,3,0,True,1 2 3,,True,
doi:10.1021/acssynbio.6b00342,10.1021/acssynbio.6b00342,2017,data/papers/2017/10.1021__acssynbio.6b00342/publisher/paper.pdf,True,10,1,10,5,5,0,True,1 2 3 4 5,,True,
doi:10.1021/acssynbio.6b00343,10.1021/acssynbio.6b00343,2017,data/papers/2017/10.1021__acssynbio.6b00343/publisher/paper.pdf,True,3,1,3,1,1,0,True,1,,True,
doi:10.1021/acssynbio.6b00346,10.1021/acssynbio.6b00346,2017,data/papers/2017/10.1021__acssynbio.6b00346/publisher/paper.pdf,True,8,1,8,6,6,0,True,1 2 3 4 5 6,,True,
doi:10.1021/acssynbio.6b00348,10.1021/acssynbio.6b00348,2017,data/papers/2017/10.1021__acssynbio.6b00348/publisher/paper.pdf,True,9,1,9,5,5,0,True,1 2 3 4 5,,True,
doi:10.1021/acssynbio.6b00349,10.1021/acssynbio.6b00349,2017,data/papers/2017/10.1021__acssynbio.6b00349/publisher/paper.pdf,True,8,1,8,6,6,0,True,1 2 3 4 5 6,,True,
doi:10.1021/acssynbio.6b00350,10.1021/acssynbio.6b00350,2017,data/papers/2017/10.1021__acssynbio.6b00350/publisher/paper.pdf,True,11,1,11,7,7,0,True,1 2 3 4 5 6 7,,True,
doi:10.1021/acssynbio.6b00353,10.1021/acssynbio.6b00353,2017,data/papers/2017/10.1021__acssynbio.6b00353/publisher/paper.pdf,True,8,1,8,3,3,0,True,1 2 3,,True,
doi:10.1021/acssynbio.6b00354,10.1021/acssynbio.6b00354,2017,data/papers/2017/10.1021__acssynbio.6b00354/publisher/paper.pdf,True,7,1,7,4,4,0,True,1 2 3 4,,True,
doi:10.1021/acssynbio.6b00358,10.1021/acssynbio.6b00358,2017,data/papers/2017/10.1021__acssynbio.6b00358/publisher/paper.pdf,True,9,1,9,6,6,0,True,1 2 3 4 5 6,,True,
doi:10.1021/acssynbio.6b00359,10.1021/acssynbio.6b00359,2017,data/papers/2017/10.1021__acssynbio.6b00359/publisher/paper.pdf,True,6,1,6,3,3,0,True,1 2 3,,True,
doi:10.1021/acssynbio.6b00361,10.1021/acssynbio.6b00361,2017,data/papers/2017/10.1021__acssynbio.6b00361/publisher/paper.pdf,True,10,1,10,4,4,0,True,1 2 3 4,,True,
doi:10.1021/acssynbio.6b00364,10.1021/acssynbio.6b00364,2017,data/papers/2017/10.1021__acssynbio.6b00364/publisher/paper.pdf,True,13,1,13,7,7,0,True,1 2 3 4 5 6 7,,True,
doi:10.1021/acssynbio.6b00366,10.1021/acssynbio.6b00366,2017,data/papers/2017/10.1021__acssynbio.6b00366/publisher/paper.pdf,True,9,1,9,4,4,0,True,1 2 3 4,,True,
doi:10.1021/acssynbio.6b00367,10.1021/acssynbio.6b00367,2017,data/papers/2017/10.1021__acssynbio.6b00367/publisher/paper.pdf,True,8,1,8,3,3,0,True,1 2 3,,True,
doi:10.1021/acssynbio.6b00368,10.1021/acssynbio.6b00368,2017,data/papers/2017/10.1021__acssynbio.6b00368/publisher/paper.pdf,True,10,1,10,6,6,0,True,1 2 3 4 5 6,,True,
doi:10.1021/acssynbio.6b00370,10.1021/acssynbio.6b00370,2017,data/papers/2017/10.1021__acssynbio.6b00370/publisher/paper.pdf,True,6,1,6,4,4,0,True,1 2 3 4,,True,
doi:10.1021/acssynbio.6b00371,10.1021/acssynbio.6b00371,2017,data/papers/2017/10.1021__acssynbio.6b00371/paper.pdf,True,13,1,13,6,6,0,True,1 2 3 4 5 6,,True,
doi:10.1021/acssynbio.6b00372,10.1021/acssynbio.6b00372,2017,data/papers/2017/10.1021__acssynbio.6b00372/publisher/paper.pdf,True,7,1,7,3,3,0,True,1 2 3,,True,
doi:10.1021/acssynbio.6b00373,10.1021/acssynbio.6b00373,2017,data/papers/2017/10.1021__acssynbio.6b00373/publisher/paper.pdf,True,11,1,11,8,8,0,True,1 2 3 4 5 6 7 8,,True,
doi:10.1021/acssynbio.6b00374,10.1021/acssynbio.6b00374,2017,data/papers/2017/10.1021__acssynbio.6b00374/publisher/paper.pdf,True,12,1,12,5,5,0,True,1 2 3 4 5,,True,
doi:10.1021/acssynbio.6b00375,10.1021/acssynbio.6b00375,2017,data/papers/2017/10.1021__acssynbio.6b00375/publisher/paper.pdf,True,8,1,8,3,3,0,True,1 2 3,,True,
doi:10.1021/acssynbio.6b00376,10.1021/acssynbio.6b00376,2017,data/papers/2017/10.1021__acssynbio.6b00376/publisher/paper.pdf,True,9,1,9,5,5,0,True,1 2 3 4 5,,True,
doi:10.1021/acssynbio.6b00377,10.1021/acssynbio.6b00377,2017,data/papers/2017/10.1021__acssynbio.6b00377/publisher/paper.pdf,True,10,1,10,7,7,0,True,1 2 3 4 5 6 7,,True,
doi:10.1021/acssynbio.6b00378,10.1021/acssynbio.6b00378,2017,data/papers/2017/10.1021__acssynbio.6b00378/publisher/paper.pdf,True,13,1,13,7,7,0,True,1 2 3 4 5 6 7,,True,
doi:10.1021/acssynbio.6b00379,10.1021/acssynbio.6b00379,2017,data/papers/2017/10.1021__acssynbio.6b00379/publisher/paper.pdf,True,11,1,11,5,5,0,True,1 2 3 4 5,,True,
doi:10.1021/acssynbio.6b00387,10.1021/acssynbio.6b00387,2017,data/papers/2017/10.1021__acssynbio.6b00387/publisher/paper.pdf,True,9,1,9,6,6,0,True,1 2 3 4 5 6,,True,
doi:10.1021/acssynbio.6b00388,10.1021/acssynbio.6b00388,2017,data/papers/2017/10.1021__acssynbio.6b00388/publisher/paper.pdf,True,8,1,8,4,4,0,True,1 2 3 4,,True,
doi:10.1021/acssynbio.6b00391,10.1021/acssynbio.6b00391,2017,data/papers/2017/10.1021__acssynbio.6b00391/publisher/paper.pdf,True,8,1,8,4,4,0,True,1 2 3 4,,True,
doi:10.1021/acssynbio.6b00392,10.1021/acssynbio.6b00392,2017,data/papers/2017/10.1021__acssynbio.6b00392/publisher/paper.pdf,True,12,1,12,7,7,0,True,1 2 3 4 5 6 7,,True,
doi:10.1021/acssynbio.6b00395,10.1021/acssynbio.6b00395,2017,data/papers/2017/10.1021__acssynbio.6b00395/paper.pdf,True,7,1,7,6,6,0,True,1 2 3 4 5 6,,True,
doi:10.1021/acssynbio.6b00397,10.1021/acssynbio.6b00397,2017,data/papers/2017/10.1021__acssynbio.6b00397/publisher/paper.pdf,True,11,1,11,6,6,0,True,1 2 3 4 5 6,,True,
doi:10.1021/acssynbio.7b00001,10.1021/acssynbio.7b00001,2017,data/papers/2017/10.1021__acssynbio.7b00001/publisher/paper.pdf,True,10,1,10,6,6,0,True,1 2 3 4 5 6,,True,
doi:10.1021/acssynbio.7b00003,10.1021/acssynbio.7b00003,2017,data/papers/2017/10.1021__acssynbio.7b00003/publisher/paper.pdf,True,13,1,13,8,8,0,True,1 2 3 4 5 6 7 8,,True,
doi:10.1021/acssynbio.7b00006,10.1021/acssynbio.7b00006,2017,data/papers/2017/10.1021__acssynbio.7b00006/publisher/paper.pdf,True,11,1,11,8,8,0,True,1 2 3 4 5 6 7 8,,True,
doi:10.1021/acssynbio.7b00007,10.1021/acssynbio.7b00007,2017,data/papers/2017/10.1021__acssynbio.7b00007/publisher/paper.pdf,True,9,1,9,3,3,0,True,1 2 3,,True,
doi:10.1021/acssynbio.7b00009,10.1021/acssynbio.7b00009,2017,data/papers/2017/10.1021__acssynbio.7b00009/publisher/paper.pdf,True,10,1,10,5,5,0,True,1 2 3 4 5,,True,
doi:10.1021/acssynbio.7b00011,10.1021/acssynbio.7b00011,2017,data/papers/2017/10.1021__acssynbio.7b00011/publisher/paper.pdf,True,13,1,13,3,3,0,True,1 2 3,,True,
doi:10.1021/acssynbio.7b00016,10.1021/acssynbio.7b00016,2017,data/papers/2017/10.1021__acssynbio.7b00016/publisher/paper.pdf,True,13,1,13,7,7,0,True,1 2 3 4 5 6 7,,True,
doi:10.1021/acssynbio.7b00017,10.1021/acssynbio.7b00017,2017,data/papers/2017/10.1021__acssynbio.7b00017/publisher/paper.pdf,True,7,1,7,3,3,0,True,1 2 3,,True,
doi:10.1021/acssynbio.7b00019,10.1021/acssynbio.7b00019,2017,data/papers/2017/10.1021__acssynbio.7b00019/publisher/paper.pdf,True,10,1,10,5,5,0,True,1 2 3 4 5,,True,
doi:10.1021/acssynbio.7b00020,10.1021/acssynbio.7b00020,2017,data/papers/2017/10.1021__acssynbio.7b00020/publisher/paper.pdf,True,11,1,11,7,7,0,True,1 2 3 4 5 6 7,,True,
doi:10.1021/acssynbio.7b00022,10.1021/acssynbio.7b00022,2017,data/papers/2017/10.1021__acssynbio.7b00022/publisher/paper.pdf,True,10,1,10,7,7,0,True,1 2 3 4 5 6 7,,True,
doi:10.1021/acssynbio.7b00025,10.1021/acssynbio.7b00025,2017,data/papers/2017/10.1021__acssynbio.7b00025/paper.pdf,True,7,1,7,4,4,0,True,1 2 3 4,,True,
doi:10.1021/acssynbio.7b00028,10.1021/acssynbio.7b00028,2017,data/papers/2017/10.1021__acssynbio.7b00028/publisher/paper.pdf,True,10,1,10,5,5,0,True,1 2 3 4 5,,True,
doi:10.1021/acssynbio.7b00029,10.1021/acssynbio.7b00029,2017,data/papers/2017/10.1021__acssynbio.7b00029/publisher/paper.pdf,True,14,1,14,4,4,0,True,1 2 3 4,,True,
doi:10.1021/acssynbio.7b00034,10.1021/acssynbio.7b00034,2017,data/papers/2017/10.1021__acssynbio.7b00034/publisher/paper.pdf,True,10,1,10,4,4,0,True,1 2 3 4,,True,
doi:10.1021/acssynbio.7b00037,10.1021/acssynbio.7b00037,2017,data/papers/2017/10.1021__acssynbio.7b00037/paper.pdf,True,7,1,7,4,4,0,True,1 2 3 4,,True,
doi:10.1021/acssynbio.7b00041,10.1021/acssynbio.7b00041,2017,data/papers/2017/10.1021__acssynbio.7b00041/publisher/paper.pdf,True,11,1,11,6,6,0,True,1 2 3 4 5 6,,True,
doi:10.1021/acssynbio.7b00042,10.1021/acssynbio.7b00042,2017,data/papers/2017/10.1021__acssynbio.7b00042/publisher/paper.pdf,True,12,1,12,7,7,0,True,1 2 3 4 5 6 7,,True,
doi:10.1021/acssynbio.7b00045,10.1021/acssynbio.7b00045,2017,data/papers/2017/10.1021__acssynbio.7b00045/publisher/paper.pdf,True,7,1,7,3,3,0,True,1 2 3,,True,
doi:10.1021/acssynbio.7b00046,10.1021/acssynbio.7b00046,2017,data/papers/2017/10.1021__acssynbio.7b00046/publisher/paper.pdf,True,9,1,9,5,5,0,True,1 2 3 4 5,,True,
doi:10.1021/acssynbio.7b00048,10.1021/acssynbio.7b00048,2017,data/papers/2017/10.1021__acssynbio.7b00048/publisher/paper.pdf,True,11,1,11,7,7,0,True,1 2 3 4 5 6 7,,True,
doi:10.1021/acssynbio.7b00050,10.1021/acssynbio.7b00050,2017,data/papers/2017/10.1021__acssynbio.7b00050/publisher/paper.pdf,True,11,1,11,6,6,0,True,1 2 3 4 5 6,,True,
doi:10.1021/acssynbio.7b00056,10.1021/acssynbio.7b00056,2017,data/papers/2017/10.1021__acssynbio.7b00056/publisher/paper.pdf,True,9,1,9,6,6,0,True,1 2 3 4 5 6,,True,
doi:10.1021/acssynbio.7b00057,10.1021/acssynbio.7b00057,2017,data/papers/2017/10.1021__acssynbio.7b00057/publisher/paper.pdf,True,6,1,6,4,4,0,True,1 2 3 4,,True,
doi:10.1021/acssynbio.7b00058,10.1021/acssynbio.7b00058,2017,data/papers/2017/10.1021__acssynbio.7b00058/publisher/paper.pdf,True,13,1,13,6,6,0,True,1 2 3 4 5 6,,True,
doi:10.1021/acssynbio.7b00059,10.1021/acssynbio.7b00059,2017,data/papers/2017/10.1021__acssynbio.7b00059/paper.pdf,True,12,1,12,5,5,0,True,1 2 3 4 5,,True,
doi:10.1021/acssynbio.7b00069,10.1021/acssynbio.7b00069,2017,data/papers/2017/10.1021__acssynbio.7b00069/publisher/paper.pdf,True,9,1,9,6,6,0,True,1 2 3 4 5 6,,True,
doi:10.1021/acssynbio.7b00072,10.1021/acssynbio.7b00072,2017,data/papers/2017/10.1021__acssynbio.7b00072/publisher/paper.pdf,True,11,1,11,7,7,0,True,1 2 3 4 5 6 7,,True,
doi:10.1021/acssynbio.7b00076,10.1021/acssynbio.7b00076,2017,data/papers/2017/10.1021__acssynbio.7b00076/publisher/paper.pdf,True,9,1,9,5,5,0,True,1 2 3 4 5,,True,
doi:10.1021/acssynbio.7b00077,10.1021/acssynbio.7b00077,2017,data/papers/2017/10.1021__acssynbio.7b00077/publisher/paper.pdf,True,11,1,11,9,9,0,True,1 2 3 4 5 6 7 8 9,,True,
doi:10.1021/acssynbio.7b00078,10.1021/acssynbio.7b00078,2017,data/papers/2017/10.1021__acssynbio.7b00078/publisher/paper.pdf,True,8,1,8,5,5,0,True,1 2 3 4 5,,True,
doi:10.1021/acssynbio.7b00083,10.1021/acssynbio.7b00083,2017,data/papers/2017/10.1021__acssynbio.7b00083/publisher/paper.pdf,True,7,1,7,3,3,0,True,1 2 3,,True,
doi:10.1021/acssynbio.7b00086,10.1021/acssynbio.7b00086,2017,data/papers/2017/10.1021__acssynbio.7b00086/publisher/paper.pdf,True,10,1,10,8,8,0,True,1 2 3 4 5 6 7 8,,True,
doi:10.1021/acssynbio.7b00087,10.1021/acssynbio.7b00087,2017,data/papers/2017/10.1021__acssynbio.7b00087/publisher/paper.pdf,True,10,1,10,5,5,0,True,1 2 3 4 5,,True,
doi:10.1021/acssynbio.7b00088,10.1021/acssynbio.7b00088,2017,data/papers/2017/10.1021__acssynbio.7b00088/publisher/paper.pdf,True,9,1,9,4,4,0,True,1 2 3 4,,True,
doi:10.1021/acssynbio.7b00089,10.1021/acssynbio.7b00089,2017,data/papers/2017/10.1021__acssynbio.7b00089/publisher/paper.pdf,True,10,1,10,7,7,0,True,1 2 3 4 5 6 7,,True,
doi:10.1021/acssynbio.7b00091,10.1021/acssynbio.7b00091,2017,data/papers/2017/10.1021__acssynbio.7b00091/publisher/paper.pdf,True,4,1,4,2,2,0,True,1 2,,True,
doi:10.1021/acssynbio.7b00094,10.1021/acssynbio.7b00094,2017,data/papers/2017/10.1021__acssynbio.7b00094/publisher/paper.pdf,True,15,1,15,7,7,0,True,1 2 3 4 5 6 7,,True,
doi:10.1021/acssynbio.7b00099,10.1021/acssynbio.7b00099,2017,data/papers/2017/10.1021__acssynbio.7b00099/publisher/paper.pdf,True,9,1,9,3,3,0,True,1 2 3,,True,
doi:10.1021/acssynbio.7b00100,10.1021/acssynbio.7b00100,2017,data/papers/2017/10.1021__acssynbio.7b00100/publisher/paper.pdf,True,12,1,12,5,5,0,True,1 2 3 4 5,,True,
doi:10.1021/acssynbio.7b00101,10.1021/acssynbio.7b00101,2017,data/papers/2017/10.1021__acssynbio.7b00101/publisher/paper.pdf,True,6,1,6,5,5,0,True,1 2 3 4 5,,True,
doi:10.1021/acssynbio.7b00102,10.1021/acssynbio.7b00102,2017,data/papers/2017/10.1021__acssynbio.7b00102/publisher/paper.pdf,True,8,1,8,6,6,0,True,1 2 3 4 5 6,,True,
doi:10.1021/acssynbio.7b00105,10.1021/acssynbio.7b00105,2017,data/papers/2017/10.1021__acssynbio.7b00105/publisher/paper.pdf,True,10,1,10,6,6,0,True,1 2 3 4 5 6,,True,
doi:10.1021/acssynbio.7b00106,10.1021/acssynbio.7b00106,2017,data/papers/2017/10.1021__acssynbio.7b00106/publisher/paper.pdf,True,7,1,7,5,5,0,True,1 2 3 4 5,,True,
doi:10.1021/acssynbio.7b00108,10.1021/acssynbio.7b00108,2017,data/papers/2017/10.1021__acssynbio.7b00108/paper.pdf,True,10,1,10,5,5,0,True,1 2 3 4 5,,True,
doi:10.1021/acssynbio.7b00109,10.1021/acssynbio.7b00109,2017,data/papers/2017/10.1021__acssynbio.7b00109/publisher/paper.pdf,True,9,1,9,4,4,0,True,1 2 3 4,,True,
doi:10.1021/acssynbio.7b00111,10.1021/acssynbio.7b00111,2017,data/papers/2017/10.1021__acssynbio.7b00111/publisher/paper.pdf,True,8,1,8,5,5,0,True,1 2 3 4 5,,True,
doi:10.1021/acssynbio.7b00112,10.1021/acssynbio.7b00112,2017,data/papers/2017/10.1021__acssynbio.7b00112/publisher/paper.pdf,True,9,1,9,4,4,0,True,1 2 3 4,,True,
doi:10.1021/acssynbio.7b00113,10.1021/acssynbio.7b00113,2017,data/papers/2017/10.1021__acssynbio.7b00113/paper.pdf,True,8,1,8,4,4,0,True,1 2 3 4,,True,
doi:10.1021/acssynbio.7b00114,10.1021/acssynbio.7b00114,2017,data/papers/2017/10.1021__acssynbio.7b00114/paper.pdf,True,12,1,12,7,7,0,True,1 2 3 4 5 6 7,,True,
doi:10.1021/acssynbio.7b00115,10.1021/acssynbio.7b00115,2017,data/papers/2017/10.1021__acssynbio.7b00115/publisher/paper.pdf,True,7,1,7,2,2,0,True,1 2,,True,
doi:10.1021/acssynbio.7b00116,10.1021/acssynbio.7b00116,2017,data/papers/2017/10.1021__acssynbio.7b00116/publisher/paper.pdf,True,6,1,6,4,4,0,True,1 2 3 4,,True,
doi:10.1021/acssynbio.7b00117,10.1021/acssynbio.7b00117,2017,data/papers/2017/10.1021__acssynbio.7b00117/publisher/paper.pdf,True,9,1,9,5,5,0,True,1 2 3 4 5,,True,
doi:10.1021/acssynbio.7b00118,10.1021/acssynbio.7b00118,2017,data/papers/2017/10.1021__acssynbio.7b00118/publisher/paper.pdf,True,7,1,7,6,6,0,True,1 2 3 4 5 6,,True,
doi:10.1021/acssynbio.7b00119,10.1021/acssynbio.7b00119,2017,data/papers/2017/10.1021__acssynbio.7b00119/publisher/paper.pdf,True,9,1,9,5,5,0,True,1 2 3 4 5,,True,
doi:10.1021/acssynbio.7b00121,10.1021/acssynbio.7b00121,2017,data/papers/2017/10.1021__acssynbio.7b00121/publisher/paper.pdf,True,4,1,4,1,1,0,True,1,,True,
doi:10.1021/acssynbio.7b00124,10.1021/acssynbio.7b00124,2017,data/papers/2017/10.1021__acssynbio.7b00124/publisher/paper.pdf,True,7,1,7,4,4,0,True,1 2 3 4,,True,
doi:10.1021/acssynbio.7b00128,10.1021/acssynbio.7b00128,2017,data/papers/2017/10.1021__acssynbio.7b00128/publisher/paper.pdf,True,9,1,9,4,5,-1,False,1 2 3 4,,True,
doi:10.1021/acssynbio.7b00129,10.1021/acssynbio.7b00129,2017,data/papers/2017/10.1021__acssynbio.7b00129/publisher/paper.pdf,True,9,1,9,5,5,0,True,1 2 3 4 5,,True,
doi:10.1021/acssynbio.7b00131,10.1021/acssynbio.7b00131,2017,data/papers/2017/10.1021__acssynbio.7b00131/publisher/paper.pdf,True,9,1,9,5,5,0,True,1 2 3 4 5,,True,
doi:10.1021/acssynbio.7b00136,10.1021/acssynbio.7b00136,2017,data/papers/2017/10.1021__acssynbio.7b00136/publisher/paper.pdf,True,9,1,9,5,5,0,True,1 2 3 4 5,,True,
doi:10.1021/acssynbio.7b00137,10.1021/acssynbio.7b00137,2017,data/papers/2017/10.1021__acssynbio.7b00137/publisher/paper.pdf,True,10,1,10,4,4,0,True,1 2 3 4,,True,
doi:10.1021/acssynbio.7b00138,10.1021/acssynbio.7b00138,2017,data/papers/2017/10.1021__acssynbio.7b00138/publisher/paper.pdf,True,10,1,10,8,8,0,True,1 2 3 4 5 6 7 8,,True,
doi:10.1021/acssynbio.7b00144,10.1021/acssynbio.7b00144,2017,data/papers/2017/10.1021__acssynbio.7b00144/publisher/paper.pdf,True,12,1,12,7,7,0,True,1 2 3 4 5 6 7,,True,
doi:10.1021/acssynbio.7b00147,10.1021/acssynbio.7b00147,2017,data/papers/2017/10.1021__acssynbio.7b00147/publisher/paper.pdf,True,11,1,11,4,4,0,True,1 2 3 4,,True,
doi:10.1021/acssynbio.7b00148,10.1021/acssynbio.7b00148,2017,data/papers/2017/10.1021__acssynbio.7b00148/publisher/paper.pdf,True,10,1,10,6,6,0,True,1 2 3 4 5 6,,True,
doi:10.1021/acssynbio.7b00149,10.1021/acssynbio.7b00149,2017,data/papers/2017/10.1021__acssynbio.7b00149/publisher/paper.pdf,True,7,1,7,5,5,0,True,1 2 3 4 5,,True,
doi:10.1021/acssynbio.7b00150,10.1021/acssynbio.7b00150,2017,data/papers/2017/10.1021__acssynbio.7b00150/publisher/paper.pdf,True,12,1,12,8,8,0,True,1 2 3 4 5 6 7 8,,True,
doi:10.1021/acssynbio.7b00154,10.1021/acssynbio.7b00154,2017,data/papers/2017/10.1021__acssynbio.7b00154/publisher/paper.pdf,True,6,1,6,2,2,0,True,1 2,,True,
doi:10.1021/acssynbio.7b00155,10.1021/acssynbio.7b00155,2017,data/papers/2017/10.1021__acssynbio.7b00155/publisher/paper.pdf,True,7,1,7,5,5,0,True,1 2 3 4 5,,True,
doi:10.1021/acssynbio.7b00157,10.1021/acssynbio.7b00157,2017,data/papers/2017/10.1021__acssynbio.7b00157/publisher/paper.pdf,True,9,1,9,8,8,0,True,1 2 3 4 5 6 7 8,,True,
doi:10.1021/acssynbio.7b00162,10.1021/acssynbio.7b00162,2017,data/papers/2017/10.1021__acssynbio.7b00162/publisher/paper.pdf,True,7,1,7,5,5,0,True,1 2 3 4 5,,True,
doi:10.1021/acssynbio.7b00163,10.1021/acssynbio.7b00163,2017,data/papers/2017/10.1021__acssynbio.7b00163/publisher/paper.pdf,True,13,1,13,9,9,0,True,1 2 3 4 5 6 7 8 9,,True,
doi:10.1021/acssynbio.7b00165,10.1021/acssynbio.7b00165,2017,data/papers/2017/10.1021__acssynbio.7b00165/publisher/paper.pdf,True,8,1,8,6,6,0,True,1 2 3 4 5 6,,True,
doi:10.1021/acssynbio.7b00166,10.1021/acssynbio.7b00166,2017,data/papers/2017/10.1021__acssynbio.7b00166/publisher/paper.pdf,True,7,1,7,4,4,0,True,1 2 3 4,,True,
doi:10.1021/acssynbio.7b00167,10.1021/acssynbio.7b00167,2017,data/papers/2017/10.1021__acssynbio.7b00167/publisher/paper.pdf,True,12,1,12,8,8,0,True,1 2 3 4 5 6 7 8,,True,
doi:10.1021/acssynbio.7b00169,10.1021/acssynbio.7b00169,2017,data/papers/2017/10.1021__acssynbio.7b00169/publisher/paper.pdf,True,11,1,11,5,5,0,True,1 2 3 4 5,,True,
doi:10.1021/acssynbio.7b00171,10.1021/acssynbio.7b00171,2017,data/papers/2017/10.1021__acssynbio.7b00171/publisher/paper.pdf,True,7,1,7,3,3,0,True,1 2 3,,True,
doi:10.1021/acssynbio.7b00172,10.1021/acssynbio.7b00172,2017,data/papers/2017/10.1021__acssynbio.7b00172/publisher/paper.pdf,True,9,1,9,3,3,0,True,1 2 3,,True,
doi:10.1021/acssynbio.7b00174,10.1021/acssynbio.7b00174,2017,data/papers/2017/10.1021__acssynbio.7b00174/publisher/paper.pdf,True,10,1,10,6,6,0,True,1 2 3 4 5 6,,True,
doi:10.1021/acssynbio.7b00177,10.1021/acssynbio.7b00177,2017,data/papers/2017/10.1021__acssynbio.7b00177/publisher/paper.pdf,True,9,1,9,5,5,0,True,1 2 3 4 5,,True,
doi:10.1021/acssynbio.7b00179,10.1021/acssynbio.7b00179,2017,data/papers/2017/10.1021__acssynbio.7b00179/publisher/paper.pdf,True,10,1,10,7,7,0,True,1 2 3 4 5 6 7,,True,
doi:10.1021/acssynbio.7b00185,10.1021/acssynbio.7b00185,2017,data/papers/2017/10.1021__acssynbio.7b00185/publisher/paper.pdf,True,13,1,13,8,8,0,True,1 2 3 4 5 6 7 8,,True,
doi:10.1021/acssynbio.7b00192,10.1021/acssynbio.7b00192,2017,data/papers/2017/10.1021__acssynbio.7b00192/publisher/paper.pdf,True,6,1,6,2,2,0,True,1 2,,True,
doi:10.1021/acssynbio.7b00197,10.1021/acssynbio.7b00197,2017,data/papers/2017/10.1021__acssynbio.7b00197/publisher/paper.pdf,True,5,1,5,4,4,0,True,1 2 3 4,,True,
doi:10.1021/acssynbio.7b00199,10.1021/acssynbio.7b00199,2017,data/papers/2017/10.1021__acssynbio.7b00199/publisher/paper.pdf,True,7,1,7,3,3,0,True,1 2 3,,True,
doi:10.1021/acssynbio.7b00203,10.1021/acssynbio.7b00203,2017,data/papers/2017/10.1021__acssynbio.7b00203/publisher/paper.pdf,True,8,1,8,6,6,0,True,1 2 3 4 5 6,,True,
doi:10.1021/acssynbio.7b00204,10.1021/acssynbio.7b00204,2017,data/papers/2017/10.1021__acssynbio.7b00204/publisher/paper.pdf,True,12,1,12,8,8,0,True,1 2 3 4 5 6 7 8,,True,
doi:10.1021/acssynbio.7b00208,10.1021/acssynbio.7b00208,2017,data/papers/2017/10.1021__acssynbio.7b00208/publisher/paper.pdf,True,13,1,13,7,7,0,True,1 2 3 4 5 6 7,,True,
doi:10.1021/acssynbio.7b00212,10.1021/acssynbio.7b00212,2017,data/papers/2017/10.1021__acssynbio.7b00212/publisher/paper.pdf,True,8,1,8,6,6,0,True,1 2 3 4 5 6,,True,
doi:10.1021/acssynbio.7b00214,10.1021/acssynbio.7b00214,2017,data/papers/2017/10.1021__acssynbio.7b00214/publisher/paper.pdf,True,12,1,12,13,13,0,True,1 2 3 4 5 6 7 8 9 10 11 12 13,,True,
doi:10.1021/acssynbio.7b00219,10.1021/acssynbio.7b00219,2017,data/papers/2017/10.1021__acssynbio.7b00219/publisher/paper.pdf,True,9,1,9,3,3,0,True,1 2 3,,True,
doi:10.1021/acssynbio.7b00234,10.1021/acssynbio.7b00234,2017,data/papers/2017/10.1021__acssynbio.7b00234/publisher/paper.pdf,True,8,1,8,3,3,0,True,1 2 3,,True,
doi:10.1021/acssynbio.7b00235,10.1021/acssynbio.7b00235,2017,data/papers/2017/10.1021__acssynbio.7b00235/publisher/paper.pdf,True,14,1,14,5,5,0,True,1 2 3 4 5,,True,
doi:10.1021/acssynbio.7b00236,10.1021/acssynbio.7b00236,2017,data/papers/2017/10.1021__acssynbio.7b00236/publisher/paper.pdf,True,4,1,4,2,2,0,True,1 2,,True,
doi:10.1021/acssynbio.7b00240,10.1021/acssynbio.7b00240,2017,data/papers/2017/10.1021__acssynbio.7b00240/publisher/paper.pdf,True,10,1,10,4,4,0,True,1 2 3 4,,True,
doi:10.1021/acssynbio.7b00246,10.1021/acssynbio.7b00246,2017,data/papers/2017/10.1021__acssynbio.7b00246/publisher/paper.pdf,True,7,1,7,4,4,0,True,1 2 3 4,,True,
doi:10.1021/acssynbio.7b00247,10.1021/acssynbio.7b00247,2017,data/papers/2017/10.1021__acssynbio.7b00247/publisher/paper.pdf,True,13,1,13,5,5,0,True,1 2 3 4 5,,True,
doi:10.1021/acssynbio.7b00249,10.1021/acssynbio.7b00249,2017,data/papers/2017/10.1021__acssynbio.7b00249/publisher/paper.pdf,True,11,1,11,4,4,0,True,1 2 3 4,,True,
doi:10.1021/acssynbio.7b00251,10.1021/acssynbio.7b00251,2017,data/papers/2017/10.1021__acssynbio.7b00251/publisher/paper.pdf,True,12,1,12,6,6,0,True,1 2 3 4 5 6,,True,
doi:10.1021/acssynbio.7b00253,10.1021/acssynbio.7b00253,2017,data/papers/2017/10.1021__acssynbio.7b00253/publisher/paper.pdf,True,11,1,11,4,4,0,True,1 2 3 4,,True,
doi:10.1021/acssynbio.6b00390,10.1021/acssynbio.6b00390,2018,data/papers/2018/10.1021__acssynbio.6b00390/publisher/paper.pdf,True,8,1,8,6,6,0,True,1 2 3 4 5 6,,True,
doi:10.1021/acssynbio.7b00122,10.1021/acssynbio.7b00122,2018,data/papers/2018/10.1021__acssynbio.7b00122/publisher/paper.pdf,True,9,1,9,5,5,0,True,1 2 3 4 5,,True,
doi:10.1021/acssynbio.7b00134,10.1021/acssynbio.7b00134,2018,data/papers/2018/10.1021__acssynbio.7b00134/publisher/paper.pdf,True,7,1,7,4,4,0,True,1 2 3 4,,True,
doi:10.1021/acssynbio.7b00188,10.1021/acssynbio.7b00188,2018,data/papers/2018/10.1021__acssynbio.7b00188/publisher/paper.pdf,True,13,1,13,8,8,0,True,1 2 3 4 5 6 7 8,,True,
doi:10.1021/acssynbio.7b00191,10.1021/acssynbio.7b00191,2018,data/papers/2018/10.1021__acssynbio.7b00191/publisher/paper.pdf,True,11,1,11,5,5,0,True,1 2 3 4 5,,True,
doi:10.1021/acssynbio.7b00200,10.1021/acssynbio.7b00200,2018,data/papers/2018/10.1021__acssynbio.7b00200/publisher/paper.pdf,True,11,1,11,5,5,0,True,1 2 3 4 5,,True,
doi:10.1021/acssynbio.7b00209,10.1021/acssynbio.7b00209,2018,data/papers/2018/10.1021__acssynbio.7b00209/paper.pdf,True,12,1,12,5,5,0,True,1 2 3 4 5,,True,
doi:10.1021/acssynbio.7b00222,10.1021/acssynbio.7b00222,2018,data/papers/2018/10.1021__acssynbio.7b00222/publisher/paper.pdf,True,11,1,11,5,5,0,True,1 2 3 4 5,,True,
doi:10.1021/acssynbio.7b00225,10.1021/acssynbio.7b00225,2018,data/papers/2018/10.1021__acssynbio.7b00225/publisher/paper.pdf,True,9,1,9,7,7,0,True,1 2 3 4 5 6 7,,True,
doi:10.1021/acssynbio.7b00229,10.1021/acssynbio.7b00229,2018,data/papers/2018/10.1021__acssynbio.7b00229/publisher/paper.pdf,True,12,1,12,5,5,0,True,1 2 3 4 5,,True,
doi:10.1021/acssynbio.7b00237,10.1021/acssynbio.7b00237,2018,data/papers/2018/10.1021__acssynbio.7b00237/publisher/paper.pdf,True,9,1,9,5,5,0,True,1 2 3 4 5,,True,
doi:10.1021/acssynbio.7b00248,10.1021/acssynbio.7b00248,2018,data/papers/2018/10.1021__acssynbio.7b00248/publisher/paper.pdf,True,8,1,8,4,4,0,True,1 2 3 4,,True,
doi:10.1021/acssynbio.7b00254,10.1021/acssynbio.7b00254,2018,data/papers/2018/10.1021__acssynbio.7b00254/publisher/paper.pdf,True,9,1,9,7,7,0,True,1 2 3 4 5 6 7,,True,
doi:10.1021/acssynbio.7b00255,10.1021/acssynbio.7b00255,2018,data/papers/2018/10.1021__acssynbio.7b00255/publisher/paper.pdf,True,14,1,14,6,6,0,True,1 2 3 4 5 6,,True,
doi:10.1021/acssynbio.7b00256,10.1021/acssynbio.7b00256,2018,data/papers/2018/10.1021__acssynbio.7b00256/publisher/paper.pdf,True,11,1,11,6,6,0,True,1 2 3 4 5 6,,True,
doi:10.1021/acssynbio.7b00258,10.1021/acssynbio.7b00258,2018,data/papers/2018/10.1021__acssynbio.7b00258/publisher/paper.pdf,True,5,1,5,2,2,0,True,1 2,,True,
doi:10.1021/acssynbio.7b00259,10.1021/acssynbio.7b00259,2018,data/papers/2018/10.1021__acssynbio.7b00259/publisher/paper.pdf,True,6,1,6,3,3,0,True,1 2 3,,True,
doi:10.1021/acssynbio.7b00260,10.1021/acssynbio.7b00260,2018,data/papers/2018/10.1021__acssynbio.7b00260/publisher/paper.pdf,True,8,1,8,3,3,0,True,1 2 3,,True,
doi:10.1021/acssynbio.7b00261,10.1021/acssynbio.7b00261,2018,data/papers/2018/10.1021__acssynbio.7b00261/publisher/paper.pdf,True,13,1,13,6,6,0,True,1 2 3 4 5 6,,True,
doi:10.1021/acssynbio.7b00264,10.1021/acssynbio.7b00264,2018,data/papers/2018/10.1021__acssynbio.7b00264/publisher/paper.pdf,True,8,1,8,6,6,0,True,1 2 3 4 5 6,,True,
doi:10.1021/acssynbio.7b00265,10.1021/acssynbio.7b00265,2018,data/papers/2018/10.1021__acssynbio.7b00265/pmc/paper.pdf,True,13,1,13,7,7,0,True,1 2 3 4 5 6 7,,True,
doi:10.1021/acssynbio.7b00266,10.1021/acssynbio.7b00266,2018,data/papers/2018/10.1021__acssynbio.7b00266/paper.pdf,True,10,1,10,6,6,0,True,1 2 3 4 5 6,,True,
doi:10.1021/acssynbio.7b00268,10.1021/acssynbio.7b00268,2018,data/papers/2018/10.1021__acssynbio.7b00268/publisher/paper.pdf,True,11,1,11,5,5,0,True,1 2 3 4 5,,True,
doi:10.1021/acssynbio.7b00269,10.1021/acssynbio.7b00269,2018,data/papers/2018/10.1021__acssynbio.7b00269/publisher/paper.pdf,True,13,1,13,8,8,0,True,1 2 3 4 5 6 7 8,,True,
doi:10.1021/acssynbio.7b00271,10.1021/acssynbio.7b00271,2018,data/papers/2018/10.1021__acssynbio.7b00271/publisher/paper.pdf,True,6,1,6,4,4,0,True,1 2 3 4,,True,
doi:10.1021/acssynbio.7b00273,10.1021/acssynbio.7b00273,2018,data/papers/2018/10.1021__acssynbio.7b00273/publisher/paper.pdf,True,9,1,9,5,5,0,True,1 2 3 4 5,,True,
doi:10.1021/acssynbio.7b00277,10.1021/acssynbio.7b00277,2018,data/papers/2018/10.1021__acssynbio.7b00277/publisher/paper.pdf,True,8,1,8,3,3,0,True,1 2 3,,True,
doi:10.1021/acssynbio.7b00278,10.1021/acssynbio.7b00278,2018,data/papers/2018/10.1021__acssynbio.7b00278/publisher/paper.pdf,True,7,1,7,3,3,0,True,1 2 3,,True,
doi:10.1021/acssynbio.7b00279,10.1021/acssynbio.7b00279,2018,data/papers/2018/10.1021__acssynbio.7b00279/publisher/paper.pdf,True,9,1,9,5,5,0,True,1 2 3 4 5,,True,
doi:10.1021/acssynbio.7b00280,10.1021/acssynbio.7b00280,2018,data/papers/2018/10.1021__acssynbio.7b00280/publisher/paper.pdf,True,9,1,9,4,4,0,True,1 2 3 4,,True,
doi:10.1021/acssynbio.7b00285,10.1021/acssynbio.7b00285,2018,data/papers/2018/10.1021__acssynbio.7b00285/publisher/paper.pdf,True,10,1,10,5,5,0,True,1 2 3 4 5,,True,
doi:10.1021/acssynbio.7b00287,10.1021/acssynbio.7b00287,2018,data/papers/2018/10.1021__acssynbio.7b00287/publisher/paper.pdf,True,13,1,13,6,6,0,True,1 2 3 4 5 6,,True,
doi:10.1021/acssynbio.7b00289,10.1021/acssynbio.7b00289,2018,data/papers/2018/10.1021__acssynbio.7b00289/publisher/paper.pdf,True,9,1,9,5,5,0,True,1 2 3 4 5,,True,
doi:10.1021/acssynbio.7b00290,10.1021/acssynbio.7b00290,2018,data/papers/2018/10.1021__acssynbio.7b00290/publisher/paper.pdf,True,9,1,9,5,5,0,True,1 2 3 4 5,,True,
doi:10.1021/acssynbio.7b00292,10.1021/acssynbio.7b00292,2018,data/papers/2018/10.1021__acssynbio.7b00292/paper.pdf,True,9,1,9,5,5,0,True,1 2 3 4 5,,True,
doi:10.1021/acssynbio.7b00293,10.1021/acssynbio.7b00293,2018,data/papers/2018/10.1021__acssynbio.7b00293/publisher/paper.pdf,True,9,1,9,7,7,0,True,1 2 3 4 5 6 7,,True,
doi:10.1021/acssynbio.7b00294,10.1021/acssynbio.7b00294,2018,data/papers/2018/10.1021__acssynbio.7b00294/publisher/paper.pdf,True,5,1,5,2,2,0,True,1 2,,True,
doi:10.1021/acssynbio.7b00295,10.1021/acssynbio.7b00295,2018,data/papers/2018/10.1021__acssynbio.7b00295/publisher/paper.pdf,True,8,1,8,4,4,0,True,1 2 3 4,,True,
doi:10.1021/acssynbio.7b00296,10.1021/acssynbio.7b00296,2018,data/papers/2018/10.1021__acssynbio.7b00296/publisher/paper.pdf,True,12,1,12,9,9,0,True,1 2 3 4 5 6 7 8 9,,True,
doi:10.1021/acssynbio.7b00297,10.1021/acssynbio.7b00297,2018,data/papers/2018/10.1021__acssynbio.7b00297/publisher/paper.pdf,True,11,1,11,6,6,0,True,1 2 3 4 5 6,,True,
doi:10.1021/acssynbio.7b00302,10.1021/acssynbio.7b00302,2018,data/papers/2018/10.1021__acssynbio.7b00302/paper.pdf,True,11,1,11,5,5,0,True,1 2 3 4 5,,True,
doi:10.1021/acssynbio.7b00303,10.1021/acssynbio.7b00303,2018,data/papers/2018/10.1021__acssynbio.7b00303/publisher/paper.pdf,True,16,1,16,4,4,0,True,1 2 3 4,,True,
doi:10.1021/acssynbio.7b00304,10.1021/acssynbio.7b00304,2018,data/papers/2018/10.1021__acssynbio.7b00304/publisher/paper.pdf,True,20,1,20,9,9,0,True,1 2 3 4 5 6 7 8 9,,True,
doi:10.1021/acssynbio.7b00306,10.1021/acssynbio.7b00306,2018,data/papers/2018/10.1021__acssynbio.7b00306/publisher/paper.pdf,True,8,1,8,3,3,0,True,1 2 3,,True,
doi:10.1021/acssynbio.7b00308,10.1021/acssynbio.7b00308,2018,data/papers/2018/10.1021__acssynbio.7b00308/publisher/paper.pdf,True,12,1,12,5,5,0,True,1 2 3 4 5,,True,
doi:10.1021/acssynbio.7b00316,10.1021/acssynbio.7b00316,2018,data/papers/2018/10.1021__acssynbio.7b00316/publisher/paper.pdf,True,12,1,12,4,4,0,True,1 2 3 4,,True,
doi:10.1021/acssynbio.7b00318,10.1021/acssynbio.7b00318,2018,data/papers/2018/10.1021__acssynbio.7b00318/publisher/paper.pdf,True,9,1,9,6,6,0,True,1 2 3 4 5 6,,True,
doi:10.1021/acssynbio.7b00323,10.1021/acssynbio.7b00323,2018,data/papers/2018/10.1021__acssynbio.7b00323/publisher/paper.pdf,True,9,1,9,5,5,0,True,1 2 3 4 5,,True,
doi:10.1021/acssynbio.7b00325,10.1021/acssynbio.7b00325,2018,data/papers/2018/10.1021__acssynbio.7b00325/publisher/paper.pdf,True,13,1,13,4,4,0,True,1 2 3 4,,True,
doi:10.1021/acssynbio.7b00327,10.1021/acssynbio.7b00327,2018,data/papers/2018/10.1021__acssynbio.7b00327/publisher/paper.pdf,True,17,1,17,3,3,0,True,1 2 3,,True,
doi:10.1021/acssynbio.7b00328,10.1021/acssynbio.7b00328,2018,data/papers/2018/10.1021__acssynbio.7b00328/paper.pdf,True,12,1,12,5,5,0,True,1 2 3 4 5,,True,
doi:10.1021/acssynbio.7b00331,10.1021/acssynbio.7b00331,2018,data/papers/2018/10.1021__acssynbio.7b00331/publisher/paper.pdf,True,11,1,11,4,4,0,True,1 2 3 4,,True,
doi:10.1021/acssynbio.7b00333,10.1021/acssynbio.7b00333,2018,data/papers/2018/10.1021__acssynbio.7b00333/publisher/paper.pdf,True,8,1,8,8,8,0,True,1 2 3 4 5 6 7 8,,True,
doi:10.1021/acssynbio.7b00338,10.1021/acssynbio.7b00338,2018,data/papers/2018/10.1021__acssynbio.7b00338/publisher/paper.pdf,True,7,1,7,4,4,0,True,1 2 3 4,,True,
doi:10.1021/acssynbio.7b00339,10.1021/acssynbio.7b00339,2018,data/papers/2018/10.1021__acssynbio.7b00339/publisher/paper.pdf,True,11,1,11,8,8,0,True,1 2 3 4 5 6 7 8,,True,
doi:10.1021/acssynbio.7b00342,10.1021/acssynbio.7b00342,2018,data/papers/2018/10.1021__acssynbio.7b00342/publisher/paper.pdf,True,10,1,10,4,4,0,True,1 2 3 4,,True,
doi:10.1021/acssynbio.7b00344,10.1021/acssynbio.7b00344,2018,data/papers/2018/10.1021__acssynbio.7b00344/publisher/paper.pdf,True,11,1,11,7,7,0,True,1 2 3 4 5 6 7,,True,
doi:10.1021/acssynbio.7b00349,10.1021/acssynbio.7b00349,2018,data/papers/2018/10.1021__acssynbio.7b00349/publisher/paper.pdf,True,6,1,6,4,3,1,False,1 2 3 4,,True,
doi:10.1021/acssynbio.7b00355,10.1021/acssynbio.7b00355,2018,data/papers/2018/10.1021__acssynbio.7b00355/publisher/paper.pdf,True,4,1,4,3,3,0,True,1 2 3,,True,
doi:10.1021/acssynbio.7b00356,10.1021/acssynbio.7b00356,2018,data/papers/2018/10.1021__acssynbio.7b00356/publisher/paper.pdf,True,9,1,9,6,6,0,True,1 2 3 4 5 6,,True,
doi:10.1021/acssynbio.7b00365,10.1021/acssynbio.7b00365,2018,data/papers/2018/10.1021__acssynbio.7b00365/publisher/paper.pdf,True,8,1,8,5,5,0,True,1 2 3 4 5,,True,
doi:10.1021/acssynbio.7b00366,10.1021/acssynbio.7b00366,2018,data/papers/2018/10.1021__acssynbio.7b00366/publisher/paper.pdf,True,13,1,13,5,5,0,True,1 2 3 4 5,,True,
doi:10.1021/acssynbio.7b00367,10.1021/acssynbio.7b00367,2018,data/papers/2018/10.1021__acssynbio.7b00367/publisher/paper.pdf,True,6,1,6,3,3,0,True,1 2 3,,True,
doi:10.1021/acssynbio.7b00368,10.1021/acssynbio.7b00368,2018,data/papers/2018/10.1021__acssynbio.7b00368/publisher/paper.pdf,True,8,1,8,4,4,0,True,1 2 3 4,,True,
doi:10.1021/acssynbio.7b00372,10.1021/acssynbio.7b00372,2018,data/papers/2018/10.1021__acssynbio.7b00372/publisher/paper.pdf,True,7,1,7,6,6,0,True,1 2 3 4 5 6,,True,
doi:10.1021/acssynbio.7b00373,10.1021/acssynbio.7b00373,2018,data/papers/2018/10.1021__acssynbio.7b00373/publisher/paper.pdf,True,12,1,12,7,7,0,True,1 2 3 4 5 6 7,,True,
doi:10.1021/acssynbio.7b00376,10.1021/acssynbio.7b00376,2018,data/papers/2018/10.1021__acssynbio.7b00376/publisher/paper.pdf,True,4,1,4,2,2,0,True,1 2,,True,
doi:10.1021/acssynbio.7b00377,10.1021/acssynbio.7b00377,2018,data/papers/2018/10.1021__acssynbio.7b00377/publisher/paper.pdf,True,8,1,8,5,5,0,True,1 2 3 4 5,,True,
doi:10.1021/acssynbio.7b00383,10.1021/acssynbio.7b00383,2018,data/papers/2018/10.1021__acssynbio.7b00383/paper.pdf,False,23,1,23,8,8,0,True,1 2 3 4 5 6 7 8,,True,
doi:10.1021/acssynbio.7b00385,10.1021/acssynbio.7b00385,2018,data/papers/2018/10.1021__acssynbio.7b00385/publisher/paper.pdf,True,8,1,8,7,7,0,True,1 2 3 4 5 6 7,,True,
doi:10.1021/acssynbio.7b00386,10.1021/acssynbio.7b00386,2018,data/papers/2018/10.1021__acssynbio.7b00386/publisher/paper.pdf,True,9,1,9,6,6,0,True,1 2 3 4 5 6,,True,
doi:10.1021/acssynbio.7b00391,10.1021/acssynbio.7b00391,2018,data/papers/2018/10.1021__acssynbio.7b00391/publisher/paper.pdf,True,7,1,7,4,4,0,True,1 2 3 4,,True,
doi:10.1021/acssynbio.7b00394,10.1021/acssynbio.7b00394,2018,data/papers/2018/10.1021__acssynbio.7b00394/paper.pdf,True,9,1,9,4,4,0,True,1 2 3 4,,True,
doi:10.1021/acssynbio.7b00397,10.1021/acssynbio.7b00397,2018,data/papers/2018/10.1021__acssynbio.7b00397/publisher/paper.pdf,True,8,1,8,6,6,0,True,1 2 3 4 5 6,,True,
doi:10.1021/acssynbio.7b00398,10.1021/acssynbio.7b00398,2018,data/papers/2018/10.1021__acssynbio.7b00398/publisher/paper.pdf,True,10,1,10,6,6,0,True,1 2 3 4 5 6,,True,
doi:10.1021/acssynbio.7b00403,10.1021/acssynbio.7b00403,2018,data/papers/2018/10.1021__acssynbio.7b00403/publisher/paper.pdf,True,7,1,7,6,6,0,True,1 2 3 4 5 6,,True,
doi:10.1021/acssynbio.7b00407,10.1021/acssynbio.7b00407,2018,data/papers/2018/10.1021__acssynbio.7b00407/publisher/paper.pdf,True,5,1,5,3,3,0,True,1 2 3,,True,
doi:10.1021/acssynbio.7b00408,10.1021/acssynbio.7b00408,2018,data/papers/2018/10.1021__acssynbio.7b00408/publisher/paper.pdf,True,7,1,7,5,5,0,True,1 2 3 4 5,,True,
doi:10.1021/acssynbio.7b00409,10.1021/acssynbio.7b00409,2018,data/papers/2018/10.1021__acssynbio.7b00409/publisher/paper.pdf,True,7,1,7,5,5,0,True,1 2 3 4 5,,True,
doi:10.1021/acssynbio.7b00410,10.1021/acssynbio.7b00410,2018,data/papers/2018/10.1021__acssynbio.7b00410/paper.pdf,True,10,1,10,5,5,0,True,1 2 3 4 5,,True,
doi:10.1021/acssynbio.7b00412,10.1021/acssynbio.7b00412,2018,data/papers/2018/10.1021__acssynbio.7b00412/publisher/paper.pdf,True,7,1,7,6,6,0,True,1 2 3 4 5 6,,True,
doi:10.1021/acssynbio.7b00413,10.1021/acssynbio.7b00413,2018,data/papers/2018/10.1021__acssynbio.7b00413/paper.pdf,True,12,1,12,5,5,0,True,1 2 3 4 5,,True,
doi:10.1021/acssynbio.7b00414,10.1021/acssynbio.7b00414,2018,data/papers/2018/10.1021__acssynbio.7b00414/paper.pdf,False,19,1,19,1,4,-3,False,3,1 2,False,
doi:10.1021/acssynbio.7b00415,10.1021/acssynbio.7b00415,2018,data/papers/2018/10.1021__acssynbio.7b00415/publisher/paper.pdf,True,9,1,9,4,4,0,True,1 2 3 4,,True,
doi:10.1021/acssynbio.7b00416,10.1021/acssynbio.7b00416,2018,data/papers/2018/10.1021__acssynbio.7b00416/publisher/paper.pdf,True,12,1,12,6,6,0,True,1 2 3 4 5 6,,True,
doi:10.1021/acssynbio.7b00425,10.1021/acssynbio.7b00425,2018,data/papers/2018/10.1021__acssynbio.7b00425/paper.pdf,False,31,1,31,9,9,0,True,1 2 3 4 5 6 7 8 9,,True,
doi:10.1021/acssynbio.7b00426,10.1021/acssynbio.7b00426,2018,data/papers/2018/10.1021__acssynbio.7b00426/publisher/paper.pdf,True,6,1,6,4,4,0,True,1 2 3 4,,True,
doi:10.1021/acssynbio.7b00428,10.1021/acssynbio.7b00428,2018,data/papers/2018/10.1021__acssynbio.7b00428/paper.pdf,False,47,1,47,0,7,-7,False,,,True,
doi:10.1021/acssynbio.7b00433,10.1021/acssynbio.7b00433,2018,data/papers/2018/10.1021__acssynbio.7b00433/publisher/paper.pdf,True,7,1,7,3,3,0,True,1 2 3,,True,
doi:10.1021/acssynbio.7b00435,10.1021/acssynbio.7b00435,2018,data/papers/2018/10.1021__acssynbio.7b00435/paper.pdf,False,12,1,12,8,8,0,True,1 2 3 4 5 6 7 8,,True,
doi:10.1021/acssynbio.7b00442,10.1021/acssynbio.7b00442,2018,data/papers/2018/10.1021__acssynbio.7b00442/pmc/paper.pdf,True,7,1,7,6,6,0,True,1 2 3 4 5 6,,True,
doi:10.1021/acssynbio.7b00460,10.1021/acssynbio.7b00460,2018,data/papers/2018/10.1021__acssynbio.7b00460/publisher/paper.pdf,True,9,1,9,6,6,0,True,1 2 3 4 5 6,,True,
doi:10.1021/acssynbio.7b00465,10.1021/acssynbio.7b00465,2018,data/papers/2018/10.1021__acssynbio.7b00465/paper.pdf,False,40,1,40,7,7,0,True,1 2 3 4 5 6 7,,True,
doi:10.1021/acssynbio.7b00466,10.1021/acssynbio.7b00466,2018,data/papers/2018/10.1021__acssynbio.7b00466/paper.pdf,False,43,1,43,2,5,-3,False,3 5,1 2 4,False,
doi:10.1021/acssynbio.8b00014,10.1021/acssynbio.8b00014,2018,data/papers/2018/10.1021__acssynbio.8b00014/paper.pdf,False,12,1,12,3,3,0,True,1 2 3,,True,
doi:10.1021/acssynbio.8b00015,10.1021/acssynbio.8b00015,2018,data/papers/2018/10.1021__acssynbio.8b00015/paper.pdf,False,28,1,28,1,5,-4,False,5,1 2 3 4,False,
doi:10.1021/acssynbio.8b00016,10.1021/acssynbio.8b00016,2018,data/papers/2018/10.1021__acssynbio.8b00016/paper.pdf,True,7,1,7,4,4,0,True,1 2 3 4,,True,
doi:10.1021/acssynbio.8b00018,10.1021/acssynbio.8b00018,2018,data/papers/2018/10.1021__acssynbio.8b00018/paper.pdf,True,15,1,15,8,8,0,True,1 2 3 4 5 6 7 8,,True,
doi:10.1021/acssynbio.8b00056,10.1021/acssynbio.8b00056,2018,data/papers/2018/10.1021__acssynbio.8b00056/paper.pdf,False,23,1,23,0,4,-4,False,,,True,
doi:10.1021/acssynbio.8b00057,10.1021/acssynbio.8b00057,2018,data/papers/2018/10.1021__acssynbio.8b00057/paper.pdf,True,11,1,11,7,7,0,True,1 2 3 4 5 6 7,,True,
doi:10.1021/acssynbio.8b00060,10.1021/acssynbio.8b00060,2018,data/papers/2018/10.1021__acssynbio.8b00060/paper.pdf,False,9,1,9,2,2,0,True,1 2,,True,
doi:10.1021/acssynbio.8b00076,10.1021/acssynbio.8b00076,2018,data/papers/2018/10.1021__acssynbio.8b00076/paper.pdf,True,15,1,15,4,4,0,True,1 2 3 4,,True,
doi:10.1021/acssynbio.8b00138,10.1021/acssynbio.8b00138,2018,data/papers/2018/10.1021__acssynbio.8b00138/paper.pdf,False,18,1,18,3,4,-1,False,1 2 3,,True,
doi:10.1021/acssynbio.8b00139,10.1021/acssynbio.8b00139,2018,data/papers/2018/10.1021__acssynbio.8b00139/paper.pdf,False,20,1,20,4,4,0,True,1 2 3 4,,True,
doi:10.1021/acssynbio.8b00145,10.1021/acssynbio.8b00145,2018,data/papers/2018/10.1021__acssynbio.8b00145/paper.pdf,False,11,1,11,7,8,-1,False,1 2 3 4 5 6 7,,True,
doi:10.1021/acssynbio.8b00158,10.1021/acssynbio.8b00158,2018,data/papers/2018/10.1021__acssynbio.8b00158/paper.pdf,False,28,1,28,0,5,-5,False,,,True,
doi:10.1021/acssynbio.8b00174,10.1021/acssynbio.8b00174,2018,data/papers/2018/10.1021__acssynbio.8b00174/paper.pdf,False,33,1,21,5,5,0,True,1 2 3 4 5,,True,
doi:10.1021/acssynbio.8b00201,10.1021/acssynbio.8b00201,2018,data/papers/2018/10.1021__acssynbio.8b00201/pmc/paper.pdf,True,12,1,12,10,10,0,True,1 2 3 4 5 6 7 8 9 10,,True,
doi:10.1021/acssynbio.8b00217,10.1021/acssynbio.8b00217,2018,data/papers/2018/10.1021__acssynbio.8b00217/paper.pdf,True,10,1,10,4,4,0,True,1 2 3 4,,True,
doi:10.1021/acssynbio.8b00218,10.1021/acssynbio.8b00218,2018,data/papers/2018/10.1021__acssynbio.8b00218/paper.pdf,False,25,1,25,0,9,-9,False,,,True,
doi:10.1021/acssynbio.8b00219,10.1021/acssynbio.8b00219,2018,data/papers/2018/10.1021__acssynbio.8b00219/paper.pdf,False,31,1,31,4,4,0,True,1 2 3 4,,True,
doi:10.1021/acssynbio.8b00222,10.1021/acssynbio.8b00222,2018,data/papers/2018/10.1021__acssynbio.8b00222/paper.pdf,False,11,1,11,2,2,0,True,1 2,,True,
doi:10.1021/acssynbio.8b00230,10.1021/acssynbio.8b00230,2018,data/papers/2018/10.1021__acssynbio.8b00230/paper.pdf,True,16,1,16,11,11,0,True,1 2 3 4 5 6 7 8 9 10 11,,True,
doi:10.1021/acssynbio.8b00243,10.1021/acssynbio.8b00243,2018,data/papers/2018/10.1021__acssynbio.8b00243/paper.pdf,False,23,1,23,3,6,-3,False,1 3 5,2 4,False,
doi:10.1021/acssynbio.8b00279,10.1021/acssynbio.8b00279,2018,data/papers/2018/10.1021__acssynbio.8b00279/paper.pdf,True,9,1,9,4,4,0,True,1 2 3 4,,True,
doi:10.1021/acssynbio.8b00283,10.1021/acssynbio.8b00283,2018,data/papers/2018/10.1021__acssynbio.8b00283/paper.pdf,False,25,1,25,6,6,0,True,1 2 3 4 5 6,,True,
doi:10.1021/acssynbio.8b00300,10.1021/acssynbio.8b00300,2018,data/papers/2018/10.1021__acssynbio.8b00300/pmc/paper.pdf,True,9,1,9,5,5,0,True,1 2 3 4 5,,True,
doi:10.1021/acssynbio.8b00314,10.1021/acssynbio.8b00314,2018,data/papers/2018/10.1021__acssynbio.8b00314/paper.pdf,True,7,1,7,5,5,0,True,1 2 3 4 5,,True,
doi:10.1021/acssynbio.8b00424,10.1021/acssynbio.8b00424,2018,data/papers/2018/10.1021__acssynbio.8b00424/paper.pdf,True,7,1,7,5,5,0,True,1 2 3 4 5,,True,
doi:10.1021/acssynbio.8b00166,10.1021/acssynbio.8b00166,2019,data/papers/2019/10.1021__acssynbio.8b00166/paper.pdf,False,26,1,26,10,10,0,True,1 2 3 4 5 6 7 8 9 10,,True,
doi:10.1021/acssynbio.8b00305,10.1021/acssynbio.8b00305,2019,data/papers/2019/10.1021__acssynbio.8b00305/paper.pdf,True,10,1,10,7,7,0,True,1 2 3 4 5 6 7,,True,
doi:10.1021/acssynbio.8b00326,10.1021/acssynbio.8b00326,2019,data/papers/2019/10.1021__acssynbio.8b00326/paper.pdf,False,43,1,43,4,7,-3,False,1 2 3 5,4,False,
doi:10.1021/acssynbio.8b00342,10.1021/acssynbio.8b00342,2019,data/papers/2019/10.1021__acssynbio.8b00342/paper.pdf,True,10,1,10,7,7,0,True,1 2 3 4 5 6 7,,True,
doi:10.1021/acssynbio.8b00377,10.1021/acssynbio.8b00377,2019,data/papers/2019/10.1021__acssynbio.8b00377/paper.pdf,True,8,1,8,5,5,0,True,1 2 3 4 5,,True,
doi:10.1021/acssynbio.8b00398,10.1021/acssynbio.8b00398,2019,data/papers/2019/10.1021__acssynbio.8b00398/paper.pdf,False,10,1,10,3,3,0,True,1 2 3,,True,
doi:10.1021/acssynbio.8b00406,10.1021/acssynbio.8b00406,2019,data/papers/2019/10.1021__acssynbio.8b00406/paper.pdf,False,14,1,14,3,3,0,True,1 2 3,,True,
doi:10.1021/acssynbio.8b00440,10.1021/acssynbio.8b00440,2019,data/papers/2019/10.1021__acssynbio.8b00440/paper.pdf,False,7,1,7,1,1,0,True,1,,True,
doi:10.1021/acssynbio.8b00454,10.1021/acssynbio.8b00454,2019,data/papers/2019/10.1021__acssynbio.8b00454/paper.pdf,False,7,1,7,4,4,0,True,1 2 3 4,,True,
doi:10.1021/acssynbio.8b00457,10.1021/acssynbio.8b00457,2019,data/papers/2019/10.1021__acssynbio.8b00457/paper.pdf,False,32,1,32,0,5,-5,False,,,True,
doi:10.1021/acssynbio.8b00464,10.1021/acssynbio.8b00464,2019,data/papers/2019/10.1021__acssynbio.8b00464/paper.pdf,True,7,1,7,4,4,0,True,1 2 3 4,,True,
doi:10.1021/acssynbio.8b00480,10.1021/acssynbio.8b00480,2019,data/papers/2019/10.1021__acssynbio.8b00480/paper.pdf,False,21,1,21,4,4,0,True,1 2 3 4,,True,
doi:10.1021/acssynbio.8b00481,10.1021/acssynbio.8b00481,2019,data/papers/2019/10.1021__acssynbio.8b00481/paper.pdf,True,11,1,11,6,6,0,True,1 2 3 4 5 6,,True,
doi:10.1021/acssynbio.8b00482,10.1021/acssynbio.8b00482,2019,data/papers/2019/10.1021__acssynbio.8b00482/versions/biorxiv_preprint_v1/paper__23d2b2343d21.pdf,False,10,1,10,2,2,0,True,1 2,,True,
doi:10.1021/acssynbio.8b00484,10.1021/acssynbio.8b00484,2019,data/papers/2019/10.1021__acssynbio.8b00484/paper.pdf,False,35,1,35,0,6,-6,False,,,True,
doi:10.1021/acssynbio.8b00503,10.1021/acssynbio.8b00503,2019,data/papers/2019/10.1021__acssynbio.8b00503/paper.pdf,False,11,1,11,0,5,-5,False,,,True,
doi:10.1021/acssynbio.8b00512,10.1021/acssynbio.8b00512,2019,data/papers/2019/10.1021__acssynbio.8b00512/paper.pdf,True,11,1,11,6,6,0,True,1 2 3 4 5 6,,True,
doi:10.1021/acssynbio.8b00526,10.1021/acssynbio.8b00526,2019,data/papers/2019/10.1021__acssynbio.8b00526/paper.pdf,True,4,1,4,2,2,0,True,1 2,,True,
doi:10.1021/acssynbio.8b00531,10.1021/acssynbio.8b00531,2019,data/papers/2019/10.1021__acssynbio.8b00531/paper.pdf,False,10,1,10,0,6,-6,False,,,True,
doi:10.1021/acssynbio.9b00017,10.1021/acssynbio.9b00017,2019,data/papers/2019/10.1021__acssynbio.9b00017/paper.pdf,True,18,1,18,9,9,0,True,1 2 3 4 5 6 7 8 9,,True,
doi:10.1021/acssynbio.9b00021,10.1021/acssynbio.9b00021,2019,data/papers/2019/10.1021__acssynbio.9b00021/paper.pdf,False,26,1,26,0,6,-6,False,,,True,
doi:10.1021/acssynbio.9b00034,10.1021/acssynbio.9b00034,2019,data/papers/2019/10.1021__acssynbio.9b00034/paper.pdf,True,11,1,11,4,4,0,True,1 2 3 4,,True,
doi:10.1021/acssynbio.9b00061,10.1021/acssynbio.9b00061,2019,data/papers/2019/10.1021__acssynbio.9b00061/paper.pdf,False,12,1,12,4,4,0,True,1 2 3 4,,True,
doi:10.1021/acssynbio.9b00063,10.1021/acssynbio.9b00063,2019,data/papers/2019/10.1021__acssynbio.9b00063/paper.pdf,True,8,1,8,5,5,0,True,1 2 3 4 5,,True,
doi:10.1021/acssynbio.9b00101,10.1021/acssynbio.9b00101,2019,data/papers/2019/10.1021__acssynbio.9b00101/paper.pdf,True,6,1,6,2,2,0,True,1 2,,True,
doi:10.1021/acssynbio.9b00106,10.1021/acssynbio.9b00106,2019,data/papers/2019/10.1021__acssynbio.9b00106/pmc/paper.pdf,True,12,1,12,7,7,0,True,1 2 3 4 5 6 7,,True,
doi:10.1021/acssynbio.9b00120,10.1021/acssynbio.9b00120,2019,data/papers/2019/10.1021__acssynbio.9b00120/paper.pdf,False,40,1,40,0,10,-10,False,,,True,
doi:10.1021/acssynbio.9b00142,10.1021/acssynbio.9b00142,2019,data/papers/2019/10.1021__acssynbio.9b00142/paper.pdf,True,9,1,9,6,6,0,True,1 2 3 4 5 6,,True,
doi:10.1021/acssynbio.9b00149,10.1021/acssynbio.9b00149,2019,data/papers/2019/10.1021__acssynbio.9b00149/paper.pdf,True,11,1,11,5,5,0,True,1 2 3 4 5,,True,
doi:10.1021/acssynbio.9b00163,10.1021/acssynbio.9b00163,2019,data/papers/2019/10.1021__acssynbio.9b00163/paper.pdf,False,21,1,21,0,9,-9,False,,,True,
doi:10.1021/acssynbio.9b00166,10.1021/acssynbio.9b00166,2019,data/papers/2019/10.1021__acssynbio.9b00166/paper.pdf,True,9,1,9,4,4,0,True,1 2 3 4,,True,
doi:10.1021/acssynbio.9b00172,10.1021/acssynbio.9b00172,2019,data/papers/2019/10.1021__acssynbio.9b00172/paper.pdf,False,16,1,16,3,4,-1,False,1 2 4,3,False,
doi:10.1021/acssynbio.9b00174,10.1021/acssynbio.9b00174,2019,data/papers/2019/10.1021__acssynbio.9b00174/paper.pdf,False,8,1,8,3,3,0,True,1 2 3,,True,
doi:10.1021/acssynbio.9b00177,10.1021/acssynbio.9b00177,2019,data/papers/2019/10.1021__acssynbio.9b00177/paper.pdf,False,8,1,8,4,4,0,True,1 2 3 4,,True,
doi:10.1021/acssynbio.9b00192,10.1021/acssynbio.9b00192,2019,data/papers/2019/10.1021__acssynbio.9b00192/paper.pdf,False,12,1,12,0,1,-1,False,,,True,
doi:10.1021/acssynbio.9b00203,10.1021/acssynbio.9b00203,2019,data/papers/2019/10.1021__acssynbio.9b00203/paper.pdf,True,14,1,14,7,7,0,True,1 2 3 4 5 6 7,,True,
doi:10.1021/acssynbio.9b00213,10.1021/acssynbio.9b00213,2019,data/papers/2019/10.1021__acssynbio.9b00213/paper.pdf,False,29,1,29,0,6,-6,False,,,True,
doi:10.1021/acssynbio.9b00220,10.1021/acssynbio.9b00220,2019,data/papers/2019/10.1021__acssynbio.9b00220/paper.pdf,True,6,1,6,2,2,0,True,1 2,,True,
doi:10.1021/acssynbio.9b00226,10.1021/acssynbio.9b00226,2019,data/papers/2019/10.1021__acssynbio.9b00226/paper.pdf,False,18,1,18,0,4,-4,False,,,True,
doi:10.1021/acssynbio.9b00230,10.1021/acssynbio.9b00230,2019,data/papers/2019/10.1021__acssynbio.9b00230/paper.pdf,False,21,1,21,4,4,0,True,1 2 3 4,,True,
doi:10.1021/acssynbio.9b00235,10.1021/acssynbio.9b00235,2019,data/papers/2019/10.1021__acssynbio.9b00235/paper.pdf,False,11,1,11,4,4,0,True,1 2 3 4,,True,
doi:10.1021/acssynbio.9b00238,10.1021/acssynbio.9b00238,2019,data/papers/2019/10.1021__acssynbio.9b00238/paper.pdf,False,12,1,12,10,10,0,True,1 2 3 4 5 6 7 8 9 10,,True,
doi:10.1021/acssynbio.9b00242,10.1021/acssynbio.9b00242,2019,data/papers/2019/10.1021__acssynbio.9b00242/paper.pdf,False,13,1,13,5,5,0,True,1 2 3 4 5,,True,
doi:10.1021/acssynbio.9b00243,10.1021/acssynbio.9b00243,2019,data/papers/2019/10.1021__acssynbio.9b00243/paper.pdf,False,31,1,31,1,4,-3,False,2,1,False,
doi:10.1021/acssynbio.9b00255,10.1021/acssynbio.9b00255,2019,data/papers/2019/10.1021__acssynbio.9b00255/paper.pdf,False,34,1,34,0,7,-7,False,,,True,
doi:10.1021/acssynbio.9b00274,10.1021/acssynbio.9b00274,2019,data/papers/2019/10.1021__acssynbio.9b00274/paper.pdf,False,21,1,21,7,7,0,True,1 2 3 4 5 6 7,,True,
doi:10.1021/acssynbio.9b00275,10.1021/acssynbio.9b00275,2019,data/papers/2019/10.1021__acssynbio.9b00275/versions/biorxiv_preprint_v1/paper__a0076773c71b.pdf,False,7,1,7,4,4,0,True,1 2 3 4,,True,
doi:10.1021/acssynbio.9b00289,10.1021/acssynbio.9b00289,2019,data/papers/2019/10.1021__acssynbio.9b00289/paper.pdf,True,7,1,7,3,3,0,True,1 2 3,,True,
doi:10.1021/acssynbio.9b00291,10.1021/acssynbio.9b00291,2019,data/papers/2019/10.1021__acssynbio.9b00291/paper.pdf,False,14,1,14,5,5,0,True,1 2 3 4 5,,True,
doi:10.1021/acssynbio.9b00310,10.1021/acssynbio.9b00310,2019,data/papers/2019/10.1021__acssynbio.9b00310/paper.pdf,True,8,1,8,5,5,0,True,1 2 3 4 5,,True,
doi:10.1021/acssynbio.9b00316,10.1021/acssynbio.9b00316,2019,data/papers/2019/10.1021__acssynbio.9b00316/paper.pdf,False,12,1,12,4,4,0,True,1 2 3 4,,True,
doi:10.1021/acssynbio.9b00321,10.1021/acssynbio.9b00321,2019,data/papers/2019/10.1021__acssynbio.9b00321/paper.pdf,False,39,1,39,0,7,-7,False,,,True,
doi:10.1021/acssynbio.9b00361,10.1021/acssynbio.9b00361,2019,data/papers/2019/10.1021__acssynbio.9b00361/paper.pdf,True,9,1,9,3,3,0,True,1 2 3,,True,
doi:10.1021/acssynbio.0c00002,10.1021/acssynbio.0c00002,2020,data/papers/2020/10.1021__acssynbio.0c00002/paper.pdf,False,17,1,17,4,4,0,True,1 2 3 4,,True,
doi:10.1021/acssynbio.0c00022,10.1021/acssynbio.0c00022,2020,data/papers/2020/10.1021__acssynbio.0c00022/paper.pdf,True,12,1,12,5,5,0,True,1 2 3 4 5,,True,
doi:10.1021/acssynbio.0c00045,10.1021/acssynbio.0c00045,2020,data/papers/2020/10.1021__acssynbio.0c00045/paper.pdf,True,15,1,15,7,7,0,True,1 2 3 4 5 6 7,,True,
doi:10.1021/acssynbio.0c00048,10.1021/acssynbio.0c00048,2020,data/papers/2020/10.1021__acssynbio.0c00048/paper.pdf,True,11,1,11,5,5,0,True,1 2 3 4 5,,True,
doi:10.1021/acssynbio.0c00052,10.1021/acssynbio.0c00052,2020,data/papers/2020/10.1021__acssynbio.0c00052/paper.pdf,True,4,1,4,1,1,0,True,1,,True,
doi:10.1021/acssynbio.0c00081,10.1021/acssynbio.0c00081,2020,data/papers/2020/10.1021__acssynbio.0c00081/paper.pdf,False,8,1,8,3,3,0,True,1 2 3,,True,
doi:10.1021/acssynbio.0c00082,10.1021/acssynbio.0c00082,2020,data/papers/2020/10.1021__acssynbio.0c00082/paper.pdf,True,12,1,12,5,5,0,True,1 2 3 4 5,,True,
doi:10.1021/acssynbio.0c00106,10.1021/acssynbio.0c00106,2020,data/papers/2020/10.1021__acssynbio.0c00106/paper.pdf,False,16,1,16,4,4,0,True,1 2 3 4,,True,
doi:10.1021/acssynbio.0c00119,10.1021/acssynbio.0c00119,2020,data/papers/2020/10.1021__acssynbio.0c00119/paper.pdf,False,16,1,16,7,7,0,True,1 2 3 4 5 6 7,,True,
doi:10.1021/acssynbio.0c00129,10.1021/acssynbio.0c00129,2020,data/papers/2020/10.1021__acssynbio.0c00129/paper.pdf,False,57,1,57,8,8,0,True,1 2 3 4 5 6 7 8,,True,
doi:10.1021/acssynbio.0c00130,10.1021/acssynbio.0c00130,2020,data/papers/2020/10.1021__acssynbio.0c00130/pmc/paper.pdf,True,11,1,11,6,6,0,True,1 2 3 4 5 6,,True,
doi:10.1021/acssynbio.0c00133,10.1021/acssynbio.0c00133,2020,data/papers/2020/10.1021__acssynbio.0c00133/paper.pdf,True,11,1,11,5,5,0,True,1 2 3 4 5,,True,
doi:10.1021/acssynbio.0c00146,10.1021/acssynbio.0c00146,2020,data/papers/2020/10.1021__acssynbio.0c00146/paper.pdf,False,22,1,22,3,4,-1,False,1 2 4,3,False,
doi:10.1021/acssynbio.0c00150,10.1021/acssynbio.0c00150,2020,data/papers/2020/10.1021__acssynbio.0c00150/paper.pdf,True,11,1,11,5,5,0,True,1 2 3 4 5,,True,
doi:10.1021/acssynbio.0c00159,10.1021/acssynbio.0c00159,2020,data/papers/2020/10.1021__acssynbio.0c00159/paper.pdf,False,7,1,7,2,2,0,True,1 2,,True,
doi:10.1021/acssynbio.0c00182,10.1021/acssynbio.0c00182,2020,data/papers/2020/10.1021__acssynbio.0c00182/paper.pdf,False,16,1,16,5,2,3,False,1 2 3 4 5,,True,
doi:10.1021/acssynbio.0c00185,10.1021/acssynbio.0c00185,2020,data/papers/2020/10.1021__acssynbio.0c00185/paper.pdf,True,11,1,11,5,5,0,True,1 2 3 4 5,,True,
doi:10.1021/acssynbio.0c00194,10.1021/acssynbio.0c00194,2020,data/papers/2020/10.1021__acssynbio.0c00194/pmc/paper.pdf,True,10,1,10,4,4,0,True,1 2 3 4,,True,
doi:10.1021/acssynbio.0c00196,10.1021/acssynbio.0c00196,2020,data/papers/2020/10.1021__acssynbio.0c00196/paper.pdf,False,11,1,11,5,5,0,True,1 2 3 4 5,,True,
doi:10.1021/acssynbio.0c00210,10.1021/acssynbio.0c00210,2020,data/papers/2020/10.1021__acssynbio.0c00210/paper.pdf,True,29,1,29,5,5,0,True,1 2 3 4 5,,True,
doi:10.1021/acssynbio.0c00214,10.1021/acssynbio.0c00214,2020,data/papers/2020/10.1021__acssynbio.0c00214/paper.pdf,True,8,1,8,4,4,0,True,1 2 3 4,,True,
doi:10.1021/acssynbio.0c00235,10.1021/acssynbio.0c00235,2020,data/papers/2020/10.1021__acssynbio.0c00235/paper.pdf,True,18,1,18,6,6,0,True,1 2 3 4 5 6,,True,
doi:10.1021/acssynbio.0c00267,10.1021/acssynbio.0c00267,2020,data/papers/2020/10.1021__acssynbio.0c00267/paper.pdf,False,15,1,15,0,4,-4,False,,,True,
doi:10.1021/acssynbio.0c00276,10.1021/acssynbio.0c00276,2020,data/papers/2020/10.1021__acssynbio.0c00276/paper.pdf,False,48,1,48,0,6,-6,False,,,True,
doi:10.1021/acssynbio.0c00283,10.1021/acssynbio.0c00283,2020,data/papers/2020/10.1021__acssynbio.0c00283/versions/biorxiv_preprint_v1/paper__4ae7688b749c.pdf,False,12,1,12,2,5,-3,False,1 2,,True,
doi:10.1021/acssynbio.0c00296,10.1021/acssynbio.0c00296,2020,data/papers/2020/10.1021__acssynbio.0c00296/paper.pdf,True,9,1,9,4,4,0,True,1 2 3 4,,True,
doi:10.1021/acssynbio.0c00299,10.1021/acssynbio.0c00299,2020,data/papers/2020/10.1021__acssynbio.0c00299/paper.pdf,True,10,1,10,5,5,0,True,1 2 3 4 5,,True,
doi:10.1021/acssynbio.0c00303,10.1021/acssynbio.0c00303,2020,data/papers/2020/10.1021__acssynbio.0c00303/paper.pdf,False,33,1,33,6,6,0,True,1 2 3 4 5 6,,True,
doi:10.1021/acssynbio.0c00308,10.1021/acssynbio.0c00308,2020,data/papers/2020/10.1021__acssynbio.0c00308/pmc/paper.pdf,True,12,1,12,5,5,0,True,1 2 3 4 5,,True,
doi:10.1021/acssynbio.0c00315,10.1021/acssynbio.0c00315,2020,data/papers/2020/10.1021__acssynbio.0c00315/paper.pdf,True,12,1,12,4,4,0,True,1 2 3 4,,True,
doi:10.1021/acssynbio.0c00323,10.1021/acssynbio.0c00323,2020,data/papers/2020/10.1021__acssynbio.0c00323/paper.pdf,False,36,1,36,5,6,-1,False,1 2 4 5 6,3,False,
doi:10.1021/acssynbio.0c00325,10.1021/acssynbio.0c00325,2020,data/papers/2020/10.1021__acssynbio.0c00325/paper.pdf,False,15,1,15,5,5,0,True,1 2 3 4 5,,True,
doi:10.1021/acssynbio.0c00326,10.1021/acssynbio.0c00326,2020,data/papers/2020/10.1021__acssynbio.0c00326/paper.pdf,True,21,1,21,8,8,0,True,1 2 3 4 5 6 7 8,,True,
doi:10.1021/acssynbio.0c00330,10.1021/acssynbio.0c00330,2020,data/papers/2020/10.1021__acssynbio.0c00330/paper.pdf,True,11,1,11,4,4,0,True,1 2 3 4,,True,
doi:10.1021/acssynbio.0c00353,10.1021/acssynbio.0c00353,2020,data/papers/2020/10.1021__acssynbio.0c00353/paper.pdf,True,7,1,7,3,3,0,True,1 2 3,,True,
doi:10.1021/acssynbio.0c00355,10.1021/acssynbio.0c00355,2020,data/papers/2020/10.1021__acssynbio.0c00355/paper.pdf,False,32,1,32,5,5,0,True,1 2 3 4 5,,True,
doi:10.1021/acssynbio.0c00390,10.1021/acssynbio.0c00390,2020,data/papers/2020/10.1021__acssynbio.0c00390/paper.pdf,True,11,1,11,6,6,0,True,1 2 3 4 5 6,,True,
doi:10.1021/acssynbio.0c00413,10.1021/acssynbio.0c00413,2020,data/papers/2020/10.1021__acssynbio.0c00413/paper.pdf,True,7,1,7,4,4,0,True,1 2 3 4,,True,
doi:10.1021/acssynbio.0c00417,10.1021/acssynbio.0c00417,2020,data/papers/2020/10.1021__acssynbio.0c00417/paper.pdf,False,35,1,35,1,6,-5,False,4,1 2 3,False,
doi:10.1021/acssynbio.0c00431,10.1021/acssynbio.0c00431,2020,data/papers/2020/10.1021__acssynbio.0c00431/paper.pdf,False,29,1,29,5,5,0,True,1 2 3 4 5,,True,
doi:10.1021/acssynbio.0c00438,10.1021/acssynbio.0c00438,2020,data/papers/2020/10.1021__acssynbio.0c00438/paper.pdf,False,22,1,22,0,4,-4,False,,,True,
doi:10.1021/acssynbio.9b00273,10.1021/acssynbio.9b00273,2020,data/papers/2020/10.1021__acssynbio.9b00273/paper.pdf,False,11,1,11,5,5,0,True,1 2 3 4 5,,True,
doi:10.1021/acssynbio.9b00281,10.1021/acssynbio.9b00281,2020,data/papers/2020/10.1021__acssynbio.9b00281/paper.pdf,False,26,1,26,6,6,0,True,1 2 3 4 5 6,,True,
doi:10.1021/acssynbio.9b00292,10.1021/acssynbio.9b00292,2020,data/papers/2020/10.1021__acssynbio.9b00292/paper.pdf,False,31,1,31,0,5,-5,False,,,True,
doi:10.1021/acssynbio.9b00340,10.1021/acssynbio.9b00340,2020,data/papers/2020/10.1021__acssynbio.9b00340/paper.pdf,True,13,1,13,7,7,0,True,1 2 3 4 5 6 7,,True,
doi:10.1021/acssynbio.9b00358,10.1021/acssynbio.9b00358,2020,data/papers/2020/10.1021__acssynbio.9b00358/paper.pdf,False,19,1,19,4,5,-1,False,1 2 3 4,,True,
doi:10.1021/acssynbio.9b00371,10.1021/acssynbio.9b00371,2020,data/papers/2020/10.1021__acssynbio.9b00371/paper.pdf,False,8,1,8,4,4,0,True,1 2 3 4,,True,
doi:10.1021/acssynbio.9b00375,10.1021/acssynbio.9b00375,2020,data/papers/2020/10.1021__acssynbio.9b00375/paper.pdf,False,32,1,32,0,6,-6,False,,,True,
doi:10.1021/acssynbio.9b00404,10.1021/acssynbio.9b00404,2020,data/papers/2020/10.1021__acssynbio.9b00404/paper.pdf,True,11,1,11,4,4,0,True,1 2 3 4,,True,
doi:10.1021/acssynbio.9b00434,10.1021/acssynbio.9b00434,2020,data/papers/2020/10.1021__acssynbio.9b00434/paper.pdf,True,11,1,11,4,4,0,True,1 2 3 4,,True,
doi:10.1021/acssynbio.9b00436,10.1021/acssynbio.9b00436,2020,data/papers/2020/10.1021__acssynbio.9b00436/paper.pdf,True,4,1,4,3,3,0,True,1 2 3,,True,
doi:10.1021/acssynbio.9b00440,10.1021/acssynbio.9b00440,2020,data/papers/2020/10.1021__acssynbio.9b00440/paper.pdf,False,48,1,28,0,7,-7,False,,,True,
doi:10.1021/acssynbio.9b00447,10.1021/acssynbio.9b00447,2020,data/papers/2020/10.1021__acssynbio.9b00447/paper.pdf,False,22,1,22,5,5,0,True,1 2 3 4 5,,True,
doi:10.1021/acssynbio.9b00448,10.1021/acssynbio.9b00448,2020,data/papers/2020/10.1021__acssynbio.9b00448/paper.pdf,True,14,1,14,9,9,0,True,1 2 3 4 5 6 7 8 9,,True,
doi:10.1021/acssynbio.9b00460,10.1021/acssynbio.9b00460,2020,data/papers/2020/10.1021__acssynbio.9b00460/paper.pdf,False,18,1,18,4,4,0,True,1 2 3 4,,True,
doi:10.1021/acssynbio.9b00464,10.1021/acssynbio.9b00464,2020,data/papers/2020/10.1021__acssynbio.9b00464/paper.pdf,False,36,1,36,13,7,6,False,1 2 3 4 5 6 7 8 9 10 11 12 13,,True,
doi:10.1021/acssynbio.9b00468,10.1021/acssynbio.9b00468,2020,data/papers/2020/10.1021__acssynbio.9b00468/paper.pdf,True,11,1,11,7,7,0,True,1 2 3 4 5 6 7,,True,
doi:10.1021/acssynbio.9b00477,10.1021/acssynbio.9b00477,2020,data/papers/2020/10.1021__acssynbio.9b00477/paper.pdf,True,13,1,13,6,6,0,True,1 2 3 4 5 6,,True,
doi:10.1021/acssynbio.9b00503,10.1021/acssynbio.9b00503,2020,data/papers/2020/10.1021__acssynbio.9b00503/paper.pdf,False,20,1,20,6,6,0,True,1 2 3 4 5 6,,True,
doi:10.1021/acssynbio.9b00505,10.1021/acssynbio.9b00505,2020,data/papers/2020/10.1021__acssynbio.9b00505/paper.pdf,False,26,1,26,0,6,-6,False,,,True,
doi:10.1021/acssynbio.9b00518,10.1021/acssynbio.9b00518,2020,data/papers/2020/10.1021__acssynbio.9b00518/versions/biorxiv_preprint_v1/paper__cbb389452890.pdf,False,42,1,42,6,6,0,True,1 2 3 4 5 6,,True,
doi:10.1021/acssynbio.9b00534,10.1021/acssynbio.9b00534,2020,data/papers/2020/10.1021__acssynbio.9b00534/paper.pdf,True,10,1,10,4,4,0,True,1 2 3 4,,True,
doi:10.1021/acssynbio.0c00318,10.1021/acssynbio.0c00318,2021,data/papers/2021/10.1021__acssynbio.0c00318/paper.pdf,True,9,1,9,6,6,0,True,1 2 3 4 5 6,,True,
doi:10.1021/acssynbio.0c00445,10.1021/acssynbio.0c00445,2021,data/papers/2021/10.1021__acssynbio.0c00445/paper.pdf,True,6,1,6,2,2,0,True,1 2,,True,
doi:10.1021/acssynbio.0c00449,10.1021/acssynbio.0c00449,2021,data/papers/2021/10.1021__acssynbio.0c00449/versions/biorxiv_preprint_v1/paper__e23920b38218.pdf,False,13,1,13,3,4,-1,False,1 2 3,,True,
doi:10.1021/acssynbio.0c00466,10.1021/acssynbio.0c00466,2021,data/papers/2021/10.1021__acssynbio.0c00466/paper.pdf,True,13,1,13,6,6,0,True,1 2 3 4 5 6,,True,
doi:10.1021/acssynbio.0c00469,10.1021/acssynbio.0c00469,2021,data/papers/2021/10.1021__acssynbio.0c00469/paper.pdf,True,10,1,10,7,7,0,True,1 2 3 4 5 6 7,,True,
doi:10.1021/acssynbio.0c00472,10.1021/acssynbio.0c00472,2021,data/papers/2021/10.1021__acssynbio.0c00472/paper.pdf,False,24,1,24,5,5,0,True,1 2 3 4 5,,True,
doi:10.1021/acssynbio.0c00496,10.1021/acssynbio.0c00496,2021,data/papers/2021/10.1021__acssynbio.0c00496/paper.pdf,False,31,1,31,0,7,-7,False,,,True,
doi:10.1021/acssynbio.0c00538,10.1021/acssynbio.0c00538,2021,data/papers/2021/10.1021__acssynbio.0c00538/paper.pdf,True,6,1,6,3,3,0,True,1 2 3,,True,
doi:10.1021/acssynbio.0c00550,10.1021/acssynbio.0c00550,2021,data/papers/2021/10.1021__acssynbio.0c00550/paper.pdf,False,19,1,19,5,5,0,True,1 2 3 4 5,,True,
doi:10.1021/acssynbio.0c00572,10.1021/acssynbio.0c00572,2021,data/papers/2021/10.1021__acssynbio.0c00572/paper.pdf,True,7,1,7,4,4,0,True,1 2 3 4,,True,
doi:10.1021/acssynbio.0c00581,10.1021/acssynbio.0c00581,2021,data/papers/2021/10.1021__acssynbio.0c00581/paper.pdf,True,10,1,10,4,4,0,True,1 2 3 4,,True,
doi:10.1021/acssynbio.0c00583,10.1021/acssynbio.0c00583,2021,data/papers/2021/10.1021__acssynbio.0c00583/paper.pdf,True,13,1,13,8,8,0,True,1 2 3 4 5 6 7 8,,True,
doi:10.1021/acssynbio.0c00591,10.1021/acssynbio.0c00591,2021,data/papers/2021/10.1021__acssynbio.0c00591/paper.pdf,False,35,1,35,6,6,0,True,1 2 3 4 5 6,,True,
doi:10.1021/acssynbio.0c00601,10.1021/acssynbio.0c00601,2021,data/papers/2021/10.1021__acssynbio.0c00601/paper.pdf,True,9,1,9,7,7,0,True,1 2 3 4 5 6 7,,True,
doi:10.1021/acssynbio.0c00604,10.1021/acssynbio.0c00604,2021,data/papers/2021/10.1021__acssynbio.0c00604/paper.pdf,True,11,1,11,5,5,0,True,1 2 3 4 5,,True,
doi:10.1021/acssynbio.0c00611,10.1021/acssynbio.0c00611,2021,data/papers/2021/10.1021__acssynbio.0c00611/paper.pdf,True,8,1,8,4,4,0,True,1 2 3 4,,True,
doi:10.1021/acssynbio.0c00613,10.1021/acssynbio.0c00613,2021,data/papers/2021/10.1021__acssynbio.0c00613/paper.pdf,True,11,1,11,4,4,0,True,1 2 3 4,,True,
doi:10.1021/acssynbio.0c00637,10.1021/acssynbio.0c00637,2021,data/papers/2021/10.1021__acssynbio.0c00637/paper.pdf,True,16,1,16,7,7,0,True,1 2 3 4 5 6 7,,True,
doi:10.1021/acssynbio.0c00643,10.1021/acssynbio.0c00643,2021,data/papers/2021/10.1021__acssynbio.0c00643/paper.pdf,True,11,1,11,4,4,0,True,1 2 3 4,,True,
doi:10.1021/acssynbio.0c00649,10.1021/acssynbio.0c00649,2021,data/papers/2021/10.1021__acssynbio.0c00649/paper.pdf,True,7,1,7,4,4,0,True,1 2 3 4,,True,
doi:10.1021/acssynbio.1c00010,10.1021/acssynbio.1c00010,2021,data/papers/2021/10.1021__acssynbio.1c00010/paper.pdf,True,15,1,15,5,5,0,True,1 2 3 4 5,,True,
doi:10.1021/acssynbio.1c00012,10.1021/acssynbio.1c00012,2021,data/papers/2021/10.1021__acssynbio.1c00012/paper.pdf,True,8,1,8,4,4,0,True,1 2 3 4,,True,
doi:10.1021/acssynbio.1c00024,10.1021/acssynbio.1c00024,2021,data/papers/2021/10.1021__acssynbio.1c00024/pmc/paper.pdf,True,11,1,11,6,6,0,True,1 2 3 4 5 6,,True,
doi:10.1021/acssynbio.1c00034,10.1021/acssynbio.1c00034,2021,data/papers/2021/10.1021__acssynbio.1c00034/paper.pdf,False,47,1,47,0,2,-2,False,,,True,
doi:10.1021/acssynbio.1c00044,10.1021/acssynbio.1c00044,2021,data/papers/2021/10.1021__acssynbio.1c00044/paper.pdf,False,8,1,8,7,8,-1,False,1 2 3 4 5 6 7,,True,
doi:10.1021/acssynbio.1c00045,10.1021/acssynbio.1c00045,2021,data/papers/2021/10.1021__acssynbio.1c00045/paper.pdf,True,13,1,13,7,7,0,True,1 2 3 4 5 6 7,,True,
doi:10.1021/acssynbio.1c00068,10.1021/acssynbio.1c00068,2021,data/papers/2021/10.1021__acssynbio.1c00068/pmc/paper.pdf,True,13,1,13,4,4,0,True,1 2 3 4,,True,
doi:10.1021/acssynbio.1c00071,10.1021/acssynbio.1c00071,2021,data/papers/2021/10.1021__acssynbio.1c00071/paper.pdf,True,15,1,15,8,8,0,True,1 2 3 4 5 6 7 8,,True,
doi:10.1021/acssynbio.1c00080,10.1021/acssynbio.1c00080,2021,data/papers/2021/10.1021__acssynbio.1c00080/pmc/paper.pdf,True,12,1,12,7,7,0,True,1 2 3 4 5 6 7,,True,
doi:10.1021/acssynbio.1c00084,10.1021/acssynbio.1c00084,2021,data/papers/2021/10.1021__acssynbio.1c00084/paper.pdf,True,13,1,13,6,6,0,True,1 2 3 4 5 6,,True,
doi:10.1021/acssynbio.1c00090,10.1021/acssynbio.1c00090,2021,data/papers/2021/10.1021__acssynbio.1c00090/paper.pdf,False,34,1,34,4,4,0,True,1 2 3 4,,True,
doi:10.1021/acssynbio.1c00131,10.1021/acssynbio.1c00131,2021,data/papers/2021/10.1021__acssynbio.1c00131/paper.pdf,True,14,1,14,6,4,2,False,1 2 3 4 5 6,,True,
doi:10.1021/acssynbio.1c00133,10.1021/acssynbio.1c00133,2021,data/papers/2021/10.1021__acssynbio.1c00133/paper.pdf,False,25,1,25,4,5,-1,False,2 3 4 5,1,False,
doi:10.1021/acssynbio.1c00136,10.1021/acssynbio.1c00136,2021,data/papers/2021/10.1021__acssynbio.1c00136/paper.pdf,False,18,1,18,6,6,0,True,1 2 3 4 5 6,,True,
doi:10.1021/acssynbio.1c00142,10.1021/acssynbio.1c00142,2021,data/papers/2021/10.1021__acssynbio.1c00142/paper.pdf,True,11,1,11,6,6,0,True,1 2 3 4 5 6,,True,
doi:10.1021/acssynbio.1c00161,10.1021/acssynbio.1c00161,2021,data/papers/2021/10.1021__acssynbio.1c00161/pmc/paper.pdf,True,12,1,12,8,8,0,True,1 2 3 4 5 6 7 8,,True,
doi:10.1021/acssynbio.1c00183,10.1021/acssynbio.1c00183,2021,data/papers/2021/10.1021__acssynbio.1c00183/paper.pdf,False,26,1,26,3,4,-1,False,1 3 4,2,False,
doi:10.1021/acssynbio.1c00193,10.1021/acssynbio.1c00193,2021,data/papers/2021/10.1021__acssynbio.1c00193/paper.pdf,True,14,1,14,7,7,0,True,1 2 3 4 5 6 7,,True,
doi:10.1021/acssynbio.1c00199,10.1021/acssynbio.1c00199,2021,data/papers/2021/10.1021__acssynbio.1c00199/paper.pdf,True,14,1,14,7,7,0,True,1 2 3 4 5 6 7,,True,
doi:10.1021/acssynbio.1c00214,10.1021/acssynbio.1c00214,2021,data/papers/2021/10.1021__acssynbio.1c00214/paper.pdf,False,29,1,29,5,5,0,True,1 2 3 4 5,,True,
doi:10.1021/acssynbio.1c00224,10.1021/acssynbio.1c00224,2021,data/papers/2021/10.1021__acssynbio.1c00224/paper.pdf,True,13,1,13,5,5,0,True,1 2 3 4 5,,True,
doi:10.1021/acssynbio.1c00227,10.1021/acssynbio.1c00227,2021,data/papers/2021/10.1021__acssynbio.1c00227/pmc/paper.pdf,True,11,1,11,6,6,0,True,1 2 3 4 5 6,,True,
doi:10.1021/acssynbio.1c00260,10.1021/acssynbio.1c00260,2021,data/papers/2021/10.1021__acssynbio.1c00260/paper.pdf,True,12,1,12,3,3,0,True,1 2 3,,True,
doi:10.1021/acssynbio.1c00267,10.1021/acssynbio.1c00267,2021,data/papers/2021/10.1021__acssynbio.1c00267/paper.pdf,False,14,1,14,3,3,0,True,1 2 3,,True,
doi:10.1021/acssynbio.1c00278,10.1021/acssynbio.1c00278,2021,data/papers/2021/10.1021__acssynbio.1c00278/paper.pdf,True,9,1,9,5,5,0,True,1 2 3 4 5,,True,
doi:10.1021/acssynbio.1c00281,10.1021/acssynbio.1c00281,2021,data/papers/2021/10.1021__acssynbio.1c00281/paper.pdf,False,34,1,34,5,5,0,True,1 2 3 4 5,,True,
doi:10.1021/acssynbio.1c00290,10.1021/acssynbio.1c00290,2021,data/papers/2021/10.1021__acssynbio.1c00290/paper.pdf,True,12,1,12,8,8,0,True,1 2 3 4 5 6 7 8,,True,
doi:10.1021/acssynbio.1c00297,10.1021/acssynbio.1c00297,2021,data/papers/2021/10.1021__acssynbio.1c00297/pmc/paper.pdf,True,17,1,17,7,7,0,True,1 2 3 4 5 6 7,,True,
doi:10.1021/acssynbio.1c00313,10.1021/acssynbio.1c00313,2021,data/papers/2021/10.1021__acssynbio.1c00313/paper.pdf,True,12,1,12,4,4,0,True,1 2 3 4,,True,
doi:10.1021/acssynbio.1c00318,10.1021/acssynbio.1c00318,2021,data/papers/2021/10.1021__acssynbio.1c00318/paper.pdf,True,8,1,8,6,6,0,True,1 2 3 4 5 6,,True,
doi:10.1021/acssynbio.1c00323,10.1021/acssynbio.1c00323,2021,data/papers/2021/10.1021__acssynbio.1c00323/paper.pdf,True,5,1,5,1,1,0,True,1,,True,
doi:10.1021/acssynbio.1c00329,10.1021/acssynbio.1c00329,2021,data/papers/2021/10.1021__acssynbio.1c00329/pmc/paper.pdf,True,10,1,10,4,4,0,True,1 2 3 4,,True,
doi:10.1021/acssynbio.1c00337,10.1021/acssynbio.1c00337,2021,data/papers/2021/10.1021__acssynbio.1c00337/paper.pdf,True,17,1,17,7,7,0,True,1 2 3 4 5 6 7,,True,
doi:10.1021/acssynbio.1c00339,10.1021/acssynbio.1c00339,2021,data/papers/2021/10.1021__acssynbio.1c00339/paper.pdf,False,6,1,6,1,1,0,True,1,,True,
doi:10.1021/acssynbio.1c00371,10.1021/acssynbio.1c00371,2021,data/papers/2021/10.1021__acssynbio.1c00371/paper.pdf,True,12,1,12,6,6,0,True,1 2 3 4 5 6,,True,
doi:10.1021/acssynbio.1c00395,10.1021/acssynbio.1c00395,2021,data/papers/2021/10.1021__acssynbio.1c00395/paper.pdf,True,16,1,16,4,4,0,True,1 2 3 4,,True,
doi:10.1021/acssynbio.1c00408,10.1021/acssynbio.1c00408,2021,data/papers/2021/10.1021__acssynbio.1c00408/paper.pdf,True,14,1,14,6,6,0,True,1 2 3 4 5 6,,True,
doi:10.1021/acssynbio.1c00415,10.1021/acssynbio.1c00415,2021,data/papers/2021/10.1021__acssynbio.1c00415/paper.pdf,True,18,1,18,9,9,0,True,1 2 3 4 5 6 7 8 9,,True,
doi:10.1021/acssynbio.1c00440,10.1021/acssynbio.1c00440,2021,data/papers/2021/10.1021__acssynbio.1c00440/pmc/paper.pdf,True,9,1,9,4,4,0,True,1 2 3 4,,True,
doi:10.1021/acssynbio.1c00456,10.1021/acssynbio.1c00456,2021,data/papers/2021/10.1021__acssynbio.1c00456/paper.pdf,True,10,1,10,4,4,0,True,1 2 3 4,,True,
doi:10.1021/acssynbio.1c00461,10.1021/acssynbio.1c00461,2021,data/papers/2021/10.1021__acssynbio.1c00461/paper.pdf,True,13,1,13,7,7,0,True,1 2 3 4 5 6 7,,True,
doi:10.1021/acssynbio.1c00194,10.1021/acssynbio.1c00194,2022,data/papers/2022/10.1021__acssynbio.1c00194/paper.pdf,True,5,1,5,2,2,0,True,1 2,,True,
doi:10.1021/acssynbio.1c00236,10.1021/acssynbio.1c00236,2022,data/papers/2022/10.1021__acssynbio.1c00236/paper.pdf,True,14,1,14,7,7,0,True,1 2 3 4 5 6 7,,True,
doi:10.1021/acssynbio.1c00272,10.1021/acssynbio.1c00272,2022,data/papers/2022/10.1021__acssynbio.1c00272/paper.pdf,False,12,1,12,4,4,0,True,1 2 3 4,,True,
doi:10.1021/acssynbio.1c00311,10.1021/acssynbio.1c00311,2022,data/papers/2022/10.1021__acssynbio.1c00311/pmc/paper.pdf,True,8,1,8,4,4,0,True,1 2 3 4,,True,
doi:10.1021/acssynbio.1c00342,10.1021/acssynbio.1c00342,2022,data/papers/2022/10.1021__acssynbio.1c00342/pmc/paper.pdf,True,15,1,15,5,5,0,True,1 2 3 4 5,,True,
doi:10.1021/acssynbio.1c00376,10.1021/acssynbio.1c00376,2022,data/papers/2022/10.1021__acssynbio.1c00376/paper.pdf,True,11,1,11,3,3,0,True,1 2 3,,True,
doi:10.1021/acssynbio.1c00387,10.1021/acssynbio.1c00387,2022,data/papers/2022/10.1021__acssynbio.1c00387/paper.pdf,True,13,1,13,2,2,0,True,1 2,,True,
doi:10.1021/acssynbio.1c00393,10.1021/acssynbio.1c00393,2022,data/papers/2022/10.1021__acssynbio.1c00393/paper.pdf,True,13,1,13,6,6,0,True,1 2 3 4 5 6,,True,
doi:10.1021/acssynbio.1c00426,10.1021/acssynbio.1c00426,2022,data/papers/2022/10.1021__acssynbio.1c00426/paper.pdf,True,10,1,10,8,8,0,True,1 2 3 4 5 6 7 8,,True,
doi:10.1021/acssynbio.1c00442,10.1021/acssynbio.1c00442,2022,data/papers/2022/10.1021__acssynbio.1c00442/paper.pdf,True,21,1,21,9,9,0,True,1 2 3 4 5 6 7 8 9,,True,
doi:10.1021/acssynbio.1c00448,10.1021/acssynbio.1c00448,2022,data/papers/2022/10.1021__acssynbio.1c00448/paper.pdf,False,30,1,30,7,7,0,True,1 2 3 4 5 6 7,,True,
doi:10.1021/acssynbio.1c00458,10.1021/acssynbio.1c00458,2022,data/papers/2022/10.1021__acssynbio.1c00458/paper.pdf,False,22,1,22,3,4,-1,False,2 3 4,1,False,
doi:10.1021/acssynbio.1c00472,10.1021/acssynbio.1c00472,2022,data/papers/2022/10.1021__acssynbio.1c00472/paper.pdf,True,17,1,17,5,5,0,True,1 2 3 4 5,,True,
doi:10.1021/acssynbio.1c00486,10.1021/acssynbio.1c00486,2022,data/papers/2022/10.1021__acssynbio.1c00486/paper.pdf,False,16,1,16,1,5,-4,False,5,1 2 3 4,False,
doi:10.1021/acssynbio.1c00490,10.1021/acssynbio.1c00490,2022,data/papers/2022/10.1021__acssynbio.1c00490/paper.pdf,True,11,1,11,5,5,0,True,1 2 3 4 5,,True,
doi:10.1021/acssynbio.1c00494,10.1021/acssynbio.1c00494,2022,data/papers/2022/10.1021__acssynbio.1c00494/paper.pdf,True,4,1,4,2,2,0,True,1 2,,True,
doi:10.1021/acssynbio.1c00502,10.1021/acssynbio.1c00502,2022,data/papers/2022/10.1021__acssynbio.1c00502/paper.pdf,True,15,1,15,5,5,0,True,1 2 3 4 5,,True,
doi:10.1021/acssynbio.1c00503,10.1021/acssynbio.1c00503,2022,data/papers/2022/10.1021__acssynbio.1c00503/paper.pdf,False,17,1,17,3,3,0,True,1 2 3,,True,
doi:10.1021/acssynbio.1c00507,10.1021/acssynbio.1c00507,2022,data/papers/2022/10.1021__acssynbio.1c00507/paper.pdf,True,5,1,5,2,2,0,True,1 2,,True,
doi:10.1021/acssynbio.1c00512,10.1021/acssynbio.1c00512,2022,data/papers/2022/10.1021__acssynbio.1c00512/paper.pdf,True,10,1,10,6,6,0,True,1 2 3 4 5 6,,True,
doi:10.1021/acssynbio.1c00524,10.1021/acssynbio.1c00524,2022,data/papers/2022/10.1021__acssynbio.1c00524/paper.pdf,True,9,1,9,5,5,0,True,1 2 3 4 5,,True,
doi:10.1021/acssynbio.1c00525,10.1021/acssynbio.1c00525,2022,data/papers/2022/10.1021__acssynbio.1c00525/paper.pdf,True,7,1,7,2,2,0,True,1 2,,True,
doi:10.1021/acssynbio.1c00531,10.1021/acssynbio.1c00531,2022,data/papers/2022/10.1021__acssynbio.1c00531/paper.pdf,True,5,1,5,1,1,0,True,1,,True,
doi:10.1021/acssynbio.1c00547,10.1021/acssynbio.1c00547,2022,data/papers/2022/10.1021__acssynbio.1c00547/paper.pdf,True,13,1,13,2,2,0,True,1 2,,True,
doi:10.1021/acssynbio.1c00552,10.1021/acssynbio.1c00552,2022,data/papers/2022/10.1021__acssynbio.1c00552/paper.pdf,True,15,1,15,11,11,0,True,1 2 3 4 5 6 7 8 9 10 11,,True,
doi:10.1021/acssynbio.1c00562,10.1021/acssynbio.1c00562,2022,data/papers/2022/10.1021__acssynbio.1c00562/paper.pdf,True,20,1,20,10,10,0,True,1 2 3 4 5 6 7 8 9 10,,True,
doi:10.1021/acssynbio.1c00565,10.1021/acssynbio.1c00565,2022,data/papers/2022/10.1021__acssynbio.1c00565/paper.pdf,False,19,1,19,6,6,0,True,1 2 3 4 5 6,,True,
doi:10.1021/acssynbio.1c00576,10.1021/acssynbio.1c00576,2022,data/papers/2022/10.1021__acssynbio.1c00576/paper.pdf,True,10,1,10,4,4,0,True,1 2 3 4,,True,
doi:10.1021/acssynbio.1c00577,10.1021/acssynbio.1c00577,2022,data/papers/2022/10.1021__acssynbio.1c00577/paper.pdf,True,10,1,10,4,4,0,True,1 2 3 4,,True,
doi:10.1021/acssynbio.1c00580,10.1021/acssynbio.1c00580,2022,data/papers/2022/10.1021__acssynbio.1c00580/paper.pdf,True,8,1,8,4,4,0,True,1 2 3 4,,True,
doi:10.1021/acssynbio.1c00592,10.1021/acssynbio.1c00592,2022,data/papers/2022/10.1021__acssynbio.1c00592/paper.pdf,False,11,1,11,4,4,0,True,1 2 3 4,,True,
doi:10.1021/acssynbio.1c00596,10.1021/acssynbio.1c00596,2022,data/papers/2022/10.1021__acssynbio.1c00596/pmc/paper.pdf,True,11,1,11,4,4,0,True,1 2 3 4,,True,
doi:10.1021/acssynbio.1c00598,10.1021/acssynbio.1c00598,2022,data/papers/2022/10.1021__acssynbio.1c00598/paper.pdf,True,11,1,11,4,4,0,True,1 2 3 4,,True,
doi:10.1021/acssynbio.1c00603,10.1021/acssynbio.1c00603,2022,data/papers/2022/10.1021__acssynbio.1c00603/paper.pdf,True,7,1,7,3,3,0,True,1 2 3,,True,
doi:10.1021/acssynbio.1c00605,10.1021/acssynbio.1c00605,2022,data/papers/2022/10.1021__acssynbio.1c00605/paper.pdf,False,33,1,33,0,6,-6,False,,,True,
doi:10.1021/acssynbio.1c00608,10.1021/acssynbio.1c00608,2022,data/papers/2022/10.1021__acssynbio.1c00608/pmc/paper.pdf,True,9,1,9,4,4,0,True,1 2 3 4,,True,
doi:10.1021/acssynbio.1c00610,10.1021/acssynbio.1c00610,2022,data/papers/2022/10.1021__acssynbio.1c00610/paper.pdf,True,11,1,11,7,7,0,True,1 2 3 4 5 6 7,,True,
doi:10.1021/acssynbio.1c00615,10.1021/acssynbio.1c00615,2022,data/papers/2022/10.1021__acssynbio.1c00615/paper.pdf,True,6,1,6,2,2,0,True,1 2,,True,
doi:10.1021/acssynbio.1c00617,10.1021/acssynbio.1c00617,2022,data/papers/2022/10.1021__acssynbio.1c00617/paper.pdf,True,13,1,13,9,9,0,True,1 2 3 4 5 6 7 8 9,,True,
doi:10.1021/acssynbio.1c00618,10.1021/acssynbio.1c00618,2022,data/papers/2022/10.1021__acssynbio.1c00618/paper.pdf,True,13,1,13,5,5,0,True,1 2 3 4 5,,True,
doi:10.1021/acssynbio.1c00624,10.1021/acssynbio.1c00624,2022,data/papers/2022/10.1021__acssynbio.1c00624/paper.pdf,True,11,1,11,7,7,0,True,1 2 3 4 5 6 7,,True,
doi:10.1021/acssynbio.1c00625,10.1021/acssynbio.1c00625,2022,data/papers/2022/10.1021__acssynbio.1c00625/paper.pdf,True,15,1,15,16,16,0,True,1 2 3 4 5 6 7 8 9 10 11 12 13 14 15 16,,True,
doi:10.1021/acssynbio.1c00629,10.1021/acssynbio.1c00629,2022,data/papers/2022/10.1021__acssynbio.1c00629/pmc/paper.pdf,True,9,1,9,6,6,0,True,1 2 3 4 5 6,,True,
doi:10.1021/acssynbio.1c00631,10.1021/acssynbio.1c00631,2022,data/papers/2022/10.1021__acssynbio.1c00631/paper.pdf,True,12,1,12,5,5,0,True,1 2 3 4 5,,True,
doi:10.1021/acssynbio.1c00632,10.1021/acssynbio.1c00632,2022,data/papers/2022/10.1021__acssynbio.1c00632/paper.pdf,True,14,1,14,7,7,0,True,1 2 3 4 5 6 7,,True,
doi:10.1021/acssynbio.1c00635,10.1021/acssynbio.1c00635,2022,data/papers/2022/10.1021__acssynbio.1c00635/paper.pdf,False,29,1,29,6,6,0,True,1 2 3 4 5 6,,True,
doi:10.1021/acssynbio.1c00638,10.1021/acssynbio.1c00638,2022,data/papers/2022/10.1021__acssynbio.1c00638/paper.pdf,True,12,1,12,6,6,0,True,1 2 3 4 5 6,,True,
doi:10.1021/acssynbio.2c00015,10.1021/acssynbio.2c00015,2022,data/papers/2022/10.1021__acssynbio.2c00015/paper.pdf,True,13,1,13,5,5,0,True,1 2 3 4 5,,True,
doi:10.1021/acssynbio.2c00027,10.1021/acssynbio.2c00027,2022,data/papers/2022/10.1021__acssynbio.2c00027/paper.pdf,True,14,1,14,7,7,0,True,1 2 3 4 5 6 7,,True,
doi:10.1021/acssynbio.2c00051,10.1021/acssynbio.2c00051,2022,data/papers/2022/10.1021__acssynbio.2c00051/paper.pdf,True,13,1,13,6,6,0,True,1 2 3 4 5 6,,True,
doi:10.1021/acssynbio.2c00054,10.1021/acssynbio.2c00054,2022,data/papers/2022/10.1021__acssynbio.2c00054/paper.pdf,True,10,1,10,5,5,0,True,1 2 3 4 5,,True,
doi:10.1021/acssynbio.2c00061,10.1021/acssynbio.2c00061,2022,data/papers/2022/10.1021__acssynbio.2c00061/paper.pdf,True,6,1,6,3,3,0,True,1 2 3,,True,
doi:10.1021/acssynbio.2c00062,10.1021/acssynbio.2c00062,2022,data/papers/2022/10.1021__acssynbio.2c00062/paper.pdf,True,12,1,12,5,5,0,True,1 2 3 4 5,,True,
doi:10.1021/acssynbio.2c00063,10.1021/acssynbio.2c00063,2022,data/papers/2022/10.1021__acssynbio.2c00063/paper.pdf,True,7,1,7,2,2,0,True,1 2,,True,
doi:10.1021/acssynbio.2c00067,10.1021/acssynbio.2c00067,2022,data/papers/2022/10.1021__acssynbio.2c00067/paper.pdf,True,12,1,12,5,5,0,True,1 2 3 4 5,,True,
doi:10.1021/acssynbio.2c00072,10.1021/acssynbio.2c00072,2022,data/papers/2022/10.1021__acssynbio.2c00072/paper.pdf,False,17,1,17,1,2,-1,False,1,,True,
doi:10.1021/acssynbio.2c00075,10.1021/acssynbio.2c00075,2022,data/papers/2022/10.1021__acssynbio.2c00075/paper.pdf,True,13,1,13,5,5,0,True,1 2 3 4 5,,True,
doi:10.1021/acssynbio.2c00079,10.1021/acssynbio.2c00079,2022,data/papers/2022/10.1021__acssynbio.2c00079/paper.pdf,True,8,1,8,2,2,0,True,1 2,,True,
doi:10.1021/acssynbio.2c00084,10.1021/acssynbio.2c00084,2022,data/papers/2022/10.1021__acssynbio.2c00084/paper.pdf,False,21,1,21,4,8,-4,False,2 3 4 8,1 5 6 7,False,
doi:10.1021/acssynbio.2c00087,10.1021/acssynbio.2c00087,2022,data/papers/2022/10.1021__acssynbio.2c00087/paper.pdf,False,22,1,22,0,6,-6,False,,,True,
doi:10.1021/acssynbio.2c00088,10.1021/acssynbio.2c00088,2022,data/papers/2022/10.1021__acssynbio.2c00088/paper.pdf,True,9,1,9,7,7,0,True,1 2 3 4 5 6 7,,True,
doi:10.1021/acssynbio.2c00090,10.1021/acssynbio.2c00090,2022,data/papers/2022/10.1021__acssynbio.2c00090/paper.pdf,True,10,1,10,4,4,0,True,1 2 3 4,,True,
doi:10.1021/acssynbio.2c00093,10.1021/acssynbio.2c00093,2022,data/papers/2022/10.1021__acssynbio.2c00093/paper.pdf,True,5,1,5,2,2,0,True,1 2,,True,
doi:10.1021/acssynbio.2c00097,10.1021/acssynbio.2c00097,2022,data/papers/2022/10.1021__acssynbio.2c00097/paper.pdf,True,13,1,13,7,7,0,True,1 2 3 4 5 6 7,,True,
doi:10.1021/acssynbio.2c00106,10.1021/acssynbio.2c00106,2022,data/papers/2022/10.1021__acssynbio.2c00106/paper.pdf,True,9,1,9,5,5,0,True,1 2 3 4 5,,True,
doi:10.1021/acssynbio.2c00109,10.1021/acssynbio.2c00109,2022,data/papers/2022/10.1021__acssynbio.2c00109/paper.pdf,True,12,1,12,8,8,0,True,1 2 3 4 5 6 7 8,,True,
doi:10.1021/acssynbio.2c00110,10.1021/acssynbio.2c00110,2022,data/papers/2022/10.1021__acssynbio.2c00110/paper.pdf,True,16,1,16,5,5,0,True,1 2 3 4 5,,True,
doi:10.1021/acssynbio.2c00111,10.1021/acssynbio.2c00111,2022,data/papers/2022/10.1021__acssynbio.2c00111/paper.pdf,True,11,1,11,6,6,0,True,1 2 3 4 5 6,,True,
doi:10.1021/acssynbio.2c00118,10.1021/acssynbio.2c00118,2022,data/papers/2022/10.1021__acssynbio.2c00118/paper.pdf,True,11,1,11,6,6,0,True,1 2 3 4 5 6,,True,
doi:10.1021/acssynbio.2c00119,10.1021/acssynbio.2c00119,2022,data/papers/2022/10.1021__acssynbio.2c00119/paper.pdf,True,7,1,7,2,2,0,True,1 2,,True,
doi:10.1021/acssynbio.2c00122,10.1021/acssynbio.2c00122,2022,data/papers/2022/10.1021__acssynbio.2c00122/pmc/paper.pdf,True,9,1,9,5,5,0,True,1 2 3 4 5,,True,
doi:10.1021/acssynbio.2c00126,10.1021/acssynbio.2c00126,2022,data/papers/2022/10.1021__acssynbio.2c00126/paper.pdf,True,9,1,9,3,3,0,True,1 2 3,,True,
doi:10.1021/acssynbio.2c00130,10.1021/acssynbio.2c00130,2022,data/papers/2022/10.1021__acssynbio.2c00130/paper.pdf,True,12,1,12,5,5,0,True,1 2 3 4 5,,True,
doi:10.1021/acssynbio.2c00131,10.1021/acssynbio.2c00131,2022,data/papers/2022/10.1021__acssynbio.2c00131/paper.pdf,True,8,1,8,2,2,0,True,1 2,,True,
doi:10.1021/acssynbio.2c00137,10.1021/acssynbio.2c00137,2022,data/papers/2022/10.1021__acssynbio.2c00137/paper.pdf,True,8,1,8,5,5,0,True,1 2 3 4 5,,True,
doi:10.1021/acssynbio.2c00138,10.1021/acssynbio.2c00138,2022,data/papers/2022/10.1021__acssynbio.2c00138/paper.pdf,False,23,1,23,5,5,0,True,1 2 3 4 5,,True,
doi:10.1021/acssynbio.2c00147,10.1021/acssynbio.2c00147,2022,data/papers/2022/10.1021__acssynbio.2c00147/paper.pdf,True,15,1,15,8,8,0,True,1 2 3 4 5 6 7 8,,True,
doi:10.1021/acssynbio.2c00151,10.1021/acssynbio.2c00151,2022,data/papers/2022/10.1021__acssynbio.2c00151/paper.pdf,True,10,1,10,5,5,0,True,1 2 3 4 5,,True,
doi:10.1021/acssynbio.2c00155,10.1021/acssynbio.2c00155,2022,data/papers/2022/10.1021__acssynbio.2c00155/paper.pdf,True,11,1,11,4,4,0,True,1 2 3 4,,True,
doi:10.1021/acssynbio.2c00156,10.1021/acssynbio.2c00156,2022,data/papers/2022/10.1021__acssynbio.2c00156/paper.pdf,True,12,1,12,6,6,0,True,1 2 3 4 5 6,,True,
doi:10.1021/acssynbio.2c00159,10.1021/acssynbio.2c00159,2022,data/papers/2022/10.1021__acssynbio.2c00159/paper.pdf,True,13,1,13,5,5,0,True,1 2 3 4 5,,True,
doi:10.1021/acssynbio.2c00162,10.1021/acssynbio.2c00162,2022,data/papers/2022/10.1021__acssynbio.2c00162/paper.pdf,True,12,1,12,7,7,0,True,1 2 3 4 5 6 7,,True,
doi:10.1021/acssynbio.2c00164,10.1021/acssynbio.2c00164,2022,data/papers/2022/10.1021__acssynbio.2c00164/paper.pdf,True,15,1,15,5,5,0,True,1 2 3 4 5,,True,
doi:10.1021/acssynbio.2c00175,10.1021/acssynbio.2c00175,2022,data/papers/2022/10.1021__acssynbio.2c00175/paper.pdf,True,15,1,15,7,7,0,True,1 2 3 4 5 6 7,,True,
doi:10.1021/acssynbio.2c00180,10.1021/acssynbio.2c00180,2022,data/papers/2022/10.1021__acssynbio.2c00180/paper.pdf,True,11,1,11,5,5,0,True,1 2 3 4 5,,True,
doi:10.1021/acssynbio.2c00192,10.1021/acssynbio.2c00192,2022,data/papers/2022/10.1021__acssynbio.2c00192/paper.pdf,True,10,1,10,4,4,0,True,1 2 3 4,,True,
doi:10.1021/acssynbio.2c00194,10.1021/acssynbio.2c00194,2022,data/papers/2022/10.1021__acssynbio.2c00194/paper.pdf,True,9,1,9,5,5,0,True,1 2 3 4 5,,True,
doi:10.1021/acssynbio.2c00205,10.1021/acssynbio.2c00205,2022,data/papers/2022/10.1021__acssynbio.2c00205/paper.pdf,True,9,1,9,5,5,0,True,1 2 3 4 5,,True,
doi:10.1021/acssynbio.2c00207,10.1021/acssynbio.2c00207,2022,data/papers/2022/10.1021__acssynbio.2c00207/paper.pdf,True,11,1,11,5,5,0,True,1 2 3 4 5,,True,
doi:10.1021/acssynbio.2c00232,10.1021/acssynbio.2c00232,2022,data/papers/2022/10.1021__acssynbio.2c00232/paper.pdf,True,5,1,5,2,2,0,True,1 2,,True,
doi:10.1021/acssynbio.2c00238,10.1021/acssynbio.2c00238,2022,data/papers/2022/10.1021__acssynbio.2c00238/paper.pdf,True,12,1,12,5,5,0,True,1 2 3 4 5,,True,
doi:10.1021/acssynbio.2c00247,10.1021/acssynbio.2c00247,2022,data/papers/2022/10.1021__acssynbio.2c00247/paper.pdf,True,11,1,11,6,6,0,True,1 2 3 4 5 6,,True,
doi:10.1021/acssynbio.2c00255,10.1021/acssynbio.2c00255,2022,data/papers/2022/10.1021__acssynbio.2c00255/paper.pdf,True,9,1,9,7,7,0,True,1 2 3 4 5 6 7,,True,
doi:10.1021/acssynbio.2c00259,10.1021/acssynbio.2c00259,2022,data/papers/2022/10.1021__acssynbio.2c00259/paper.pdf,True,14,1,14,6,6,0,True,1 2 3 4 5 6,,True,
doi:10.1021/acssynbio.2c00260,10.1021/acssynbio.2c00260,2022,data/papers/2022/10.1021__acssynbio.2c00260/paper.pdf,True,8,1,8,5,5,0,True,1 2 3 4 5,,True,
doi:10.1021/acssynbio.2c00266,10.1021/acssynbio.2c00266,2022,data/papers/2022/10.1021__acssynbio.2c00266/paper.pdf,True,10,1,10,7,7,0,True,1 2 3 4 5 6 7,,True,
doi:10.1021/acssynbio.2c00270,10.1021/acssynbio.2c00270,2022,data/papers/2022/10.1021__acssynbio.2c00270/paper.pdf,True,9,1,9,4,4,0,True,1 2 3 4,,True,
doi:10.1021/acssynbio.2c00274,10.1021/acssynbio.2c00274,2022,data/papers/2022/10.1021__acssynbio.2c00274/paper.pdf,True,8,1,8,3,3,0,True,1 2 3,,True,
doi:10.1021/acssynbio.2c00287,10.1021/acssynbio.2c00287,2022,data/papers/2022/10.1021__acssynbio.2c00287/paper.pdf,True,14,1,14,5,5,0,True,1 2 3 4 5,,True,
doi:10.1021/acssynbio.2c00289,10.1021/acssynbio.2c00289,2022,data/papers/2022/10.1021__acssynbio.2c00289/paper.pdf,True,9,1,9,5,5,0,True,1 2 3 4 5,,True,
doi:10.1021/acssynbio.2c00290,10.1021/acssynbio.2c00290,2022,data/papers/2022/10.1021__acssynbio.2c00290/pmc/paper.pdf,True,11,1,11,5,5,0,True,1 2 3 4 5,,True,
doi:10.1021/acssynbio.2c00292,10.1021/acssynbio.2c00292,2022,data/papers/2022/10.1021__acssynbio.2c00292/paper.pdf,True,9,1,9,3,3,0,True,1 2 3,,True,
doi:10.1021/acssynbio.2c00297,10.1021/acssynbio.2c00297,2022,data/papers/2022/10.1021__acssynbio.2c00297/paper.pdf,True,9,1,9,4,4,0,True,1 2 3 4,,True,
doi:10.1021/acssynbio.2c00311,10.1021/acssynbio.2c00311,2022,data/papers/2022/10.1021__acssynbio.2c00311/paper.pdf,True,8,1,8,4,4,0,True,1 2 3 4,,True,
doi:10.1021/acssynbio.2c00315,10.1021/acssynbio.2c00315,2022,data/papers/2022/10.1021__acssynbio.2c00315/paper.pdf,True,13,1,13,5,5,0,True,1 2 3 4 5,,True,
doi:10.1021/acssynbio.2c00323,10.1021/acssynbio.2c00323,2022,data/papers/2022/10.1021__acssynbio.2c00323/paper.pdf,True,9,1,9,6,6,0,True,1 2 3 4 5 6,,True,
doi:10.1021/acssynbio.2c00337,10.1021/acssynbio.2c00337,2022,data/papers/2022/10.1021__acssynbio.2c00337/paper.pdf,True,14,1,14,7,7,0,True,1 2 3 4 5 6 7,,True,
doi:10.1021/acssynbio.2c00343,10.1021/acssynbio.2c00343,2022,data/papers/2022/10.1021__acssynbio.2c00343/paper.pdf,True,10,1,10,9,9,0,True,1 2 3 4 5 6 7 8 9,,True,
doi:10.1021/acssynbio.2c00345,10.1021/acssynbio.2c00345,2022,data/papers/2022/10.1021__acssynbio.2c00345/paper.pdf,True,11,1,11,5,5,0,True,1 2 3 4 5,,True,
doi:10.1021/acssynbio.2c00353,10.1021/acssynbio.2c00353,2022,data/papers/2022/10.1021__acssynbio.2c00353/paper.pdf,True,12,1,12,5,5,0,True,1 2 3 4 5,,True,
doi:10.1021/acssynbio.2c00355,10.1021/acssynbio.2c00355,2022,data/papers/2022/10.1021__acssynbio.2c00355/paper.pdf,True,13,1,13,5,5,0,True,1 2 3 4 5,,True,
doi:10.1021/acssynbio.2c00367,10.1021/acssynbio.2c00367,2022,data/papers/2022/10.1021__acssynbio.2c00367/paper.pdf,True,8,1,8,3,3,0,True,1 2 3,,True,
doi:10.1021/acssynbio.2c00375,10.1021/acssynbio.2c00375,2022,data/papers/2022/10.1021__acssynbio.2c00375/paper.pdf,True,14,1,14,7,7,0,True,1 2 3 4 5 6 7,,True,
doi:10.1021/acssynbio.2c00382,10.1021/acssynbio.2c00382,2022,data/papers/2022/10.1021__acssynbio.2c00382/paper.pdf,False,10,1,10,2,2,0,True,1 2,,True,
doi:10.1021/acssynbio.2c00385,10.1021/acssynbio.2c00385,2022,data/papers/2022/10.1021__acssynbio.2c00385/paper.pdf,True,12,1,12,6,6,0,True,1 2 3 4 5 6,,True,
doi:10.1021/acssynbio.2c00386,10.1021/acssynbio.2c00386,2022,data/papers/2022/10.1021__acssynbio.2c00386/paper.pdf,False,34,1,34,5,5,0,True,1 2 3 4 5,,True,
doi:10.1021/acssynbio.2c00389,10.1021/acssynbio.2c00389,2022,data/papers/2022/10.1021__acssynbio.2c00389/paper.pdf,True,11,1,11,3,3,0,True,1 2 3,,True,
doi:10.1021/acssynbio.2c00397,10.1021/acssynbio.2c00397,2022,data/papers/2022/10.1021__acssynbio.2c00397/pmc/paper.pdf,True,12,1,12,6,6,0,True,1 2 3 4 5 6,,True,
doi:10.1021/acssynbio.2c00401,10.1021/acssynbio.2c00401,2022,data/papers/2022/10.1021__acssynbio.2c00401/paper.pdf,True,12,1,12,7,7,0,True,1 2 3 4 5 6 7,,True,
doi:10.1021/acssynbio.2c00409,10.1021/acssynbio.2c00409,2022,data/papers/2022/10.1021__acssynbio.2c00409/paper.pdf,True,7,1,7,5,5,0,True,1 2 3 4 5,,True,
doi:10.1021/acssynbio.2c00419,10.1021/acssynbio.2c00419,2022,data/papers/2022/10.1021__acssynbio.2c00419/paper.pdf,True,10,1,10,6,6,0,True,1 2 3 4 5 6,,True,
doi:10.1021/acssynbio.2c00423,10.1021/acssynbio.2c00423,2022,data/papers/2022/10.1021__acssynbio.2c00423/paper.pdf,True,9,1,9,4,4,0,True,1 2 3 4,,True,
doi:10.1021/acssynbio.2c00428,10.1021/acssynbio.2c00428,2022,data/papers/2022/10.1021__acssynbio.2c00428/paper.pdf,True,10,1,10,5,5,0,True,1 2 3 4 5,,True,
doi:10.1021/acssynbio.2c00480,10.1021/acssynbio.2c00480,2022,data/papers/2022/10.1021__acssynbio.2c00480/paper.pdf,True,9,1,9,5,5,0,True,1 2 3 4 5,,True,
doi:10.1021/acssynbio.2c00491,10.1021/acssynbio.2c00491,2022,data/papers/2022/10.1021__acssynbio.2c00491/paper.pdf,True,9,1,9,3,3,0,True,1 2 3,,True,
doi:10.1021/acssynbio.2c00498,10.1021/acssynbio.2c00498,2022,data/papers/2022/10.1021__acssynbio.2c00498/pmc/paper.pdf,True,17,1,17,9,9,0,True,1 2 3 4 5 6 7 8 9,,True,
doi:10.1021/acssynbio.2c00179,10.1021/acssynbio.2c00179,2023,data/papers/2023/10.1021__acssynbio.2c00179/paper.pdf,True,15,1,15,6,6,0,True,1 2 3 4 5 6,,True,
doi:10.1021/acssynbio.2c00328,10.1021/acssynbio.2c00328,2023,data/papers/2023/10.1021__acssynbio.2c00328/paper.pdf,True,15,1,15,4,4,0,True,1 2 3 4,,True,
doi:10.1021/acssynbio.2c00338,10.1021/acssynbio.2c00338,2023,data/papers/2023/10.1021__acssynbio.2c00338/paper.pdf,True,12,1,12,6,6,0,True,1 2 3 4 5 6,,True,
doi:10.1021/acssynbio.2c00339,10.1021/acssynbio.2c00339,2023,data/papers/2023/10.1021__acssynbio.2c00339/paper.pdf,False,29,1,29,5,5,0,True,1 2 3 4 5,,True,
doi:10.1021/acssynbio.2c00342,10.1021/acssynbio.2c00342,2023,data/papers/2023/10.1021__acssynbio.2c00342/paper.pdf,True,7,1,7,4,4,0,True,1 2 3 4,,True,
doi:10.1021/acssynbio.2c00351,10.1021/acssynbio.2c00351,2023,data/papers/2023/10.1021__acssynbio.2c00351/paper.pdf,True,13,1,13,4,4,0,True,1 2 3 4,,True,
doi:10.1021/acssynbio.2c00356,10.1021/acssynbio.2c00356,2023,data/papers/2023/10.1021__acssynbio.2c00356/paper.pdf,True,14,1,14,10,10,0,True,1 2 3 4 5 6 7 8 9 10,,True,
doi:10.1021/acssynbio.2c00358,10.1021/acssynbio.2c00358,2023,data/papers/2023/10.1021__acssynbio.2c00358/paper.pdf,True,14,1,14,8,8,0,True,1 2 3 4 5 6 7 8,,True,
doi:10.1021/acssynbio.2c00361,10.1021/acssynbio.2c00361,2023,data/papers/2023/10.1021__acssynbio.2c00361/paper.pdf,True,14,1,14,4,4,0,True,1 2 3 4,,True,
doi:10.1021/acssynbio.2c00392,10.1021/acssynbio.2c00392,2023,data/papers/2023/10.1021__acssynbio.2c00392/paper.pdf,True,13,1,13,5,5,0,True,1 2 3 4 5,,True,
doi:10.1021/acssynbio.2c00406,10.1021/acssynbio.2c00406,2023,data/papers/2023/10.1021__acssynbio.2c00406/paper.pdf,True,12,1,12,4,4,0,True,1 2 3 4,,True,
doi:10.1021/acssynbio.2c00407,10.1021/acssynbio.2c00407,2023,data/papers/2023/10.1021__acssynbio.2c00407/paper.pdf,True,16,1,16,6,6,0,True,1 2 3 4 5 6,,True,
doi:10.1021/acssynbio.2c00410,10.1021/acssynbio.2c00410,2023,data/papers/2023/10.1021__acssynbio.2c00410/paper.pdf,True,8,1,8,3,3,0,True,1 2 3,,True,
doi:10.1021/acssynbio.2c00416,10.1021/acssynbio.2c00416,2023,data/papers/2023/10.1021__acssynbio.2c00416/paper.pdf,True,8,1,8,3,3,0,True,1 2 3,,True,
doi:10.1021/acssynbio.2c00425,10.1021/acssynbio.2c00425,2023,data/papers/2023/10.1021__acssynbio.2c00425/pmc/paper.pdf,True,9,1,9,6,6,0,True,1 2 3 4 5 6,,True,
doi:10.1021/acssynbio.2c00426,10.1021/acssynbio.2c00426,2023,data/papers/2023/10.1021__acssynbio.2c00426/paper.pdf,True,11,1,11,7,7,0,True,1 2 3 4 5 6 7,,True,
doi:10.1021/acssynbio.2c00434,10.1021/acssynbio.2c00434,2023,data/papers/2023/10.1021__acssynbio.2c00434/paper.pdf,True,8,1,8,5,5,0,True,1 2 3 4 5,,True,
doi:10.1021/acssynbio.2c00441,10.1021/acssynbio.2c00441,2023,data/papers/2023/10.1021__acssynbio.2c00441/paper.pdf,False,20,1,20,0,5,-5,False,,,True,
doi:10.1021/acssynbio.2c00450,10.1021/acssynbio.2c00450,2023,data/papers/2023/10.1021__acssynbio.2c00450/paper.pdf,True,10,1,10,5,5,0,True,1 2 3 4 5,,True,
doi:10.1021/acssynbio.2c00455,10.1021/acssynbio.2c00455,2023,data/papers/2023/10.1021__acssynbio.2c00455/paper.pdf,True,14,1,14,7,7,0,True,1 2 3 4 5 6 7,,True,
doi:10.1021/acssynbio.2c00457,10.1021/acssynbio.2c00457,2023,data/papers/2023/10.1021__acssynbio.2c00457/paper.pdf,True,8,1,8,4,4,0,True,1 2 3 4,,True,
doi:10.1021/acssynbio.2c00465,10.1021/acssynbio.2c00465,2023,data/papers/2023/10.1021__acssynbio.2c00465/paper.pdf,True,13,1,13,5,5,0,True,1 2 3 4 5,,True,
doi:10.1021/acssynbio.2c00467,10.1021/acssynbio.2c00467,2023,data/papers/2023/10.1021__acssynbio.2c00467/paper.pdf,True,13,1,13,3,3,0,True,1 2 3,,True,
doi:10.1021/acssynbio.2c00472,10.1021/acssynbio.2c00472,2023,data/papers/2023/10.1021__acssynbio.2c00472/paper.pdf,True,10,1,10,6,6,0,True,1 2 3 4 5 6,,True,
doi:10.1021/acssynbio.2c00477,10.1021/acssynbio.2c00477,2023,data/papers/2023/10.1021__acssynbio.2c00477/pmc/paper.pdf,True,6,1,6,3,3,0,True,1 2 3,,True,
doi:10.1021/acssynbio.2c00496,10.1021/acssynbio.2c00496,2023,data/papers/2023/10.1021__acssynbio.2c00496/paper.pdf,True,16,1,16,7,7,0,True,1 2 3 4 5 6 7,,True,
doi:10.1021/acssynbio.2c00511,10.1021/acssynbio.2c00511,2023,data/papers/2023/10.1021__acssynbio.2c00511/paper.pdf,True,8,1,8,4,4,0,True,1 2 3 4,,True,
doi:10.1021/acssynbio.2c00512,10.1021/acssynbio.2c00512,2023,data/papers/2023/10.1021__acssynbio.2c00512/paper.pdf,True,8,1,8,4,4,0,True,1 2 3 4,,True,
doi:10.1021/acssynbio.2c00516,10.1021/acssynbio.2c00516,2023,data/papers/2023/10.1021__acssynbio.2c00516/paper.pdf,True,6,1,6,4,4,0,True,1 2 3 4,,True,
doi:10.1021/acssynbio.2c00517,10.1021/acssynbio.2c00517,2023,data/papers/2023/10.1021__acssynbio.2c00517/paper.pdf,True,12,1,12,5,5,0,True,1 2 3 4 5,,True,
doi:10.1021/acssynbio.2c00527,10.1021/acssynbio.2c00527,2023,data/papers/2023/10.1021__acssynbio.2c00527/paper.pdf,True,12,1,12,6,6,0,True,1 2 3 4 5 6,,True,
doi:10.1021/acssynbio.2c00530,10.1021/acssynbio.2c00530,2023,data/papers/2023/10.1021__acssynbio.2c00530/paper.pdf,True,14,1,14,8,8,0,True,1 2 3 4 5 6 7 8,,True,
doi:10.1021/acssynbio.2c00537,10.1021/acssynbio.2c00537,2023,data/papers/2023/10.1021__acssynbio.2c00537/paper.pdf,True,11,1,11,7,7,0,True,1 2 3 4 5 6 7,,True,
doi:10.1021/acssynbio.2c00545,10.1021/acssynbio.2c00545,2023,data/papers/2023/10.1021__acssynbio.2c00545/paper.pdf,True,15,1,15,6,6,0,True,1 2 3 4 5 6,,True,
doi:10.1021/acssynbio.2c00554,10.1021/acssynbio.2c00554,2023,data/papers/2023/10.1021__acssynbio.2c00554/paper.pdf,True,11,1,11,6,6,0,True,1 2 3 4 5 6,,True,
doi:10.1021/acssynbio.2c00560,10.1021/acssynbio.2c00560,2023,data/papers/2023/10.1021__acssynbio.2c00560/paper.pdf,True,6,1,6,2,2,0,True,1 2,,True,
doi:10.1021/acssynbio.2c00571,10.1021/acssynbio.2c00571,2023,data/papers/2023/10.1021__acssynbio.2c00571/paper.pdf,True,7,1,7,4,4,0,True,1 2 3 4,,True,
doi:10.1021/acssynbio.2c00587,10.1021/acssynbio.2c00587,2023,data/papers/2023/10.1021__acssynbio.2c00587/paper.pdf,True,13,1,13,6,6,0,True,1 2 3 4 5 6,,True,
doi:10.1021/acssynbio.2c00589,10.1021/acssynbio.2c00589,2023,data/papers/2023/10.1021__acssynbio.2c00589/paper.pdf,True,10,1,10,4,4,0,True,1 2 3 4,,True,
doi:10.1021/acssynbio.2c00593,10.1021/acssynbio.2c00593,2023,data/papers/2023/10.1021__acssynbio.2c00593/paper.pdf,True,15,1,15,9,9,0,True,1 2 3 4 5 6 7 8 9,,True,
doi:10.1021/acssynbio.2c00595,10.1021/acssynbio.2c00595,2023,data/papers/2023/10.1021__acssynbio.2c00595/paper.pdf,True,9,1,9,5,5,0,True,1 2 3 4 5,,True,
doi:10.1021/acssynbio.2c00607,10.1021/acssynbio.2c00607,2023,data/papers/2023/10.1021__acssynbio.2c00607/paper.pdf,True,14,1,14,3,3,0,True,1 2 3,,True,
doi:10.1021/acssynbio.2c00609,10.1021/acssynbio.2c00609,2023,data/papers/2023/10.1021__acssynbio.2c00609/paper.pdf,True,11,1,11,5,5,0,True,1 2 3 4 5,,True,
doi:10.1021/acssynbio.2c00611,10.1021/acssynbio.2c00611,2023,data/papers/2023/10.1021__acssynbio.2c00611/paper.pdf,False,21,1,21,0,5,-5,False,,,True,
doi:10.1021/acssynbio.2c00615,10.1021/acssynbio.2c00615,2023,data/papers/2023/10.1021__acssynbio.2c00615/paper.pdf,True,12,1,12,3,3,0,True,1 2 3,,True,
doi:10.1021/acssynbio.2c00618,10.1021/acssynbio.2c00618,2023,data/papers/2023/10.1021__acssynbio.2c00618/pmc/paper.pdf,True,13,1,13,7,7,0,True,1 2 3 4 5 6 7,,True,
doi:10.1021/acssynbio.2c00627,10.1021/acssynbio.2c00627,2023,data/papers/2023/10.1021__acssynbio.2c00627/paper.pdf,True,11,1,11,3,3,0,True,1 2 3,,True,
doi:10.1021/acssynbio.2c00641,10.1021/acssynbio.2c00641,2023,data/papers/2023/10.1021__acssynbio.2c00641/paper.pdf,True,8,1,8,4,4,0,True,1 2 3 4,,True,
doi:10.1021/acssynbio.2c00648,10.1021/acssynbio.2c00648,2023,data/papers/2023/10.1021__acssynbio.2c00648/paper.pdf,True,10,1,10,6,6,0,True,1 2 3 4 5 6,,True,
doi:10.1021/acssynbio.2c00658,10.1021/acssynbio.2c00658,2023,data/papers/2023/10.1021__acssynbio.2c00658/paper.pdf,False,40,1,40,6,6,0,True,1 2 3 4 5 6,,True,
doi:10.1021/acssynbio.2c00661,10.1021/acssynbio.2c00661,2023,data/papers/2023/10.1021__acssynbio.2c00661/paper.pdf,True,11,1,11,6,6,0,True,1 2 3 4 5 6,,True,
doi:10.1021/acssynbio.2c00662,10.1021/acssynbio.2c00662,2023,data/papers/2023/10.1021__acssynbio.2c00662/paper.pdf,True,13,1,13,6,6,0,True,1 2 3 4 5 6,,True,
doi:10.1021/acssynbio.2c00668,10.1021/acssynbio.2c00668,2023,data/papers/2023/10.1021__acssynbio.2c00668/paper.pdf,True,17,1,17,6,6,0,True,1 2 3 4 5 6,,True,
doi:10.1021/acssynbio.2c00669,10.1021/acssynbio.2c00669,2023,data/papers/2023/10.1021__acssynbio.2c00669/paper.pdf,False,14,1,14,3,4,-1,False,1 2 3,,True,
doi:10.1021/acssynbio.2c00679,10.1021/acssynbio.2c00679,2023,data/papers/2023/10.1021__acssynbio.2c00679/paper.pdf,True,11,1,11,4,4,0,True,1 2 3 4,,True,
doi:10.1021/acssynbio.2c00684,10.1021/acssynbio.2c00684,2023,data/papers/2023/10.1021__acssynbio.2c00684/paper.pdf,True,12,1,12,6,6,0,True,1 2 3 4 5 6,,True,
doi:10.1021/acssynbio.2c00685,10.1021/acssynbio.2c00685,2023,data/papers/2023/10.1021__acssynbio.2c00685/paper.pdf,False,11,1,11,2,2,0,True,1 2,,True,
doi:10.1021/acssynbio.2c00687,10.1021/acssynbio.2c00687,2023,data/papers/2023/10.1021__acssynbio.2c00687/paper.pdf,True,9,1,9,7,7,0,True,1 2 3 4 5 6 7,,True,
doi:10.1021/acssynbio.2c00689,10.1021/acssynbio.2c00689,2023,data/papers/2023/10.1021__acssynbio.2c00689/pmc/paper.pdf,True,7,1,7,2,2,0,True,1 2,,True,
doi:10.1021/acssynbio.2c00690,10.1021/acssynbio.2c00690,2023,data/papers/2023/10.1021__acssynbio.2c00690/pmc/paper.pdf,True,12,1,12,6,6,0,True,1 2 3 4 5 6,,True,
doi:10.1021/acssynbio.3c00009,10.1021/acssynbio.3c00009,2023,data/papers/2023/10.1021__acssynbio.3c00009/pmc/paper.pdf,True,10,1,10,6,6,0,True,1 2 3 4 5 6,,True,
doi:10.1021/acssynbio.3c00015,10.1021/acssynbio.3c00015,2023,data/papers/2023/10.1021__acssynbio.3c00015/pmc/paper.pdf,True,12,1,12,5,5,0,True,1 2 3 4 5,,True,
doi:10.1021/acssynbio.3c00022,10.1021/acssynbio.3c00022,2023,data/papers/2023/10.1021__acssynbio.3c00022/paper.pdf,False,25,1,25,0,4,-4,False,,,True,
doi:10.1021/acssynbio.3c00033,10.1021/acssynbio.3c00033,2023,data/papers/2023/10.1021__acssynbio.3c00033/pmc/paper.pdf,True,12,1,12,8,8,0,True,1 2 3 4 5 6 7 8,,True,
doi:10.1021/acssynbio.3c00044,10.1021/acssynbio.3c00044,2023,data/papers/2023/10.1021__acssynbio.3c00044/paper.pdf,True,11,1,11,7,7,0,True,1 2 3 4 5 6 7,,True,
doi:10.1021/acssynbio.3c00047,10.1021/acssynbio.3c00047,2023,data/papers/2023/10.1021__acssynbio.3c00047/paper.pdf,True,11,1,11,3,3,0,True,1 2 3,,True,
doi:10.1021/acssynbio.3c00062,10.1021/acssynbio.3c00062,2023,data/papers/2023/10.1021__acssynbio.3c00062/paper.pdf,True,25,1,25,10,10,0,True,1 2 3 4 5 6 7 8 9 10,,True,
doi:10.1021/acssynbio.3c00064,10.1021/acssynbio.3c00064,2023,data/papers/2023/10.1021__acssynbio.3c00064/paper.pdf,True,12,1,12,6,6,0,True,1 2 3 4 5 6,,True,
doi:10.1021/acssynbio.3c00065,10.1021/acssynbio.3c00065,2023,data/papers/2023/10.1021__acssynbio.3c00065/paper.pdf,True,15,1,15,5,5,0,True,1 2 3 4 5,,True,
doi:10.1021/acssynbio.3c00066,10.1021/acssynbio.3c00066,2023,data/papers/2023/10.1021__acssynbio.3c00066/paper.pdf,True,11,1,11,7,7,0,True,1 2 3 4 5 6 7,,True,
doi:10.1021/acssynbio.3c00069,10.1021/acssynbio.3c00069,2023,data/papers/2023/10.1021__acssynbio.3c00069/paper.pdf,True,11,1,11,4,4,0,True,1 2 3 4,,True,
doi:10.1021/acssynbio.3c00070,10.1021/acssynbio.3c00070,2023,data/papers/2023/10.1021__acssynbio.3c00070/pmc/paper.pdf,True,16,1,16,8,8,0,True,1 2 3 4 5 6 7 8,,True,
doi:10.1021/acssynbio.3c00074,10.1021/acssynbio.3c00074,2023,data/papers/2023/10.1021__acssynbio.3c00074/paper.pdf,True,14,1,14,8,8,0,True,1 2 3 4 5 6 7 8,,True,
doi:10.1021/acssynbio.3c00078,10.1021/acssynbio.3c00078,2023,data/papers/2023/10.1021__acssynbio.3c00078/paper.pdf,True,10,1,10,3,3,0,True,1 2 3,,True,
doi:10.1021/acssynbio.3c00080,10.1021/acssynbio.3c00080,2023,data/papers/2023/10.1021__acssynbio.3c00080/paper.pdf,True,11,1,11,4,4,0,True,1 2 3 4,,True,
doi:10.1021/acssynbio.3c00094,10.1021/acssynbio.3c00094,2023,data/papers/2023/10.1021__acssynbio.3c00094/paper.pdf,True,5,1,5,2,2,0,True,1 2,,True,
doi:10.1021/acssynbio.3c00098,10.1021/acssynbio.3c00098,2023,data/papers/2023/10.1021__acssynbio.3c00098/versions/biorxiv_preprint_v1/paper__fc6124591733.pdf,False,9,1,9,0,2,-2,False,,,True,
doi:10.1021/acssynbio.3c00101,10.1021/acssynbio.3c00101,2023,data/papers/2023/10.1021__acssynbio.3c00101/pmc/paper.pdf,True,9,1,9,4,4,0,True,1 2 3 4,,True,
doi:10.1021/acssynbio.3c00103,10.1021/acssynbio.3c00103,2023,data/papers/2023/10.1021__acssynbio.3c00103/paper.pdf,True,6,1,6,2,2,0,True,1 2,,True,
doi:10.1021/acssynbio.3c00104,10.1021/acssynbio.3c00104,2023,data/papers/2023/10.1021__acssynbio.3c00104/paper.pdf,True,12,1,12,5,5,0,True,1 2 3 4 5,,True,
doi:10.1021/acssynbio.3c00110,10.1021/acssynbio.3c00110,2023,data/papers/2023/10.1021__acssynbio.3c00110/pmc/paper.pdf,True,15,1,15,8,8,0,True,1 2 3 4 5 6 7 8,,True,
doi:10.1021/acssynbio.3c00114,10.1021/acssynbio.3c00114,2023,data/papers/2023/10.1021__acssynbio.3c00114/paper.pdf,True,8,1,8,4,4,0,True,1 2 3 4,,True,
doi:10.1021/acssynbio.3c00120,10.1021/acssynbio.3c00120,2023,data/papers/2023/10.1021__acssynbio.3c00120/paper.pdf,True,10,1,10,4,4,0,True,1 2 3 4,,True,
doi:10.1021/acssynbio.3c00124,10.1021/acssynbio.3c00124,2023,data/papers/2023/10.1021__acssynbio.3c00124/pmc/paper.pdf,True,5,1,5,2,2,0,True,1 2,,True,
doi:10.1021/acssynbio.3c00133,10.1021/acssynbio.3c00133,2023,data/papers/2023/10.1021__acssynbio.3c00133/paper.pdf,True,9,1,9,4,4,0,True,1 2 3 4,,True,
doi:10.1021/acssynbio.3c00135,10.1021/acssynbio.3c00135,2023,data/papers/2023/10.1021__acssynbio.3c00135/paper.pdf,True,13,1,13,7,7,0,True,1 2 3 4 5 6 7,,True,
doi:10.1021/acssynbio.3c00144,10.1021/acssynbio.3c00144,2023,data/papers/2023/10.1021__acssynbio.3c00144/paper.pdf,True,8,1,8,4,5,-1,False,1 2 3 4,,True,
doi:10.1021/acssynbio.3c00146,10.1021/acssynbio.3c00146,2023,data/papers/2023/10.1021__acssynbio.3c00146/paper.pdf,True,10,1,10,5,5,0,True,1 2 3 4 5,,True,
doi:10.1021/acssynbio.3c00148,10.1021/acssynbio.3c00148,2023,data/papers/2023/10.1021__acssynbio.3c00148/paper.pdf,True,10,1,10,5,5,0,True,1 2 3 4 5,,True,
doi:10.1021/acssynbio.3c00150,10.1021/acssynbio.3c00150,2023,data/papers/2023/10.1021__acssynbio.3c00150/paper.pdf,True,13,1,13,5,5,0,True,1 2 3 4 5,,True,
doi:10.1021/acssynbio.3c00151,10.1021/acssynbio.3c00151,2023,data/papers/2023/10.1021__acssynbio.3c00151/paper.pdf,True,16,1,16,8,8,0,True,1 2 3 4 5 6 7 8,,True,
doi:10.1021/acssynbio.3c00154,10.1021/acssynbio.3c00154,2023,data/papers/2023/10.1021__acssynbio.3c00154/paper.pdf,True,10,1,10,5,5,0,True,1 2 3 4 5,,True,
doi:10.1021/acssynbio.3c00155,10.1021/acssynbio.3c00155,2023,data/papers/2023/10.1021__acssynbio.3c00155/paper.pdf,True,10,1,10,6,6,0,True,1 2 3 4 5 6,,True,
doi:10.1021/acssynbio.3c00157,10.1021/acssynbio.3c00157,2023,data/papers/2023/10.1021__acssynbio.3c00157/paper.pdf,True,14,1,14,7,7,0,True,1 2 3 4 5 6 7,,True,
doi:10.1021/acssynbio.3c00163,10.1021/acssynbio.3c00163,2023,data/papers/2023/10.1021__acssynbio.3c00163/paper.pdf,True,14,1,14,6,6,0,True,1 2 3 4 5 6,,True,
doi:10.1021/acssynbio.3c00167,10.1021/acssynbio.3c00167,2023,data/papers/2023/10.1021__acssynbio.3c00167/paper.pdf,True,5,1,5,2,2,0,True,1 2,,True,
doi:10.1021/acssynbio.3c00174,10.1021/acssynbio.3c00174,2023,data/papers/2023/10.1021__acssynbio.3c00174/paper.pdf,True,9,1,9,5,5,0,True,1 2 3 4 5,,True,
doi:10.1021/acssynbio.3c00183,10.1021/acssynbio.3c00183,2023,data/papers/2023/10.1021__acssynbio.3c00183/paper.pdf,True,5,1,5,1,1,0,True,1,,True,
doi:10.1021/acssynbio.3c00186,10.1021/acssynbio.3c00186,2023,data/papers/2023/10.1021__acssynbio.3c00186/paper.pdf,True,12,1,12,7,7,0,True,1 2 3 4 5 6 7,,True,
doi:10.1021/acssynbio.3c00191,10.1021/acssynbio.3c00191,2023,data/papers/2023/10.1021__acssynbio.3c00191/paper.pdf,True,8,1,8,4,4,0,True,1 2 3 4,,True,
doi:10.1021/acssynbio.3c00199,10.1021/acssynbio.3c00199,2023,data/papers/2023/10.1021__acssynbio.3c00199/paper.pdf,True,12,1,12,5,5,0,True,1 2 3 4 5,,True,
doi:10.1021/acssynbio.3c00201,10.1021/acssynbio.3c00201,2023,data/papers/2023/10.1021__acssynbio.3c00201/paper.pdf,True,7,1,7,4,4,0,True,1 2 3 4,,True,
doi:10.1021/acssynbio.3c00206,10.1021/acssynbio.3c00206,2023,data/papers/2023/10.1021__acssynbio.3c00206/paper.pdf,True,11,1,11,5,5,0,True,1 2 3 4 5,,True,
doi:10.1021/acssynbio.3c00215,10.1021/acssynbio.3c00215,2023,data/papers/2023/10.1021__acssynbio.3c00215/paper.pdf,True,9,1,9,4,4,0,True,1 2 3 4,,True,
doi:10.1021/acssynbio.3c00231,10.1021/acssynbio.3c00231,2023,data/papers/2023/10.1021__acssynbio.3c00231/paper.pdf,True,14,1,14,7,7,0,True,1 2 3 4 5 6 7,,True,
doi:10.1021/acssynbio.3c00232,10.1021/acssynbio.3c00232,2023,data/papers/2023/10.1021__acssynbio.3c00232/paper.pdf,True,18,1,18,9,9,0,True,1 2 3 4 5 6 7 8 9,,True,
doi:10.1021/acssynbio.3c00237,10.1021/acssynbio.3c00237,2023,data/papers/2023/10.1021__acssynbio.3c00237/paper.pdf,True,9,1,9,5,5,0,True,1 2 3 4 5,,True,
doi:10.1021/acssynbio.3c00239,10.1021/acssynbio.3c00239,2023,data/papers/2023/10.1021__acssynbio.3c00239/paper.pdf,True,14,1,14,6,6,0,True,1 2 3 4 5 6,,True,
doi:10.1021/acssynbio.3c00245,10.1021/acssynbio.3c00245,2023,data/papers/2023/10.1021__acssynbio.3c00245/paper.pdf,True,7,1,7,4,4,0,True,1 2 3 4,,True,
doi:10.1021/acssynbio.3c00246,10.1021/acssynbio.3c00246,2023,data/papers/2023/10.1021__acssynbio.3c00246/paper.pdf,True,11,1,11,5,5,0,True,1 2 3 4 5,,True,
doi:10.1021/acssynbio.3c00248,10.1021/acssynbio.3c00248,2023,data/papers/2023/10.1021__acssynbio.3c00248/pmc/paper.pdf,True,15,1,15,3,3,0,True,1 2 3,,True,
doi:10.1021/acssynbio.3c00253,10.1021/acssynbio.3c00253,2023,data/papers/2023/10.1021__acssynbio.3c00253/paper.pdf,True,11,1,11,4,4,0,True,1 2 3 4,,True,
doi:10.1021/acssynbio.3c00265,10.1021/acssynbio.3c00265,2023,data/papers/2023/10.1021__acssynbio.3c00265/paper.pdf,True,8,1,8,4,4,0,True,1 2 3 4,,True,
doi:10.1021/acssynbio.3c00271,10.1021/acssynbio.3c00271,2023,data/papers/2023/10.1021__acssynbio.3c00271/paper.pdf,False,26,1,26,7,7,0,True,1 2 3 4 5 6 7,,True,
doi:10.1021/acssynbio.3c00282,10.1021/acssynbio.3c00282,2023,data/papers/2023/10.1021__acssynbio.3c00282/paper.pdf,True,8,1,8,3,2,1,False,1 2 3,,True,
doi:10.1021/acssynbio.3c00292,10.1021/acssynbio.3c00292,2023,data/papers/2023/10.1021__acssynbio.3c00292/paper.pdf,True,8,1,8,3,3,0,True,1 2 3,,True,
doi:10.1021/acssynbio.3c00295,10.1021/acssynbio.3c00295,2023,data/papers/2023/10.1021__acssynbio.3c00295/paper.pdf,True,12,1,12,6,6,0,True,1 2 3 4 5 6,,True,
doi:10.1021/acssynbio.3c00299,10.1021/acssynbio.3c00299,2023,data/papers/2023/10.1021__acssynbio.3c00299/paper.pdf,True,14,1,14,5,5,0,True,1 2 3 4 5,,True,
doi:10.1021/acssynbio.3c00301,10.1021/acssynbio.3c00301,2023,data/papers/2023/10.1021__acssynbio.3c00301/paper.pdf,False,25,1,25,6,6,0,True,1 2 3 4 5 6,,True,
doi:10.1021/acssynbio.3c00308,10.1021/acssynbio.3c00308,2023,data/papers/2023/10.1021__acssynbio.3c00308/paper.pdf,True,11,1,11,5,5,0,True,1 2 3 4 5,,True,
doi:10.1021/acssynbio.3c00312,10.1021/acssynbio.3c00312,2023,data/papers/2023/10.1021__acssynbio.3c00312/paper.pdf,True,6,1,6,2,2,0,True,1 2,,True,
doi:10.1021/acssynbio.3c00319,10.1021/acssynbio.3c00319,2023,data/papers/2023/10.1021__acssynbio.3c00319/paper.pdf,True,13,1,13,4,4,0,True,1 2 3 4,,True,
doi:10.1021/acssynbio.3c00320,10.1021/acssynbio.3c00320,2023,data/papers/2023/10.1021__acssynbio.3c00320/paper.pdf,True,12,1,12,6,6,0,True,1 2 3 4 5 6,,True,
doi:10.1021/acssynbio.3c00323,10.1021/acssynbio.3c00323,2023,data/papers/2023/10.1021__acssynbio.3c00323/paper.pdf,True,5,1,5,2,2,0,True,1 2,,True,
doi:10.1021/acssynbio.3c00333,10.1021/acssynbio.3c00333,2023,data/papers/2023/10.1021__acssynbio.3c00333/paper.pdf,False,8,1,8,2,2,0,True,1 2,,True,
doi:10.1021/acssynbio.3c00344,10.1021/acssynbio.3c00344,2023,data/papers/2023/10.1021__acssynbio.3c00344/paper.pdf,True,10,1,10,5,5,0,True,1 2 3 4 5,,True,
doi:10.1021/acssynbio.3c00355,10.1021/acssynbio.3c00355,2023,data/papers/2023/10.1021__acssynbio.3c00355/paper.pdf,True,14,1,14,6,6,0,True,1 2 3 4 5 6,,True,
doi:10.1021/acssynbio.3c00358,10.1021/acssynbio.3c00358,2023,data/papers/2023/10.1021__acssynbio.3c00358/paper.pdf,True,14,1,14,10,10,0,True,1 2 3 4 5 6 7 8 9 10,,True,
doi:10.1021/acssynbio.3c00366,10.1021/acssynbio.3c00366,2023,data/papers/2023/10.1021__acssynbio.3c00366/paper.pdf,True,9,1,9,4,4,0,True,1 2 3 4,,True,
doi:10.1021/acssynbio.3c00367,10.1021/acssynbio.3c00367,2023,data/papers/2023/10.1021__acssynbio.3c00367/paper.pdf,True,15,1,15,5,5,0,True,1 2 3 4 5,,True,
doi:10.1021/acssynbio.3c00374,10.1021/acssynbio.3c00374,2023,data/papers/2023/10.1021__acssynbio.3c00374/paper.pdf,True,14,1,14,5,5,0,True,1 2 3 4 5,,True,
doi:10.1021/acssynbio.3c00375,10.1021/acssynbio.3c00375,2023,data/papers/2023/10.1021__acssynbio.3c00375/pmc/paper.pdf,True,8,1,8,4,4,0,True,1 2 3 4,,True,
doi:10.1021/acssynbio.3c00386,10.1021/acssynbio.3c00386,2023,data/papers/2023/10.1021__acssynbio.3c00386/pmc/paper.pdf,True,17,1,17,10,10,0,True,1 2 3 4 5 6 7 8 9 10,,True,
doi:10.1021/acssynbio.3c00390,10.1021/acssynbio.3c00390,2023,data/papers/2023/10.1021__acssynbio.3c00390/paper.pdf,True,6,1,6,2,2,0,True,1 2,,True,
doi:10.1021/acssynbio.3c00397,10.1021/acssynbio.3c00397,2023,data/papers/2023/10.1021__acssynbio.3c00397/pmc/paper.pdf,True,7,1,7,3,3,0,True,1 2 3,,True,
doi:10.1021/acssynbio.3c00403,10.1021/acssynbio.3c00403,2023,data/papers/2023/10.1021__acssynbio.3c00403/paper.pdf,True,10,1,10,3,3,0,True,1 2 3,,True,
doi:10.1021/acssynbio.3c00412,10.1021/acssynbio.3c00412,2023,data/papers/2023/10.1021__acssynbio.3c00412/paper.pdf,True,14,1,14,7,7,0,True,1 2 3 4 5 6 7,,True,
doi:10.1021/acssynbio.3c00414,10.1021/acssynbio.3c00414,2023,data/papers/2023/10.1021__acssynbio.3c00414/paper.pdf,False,12,1,12,6,6,0,True,1 2 3 4 5 6,,True,
doi:10.1021/acssynbio.3c00423,10.1021/acssynbio.3c00423,2023,data/papers/2023/10.1021__acssynbio.3c00423/paper.pdf,True,13,1,13,5,5,0,True,1 2 3 4 5,,True,
doi:10.1021/acssynbio.3c00443,10.1021/acssynbio.3c00443,2023,data/papers/2023/10.1021__acssynbio.3c00443/paper.pdf,False,11,1,11,5,5,0,True,1 2 3 4 5,,True,
doi:10.1021/acssynbio.3c00444,10.1021/acssynbio.3c00444,2023,data/papers/2023/10.1021__acssynbio.3c00444/paper.pdf,True,13,1,13,4,4,0,True,1 2 3 4,,True,
doi:10.1021/acssynbio.3c00452,10.1021/acssynbio.3c00452,2023,data/papers/2023/10.1021__acssynbio.3c00452/pmc/paper.pdf,True,9,1,9,4,4,0,True,1 2 3 4,,True,
doi:10.1021/acssynbio.3c00455,10.1021/acssynbio.3c00455,2023,data/papers/2023/10.1021__acssynbio.3c00455/pmc/paper.pdf,True,10,1,10,3,3,0,True,1 2 3,,True,
doi:10.1021/acssynbio.3c00461,10.1021/acssynbio.3c00461,2023,data/papers/2023/10.1021__acssynbio.3c00461/paper.pdf,False,8,1,8,2,2,0,True,1 2,,True,
doi:10.1021/acssynbio.3c00464,10.1021/acssynbio.3c00464,2023,data/papers/2023/10.1021__acssynbio.3c00464/pmc/paper.pdf,True,5,1,5,2,2,0,True,1 2,,True,
doi:10.1021/acssynbio.3c00484,10.1021/acssynbio.3c00484,2023,data/papers/2023/10.1021__acssynbio.3c00484/paper.pdf,True,15,1,15,6,6,0,True,1 2 3 4 5 6,,True,
doi:10.1021/acssynbio.3c00491,10.1021/acssynbio.3c00491,2023,data/papers/2023/10.1021__acssynbio.3c00491/paper.pdf,True,5,1,5,3,3,0,True,1 2 3,,True,
doi:10.1021/acssynbio.3c00503,10.1021/acssynbio.3c00503,2023,data/papers/2023/10.1021__acssynbio.3c00503/paper.pdf,True,12,1,12,7,7,0,True,1 2 3 4 5 6 7,,True,
doi:10.1021/acssynbio.3c00554,10.1021/acssynbio.3c00554,2023,data/papers/2023/10.1021__acssynbio.3c00554/paper.pdf,True,13,1,13,9,9,0,True,1 2 3 4 5 6 7 8 9,,True,
doi:10.1021/acssynbio.3c00559,10.1021/acssynbio.3c00559,2023,data/papers/2023/10.1021__acssynbio.3c00559/paper.pdf,False,11,1,11,6,6,0,True,1 2 3 4 5 6,,True,
doi:10.1021/acssynbio.3c00599,10.1021/acssynbio.3c00599,2023,data/papers/2023/10.1021__acssynbio.3c00599/paper.pdf,True,12,1,12,3,3,0,True,1 2 3,,True,
