record_id,doi,year,title,status,pmcid,versioned_pmcid,local_path,retrieved_at,source_url,resolved_url,source_landing_page_url,source_landing_page_snapshot_path,source_landing_page_snapshot_sha256,source_landing_page_snapshot_bytes,source_name,source_version,requested_version,version_assertion_method,source_version_assertion_method,historical_evaluated_edition_relation,historical_evaluated_edition_equivalence_asserted,transport_provenance_verification_status,transport_provenance_limitation,source_license,source_access,pmc_manifest_path,pmc_manifest_sha256,pmc_manifest_original_path,pmc_package_metadata_snapshot_path,pmc_package_metadata_snapshot_sha256,pmc_package_metadata_snapshot_bytes,pmc_article_xml_original_path,pmc_article_xml_snapshot_path,pmc_article_xml_snapshot_sha256,pmc_article_xml_snapshot_bytes,bytes,sha256,page_count,artifact_type,identity_check,title_similarity,error
doi:10.1021/sb200010w,10.1021/sb200010w,2012,Ultrasensitive Synthetic Protein Regulatory Networks Using Mixed Decoys,already_present,PMC3358930,PMC3358930.1,data/papers/2012/10.1021__sb200010w/versions/pmc_author_manuscript/paper__6b1d7fe1e68d.pdf,2026-09-03T04:36:19+00:00,https://pmc.ncbi.nlm.nih.gov/articles/PMC3358930/pdf/nihms342503.pdf,https://pmc.ncbi.nlm.nih.gov/articles/PMC3358930/pdf/nihms342503.pdf,https://pmc.ncbi.nlm.nih.gov/articles/PMC3358930/,data/papers/2012/10.1021__sb200010w/versions/pmc_author_manuscript/source_page__774936f098ce.html,774936f098ce5161f2c2f85ea98ae353d0ee9bd645a6bab7485b1fd0b3e2870c,175014,NIH NLM PubMed Central public article page,author_manuscript,,upstream_metadata,pmc_acquisition_manifest,not_established,False,browser_supplied_unverified,The loopback bridge verifies the PDF's DOI/title identity but cannot independently prove that browser-supplied bytes came from the recorded source URL.,,public PMC browser session with same-origin cookies,data/papers/2012/10.1021__sb200010w/versions/pmc_author_manuscript/pmc_manifest__34d15984a149.json,34d15984a149269bbc0b27efebe664b39d187bedc58789d123d99e00a0633af8,data/papers/2012/10.1021__sb200010w/pmc.json,data/papers/2012/10.1021__sb200010w/versions/pmc_author_manuscript/pmc_package_metadata__8ccc927d05b2.json,8ccc927d05b2c47924c7157a8fd410da814121e14b2e19825fcc6afe2c25a726,599,,,,,1671493,6b1d7fe1e68d8e2c458b8faa3d3a2c5cbdf8beafd5dabb10ffd0e8cc6bbbbd80,17,article_pdf,doi,1.0,
doi:10.1021/sb200018e,10.1021/sb200018e,2012,Proteins from an Unevolved Library of de novo Designed Sequences Bind a Range of Small Molecules,already_present,PMC4104770,PMC4104770.1,data/papers/2012/10.1021__sb200018e/versions/pmc_author_manuscript/paper__217e912347a3.pdf,2026-09-03T04:55:21+00:00,https://pmc.ncbi.nlm.nih.gov/articles/PMC4104770/pdf/nihms-367265.pdf,https://pmc.ncbi.nlm.nih.gov/articles/PMC4104770/pdf/nihms-367265.pdf,https://pmc.ncbi.nlm.nih.gov/articles/PMC4104770/,data/papers/2012/10.1021__sb200018e/versions/pmc_author_manuscript/source_page__6e8f563dbe77.html,6e8f563dbe775e649ed6e57e86981fb85b382ea7fb098ff8de077793c6b52711,206841,NIH NLM PubMed Central public article page,author_manuscript,,upstream_metadata,pmc_acquisition_manifest,not_established,False,browser_supplied_unverified,The loopback bridge verifies the PDF's DOI/title identity but cannot independently prove that browser-supplied bytes came from the recorded source URL.,,public PMC browser session with same-origin cookies,data/papers/2012/10.1021__sb200018e/versions/pmc_author_manuscript/pmc_manifest__26353d838937.json,26353d8389372abd2757bc3a99c937c7d28f611b335c820852003d02d0d3ee2f,data/papers/2012/10.1021__sb200018e/pmc.json,data/papers/2012/10.1021__sb200018e/versions/pmc_author_manuscript/pmc_package_metadata__50a1ce9b2915.json,50a1ce9b2915d98bdeeb2e1af3ad968afa59507dfdac42f1e48d44d81c7daad2,624,,,,,1387683,217e912347a3d3b7241926cd5fb7016a0b6ec1b6a656f82d714f691acccc3807,21,article_pdf,doi,1.0,
doi:10.1021/sb3000029,10.1021/sb3000029,2012,Multiplexed in Vivo His-Tagging of Enzyme Pathways for in Vitro Single-Pot Multienzyme Catalysis,already_present,PMC3377159,PMC3377159.1,data/papers/2012/10.1021__sb3000029/versions/pmc_author_manuscript/paper__5713df0a56ca.pdf,2026-09-03T04:36:18+00:00,https://pmc.ncbi.nlm.nih.gov/articles/PMC3377159/pdf/nihms355213.pdf,https://pmc.ncbi.nlm.nih.gov/articles/PMC3377159/pdf/nihms355213.pdf,https://pmc.ncbi.nlm.nih.gov/articles/PMC3377159/,data/papers/2012/10.1021__sb3000029/versions/pmc_author_manuscript/source_page__e87621f1e081.html,e87621f1e0817459eb238717abd3b4d3e8e55f7f02c6135a612e901006c5576c,241063,NIH NLM PubMed Central public article page,author_manuscript,,upstream_metadata,pmc_acquisition_manifest,not_established,False,browser_supplied_unverified,The loopback bridge verifies the PDF's DOI/title identity but cannot independently prove that browser-supplied bytes came from the recorded source URL.,,public PMC browser session with same-origin cookies,data/papers/2012/10.1021__sb3000029/versions/pmc_author_manuscript/pmc_manifest__27951fba61f6.json,27951fba61f62a5aa018f0a575dee9db8151aca671460ef0dd3752b77ce9deec,data/papers/2012/10.1021__sb3000029/pmc.json,data/papers/2012/10.1021__sb3000029/versions/pmc_author_manuscript/pmc_package_metadata__0494ee6c94ce.json,0494ee6c94ce355601c4ae8c1d42072037c711e9264d7ddf7721af9c0630325c,625,,,,,1126934,5713df0a56ca3366a0d10804db04f9a62119bc114fbc1d2e41171bff23d09a3e,19,article_pdf,doi,1.0,
doi:10.1021/sb3000035,10.1021/sb3000035,2012,A Sensitive Switch for Visualizing Natural Gene Silencing in Single Cells,already_present,PMC3331714,PMC3331714.1,data/papers/2012/10.1021__sb3000035/versions/pmc_author_manuscript/paper__db5461fcc030.pdf,2026-09-03T04:36:21+00:00,https://pmc.ncbi.nlm.nih.gov/articles/PMC3331714/pdf/nihms362314.pdf,https://pmc.ncbi.nlm.nih.gov/articles/PMC3331714/pdf/nihms362314.pdf,https://pmc.ncbi.nlm.nih.gov/articles/PMC3331714/,data/papers/2012/10.1021__sb3000035/versions/pmc_author_manuscript/source_page__4428f6b7b4d0.html,4428f6b7b4d03884cda7fae4c95ce5b0325bfe187c3850fe8d542d84b6ebf8e1,162582,NIH NLM PubMed Central public article page,author_manuscript,,upstream_metadata,pmc_acquisition_manifest,not_established,False,browser_supplied_unverified,The loopback bridge verifies the PDF's DOI/title identity but cannot independently prove that browser-supplied bytes came from the recorded source URL.,,public PMC browser session with same-origin cookies,data/papers/2012/10.1021__sb3000035/versions/pmc_author_manuscript/pmc_manifest__ad70e0117093.json,ad70e0117093fbc4e4ef26b081c0bdccab2ca33d024c139d88963e9fa12b3ed3,data/papers/2012/10.1021__sb3000035/pmc.json,data/papers/2012/10.1021__sb3000035/versions/pmc_author_manuscript/pmc_package_metadata__ab46befeac3c.json,ab46befeac3c195d42bb57fd8d1d876b3cb3eca552889b738ece2e6513936df7,601,,,,,2868361,db5461fcc030d2c99944b5e22434f1b41bcfc2ba0ee8083cea713fe1d7a948e1,14,article_pdf,doi,1.0,
doi:10.1021/sb300014t,10.1021/sb300014t,2012,SCHEMA-Designed Variants of Human Arginase I and II Reveal Sequence Elements Important to Stability and Catalysis,already_present,PMC3378063,PMC3378063.1,data/papers/2012/10.1021__sb300014t/versions/pmc_author_manuscript/paper__3333bd98bb11.pdf,2026-09-03T05:28:30+00:00,https://pmc.ncbi.nlm.nih.gov/articles/PMC3378063/pdf/nihms-369862.pdf,https://pmc.ncbi.nlm.nih.gov/articles/PMC3378063/pdf/nihms-369862.pdf,https://pmc.ncbi.nlm.nih.gov/articles/PMC3378063/,,,,NIH NLM PubMed Central public article page,author_manuscript,,upstream_metadata,pmc_acquisition_manifest,not_established,False,browser_supplied_unverified,The loopback bridge verifies the PDF's DOI/title identity but cannot independently prove that browser-supplied bytes came from the recorded source URL.,,public PMC browser session with same-origin cookies,data/papers/2012/10.1021__sb300014t/versions/pmc_author_manuscript/pmc_manifest__dbf90e755e10.json,dbf90e755e103772a3c4afa7e62fee8792513805d17e600f2553c7bafdd6b9bd,data/papers/2012/10.1021__sb300014t/pmc.json,data/papers/2012/10.1021__sb300014t/versions/pmc_author_manuscript/pmc_package_metadata__ba91ce7e9def.json,ba91ce7e9defc33d0bdb576ce94ead42aa57e8ed1d2e6b19bc0b350d2b0b3b3a,639,data/papers/2012/10.1021__sb300014t/pmc/PMC3378063.1.xml,data/papers/2012/10.1021__sb300014t/versions/pmc_author_manuscript/pmc_article_xml__70a95130ab17.xml,70a95130ab176f736eb2c7885b84e621afcb2987b8efcfed2e7967c7099d4f5d,112722,835332,3333bd98bb11017fc95b9f420a71ff55c2d39a8d126f638831398693c4e08c57,19,article_pdf,doi,0.984293,
doi:10.1021/sb300036z,10.1021/sb300036z,2012,Promoting Collaborative Interdisciplinary Research at the Duke Center for Systems Biology,already_present,PMC3809907,PMC3809907.1,data/papers/2012/10.1021__sb300036z/versions/pmc_author_manuscript/paper__f195d2b3a809.pdf,2026-09-03T05:28:28+00:00,https://pmc.ncbi.nlm.nih.gov/articles/PMC3809907/pdf/nihms378495.pdf,https://pmc.ncbi.nlm.nih.gov/articles/PMC3809907/pdf/nihms378495.pdf,https://pmc.ncbi.nlm.nih.gov/articles/PMC3809907/,,,,NIH NLM PubMed Central public article page,author_manuscript,,upstream_metadata,pmc_acquisition_manifest,not_established,False,browser_supplied_unverified,The loopback bridge verifies the PDF's DOI/title identity but cannot independently prove that browser-supplied bytes came from the recorded source URL.,,public PMC browser session with same-origin cookies,data/papers/2012/10.1021__sb300036z/versions/pmc_author_manuscript/pmc_manifest__ee5a228cd35d.json,ee5a228cd35d38f3c142febec67304e84d02a314aeaf37753c911e6fa938efbe,data/papers/2012/10.1021__sb300036z/pmc.json,data/papers/2012/10.1021__sb300036z/versions/pmc_author_manuscript/pmc_package_metadata__6c387bf9cdf0.json,6c387bf9cdf0a3fb1b33be6d534dfd017ac42d0d27a8a99224796541ecf41ed8,617,data/papers/2012/10.1021__sb300036z/pmc/PMC3809907.1.xml,data/papers/2012/10.1021__sb300036z/versions/pmc_author_manuscript/pmc_article_xml__0f95cf7e7313.xml,0f95cf7e7313f708ec54e5f2ff33e926b04134129b315982ec5ff2964e9390d5,22620,643384,f195d2b3a809e5d6d56370724183ae7848232048864c05683b298151edd6455c,6,article_pdf,doi,1.0,
doi:10.1021/sb3000436,10.1021/sb3000436,2012,Organization of Synthetic Alphoid DNA Array in Human Artificial Chromosome (HAC) with a Conditional Centromere,already_present,PMC3568986,PMC3568986.1,data/papers/2012/10.1021__sb3000436/versions/pmc_author_manuscript/paper__61da7211b179.pdf,2026-09-03T05:28:36+00:00,https://pmc.ncbi.nlm.nih.gov/articles/PMC3568986/pdf/nihms390503.pdf,https://pmc.ncbi.nlm.nih.gov/articles/PMC3568986/pdf/nihms390503.pdf,https://pmc.ncbi.nlm.nih.gov/articles/PMC3568986/,,,,NIH NLM PubMed Central public article page,author_manuscript,,upstream_metadata,pmc_acquisition_manifest,not_established,False,browser_supplied_unverified,The loopback bridge verifies the PDF's DOI/title identity but cannot independently prove that browser-supplied bytes came from the recorded source URL.,,public PMC browser session with same-origin cookies,data/papers/2012/10.1021__sb3000436/versions/pmc_author_manuscript/pmc_manifest__a9650c990250.json,a9650c99025028dce6eebdef67888aeef6da99fd95ae29bf9d07fa9715874005,data/papers/2012/10.1021__sb3000436/pmc.json,data/papers/2012/10.1021__sb3000436/versions/pmc_author_manuscript/pmc_package_metadata__acca65ff7977.json,acca65ff7977852a9c5507704fa36092277597b3bab7cf4a2a3b7b257147251e,638,data/papers/2012/10.1021__sb3000436/pmc/PMC3568986.1.xml,data/papers/2012/10.1021__sb3000436/versions/pmc_author_manuscript/pmc_article_xml__e5355a9828fc.xml,e5355a9828fca985795119b7a1f1e77c3f96f9c11d8cfcbb2782ae209e09bcce,150694,3951792,61da7211b17965d7d080f80286fbdac40e4f5d22cf702adf88513d095f0ae549,27,article_pdf,doi,1.0,
doi:10.1021/sb300044r,10.1021/sb300044r,2012,A Synthetic Biology Approach to Understanding Cellular Information Processing,already_present,PMC3568971,PMC3568971.1,data/papers/2012/10.1021__sb300044r/versions/pmc_author_manuscript/paper__f66bc249d027.pdf,2026-09-03T04:36:25+00:00,https://pmc.ncbi.nlm.nih.gov/articles/PMC3568971/pdf/nihms383525.pdf,https://pmc.ncbi.nlm.nih.gov/articles/PMC3568971/pdf/nihms383525.pdf,https://pmc.ncbi.nlm.nih.gov/articles/PMC3568971/,data/papers/2012/10.1021__sb300044r/versions/pmc_author_manuscript/source_page__d362e0dfcfa2.html,d362e0dfcfa25e2831a5fa8a63895e2ef3e0c762cb789989fdccfe9083770950,297413,NIH NLM PubMed Central public article page,author_manuscript,,upstream_metadata,pmc_acquisition_manifest,not_established,False,browser_supplied_unverified,The loopback bridge verifies the PDF's DOI/title identity but cannot independently prove that browser-supplied bytes came from the recorded source URL.,,public PMC browser session with same-origin cookies,data/papers/2012/10.1021__sb300044r/versions/pmc_author_manuscript/pmc_manifest__637700fadbb9.json,637700fadbb93c52e90e445a52bfb12c29cb4d568901b799073ec9ee7ce1fb5c,data/papers/2012/10.1021__sb300044r/pmc.json,data/papers/2012/10.1021__sb300044r/versions/pmc_author_manuscript/pmc_package_metadata__e51f07c7c630.json,e51f07c7c63029bd55c9bf5bfc7e51edf5a72528ae388485903cdc3efc7f407f,605,,,,,2047892,f66bc249d027d7b7a53a9a746cee626bb841f961114f7ff1694d9c804e70bb02,25,article_pdf,doi,1.0,
doi:10.1021/sb300050j,10.1021/sb300050j,2012,Dimerization-Dependent Green and Yellow Fluorescent Proteins,already_present,PMC3653836,,data/papers/2012/10.1021__sb300050j/versions/pmc_author_manuscript/paper__3b47c0890cd5.pdf,2026-09-03T04:36:28+00:00,https://pmc.ncbi.nlm.nih.gov/articles/PMC3653836/pdf/nihms2613.pdf,https://pmc.ncbi.nlm.nih.gov/articles/PMC3653836/pdf/nihms2613.pdf,https://pmc.ncbi.nlm.nih.gov/articles/PMC3653836/,data/papers/2012/10.1021__sb300050j/versions/pmc_author_manuscript/source_page__da81e008e3db.html,da81e008e3db2a63d7374bc8c729119428652144ce42bc0f99d05907173a54d6,164219,NIH NLM PubMed Central public article page,author_manuscript,,upstream_metadata,pmc_nihms_pdf_basename,not_established,False,browser_supplied_unverified,The loopback bridge verifies the PDF's DOI/title identity but cannot independently prove that browser-supplied bytes came from the recorded source URL.,,public PMC browser session with same-origin cookies,,,,,,,,,,,640377,3b47c0890cd5fa115594aef7b7a37e1cd9984c3aa70b8e9f700a1b99ea15b844,16,article_pdf,doi,1.0,
doi:10.1021/sb300052u,10.1021/sb300052u,2012,Refactored M13 Bacteriophage as a Platform for Tumor Cell Imaging and Drug Delivery,already_present,PMC3905571,PMC3905571.1,data/papers/2012/10.1021__sb300052u/versions/pmc_author_manuscript/paper__deb1ad664b7e.pdf,2026-09-03T04:36:30+00:00,https://pmc.ncbi.nlm.nih.gov/articles/PMC3905571/pdf/nihms-410222.pdf,https://pmc.ncbi.nlm.nih.gov/articles/PMC3905571/pdf/nihms-410222.pdf,https://pmc.ncbi.nlm.nih.gov/articles/PMC3905571/,data/papers/2012/10.1021__sb300052u/versions/pmc_author_manuscript/source_page__813a1099037b.html,813a1099037b7c59da93f45c52c506be462fea8aec13bb01214ea8401b8ee421,172165,NIH NLM PubMed Central public article page,author_manuscript,,upstream_metadata,pmc_acquisition_manifest,not_established,False,browser_supplied_unverified,The loopback bridge verifies the PDF's DOI/title identity but cannot independently prove that browser-supplied bytes came from the recorded source URL.,,public PMC browser session with same-origin cookies,data/papers/2012/10.1021__sb300052u/versions/pmc_author_manuscript/pmc_manifest__ff347af0b4df.json,ff347af0b4dfbaa6ce9c9d4bab97bfdc1c72695167269194493ec2f8b64f3a90,data/papers/2012/10.1021__sb300052u/pmc.json,data/papers/2012/10.1021__sb300052u/versions/pmc_author_manuscript/pmc_package_metadata__a457f3fe2ca4.json,a457f3fe2ca41df4ec7b6f1be4c46882d7331bc34dbda15af22ec7ca7cb833bf,611,,,,,963727,deb1ad664b7ebdb7a60970bcd97f9e0e0e548de3187bf8a6486348c720d5a136,13,article_pdf,doi,1.0,
doi:10.1021/sb300054p,10.1021/sb300054p,2012,Scalable Plasmid Transfer using Engineered P1-based Phagemids,already_present,PMC3804010,PMC3804010.1,data/papers/2012/10.1021__sb300054p/versions/pmc_author_manuscript/paper__1536672b8d5d.pdf,2026-09-03T05:28:33+00:00,https://pmc.ncbi.nlm.nih.gov/articles/PMC3804010/pdf/nihms-500822.pdf,https://pmc.ncbi.nlm.nih.gov/articles/PMC3804010/pdf/nihms-500822.pdf,https://pmc.ncbi.nlm.nih.gov/articles/PMC3804010/,,,,NIH NLM PubMed Central public article page,author_manuscript,,upstream_metadata,pmc_acquisition_manifest,not_established,False,browser_supplied_unverified,The loopback bridge verifies the PDF's DOI/title identity but cannot independently prove that browser-supplied bytes came from the recorded source URL.,,public PMC browser session with same-origin cookies,data/papers/2012/10.1021__sb300054p/versions/pmc_author_manuscript/pmc_manifest__2ddd828955ee.json,2ddd828955ee738c4cacb73589a195ec6cf71e571f4eb9e2427c0807e6e744dd,data/papers/2012/10.1021__sb300054p/pmc.json,data/papers/2012/10.1021__sb300054p/versions/pmc_author_manuscript/pmc_package_metadata__0832509ac6c6.json,0832509ac6c635b61b2c545a5730ed3ab86f5abfff35a331ceea9f3778fe6655,589,data/papers/2012/10.1021__sb300054p/pmc/PMC3804010.1.xml,data/papers/2012/10.1021__sb300054p/versions/pmc_author_manuscript/pmc_article_xml__6b197dcd8554.xml,6b197dcd8554e7a32c5ceb1b067f0f8b2bb855371977f7022c936231d7d5855d,70073,786325,1536672b8d5d29156e31a27febde742c8abe0d98241ca9e5c0c88ccf7325bc6d,15,article_pdf,doi,1.0,
doi:10.1021/sb3000832,10.1021/sb3000832,2012,Genetic Circuit Performance under Conditions Relevant for Industrial Bioreactors,already_present,PMC3904225,PMC3904225.1,data/papers/2012/10.1021__sb3000832/versions/pmc_author_manuscript/paper__84769e5865a7.pdf,2026-09-03T04:36:26+00:00,https://pmc.ncbi.nlm.nih.gov/articles/PMC3904225/pdf/nihms419831.pdf,https://pmc.ncbi.nlm.nih.gov/articles/PMC3904225/pdf/nihms419831.pdf,https://pmc.ncbi.nlm.nih.gov/articles/PMC3904225/,data/papers/2012/10.1021__sb3000832/versions/pmc_author_manuscript/source_page__041e98bef0c2.html,041e98bef0c298808a07e8bad0efb67663d6a3d72b222d456c2bb091f5fe8141,219661,NIH NLM PubMed Central public article page,author_manuscript,,upstream_metadata,pmc_acquisition_manifest,not_established,False,browser_supplied_unverified,The loopback bridge verifies the PDF's DOI/title identity but cannot independently prove that browser-supplied bytes came from the recorded source URL.,,public PMC browser session with same-origin cookies,data/papers/2012/10.1021__sb3000832/versions/pmc_author_manuscript/pmc_manifest__b0fd239ca995.json,b0fd239ca99579b0658802b739cd186fad324d6085b2255e778b11a4f1bb16f7,data/papers/2012/10.1021__sb3000832/pmc.json,data/papers/2012/10.1021__sb3000832/versions/pmc_author_manuscript/pmc_package_metadata__1f3b33561d85.json,1f3b33561d855786f8892fa22b2b10a3b23fcb484d3c479ff807169805348bac,608,,,,,1419926,84769e5865a742488645fb196fb0d37f3dac137e8b73f0d3faf913ebd650474b,22,article_pdf,doi,1.0,
doi:10.1021/sb3000904,10.1021/sb3000904,2012,A Heritable Recombination System for Synthetic Darwinian Evolution in Yeast,already_present,PMC3569010,PMC3569010.1,data/papers/2012/10.1021__sb3000904/versions/pmc_author_manuscript/paper__557a1c328336.pdf,2026-09-03T05:28:39+00:00,https://pmc.ncbi.nlm.nih.gov/articles/PMC3569010/pdf/nihms417538.pdf,https://pmc.ncbi.nlm.nih.gov/articles/PMC3569010/pdf/nihms417538.pdf,https://pmc.ncbi.nlm.nih.gov/articles/PMC3569010/,,,,NIH NLM PubMed Central public article page,author_manuscript,,upstream_metadata,pmc_acquisition_manifest,not_established,False,browser_supplied_unverified,The loopback bridge verifies the PDF's DOI/title identity but cannot independently prove that browser-supplied bytes came from the recorded source URL.,,public PMC browser session with same-origin cookies,data/papers/2012/10.1021__sb3000904/versions/pmc_author_manuscript/pmc_manifest__b73d2e421456.json,b73d2e421456a4dc8ae8acf70efd697302500bdc5ef59f904db612da7ad2aaf0,data/papers/2012/10.1021__sb3000904/pmc.json,data/papers/2012/10.1021__sb3000904/versions/pmc_author_manuscript/pmc_package_metadata__2f87b3dd2aa7.json,2f87b3dd2aa70f7ea534e45ba20012285e9e576199353ca3884fdf1fddbdf15d,603,data/papers/2012/10.1021__sb3000904/pmc/PMC3569010.1.xml,data/papers/2012/10.1021__sb3000904/versions/pmc_author_manuscript/pmc_article_xml__b16093d58b68.xml,b16093d58b68b01b4ba3fb59ca0c45f0e6e68d09f5c462fb3b4a12d24f0cb929,83896,1913593,557a1c3283368f74a02f88a1e489a1dcd0a154ec2b12058453bedb59e587dc36,13,article_pdf,doi,1.0,
doi:10.1021/sb300061x,10.1021/sb300061x,2013,Expanding the Product Profile of a Microbial Alkane Biosynthetic Pathway,already_present,PMC3818147,PMC3818147.1,data/papers/2013/10.1021__sb300061x/versions/pmc_author_manuscript/paper__72fa33aef093.pdf,2026-09-03T04:36:35+00:00,https://pmc.ncbi.nlm.nih.gov/articles/PMC3818147/pdf/nihms515372.pdf,https://pmc.ncbi.nlm.nih.gov/articles/PMC3818147/pdf/nihms515372.pdf,https://pmc.ncbi.nlm.nih.gov/articles/PMC3818147/,data/papers/2013/10.1021__sb300061x/versions/pmc_author_manuscript/source_page__e39210d174ec.html,e39210d174eca6a75d9cbb5b25dbcb810572524720633f44357bc6fff23f8d09,131058,NIH NLM PubMed Central public article page,author_manuscript,,upstream_metadata,pmc_acquisition_manifest,not_established,False,browser_supplied_unverified,The loopback bridge verifies the PDF's DOI/title identity but cannot independently prove that browser-supplied bytes came from the recorded source URL.,,public PMC browser session with same-origin cookies,data/papers/2013/10.1021__sb300061x/versions/pmc_author_manuscript/pmc_manifest__f0752b826b71.json,f0752b826b7162ae810f28817b89b18b7512e7f6bfe8deb718699d8991f61b22,data/papers/2013/10.1021__sb300061x/pmc.json,data/papers/2013/10.1021__sb300061x/versions/pmc_author_manuscript/pmc_package_metadata__eb7ba7207c70.json,eb7ba7207c702a8e94249c8bb9bc97bdb99e8df8823946bc8fa9dbc206fc9ad8,599,,,,,627614,72fa33aef09305753e83a9c6e3b435e5054939d6f40c849f7bc0b8408ffd2c86,7,article_pdf,doi,1.0,
doi:10.1021/sb300091d,10.1021/sb300091d,2013,Transcription Factor-Based Screens and Synthetic Selections for Microbial Small-Molecule Biosynthesis,already_present,PMC11245165,PMC11245165.1,data/papers/2013/10.1021__sb300091d/versions/pmc_author_manuscript/paper__4ca919000278.pdf,2026-09-03T04:36:34+00:00,https://pmc.ncbi.nlm.nih.gov/articles/PMC11245165/pdf/nihms-421650.pdf,https://pmc.ncbi.nlm.nih.gov/articles/PMC11245165/pdf/nihms-421650.pdf,https://pmc.ncbi.nlm.nih.gov/articles/PMC11245165/,data/papers/2013/10.1021__sb300091d/versions/pmc_author_manuscript/source_page__bddd6c41fdef.html,bddd6c41fdefc15da9a143b26444b3052f13bb975975cb226c79cb79cf1e5435,245017,NIH NLM PubMed Central public article page,author_manuscript,,upstream_metadata,pmc_acquisition_manifest,not_established,False,browser_supplied_unverified,The loopback bridge verifies the PDF's DOI/title identity but cannot independently prove that browser-supplied bytes came from the recorded source URL.,,public PMC browser session with same-origin cookies,data/papers/2013/10.1021__sb300091d/versions/pmc_author_manuscript/pmc_manifest__b845908f582b.json,b845908f582beb0323af9bd5a9db0eeb7207f2084acc05c81dd4b72bef5efa2c,data/papers/2013/10.1021__sb300091d/pmc.json,data/papers/2013/10.1021__sb300091d/versions/pmc_author_manuscript/pmc_package_metadata__93a473b4657b.json,93a473b4657b9e2e4cf03cae52d330a6052a8b7fa7bd559b11a1c96e4cb0b576,634,,,,,1117245,4ca9190002785169c84168b3e981717ba3de6cf0240c9f8f3f40591e39a1b722,26,article_pdf,doi,1.0,
doi:10.1021/sb300093y,10.1021/sb300093y,2013,Reverse Engineering Validation using a Benchmark Synthetic Gene Circuit in Human Cells,already_present,PMC3716858,PMC3716858.1,data/papers/2013/10.1021__sb300093y/versions/pmc_author_manuscript/paper__27290002c628.pdf,2026-09-03T05:28:42+00:00,https://pmc.ncbi.nlm.nih.gov/articles/PMC3716858/pdf/nihms462520.pdf,https://pmc.ncbi.nlm.nih.gov/articles/PMC3716858/pdf/nihms462520.pdf,https://pmc.ncbi.nlm.nih.gov/articles/PMC3716858/,,,,NIH NLM PubMed Central public article page,author_manuscript,,upstream_metadata,pmc_acquisition_manifest,not_established,False,browser_supplied_unverified,The loopback bridge verifies the PDF's DOI/title identity but cannot independently prove that browser-supplied bytes came from the recorded source URL.,,public PMC browser session with same-origin cookies,data/papers/2013/10.1021__sb300093y/versions/pmc_author_manuscript/pmc_manifest__e1035fa06d31.json,e1035fa06d3138b0569ae7f7dfa7bbb2fcba90c3b5d20b81221747f67ba956fe,data/papers/2013/10.1021__sb300093y/pmc.json,data/papers/2013/10.1021__sb300093y/versions/pmc_author_manuscript/pmc_package_metadata__a7277bb5125d.json,a7277bb5125d131bfb79cab67f11e54bc10caadab249d3827e2211f841de9e37,614,data/papers/2013/10.1021__sb300093y/pmc/PMC3716858.1.xml,data/papers/2013/10.1021__sb300093y/versions/pmc_author_manuscript/pmc_article_xml__ba516c3963a0.xml,ba516c3963a0a36a201c45b0b35ee11b52d9fc25241087ddbe1f66295e130396,83182,1947008,27290002c6282f4a8d094b4371b5459b8d229765b338e60bf13c726535a8ee36,15,article_pdf,doi,1.0,
doi:10.1021/sb3001003,10.1021/sb3001003,2013,EngineeredStreptomyces avermitilisHost for Heterologous Expression of Biosynthetic Gene Cluster for Secondary Metabolites,already_present,PMC3932656,PMC3932656.1,data/papers/2013/10.1021__sb3001003/versions/pmc_author_manuscript/paper__c7260d31f551.pdf,2026-09-03T05:28:50+00:00,https://pmc.ncbi.nlm.nih.gov/articles/PMC3932656/pdf/nihms547783.pdf,https://pmc.ncbi.nlm.nih.gov/articles/PMC3932656/pdf/nihms547783.pdf,https://pmc.ncbi.nlm.nih.gov/articles/PMC3932656/,,,,NIH NLM PubMed Central public article page,author_manuscript,,upstream_metadata,pmc_acquisition_manifest,not_established,False,browser_supplied_unverified,The loopback bridge verifies the PDF's DOI/title identity but cannot independently prove that browser-supplied bytes came from the recorded source URL.,,public PMC browser session with same-origin cookies,data/papers/2013/10.1021__sb3001003/versions/pmc_author_manuscript/pmc_manifest__1b43f2275aeb.json,1b43f2275aeb47564a9dc00fb7488d8873d6af11ef625cb8873eeebbfa942b0b,data/papers/2013/10.1021__sb3001003/pmc.json,data/papers/2013/10.1021__sb3001003/versions/pmc_author_manuscript/pmc_package_metadata__ba6ef4ffb231.json,ba6ef4ffb231a1b812a6dafc7c4ffe2803e9b7f885bd29358d5c2527df98953e,651,data/papers/2013/10.1021__sb3001003/pmc/PMC3932656.1.xml,data/papers/2013/10.1021__sb3001003/versions/pmc_author_manuscript/pmc_article_xml__d6fffe0dc171.xml,d6fffe0dc171dbb7d2ff94bc3580b76a04e63ec4885ba9b73fdb5e00e7cbbe30,159748,2701631,c7260d31f5516a55553056318ad264f5ad3557d283a28020c9a356f205df42c6,25,article_pdf,doi,1.0,
doi:10.1021/sb300101g,10.1021/sb300101g,2013,Synthetic Biology of Antimicrobial Discovery,already_present,PMC3716841,PMC3716841.1,data/papers/2013/10.1021__sb300101g/versions/pmc_author_manuscript/paper__67eb1d789d76.pdf,2026-09-03T05:28:45+00:00,https://pmc.ncbi.nlm.nih.gov/articles/PMC3716841/pdf/nihms-426717.pdf,https://pmc.ncbi.nlm.nih.gov/articles/PMC3716841/pdf/nihms-426717.pdf,https://pmc.ncbi.nlm.nih.gov/articles/PMC3716841/,,,,NIH NLM PubMed Central public article page,author_manuscript,,upstream_metadata,pmc_acquisition_manifest,not_established,False,browser_supplied_unverified,The loopback bridge verifies the PDF's DOI/title identity but cannot independently prove that browser-supplied bytes came from the recorded source URL.,,public PMC browser session with same-origin cookies,data/papers/2013/10.1021__sb300101g/versions/pmc_author_manuscript/pmc_manifest__ad2f833308f2.json,ad2f833308f22092de99e42a28128b8dc490c435748656f4cbff9dfec5bc2c29,data/papers/2013/10.1021__sb300101g/pmc.json,data/papers/2013/10.1021__sb300101g/versions/pmc_author_manuscript/pmc_package_metadata__a4e3b1ff7fc0.json,a4e3b1ff7fc05c441377944ecd624872ccdcf936db2c7deaa9a35449efc2ed7d,572,data/papers/2013/10.1021__sb300101g/pmc/PMC3716841.1.xml,data/papers/2013/10.1021__sb300101g/versions/pmc_author_manuscript/pmc_article_xml__3a963918b47a.xml,3a963918b47ab20a5d38fb5f0fa1dbd3d35e88a36aae71444a68a22817707727,215105,1318738,67eb1d789d76e85227075f378ad06cb1d07be7660540a1739c1bfcc5035a077c,26,article_pdf,doi,1.0,
doi:10.1021/sb3001062,10.1021/sb3001062,2013,Designed Biosynthesis of 36-Methyl-FK506 by Polyketide Precursor Pathway Engineering,already_present,PMC3716868,PMC3716868.1,data/papers/2013/10.1021__sb3001062/versions/pmc_author_manuscript/paper__765be563bbbb.pdf,2026-09-03T05:28:47+00:00,https://pmc.ncbi.nlm.nih.gov/articles/PMC3716868/pdf/nihms419843.pdf,https://pmc.ncbi.nlm.nih.gov/articles/PMC3716868/pdf/nihms419843.pdf,https://pmc.ncbi.nlm.nih.gov/articles/PMC3716868/,,,,NIH NLM PubMed Central public article page,author_manuscript,,upstream_metadata,pmc_acquisition_manifest,not_established,False,browser_supplied_unverified,The loopback bridge verifies the PDF's DOI/title identity but cannot independently prove that browser-supplied bytes came from the recorded source URL.,,public PMC browser session with same-origin cookies,data/papers/2013/10.1021__sb3001062/versions/pmc_author_manuscript/pmc_manifest__c1f94c767508.json,c1f94c76750804997dc88c028d84d8c0e850b638fea6a8e3f1be529c49038ead,data/papers/2013/10.1021__sb3001062/pmc.json,data/papers/2013/10.1021__sb3001062/versions/pmc_author_manuscript/pmc_package_metadata__2053abff9cdc.json,2053abff9cdcb5d6a77d589ba16e093905cd8cdad5bd571710dc610c79607e8f,612,data/papers/2013/10.1021__sb3001062/pmc/PMC3716868.1.xml,data/papers/2013/10.1021__sb3001062/versions/pmc_author_manuscript/pmc_article_xml__9bcf3d7738bf.xml,9bcf3d7738bf2ee248e11908cd304004870a1c9db97e6fe31d863a695a7cf792,68467,1201451,765be563bbbbb1904a222079d2f905099f6ae67c47e34f1321d19623a13608a8,10,article_pdf,doi,1.0,
doi:10.1021/sb3001112,10.1021/sb3001112,2013,Synthesizing Biomolecule-Based Boolean Logic Gates,already_present,PMC3603578,PMC3603578.1,data/papers/2013/10.1021__sb3001112/versions/pmc_author_manuscript/paper__39f5f7c00e7c.pdf,2026-09-03T04:36:37+00:00,https://pmc.ncbi.nlm.nih.gov/articles/PMC3603578/pdf/nihms427437.pdf,https://pmc.ncbi.nlm.nih.gov/articles/PMC3603578/pdf/nihms427437.pdf,https://pmc.ncbi.nlm.nih.gov/articles/PMC3603578/,data/papers/2013/10.1021__sb3001112/versions/pmc_author_manuscript/source_page__155a598f09fd.html,155a598f09fd7a1e2962585b7e405ad68e667d008512312b42bb09aa1dddd69c,223155,NIH NLM PubMed Central public article page,author_manuscript,,upstream_metadata,pmc_acquisition_manifest,not_established,False,browser_supplied_unverified,The loopback bridge verifies the PDF's DOI/title identity but cannot independently prove that browser-supplied bytes came from the recorded source URL.,,public PMC browser session with same-origin cookies,data/papers/2013/10.1021__sb3001112/versions/pmc_author_manuscript/pmc_manifest__3c17e98f9456.json,3c17e98f945678dd6084172c99418d85e03448f3c4120ed294cc18fb7142ac66,data/papers/2013/10.1021__sb3001112/pmc.json,data/papers/2013/10.1021__sb3001112/versions/pmc_author_manuscript/pmc_package_metadata__e8263a2a0264.json,e8263a2a0264f4f3f7a240b6a79d93fb61e104044a9ce514788e28954901d79f,578,,,,,1908810,39f5f7c00e7cb72b74c50c479b78dac2d4dff6aec6f3bdf1dde2f4e9a9bd793f,22,article_pdf,doi,1.0,
doi:10.1021/sb300131w,10.1021/sb300131w,2013,Multichange Isothermal Mutagenesis: A New Strategy for Multiple Site-Directed Mutations in Plasmid DNA,already_present,PMC4040258,PMC4040258.1,data/papers/2013/10.1021__sb300131w/versions/pmc_author_manuscript/paper__5681929e3ef0.pdf,2026-09-03T05:28:56+00:00,https://pmc.ncbi.nlm.nih.gov/articles/PMC4040258/pdf/nihms551388.pdf,https://pmc.ncbi.nlm.nih.gov/articles/PMC4040258/pdf/nihms551388.pdf,https://pmc.ncbi.nlm.nih.gov/articles/PMC4040258/,,,,NIH NLM PubMed Central public article page,author_manuscript,,upstream_metadata,pmc_acquisition_manifest,not_established,False,browser_supplied_unverified,The loopback bridge verifies the PDF's DOI/title identity but cannot independently prove that browser-supplied bytes came from the recorded source URL.,,public PMC browser session with same-origin cookies,data/papers/2013/10.1021__sb300131w/versions/pmc_author_manuscript/pmc_manifest__f24451857b91.json,f24451857b91a9a233c922a13b5af0e8acf92b5d2f0ad971ca701d03e06e7995,data/papers/2013/10.1021__sb300131w/pmc.json,data/papers/2013/10.1021__sb300131w/versions/pmc_author_manuscript/pmc_package_metadata__78797024fcfd.json,78797024fcfd24a22182fe11aba0b79aa1fdc874611fef0dd3dfdfeb7cb47752,629,data/papers/2013/10.1021__sb300131w/pmc/PMC4040258.1.xml,data/papers/2013/10.1021__sb300131w/versions/pmc_author_manuscript/pmc_article_xml__dab6c9cc43ad.xml,dab6c9cc43ad100af6c0f34a5b10dbd2abaf236019f91c3ad5ce0befdf4cb3ef,41249,499464,5681929e3ef06edd600ad81d86182486b3fbe7bd673bfff88c621159dc94195d,9,article_pdf,doi,1.0,
doi:10.1021/sb4000096,10.1021/sb4000096,2013,Modularity of Select Riboswitch Expression Platforms Enables Facile Engineering of Novel Genetic Regulatory Devices,already_present,PMC3742664,PMC3742664.1,data/papers/2013/10.1021__sb4000096/versions/pmc_author_manuscript/paper__fd875370e2db.pdf,2026-09-03T05:28:53+00:00,https://pmc.ncbi.nlm.nih.gov/articles/PMC3742664/pdf/nihms-459820.pdf,https://pmc.ncbi.nlm.nih.gov/articles/PMC3742664/pdf/nihms-459820.pdf,https://pmc.ncbi.nlm.nih.gov/articles/PMC3742664/,,,,NIH NLM PubMed Central public article page,author_manuscript,,upstream_metadata,pmc_acquisition_manifest,not_established,False,browser_supplied_unverified,The loopback bridge verifies the PDF's DOI/title identity but cannot independently prove that browser-supplied bytes came from the recorded source URL.,,public PMC browser session with same-origin cookies,data/papers/2013/10.1021__sb4000096/versions/pmc_author_manuscript/pmc_manifest__bed7c0a3517b.json,bed7c0a3517bc7067943366a28ab95e116264b9a7ca33e5ed3ab55e06260413f,data/papers/2013/10.1021__sb4000096/pmc.json,data/papers/2013/10.1021__sb4000096/versions/pmc_author_manuscript/pmc_package_metadata__cded189bf0e1.json,cded189bf0e1af0d521135d8940d5694b932ad62b0dfe4e251f213e52c3facdd,643,data/papers/2013/10.1021__sb4000096/pmc/PMC3742664.1.xml,data/papers/2013/10.1021__sb4000096/versions/pmc_author_manuscript/pmc_article_xml__456f30512dd6.xml,456f30512dd619beb2451517be062891dbf927875654564a037c9ee1cfde4801,124416,1821266,fd875370e2db830a43013bf0c2d639eae1a1e7282c710ebfe20c672cf4ff4110,21,article_pdf,doi,1.0,
doi:10.1021/sb400019s,10.1021/sb400019s,2013,Orthogonal Labeling of M13 Minor Capsid Proteins with DNA to Self-Assemble End-to-End Multiphage Structures,already_present,PMC3905569,PMC3905569.1,data/papers/2013/10.1021__sb400019s/versions/pmc_author_manuscript/paper__892995104aba.pdf,2026-09-03T04:36:44+00:00,https://pmc.ncbi.nlm.nih.gov/articles/PMC3905569/pdf/nihms548484.pdf,https://pmc.ncbi.nlm.nih.gov/articles/PMC3905569/pdf/nihms548484.pdf,https://pmc.ncbi.nlm.nih.gov/articles/PMC3905569/,data/papers/2013/10.1021__sb400019s/versions/pmc_author_manuscript/source_page__d3751fc32e19.html,d3751fc32e19b5b35517c23736312b27883eb30701691677560ad8c6fa289d32,159943,NIH NLM PubMed Central public article page,author_manuscript,,upstream_metadata,pmc_acquisition_manifest,not_established,False,browser_supplied_unverified,The loopback bridge verifies the PDF's DOI/title identity but cannot independently prove that browser-supplied bytes came from the recorded source URL.,,public PMC browser session with same-origin cookies,data/papers/2013/10.1021__sb400019s/versions/pmc_author_manuscript/pmc_manifest__e538e4571321.json,e538e4571321c02fd7a89a292ccbc43d2e1302b536e9c328f5ad075831c3008e,data/papers/2013/10.1021__sb400019s/pmc.json,data/papers/2013/10.1021__sb400019s/versions/pmc_author_manuscript/pmc_package_metadata__cd6ebb48f681.json,cd6ebb48f6812f8e54e5d624b35bfcb0eaf2d63c8216b6be965a4072b9b54a7d,636,,,,,1437101,892995104abadea7290d40d02d754950d96bfd9d254bcad45b78eee70c22c1fc,12,article_pdf,doi,1.0,
doi:10.1021/sb4000355,10.1021/sb4000355,2013,"Sequence, Cloning, and Analysis of the Fluvirucin B1 Polyketide Synthase from Actinomadura vulgaris",already_present,PMC4235520,PMC4235520.1,data/papers/2013/10.1021__sb4000355/versions/pmc_author_manuscript/paper__6565cd82e748.pdf,2026-09-03T04:36:49+00:00,https://pmc.ncbi.nlm.nih.gov/articles/PMC4235520/pdf/nihms639904.pdf,https://pmc.ncbi.nlm.nih.gov/articles/PMC4235520/pdf/nihms639904.pdf,https://pmc.ncbi.nlm.nih.gov/articles/PMC4235520/,data/papers/2013/10.1021__sb4000355/versions/pmc_author_manuscript/source_page__7a454823052f.html,7a454823052f42861e9ce8a8721c48e5b85855943c97388dc59c0bbf6ff75ce6,181890,NIH NLM PubMed Central public article page,author_manuscript,,upstream_metadata,pmc_acquisition_manifest,not_established,False,browser_supplied_unverified,The loopback bridge verifies the PDF's DOI/title identity but cannot independently prove that browser-supplied bytes came from the recorded source URL.,,public PMC browser session with same-origin cookies,data/papers/2013/10.1021__sb4000355/versions/pmc_author_manuscript/pmc_manifest__91af6f9bae8a.json,91af6f9bae8a172815f33074a80d9c7186e6fe35b2b1621f8946533cdb6d11cc,data/papers/2013/10.1021__sb4000355/pmc.json,data/papers/2013/10.1021__sb4000355/versions/pmc_author_manuscript/pmc_package_metadata__a1c72626e6fc.json,a1c72626e6fc6c0f184811022c2e220f8482d8a4d2b24f38afd49da550f8d85c,628,,,,,1766459,6565cd82e748095ada76b51f60cc40288d22c8a8764ac5dbaac23d32989e75b8,21,article_pdf,doi,1.0,
doi:10.1021/sb4000367,10.1021/sb4000367,2013,"Antimicrobial Peptides Targeting Gram-negative Pathogens, Produced and Delivered by Lactic Acid Bacteria",already_present,PMC4222081,PMC4222081.1,data/papers/2013/10.1021__sb4000367/versions/pmc_author_manuscript/paper__f9a3f1a857c6.pdf,2026-09-03T05:28:58+00:00,https://pmc.ncbi.nlm.nih.gov/articles/PMC4222081/pdf/nihms504696.pdf,https://pmc.ncbi.nlm.nih.gov/articles/PMC4222081/pdf/nihms504696.pdf,https://pmc.ncbi.nlm.nih.gov/articles/PMC4222081/,,,,NIH NLM PubMed Central public article page,author_manuscript,,upstream_metadata,pmc_acquisition_manifest,not_established,False,browser_supplied_unverified,The loopback bridge verifies the PDF's DOI/title identity but cannot independently prove that browser-supplied bytes came from the recorded source URL.,,public PMC browser session with same-origin cookies,data/papers/2013/10.1021__sb4000367/versions/pmc_author_manuscript/pmc_manifest__652c73aa0294.json,652c73aa0294b4a28761ef36d13d3771a3dfdd49d98e2a5d55309cb9ffb650b3,data/papers/2013/10.1021__sb4000367/pmc.json,data/papers/2013/10.1021__sb4000367/versions/pmc_author_manuscript/pmc_package_metadata__fe46b3b96a8c.json,fe46b3b96a8c58da5b9dd02204eda6e137efb414f5d0ec2d7afb2be4c629655f,632,data/papers/2013/10.1021__sb4000367/pmc/PMC4222081.1.xml,data/papers/2013/10.1021__sb4000367/versions/pmc_author_manuscript/pmc_article_xml__fd51f21dceaa.xml,fd51f21dceaac2572d24b7dc6863c8792890a23a0e3cfbda5cd26cb2fc9338f5,123151,541757,f9a3f1a857c6a1bb70748e943570d69f910823b6e0cd2dd3eda78274e8514647,20,article_pdf,doi,1.0,
doi:10.1021/sb400048b,10.1021/sb400048b,2013,Discovery of Cryptic Polyketide Metabolites from Dermatophytes Using Heterologous Expression in Aspergillus nidulans,already_present,PMC3795930,PMC3795930.1,data/papers/2013/10.1021__sb400048b/versions/pmc_author_manuscript/paper__f7b879b91493.pdf,2026-09-03T04:36:47+00:00,https://pmc.ncbi.nlm.nih.gov/articles/PMC3795930/pdf/nihms-489653.pdf,https://pmc.ncbi.nlm.nih.gov/articles/PMC3795930/pdf/nihms-489653.pdf,https://pmc.ncbi.nlm.nih.gov/articles/PMC3795930/,data/papers/2013/10.1021__sb400048b/versions/pmc_author_manuscript/source_page__33f683fd8c99.html,33f683fd8c99c0dc081032f0bfbef5bf23ac5e8c8d683181c9cc0b6e35a36bd4,149537,NIH NLM PubMed Central public article page,author_manuscript,,upstream_metadata,pmc_acquisition_manifest,not_established,False,browser_supplied_unverified,The loopback bridge verifies the PDF's DOI/title identity but cannot independently prove that browser-supplied bytes came from the recorded source URL.,,public PMC browser session with same-origin cookies,data/papers/2013/10.1021__sb400048b/versions/pmc_author_manuscript/pmc_manifest__9e3819c528a4.json,9e3819c528a48880a8c2fd29dbd461293c7e3f29ebf671d0db58d0cb5b63cd18,data/papers/2013/10.1021__sb400048b/pmc.json,data/papers/2013/10.1021__sb400048b/versions/pmc_author_manuscript/pmc_package_metadata__f5b0924476ff.json,f5b0924476ffa3b355664339bd685f1c8abea0cd3c392b824657e7a77f6287f0,644,,,,,903952,f7b879b91493a7f9f9123664be12adb05c38e4eae677696b8298bb6292a28988,11,article_pdf,doi,1.0,
doi:10.1021/sb400058n,10.1021/sb400058n,2013,Refactoring the Silent Spectinabilin Gene Cluster Using a Plug-and-Play Scaffold,already_present,PMC4326240,PMC4326240.1,data/papers/2013/10.1021__sb400058n/versions/pmc_author_manuscript/paper__6c904d4c76bb.pdf,2026-09-03T05:29:01+00:00,https://pmc.ncbi.nlm.nih.gov/articles/PMC4326240/pdf/nihms660439.pdf,https://pmc.ncbi.nlm.nih.gov/articles/PMC4326240/pdf/nihms660439.pdf,https://pmc.ncbi.nlm.nih.gov/articles/PMC4326240/,,,,NIH NLM PubMed Central public article page,author_manuscript,,upstream_metadata,pmc_acquisition_manifest,not_established,False,browser_supplied_unverified,The loopback bridge verifies the PDF's DOI/title identity but cannot independently prove that browser-supplied bytes came from the recorded source URL.,,public PMC browser session with same-origin cookies,data/papers/2013/10.1021__sb400058n/versions/pmc_author_manuscript/pmc_manifest__3b8fe661d382.json,3b8fe661d382ef768bff730ed50ccca2f741f6befb88ac4e82e76e37e96bfa6b,data/papers/2013/10.1021__sb400058n/pmc.json,data/papers/2013/10.1021__sb400058n/versions/pmc_author_manuscript/pmc_package_metadata__f73c8642eb02.json,f73c8642eb02f629341d11249d68c5293aeda6776e568201a385b81dcc263cec,608,data/papers/2013/10.1021__sb400058n/pmc/PMC4326240.1.xml,data/papers/2013/10.1021__sb400058n/versions/pmc_author_manuscript/pmc_article_xml__f16cdee81f71.xml,f16cdee81f71a02a2808522aa9c9540ec109ce7f062116b5b2f4839d55ca521f,110424,317830,6c904d4c76bbe55ef4f376c0ed4a1ea483c64161a9fd0275ae433c265d5e8378,17,article_pdf,doi,1.0,
doi:10.1021/sb400076r,10.1021/sb400076r,2013,"SCHEMA Computational Design of Virus Capsid Chimeras: Calibrating How Genome Packaging, Protection, and Transduction Correlate with Calculated Structural Disruption",already_present,PMC3932147,PMC3932147.1,data/papers/2013/10.1021__sb400076r/versions/pmc_author_manuscript/paper__3a4f1dc2af0a.pdf,2026-09-03T05:29:06+00:00,https://pmc.ncbi.nlm.nih.gov/articles/PMC3932147/pdf/nihms513620.pdf,https://pmc.ncbi.nlm.nih.gov/articles/PMC3932147/pdf/nihms513620.pdf,https://pmc.ncbi.nlm.nih.gov/articles/PMC3932147/,,,,NIH NLM PubMed Central public article page,author_manuscript,,upstream_metadata,pmc_acquisition_manifest,not_established,False,browser_supplied_unverified,The loopback bridge verifies the PDF's DOI/title identity but cannot independently prove that browser-supplied bytes came from the recorded source URL.,,public PMC browser session with same-origin cookies,data/papers/2013/10.1021__sb400076r/versions/pmc_author_manuscript/pmc_manifest__03b7eba325b5.json,03b7eba325b58340587476552a52debcc1229f86d725d02f9bce177e22131b3a,data/papers/2013/10.1021__sb400076r/pmc.json,data/papers/2013/10.1021__sb400076r/versions/pmc_author_manuscript/pmc_package_metadata__1b85be2772a9.json,1b85be2772a96c77768265ca41faf408c3e1bda6a8f57900fa193454a8c35f1d,692,data/papers/2013/10.1021__sb400076r/pmc/PMC3932147.1.xml,data/papers/2013/10.1021__sb400076r/versions/pmc_author_manuscript/pmc_article_xml__de9b0a701ff3.xml,de9b0a701ff3a03497e9e282f5f1f4875b5490761da004db148df231ca34b1d4,120421,1059526,3a4f1dc2af0a5b0018c87ba1d226290c81957f618c8ed508fffec09d534b08ca,23,article_pdf,doi,1.0,
doi:10.1021/sb4000806,10.1021/sb4000806,2013,Facile Method for Site-specific Gene Integration in Lysobacter enzymogenes for Yield Improvement of the Anti-MRSA Antibiotics WAP-8294A and the Antifungal Antibiotic HSAF,already_present,PMC3830728,PMC3830728.1,data/papers/2013/10.1021__sb4000806/versions/pmc_author_manuscript/paper__3a595aed4a8c.pdf,2026-09-03T05:29:04+00:00,https://pmc.ncbi.nlm.nih.gov/articles/PMC3830728/pdf/nihms516135.pdf,https://pmc.ncbi.nlm.nih.gov/articles/PMC3830728/pdf/nihms516135.pdf,https://pmc.ncbi.nlm.nih.gov/articles/PMC3830728/,,,,NIH NLM PubMed Central public article page,author_manuscript,,upstream_metadata,pmc_acquisition_manifest,not_established,False,browser_supplied_unverified,The loopback bridge verifies the PDF's DOI/title identity but cannot independently prove that browser-supplied bytes came from the recorded source URL.,,public PMC browser session with same-origin cookies,data/papers/2013/10.1021__sb4000806/versions/pmc_author_manuscript/pmc_manifest__75418b1d0e3e.json,75418b1d0e3e00c880b9e91f34235d681b9552f2fa1fde64248ca3411eda0996,data/papers/2013/10.1021__sb4000806/pmc.json,data/papers/2013/10.1021__sb4000806/versions/pmc_author_manuscript/pmc_package_metadata__b807251fca68.json,b807251fca683d42469660d657211b1c5ced81af0e4d3af09bde79874c444529,700,data/papers/2013/10.1021__sb4000806/pmc/PMC3830728.1.xml,data/papers/2013/10.1021__sb4000806/versions/pmc_author_manuscript/pmc_article_xml__96036ac75a8b.xml,96036ac75a8bb1b766c4d67f9cef0dbe34b4bd46522e028c1c5b5100a8b32d46,77209,2234471,3a595aed4a8c999ae17600f659a23fcd232a6bb8643e36b35b3c1f09aa6d5f25,18,article_pdf,doi,1.0,
doi:10.1021/sb400086p,10.1021/sb400086p,2013,Genetic Sensor for Strong Methylating Compounds,already_present,PMC3859139,PMC3859139.1,data/papers/2013/10.1021__sb400086p/versions/pmc_author_manuscript/paper__00541aa71d41.pdf,2026-09-03T04:36:45+00:00,https://pmc.ncbi.nlm.nih.gov/articles/PMC3859139/pdf/nihms528485.pdf,https://pmc.ncbi.nlm.nih.gov/articles/PMC3859139/pdf/nihms528485.pdf,https://pmc.ncbi.nlm.nih.gov/articles/PMC3859139/,data/papers/2013/10.1021__sb400086p/versions/pmc_author_manuscript/source_page__01e32d1e3a07.html,01e32d1e3a07d7cae3ef94c4b89f4a326df986040815ab828db5e6e9223a788d,253072,NIH NLM PubMed Central public article page,author_manuscript,,upstream_metadata,pmc_acquisition_manifest,not_established,False,browser_supplied_unverified,The loopback bridge verifies the PDF's DOI/title identity but cannot independently prove that browser-supplied bytes came from the recorded source URL.,,public PMC browser session with same-origin cookies,data/papers/2013/10.1021__sb400086p/versions/pmc_author_manuscript/pmc_manifest__fec4c8e8080a.json,fec4c8e8080a8a0cacfc910ab7a8f834b4c2c0fea3104765ab2ab82b7c0f034e,data/papers/2013/10.1021__sb400086p/pmc.json,data/papers/2013/10.1021__sb400086p/versions/pmc_author_manuscript/pmc_package_metadata__3c952ce7146d.json,3c952ce7146d3e2d0fbb9219b01c5a78996451d1cb5b6845d76bab91d309bf44,577,,,,,1408683,00541aa71d41d3f1b4fd14f4a234e57afb011aac8b66dbd2bc295f201407568d,23,article_pdf,doi,1.0,
doi:10.1021/sb400117c,10.1021/sb400117c,2013,Yeast Oligo-Mediated Genome Engineering (YOGE),already_present,PMC4048964,PMC4048964.1,data/papers/2013/10.1021__sb400117c/versions/pmc_author_manuscript/paper__838cd45e066d.pdf,2026-09-03T05:29:09+00:00,https://pmc.ncbi.nlm.nih.gov/articles/PMC4048964/pdf/nihms-542115.pdf,https://pmc.ncbi.nlm.nih.gov/articles/PMC4048964/pdf/nihms-542115.pdf,https://pmc.ncbi.nlm.nih.gov/articles/PMC4048964/,,,,NIH NLM PubMed Central public article page,author_manuscript,,upstream_metadata,pmc_acquisition_manifest,not_established,False,browser_supplied_unverified,The loopback bridge verifies the PDF's DOI/title identity but cannot independently prove that browser-supplied bytes came from the recorded source URL.,,public PMC browser session with same-origin cookies,data/papers/2013/10.1021__sb400117c/versions/pmc_author_manuscript/pmc_manifest__6d6d9bea76fd.json,6d6d9bea76fd3825904eee5935719a7db7fcf32b8449b2e3aa2bcfa983eba6c5,data/papers/2013/10.1021__sb400117c/pmc.json,data/papers/2013/10.1021__sb400117c/versions/pmc_author_manuscript/pmc_package_metadata__7a9745d8c14c.json,7a9745d8c14cfcf9abf934eab285dd354ea966f0901ee7707e3a841bcf68411c,574,data/papers/2013/10.1021__sb400117c/pmc/PMC4048964.1.xml,data/papers/2013/10.1021__sb400117c/versions/pmc_author_manuscript/pmc_article_xml__e4aef6bba746.xml,e4aef6bba7467107b00fe85b5b80a8593e29e212d7c0997345c1dad1663125af,74321,3223628,838cd45e066dc2bd4dcbd5269e4ab2e9dced97cc71e0b6ce343e4d30a40da63e,17,article_pdf,doi,1.0,
doi:10.1021/sb300079h,10.1021/sb300079h,2014,Novel SyntheticMedeaSelfish Genetic Elements Drive Population Replacement inDrosophila; a Theoretical Exploration ofMedea-Dependent Population Suppression,already_present,PMC3742681,PMC3742681.1,data/papers/2014/10.1021__sb300079h/versions/pmc_author_manuscript/paper__3011c79b5516.pdf,2026-09-03T05:29:19+00:00,https://pmc.ncbi.nlm.nih.gov/articles/PMC3742681/pdf/nihms432177.pdf,https://pmc.ncbi.nlm.nih.gov/articles/PMC3742681/pdf/nihms432177.pdf,https://pmc.ncbi.nlm.nih.gov/articles/PMC3742681/,,,,NIH NLM PubMed Central public article page,author_manuscript,,upstream_metadata,pmc_acquisition_manifest,not_established,False,browser_supplied_unverified,The loopback bridge verifies the PDF's DOI/title identity but cannot independently prove that browser-supplied bytes came from the recorded source URL.,,public PMC browser session with same-origin cookies,data/papers/2014/10.1021__sb300079h/versions/pmc_author_manuscript/pmc_manifest__93a68f411e0f.json,93a68f411e0f148f9efefc0966072a00728c737f11659f3c9c35cbd99cad3001,data/papers/2014/10.1021__sb300079h/pmc.json,data/papers/2014/10.1021__sb300079h/versions/pmc_author_manuscript/pmc_package_metadata__d1d05a07b389.json,d1d05a07b3895c8b86dd09242f16fe06e4215db61d7c4f3cb977d168cc3baae0,690,data/papers/2014/10.1021__sb300079h/pmc/PMC3742681.1.xml,data/papers/2014/10.1021__sb300079h/versions/pmc_author_manuscript/pmc_article_xml__1e854c389622.xml,1e854c389622ab49726c81ea746e5ef87471a635b2d754ce3299d6980d475681,195835,1423762,3011c79b55165eddfce92daef796528722e6f0690ffa224dfc0d7c9c79811b62,29,article_pdf,doi,0.978417,
doi:10.1021/sb400069w,10.1021/sb400069w,2014,Generic Metric to Quantify Quorum Sensing Activation Dynamics,already_present,PMC3995131,PMC3995131.1,data/papers/2014/10.1021__sb400069w/versions/pmc_author_manuscript/paper__21592dca830e.pdf,2026-09-03T04:36:56+00:00,https://pmc.ncbi.nlm.nih.gov/articles/PMC3995131/pdf/nihms527138.pdf,https://pmc.ncbi.nlm.nih.gov/articles/PMC3995131/pdf/nihms527138.pdf,https://pmc.ncbi.nlm.nih.gov/articles/PMC3995131/,data/papers/2014/10.1021__sb400069w/versions/pmc_author_manuscript/source_page__a3b3d30ccaf0.html,a3b3d30ccaf01305f2a1a950b23cbf99c1fa93192af94e7cce456a36863e895d,182426,NIH NLM PubMed Central public article page,author_manuscript,,upstream_metadata,pmc_acquisition_manifest,not_established,False,browser_supplied_unverified,The loopback bridge verifies the PDF's DOI/title identity but cannot independently prove that browser-supplied bytes came from the recorded source URL.,,public PMC browser session with same-origin cookies,data/papers/2014/10.1021__sb400069w/versions/pmc_author_manuscript/pmc_manifest__84f1fb6ccc67.json,84f1fb6ccc674d09baf4c3d7b53a9f12925336b1da69b0754daf96ae34d6fec1,data/papers/2014/10.1021__sb400069w/pmc.json,data/papers/2014/10.1021__sb400069w/versions/pmc_author_manuscript/pmc_package_metadata__fc67fbbfa16e.json,fc67fbbfa16e22bb7eefa82608fc983dd3168d0034434c9a47eca01746448165,591,,,,,1730651,21592dca830ed10c96f98d59a4e4be681b69579a84d224a0a48c5d22850531fe,18,article_pdf,doi,1.0,
doi:10.1021/sb4000756,10.1021/sb4000756,2014,Thrombin-Mediated Transcriptional Regulation Using DNA Aptamers in DNA-Based Cell-Free Protein Synthesis,already_present,PMC3961559,PMC3961559.1,data/papers/2014/10.1021__sb4000756/versions/pmc_author_manuscript/paper__ce30da301e24.pdf,2026-09-03T04:36:58+00:00,https://pmc.ncbi.nlm.nih.gov/articles/PMC3961559/pdf/nihms527505.pdf,https://pmc.ncbi.nlm.nih.gov/articles/PMC3961559/pdf/nihms527505.pdf,https://pmc.ncbi.nlm.nih.gov/articles/PMC3961559/,data/papers/2014/10.1021__sb4000756/versions/pmc_author_manuscript/source_page__c0fd6c984e4b.html,c0fd6c984e4b318a36045f805ea2b01451e8da2cd53b0eb6bb982e751503877b,206384,NIH NLM PubMed Central public article page,author_manuscript,,upstream_metadata,pmc_acquisition_manifest,not_established,False,browser_supplied_unverified,The loopback bridge verifies the PDF's DOI/title identity but cannot independently prove that browser-supplied bytes came from the recorded source URL.,,public PMC browser session with same-origin cookies,data/papers/2014/10.1021__sb4000756/versions/pmc_author_manuscript/pmc_manifest__3d9a2587abc2.json,3d9a2587abc22a974939473efc7f6c6ac6ce038a2f3d8cf2284ce76fc93eab3f,data/papers/2014/10.1021__sb4000756/pmc.json,data/papers/2014/10.1021__sb4000756/versions/pmc_author_manuscript/pmc_package_metadata__7ee1349f6cfd.json,7ee1349f6cfd0ecd3a706426735bcdf8cee3747110074e1e65057beb2ce2dfa0,632,,,,,593453,ce30da301e24d599a3057927a6051290c9842fa2ad9905247d67e11013b00051,16,article_pdf,doi,1.0,
doi:10.1021/sb4001118,10.1021/sb4001118,2014,Solution Structure of a Bacterial Microcompartment Targeting Peptide and Its Application in the Construction of an Ethanol Bioreactor,already_present,PMC4880047,PMC4880047.1,data/papers/2014/10.1021__sb4001118/versions/pmc_author_manuscript/paper__cf6fcc759743.pdf,2026-09-03T05:29:11+00:00,https://pmc.ncbi.nlm.nih.gov/articles/PMC4880047/pdf/emss-67706.pdf,https://pmc.ncbi.nlm.nih.gov/articles/PMC4880047/pdf/emss-67706.pdf,https://pmc.ncbi.nlm.nih.gov/articles/PMC4880047/,,,,NIH NLM PubMed Central public article page,author_manuscript,,upstream_metadata,pmc_acquisition_manifest,not_established,False,browser_supplied_unverified,The loopback bridge verifies the PDF's DOI/title identity but cannot independently prove that browser-supplied bytes came from the recorded source URL.,,public PMC browser session with same-origin cookies,data/papers/2014/10.1021__sb4001118/versions/pmc_author_manuscript/pmc_manifest__636a60c1d4f2.json,636a60c1d4f2eef2661a8d55fb1ba08e029c703034745d50a7b881d78d381ee1,data/papers/2014/10.1021__sb4001118/pmc.json,data/papers/2014/10.1021__sb4001118/versions/pmc_author_manuscript/pmc_package_metadata__1104d947deae.json,1104d947deaec62641cbffe3f4ec6f1f1a655990f5b742e8d1ffc58151f6b23c,658,data/papers/2014/10.1021__sb4001118/pmc/PMC4880047.1.xml,data/papers/2014/10.1021__sb4001118/versions/pmc_author_manuscript/pmc_article_xml__81b8c6bd62d3.xml,81b8c6bd62d3bfe7f58c75e8846c328bff302a3a2e3eb0a98ca2acbb91a998ee,107144,2864377,cf6fcc7597436d8a93656a627350432ed509738c7d01b6f49fb7498b558fdd3d,24,article_pdf,doi,1.0,
doi:10.1021/sb400134k,10.1021/sb400134k,2014,Rule-Based Design of Synthetic Transcription Factors in Eukaryotes,already_present,PMC4097980,PMC4097980.1,data/papers/2014/10.1021__sb400134k/versions/pmc_author_manuscript/paper__d662d2a90c2f.pdf,2026-09-03T05:29:14+00:00,https://pmc.ncbi.nlm.nih.gov/articles/PMC4097980/pdf/nihms553569.pdf,https://pmc.ncbi.nlm.nih.gov/articles/PMC4097980/pdf/nihms553569.pdf,https://pmc.ncbi.nlm.nih.gov/articles/PMC4097980/,,,,NIH NLM PubMed Central public article page,author_manuscript,,upstream_metadata,pmc_acquisition_manifest,not_established,False,browser_supplied_unverified,The loopback bridge verifies the PDF's DOI/title identity but cannot independently prove that browser-supplied bytes came from the recorded source URL.,,public PMC browser session with same-origin cookies,data/papers/2014/10.1021__sb400134k/versions/pmc_author_manuscript/pmc_manifest__ee6f17469c58.json,ee6f17469c581d1b0f26c0b207666039dbe99dac81e73e96f161f7ed4d35eae7,data/papers/2014/10.1021__sb400134k/pmc.json,data/papers/2014/10.1021__sb400134k/versions/pmc_author_manuscript/pmc_package_metadata__f43c170e7a5b.json,f43c170e7a5b46e71b9eaac6f447d7927e04233afdd0951817a87b3f3d7017ac,594,data/papers/2014/10.1021__sb400134k/pmc/PMC4097980.1.xml,data/papers/2014/10.1021__sb400134k/versions/pmc_author_manuscript/pmc_article_xml__824a79d24dbc.xml,824a79d24dbc7cc48885251bea36be3b90853a2013715498909220a8afec97a5,92746,289495,d662d2a90c2f13c8784d4e53b1851626b9211503d48bbc0edce70430f54622d3,15,article_pdf,doi,1.0,
doi:10.1021/sb400166j,10.1021/sb400166j,2014,Bi-HAC Vector System toward Gene and Cell Therapy,already_present,PMC4137782,PMC4137782.1,data/papers/2014/10.1021__sb400166j/versions/pmc_author_manuscript/paper__83877ebcf3d5.pdf,2026-09-03T04:36:55+00:00,https://pmc.ncbi.nlm.nih.gov/articles/PMC4137782/pdf/nihms555129.pdf,https://pmc.ncbi.nlm.nih.gov/articles/PMC4137782/pdf/nihms555129.pdf,https://pmc.ncbi.nlm.nih.gov/articles/PMC4137782/,data/papers/2014/10.1021__sb400166j/versions/pmc_author_manuscript/source_page__32d85f210c70.html,32d85f210c7019890f990c7716bc030e1dbe0a588edb3dafaf91f3357900ef65,172794,NIH NLM PubMed Central public article page,author_manuscript,,upstream_metadata,pmc_acquisition_manifest,not_established,False,browser_supplied_unverified,The loopback bridge verifies the PDF's DOI/title identity but cannot independently prove that browser-supplied bytes came from the recorded source URL.,,public PMC browser session with same-origin cookies,data/papers/2014/10.1021__sb400166j/versions/pmc_author_manuscript/pmc_manifest__288c1f28af7f.json,288c1f28af7f760496e7b2c31935d70af06c7044209a038821270627f0985205,data/papers/2014/10.1021__sb400166j/pmc.json,data/papers/2014/10.1021__sb400166j/versions/pmc_author_manuscript/pmc_package_metadata__833957b1af3b.json,833957b1af3bbeeb9a2ce6a95e4f49894b14e9494d8b280d83b94fb5c4c8bbdf,580,,,,,823252,83877ebcf3d5e55d2a46c5b1c93e33c55013c652682f163fed2d8de7ba5bfe4e,15,article_pdf,doi,0.97561,
doi:10.1021/sb400174s,10.1021/sb400174s,2014,Engineering Escherichia coli for Light-Activated Cytolysis of Mammalian Cells,already_present,PMC5264543,PMC5264543.1,data/papers/2014/10.1021__sb400174s/versions/pmc_author_manuscript/paper__364bf1fbb2fc.pdf,2026-09-03T05:29:22+00:00,https://pmc.ncbi.nlm.nih.gov/articles/PMC5264543/pdf/nihms844127.pdf,https://pmc.ncbi.nlm.nih.gov/articles/PMC5264543/pdf/nihms844127.pdf,https://pmc.ncbi.nlm.nih.gov/articles/PMC5264543/,,,,NIH NLM PubMed Central public article page,author_manuscript,,upstream_metadata,pmc_acquisition_manifest,not_established,False,browser_supplied_unverified,The loopback bridge verifies the PDF's DOI/title identity but cannot independently prove that browser-supplied bytes came from the recorded source URL.,,public PMC browser session with same-origin cookies,data/papers/2014/10.1021__sb400174s/versions/pmc_author_manuscript/pmc_manifest__94078b9bcc35.json,94078b9bcc354574c96d59df6b088b815b0bd3966d2f76c9cb88ca3ba8e751d3,data/papers/2014/10.1021__sb400174s/pmc.json,data/papers/2014/10.1021__sb400174s/versions/pmc_author_manuscript/pmc_package_metadata__38207c3de6bc.json,38207c3de6bc3fdf208de2818210b5d9e7a01a9e5746ca16f9e0c7b128b517d7,605,data/papers/2014/10.1021__sb400174s/pmc/PMC5264543.1.xml,data/papers/2014/10.1021__sb400174s/versions/pmc_author_manuscript/pmc_article_xml__24a66f55dd87.xml,24a66f55dd8720dff49d5061c9916460d50076527e6b186c0153c3150eeddf02,33565,863944,364bf1fbb2fc63b11baffd3d792d8bff744aae62da747a083deb3ae45d3ee12f,8,article_pdf,doi,1.0,
doi:10.1021/sb500358y,10.1021/sb500358y,2014,Synthetic Biology of Multicellular Systems: New Platforms and Applications for Animal Cells and Organisms,already_present,PMC4476972,PMC4476972.1,data/papers/2014/10.1021__sb500358y/versions/pmc_author_manuscript/paper__f14798218945.pdf,2026-09-03T05:29:16+00:00,https://pmc.ncbi.nlm.nih.gov/articles/PMC4476972/pdf/nihms699891.pdf,https://pmc.ncbi.nlm.nih.gov/articles/PMC4476972/pdf/nihms699891.pdf,https://pmc.ncbi.nlm.nih.gov/articles/PMC4476972/,,,,NIH NLM PubMed Central public article page,author_manuscript,,upstream_metadata,pmc_acquisition_manifest,not_established,False,browser_supplied_unverified,The loopback bridge verifies the PDF's DOI/title identity but cannot independently prove that browser-supplied bytes came from the recorded source URL.,,public PMC browser session with same-origin cookies,data/papers/2014/10.1021__sb500358y/versions/pmc_author_manuscript/pmc_manifest__46dfe50b3101.json,46dfe50b3101d037b4aea39c908af1876acd191ef9b62ed710ba82c5611eee63,data/papers/2014/10.1021__sb500358y/pmc.json,data/papers/2014/10.1021__sb500358y/versions/pmc_author_manuscript/pmc_package_metadata__daf38e3f4aad.json,daf38e3f4aad60e0bdcfd9e8828fbe1ac5d143b5bac62fae63e52901b81b6330,633,data/papers/2014/10.1021__sb500358y/pmc/PMC4476972.1.xml,data/papers/2014/10.1021__sb500358y/versions/pmc_author_manuscript/pmc_article_xml__69ee41a39d9f.xml,69ee41a39d9fa4e77950e86dbe6a6db45f2d613f48a59feb4f263a428f4d71a3,18152,42604,f147982189455a64a520d18e6e8c106e0bff9c83761146a0a035d33d5e0d0e41,4,article_pdf,title,1.0,
doi:10.1021/acssynbio.5b00040,10.1021/acssynbio.5b00040,2015,Rationally Designed MicroRNA-Based Genetic Classifiers Target Specific Neurons in the Brain,already_present,PMC4547530,PMC4547530.1,data/papers/2015/10.1021__acssynbio.5b00040/versions/pmc_author_manuscript/paper__b10fbb6e0ab9.pdf,2026-09-03T04:37:05+00:00,https://pmc.ncbi.nlm.nih.gov/articles/PMC4547530/pdf/nihms-716120.pdf,https://pmc.ncbi.nlm.nih.gov/articles/PMC4547530/pdf/nihms-716120.pdf,https://pmc.ncbi.nlm.nih.gov/articles/PMC4547530/,data/papers/2015/10.1021__acssynbio.5b00040/versions/pmc_author_manuscript/source_page__6ee06eb9112c.html,6ee06eb9112ce76a9533e155ac0b9138b0c7418819b0681e046a34bdfe2e2f25,180625,NIH NLM PubMed Central public article page,author_manuscript,,upstream_metadata,pmc_acquisition_manifest,not_established,False,browser_supplied_unverified,The loopback bridge verifies the PDF's DOI/title identity but cannot independently prove that browser-supplied bytes came from the recorded source URL.,,public PMC browser session with same-origin cookies,data/papers/2015/10.1021__acssynbio.5b00040/versions/pmc_author_manuscript/pmc_manifest__f92473f29a1a.json,f92473f29a1a365562355d8aa6c76475847ca2a89a66c9cbe1bf52520e0833b6,data/papers/2015/10.1021__acssynbio.5b00040/pmc.json,data/papers/2015/10.1021__acssynbio.5b00040/versions/pmc_author_manuscript/pmc_package_metadata__681fe890e36c.json,681fe890e36c88c9cc0a68fd9e3b970957febbec125d76a2688ab1bbb1b5dcf2,627,,,,,992134,b10fbb6e0ab990533484fe20d2860d85ba0478713ceb7b88acc9c0e46642ccdb,16,article_pdf,doi,1.0,
doi:10.1021/acssynbio.5b00041,10.1021/acssynbio.5b00041,2015,Tunable Riboregulator Switches for Post-transcriptional Control of Gene Expression,already_present,PMC6849397,PMC6849397.1,data/papers/2015/10.1021__acssynbio.5b00041/versions/pmc_author_manuscript/paper__dd6383f7528e.pdf,2026-09-03T05:45:01+00:00,https://pmc.ncbi.nlm.nih.gov/articles/PMC6849397/pdf/nihms-1046090.pdf,https://pmc.ncbi.nlm.nih.gov/articles/PMC6849397/pdf/nihms-1046090.pdf,https://pmc.ncbi.nlm.nih.gov/articles/PMC6849397/,,,,NIH NLM PubMed Central public article page,author_manuscript,,upstream_metadata,pmc_acquisition_manifest,not_established,False,browser_supplied_unverified,The loopback bridge verifies the PDF's DOI/title identity but cannot independently prove that browser-supplied bytes came from the recorded source URL.,,public PMC browser session with same-origin cookies,data/papers/2015/10.1021__acssynbio.5b00041/versions/pmc_author_manuscript/pmc_manifest__ed72135a04ab.json,ed72135a04ab9f2cc80440f635fb1881fa39331d3e026a61d0b44e68a928e3b6,data/papers/2015/10.1021__acssynbio.5b00041/pmc.json,data/papers/2015/10.1021__acssynbio.5b00041/versions/pmc_author_manuscript/pmc_package_metadata__57f00e1be6ca.json,57f00e1be6cacb9bd8efe0b02a7a5cb8d135122480dc1317346488fffe240358,619,data/papers/2015/10.1021__acssynbio.5b00041/pmc/PMC6849397.1.xml,data/papers/2015/10.1021__acssynbio.5b00041/versions/pmc_author_manuscript/pmc_article_xml__72daff1ff7f1.xml,72daff1ff7f1ae7d5221640cd6e1413f26e789f3f86da3c76c61575c309fd3ac,83801,1795693,dd6383f7528e741701d51076bfccfb0d308ef2322e425aabebb9de933fc31e4b,23,article_pdf,doi,1.0,
doi:10.1021/acssynbio.5b00048,10.1021/acssynbio.5b00048,2015,"The Dual Characteristics of Light-Induced Cryptochrome 2, Homo-oligomerization and Heterodimerization, for Optogenetic Manipulation in Mammalian Cells",already_present,PMC5061508,PMC5061508.1,data/papers/2015/10.1021__acssynbio.5b00048/versions/pmc_author_manuscript/paper__87900b9977f8.pdf,2026-09-03T05:44:56+00:00,https://pmc.ncbi.nlm.nih.gov/articles/PMC5061508/pdf/nihms820359.pdf,https://pmc.ncbi.nlm.nih.gov/articles/PMC5061508/pdf/nihms820359.pdf,https://pmc.ncbi.nlm.nih.gov/articles/PMC5061508/,,,,NIH NLM PubMed Central public article page,author_manuscript,,upstream_metadata,pmc_acquisition_manifest,not_established,False,browser_supplied_unverified,The loopback bridge verifies the PDF's DOI/title identity but cannot independently prove that browser-supplied bytes came from the recorded source URL.,,public PMC browser session with same-origin cookies,data/papers/2015/10.1021__acssynbio.5b00048/versions/pmc_author_manuscript/pmc_manifest__adba28fef2b6.json,adba28fef2b621f33bd0ca3754fd55bfe32385a1eeb0cb7d363ebe5d1312927b,data/papers/2015/10.1021__acssynbio.5b00048/pmc.json,data/papers/2015/10.1021__acssynbio.5b00048/versions/pmc_author_manuscript/pmc_package_metadata__3f11239cafca.json,3f11239cafcafcc19ad3efeb8002b81eeecb999aa95275f504b1b0c184616fd4,686,data/papers/2015/10.1021__acssynbio.5b00048/pmc/PMC5061508.1.xml,data/papers/2015/10.1021__acssynbio.5b00048/versions/pmc_author_manuscript/pmc_article_xml__867a7205a69c.xml,867a7205a69c1bfde198235e41f036464e5ba7156ec20bee27503fa43b4cc047,90569,3590949,87900b9977f8bb6ad70a86c59c6a25697e02e2e2afd092d1480cc20536417bcb,26,article_pdf,doi,1.0,
doi:10.1021/acssynbio.5b00053,10.1021/acssynbio.5b00053,2015,"Probing Yeast Polarity with Acute, Reversible, Optogenetic Inhibition of Protein Function",already_present,PMC4609243,PMC4609243.1,data/papers/2015/10.1021__acssynbio.5b00053/versions/pmc_author_manuscript/paper__8a8bccea5c3f.pdf,2026-09-03T05:44:53+00:00,https://pmc.ncbi.nlm.nih.gov/articles/PMC4609243/pdf/nihms697201.pdf,https://pmc.ncbi.nlm.nih.gov/articles/PMC4609243/pdf/nihms697201.pdf,https://pmc.ncbi.nlm.nih.gov/articles/PMC4609243/,,,,NIH NLM PubMed Central public article page,author_manuscript,,upstream_metadata,pmc_acquisition_manifest,not_established,False,browser_supplied_unverified,The loopback bridge verifies the PDF's DOI/title identity but cannot independently prove that browser-supplied bytes came from the recorded source URL.,,public PMC browser session with same-origin cookies,data/papers/2015/10.1021__acssynbio.5b00053/versions/pmc_author_manuscript/pmc_manifest__d564f2399748.json,d564f23997481e8c2b61a766d5718a7a392c5dd3b19c81fc7ae5b41fa7bcb8b5,data/papers/2015/10.1021__acssynbio.5b00053/pmc.json,data/papers/2015/10.1021__acssynbio.5b00053/versions/pmc_author_manuscript/pmc_package_metadata__8f299cd9b0dd.json,8f299cd9b0ddd85d34e524d8c85a12b64aa9c87c0d9bd82aedd11a78c99505a1,625,data/papers/2015/10.1021__acssynbio.5b00053/pmc/PMC4609243.1.xml,data/papers/2015/10.1021__acssynbio.5b00053/versions/pmc_author_manuscript/pmc_article_xml__3e1c002f1190.xml,3e1c002f1190acbd4a7f9a6f7482c75fddaca131a0278bea83b41cd568cc29fb,91172,1234581,8a8bccea5c3f7fa8f491a704417029b6fa6000c9528c89c404632a339b34c9eb,18,article_pdf,doi,1.0,
doi:10.1021/acssynbio.5b00060,10.1021/acssynbio.5b00060,2015,A Barcoding Strategy Enabling Higher-Throughput Library Screening by Microscopy,already_present,PMC4654675,PMC4654675.1,data/papers/2015/10.1021__acssynbio.5b00060/versions/pmc_author_manuscript/paper__7cc6c7483d1b.pdf,2026-09-03T05:44:59+00:00,https://pmc.ncbi.nlm.nih.gov/articles/PMC4654675/pdf/nihms729934.pdf,https://pmc.ncbi.nlm.nih.gov/articles/PMC4654675/pdf/nihms729934.pdf,https://pmc.ncbi.nlm.nih.gov/articles/PMC4654675/,,,,NIH NLM PubMed Central public article page,author_manuscript,,upstream_metadata,pmc_acquisition_manifest,not_established,False,browser_supplied_unverified,The loopback bridge verifies the PDF's DOI/title identity but cannot independently prove that browser-supplied bytes came from the recorded source URL.,,public PMC browser session with same-origin cookies,data/papers/2015/10.1021__acssynbio.5b00060/versions/pmc_author_manuscript/pmc_manifest__3c4f865744e8.json,3c4f865744e8fa41071a610f47321069106c6370cc9448067885186e227e5577,data/papers/2015/10.1021__acssynbio.5b00060/pmc.json,data/papers/2015/10.1021__acssynbio.5b00060/versions/pmc_author_manuscript/pmc_package_metadata__768c3b69a73b.json,768c3b69a73bdeca732ab1e4c0a0ad3d8e62d1efd955ea0ce42d72fa35074acc,615,data/papers/2015/10.1021__acssynbio.5b00060/pmc/PMC4654675.1.xml,data/papers/2015/10.1021__acssynbio.5b00060/versions/pmc_author_manuscript/pmc_article_xml__51c7e2fd0ee7.xml,51c7e2fd0ee713a1c3492e5a31ccbb0c41f1a7c369ecef10d7c6e2eaecf0c0de,111384,870679,7cc6c7483d1b85549e8621ce29c9e580fa0834f4451a9e6c2e3e5ebc6f35f4ce,22,article_pdf,doi,1.0,
doi:10.1021/acssynbio.5b00068,10.1021/acssynbio.5b00068,2015,Predicting the Genetic Stability of Engineered DNA Sequences with the EFM Calculator,already_present,PMC6884357,PMC6884357.1,data/papers/2015/10.1021__acssynbio.5b00068/versions/pmc_author_manuscript/paper__4215902ea40f.pdf,2026-09-03T04:37:09+00:00,https://pmc.ncbi.nlm.nih.gov/articles/PMC6884357/pdf/nihms-1058331.pdf,https://pmc.ncbi.nlm.nih.gov/articles/PMC6884357/pdf/nihms-1058331.pdf,https://pmc.ncbi.nlm.nih.gov/articles/PMC6884357/,data/papers/2015/10.1021__acssynbio.5b00068/versions/pmc_author_manuscript/source_page__2091396125de.html,2091396125debaf7d616817059ea58f043a998e4d4b5d9a2fe1154fd8b389a06,143035,NIH NLM PubMed Central public article page,author_manuscript,,upstream_metadata,pmc_acquisition_manifest,not_established,False,browser_supplied_unverified,The loopback bridge verifies the PDF's DOI/title identity but cannot independently prove that browser-supplied bytes came from the recorded source URL.,,public PMC browser session with same-origin cookies,data/papers/2015/10.1021__acssynbio.5b00068/versions/pmc_author_manuscript/pmc_manifest__d74dcd0f22e1.json,d74dcd0f22e133d821e3be0c6e2d9c1f2a7877e68fd796fbbee5fcfd99aba78f,data/papers/2015/10.1021__acssynbio.5b00068/pmc.json,data/papers/2015/10.1021__acssynbio.5b00068/versions/pmc_author_manuscript/pmc_package_metadata__da5c359f9a5d.json,da5c359f9a5d6bff5b6d0f9165e595077c3791a2e87d917c3edfcc774a4feb8d,621,,,,,370043,4215902ea40f8e5e8c35da01565e206a3533c15a2fe1cb4c42a359c91ca881c4,9,article_pdf,doi,1.0,
doi:10.1021/sb500363y,10.1021/sb500363y,2015,A tetO Toolkit To Alter Expression of Genes in Saccharomyces cerevisiae,already_present,PMC4506738,PMC4506738.1,data/papers/2015/10.1021__sb500363y/versions/pmc_author_manuscript/paper__73cb1e452570.pdf,2026-09-03T04:37:06+00:00,https://pmc.ncbi.nlm.nih.gov/articles/PMC4506738/pdf/nihms675943.pdf,https://pmc.ncbi.nlm.nih.gov/articles/PMC4506738/pdf/nihms675943.pdf,https://pmc.ncbi.nlm.nih.gov/articles/PMC4506738/,data/papers/2015/10.1021__sb500363y/versions/pmc_author_manuscript/source_page__3f61950b54aa.html,3f61950b54aa01c095be328f31f060cb64fb8b01733e3822f754a19a52797ca7,199954,NIH NLM PubMed Central public article page,author_manuscript,,upstream_metadata,pmc_acquisition_manifest,not_established,False,browser_supplied_unverified,The loopback bridge verifies the PDF's DOI/title identity but cannot independently prove that browser-supplied bytes came from the recorded source URL.,,public PMC browser session with same-origin cookies,data/papers/2015/10.1021__sb500363y/versions/pmc_author_manuscript/pmc_manifest__ddfce5b46d95.json,ddfce5b46d9532608c53ac8672f3c94bd2eaa9e1f055f8d9ed61ec45caaaecca,data/papers/2015/10.1021__sb500363y/pmc.json,data/papers/2015/10.1021__sb500363y/versions/pmc_author_manuscript/pmc_package_metadata__aafa2f8df72b.json,aafa2f8df72b955cad651e6eba67a9aef497f5ea7b374bed0f615bf707f537a8,599,,,,,3382647,73cb1e4525701687902a673a90afb75e38961a6e492f3f5f55c23af84aaf7dc7,23,article_pdf,title,1.0,
doi:10.1021/acssynbio.5b00094,10.1021/acssynbio.5b00094,2016,A Microfluidic Platform for Long-Term Monitoring of Algae in a Dynamic Environment,already_present,PMC5249263,PMC5249263.1,data/papers/2016/10.1021__acssynbio.5b00094/versions/pmc_author_manuscript/paper__1c449cf26700.pdf,2026-09-03T05:45:04+00:00,https://pmc.ncbi.nlm.nih.gov/articles/PMC5249263/pdf/nihms841954.pdf,https://pmc.ncbi.nlm.nih.gov/articles/PMC5249263/pdf/nihms841954.pdf,https://pmc.ncbi.nlm.nih.gov/articles/PMC5249263/,,,,NIH NLM PubMed Central public article page,author_manuscript,,upstream_metadata,pmc_acquisition_manifest,not_established,False,browser_supplied_unverified,The loopback bridge verifies the PDF's DOI/title identity but cannot independently prove that browser-supplied bytes came from the recorded source URL.,,public PMC browser session with same-origin cookies,data/papers/2016/10.1021__acssynbio.5b00094/versions/pmc_author_manuscript/pmc_manifest__83f45192e5d8.json,83f45192e5d8d2c45979080a989d44bc27ee7b3d47ed4b0cb2306ec0aa10f434,data/papers/2016/10.1021__acssynbio.5b00094/pmc.json,data/papers/2016/10.1021__acssynbio.5b00094/versions/pmc_author_manuscript/pmc_package_metadata__4b9cba6fb94f.json,4b9cba6fb94f31aacea66bdc403b6a6b19c601d6a740640b5116fbb79c0b60e7,618,data/papers/2016/10.1021__acssynbio.5b00094/pmc/PMC5249263.1.xml,data/papers/2016/10.1021__acssynbio.5b00094/versions/pmc_author_manuscript/pmc_article_xml__5a4086e361f2.xml,5a4086e361f2b0c74a340ad57a604b079f3711e3e7052bdf19350ad3571cb8b3,55669,2136674,1c449cf2670047e4f6b6c7062c9ee9406ec7e2ace8773fe908d75967b1a232ee,13,article_pdf,doi,1.0,
doi:10.1021/acssynbio.5b00119,10.1021/acssynbio.5b00119,2016,Correlating in Vitro and in Vivo Activities of Light-Inducible Dimers: A Cellular Optogenetics Guide,already_present,PMC4766841,PMC4766841.1,data/papers/2016/10.1021__acssynbio.5b00119/versions/pmc_author_manuscript/paper__f22fae3b9055.pdf,2026-09-03T04:37:14+00:00,https://pmc.ncbi.nlm.nih.gov/articles/PMC4766841/pdf/nihms757249.pdf,https://pmc.ncbi.nlm.nih.gov/articles/PMC4766841/pdf/nihms757249.pdf,https://pmc.ncbi.nlm.nih.gov/articles/PMC4766841/,data/papers/2016/10.1021__acssynbio.5b00119/versions/pmc_author_manuscript/source_page__df23609bb0b5.html,df23609bb0b556bd69cb99917014833baa553ccf6b47972b07307e5de2c2975d,215287,NIH NLM PubMed Central public article page,author_manuscript,,upstream_metadata,pmc_acquisition_manifest,not_established,False,browser_supplied_unverified,The loopback bridge verifies the PDF's DOI/title identity but cannot independently prove that browser-supplied bytes came from the recorded source URL.,,public PMC browser session with same-origin cookies,data/papers/2016/10.1021__acssynbio.5b00119/versions/pmc_author_manuscript/pmc_manifest__e93559494b7d.json,e93559494b7d4a29227cb55830a8b558890890e8ba35c99c7a17b54eb9f28ee8,data/papers/2016/10.1021__acssynbio.5b00119/pmc.json,data/papers/2016/10.1021__acssynbio.5b00119/versions/pmc_author_manuscript/pmc_package_metadata__d4a13d8b07ee.json,d4a13d8b07eeb5d80d5c37ee7469589b4ffc08066896de8a4f17837035c854af,636,,,,,1144472,f22fae3b905588af472b556c0666f5c35dd70251bd8189a5141bccf169532923,28,article_pdf,doi,1.0,
doi:10.1021/acssynbio.5b00147,10.1021/acssynbio.5b00147,2016,Orthogonal Modular Gene Repression in Escherichia coli Using Engineered CRISPR/Cas9,already_present,PMC5462464,PMC5462464.1,data/papers/2016/10.1021__acssynbio.5b00147/versions/pmc_author_manuscript/paper__d4c9d436751f.pdf,2026-09-03T04:37:16+00:00,https://pmc.ncbi.nlm.nih.gov/articles/PMC5462464/pdf/nihms863429.pdf,https://pmc.ncbi.nlm.nih.gov/articles/PMC5462464/pdf/nihms863429.pdf,https://pmc.ncbi.nlm.nih.gov/articles/PMC5462464/,data/papers/2016/10.1021__acssynbio.5b00147/versions/pmc_author_manuscript/source_page__4a2f7ae0e82d.html,4a2f7ae0e82ddcd6ee92f9dc7a80d5612880b7a7c71c373a6e0626e78cbb81ef,179057,NIH NLM PubMed Central public article page,author_manuscript,,upstream_metadata,pmc_acquisition_manifest,not_established,False,browser_supplied_unverified,The loopback bridge verifies the PDF's DOI/title identity but cannot independently prove that browser-supplied bytes came from the recorded source URL.,,public PMC browser session with same-origin cookies,data/papers/2016/10.1021__acssynbio.5b00147/versions/pmc_author_manuscript/pmc_manifest__97c6dcfedb2d.json,97c6dcfedb2d66fbbf6d51d943113781858de60af36c95bbe658dc679057f9d5,data/papers/2016/10.1021__acssynbio.5b00147/pmc.json,data/papers/2016/10.1021__acssynbio.5b00147/versions/pmc_author_manuscript/pmc_package_metadata__fb39d2c5b7ef.json,fb39d2c5b7ef15c865726e178d0ad38e7c364e5e15ab80eee6600f66230d11fe,609,,,,,886409,d4c9d436751f17c74311ce4ceb64d94754abaa3ef214667b5d26534dd84ee499,15,article_pdf,doi,0.926471,
doi:10.1021/acssynbio.5b00154,10.1021/acssynbio.5b00154,2016,Efflux Pump Control Alters Synthetic Gene Circuit Function,already_present,PMC5752098,PMC5752098.1,data/papers/2016/10.1021__acssynbio.5b00154/versions/pmc_author_manuscript/paper__cccd15c352b0.pdf,2026-09-03T05:45:15+00:00,https://pmc.ncbi.nlm.nih.gov/articles/PMC5752098/pdf/nihms930634.pdf,https://pmc.ncbi.nlm.nih.gov/articles/PMC5752098/pdf/nihms930634.pdf,https://pmc.ncbi.nlm.nih.gov/articles/PMC5752098/,,,,NIH NLM PubMed Central public article page,author_manuscript,,upstream_metadata,pmc_acquisition_manifest,not_established,False,browser_supplied_unverified,The loopback bridge verifies the PDF's DOI/title identity but cannot independently prove that browser-supplied bytes came from the recorded source URL.,,public PMC browser session with same-origin cookies,data/papers/2016/10.1021__acssynbio.5b00154/versions/pmc_author_manuscript/pmc_manifest__50f66b21193d.json,50f66b21193de4b5e185a95f1bd529011f0ab80b236c7008d6315a9bd6c50013,data/papers/2016/10.1021__acssynbio.5b00154/pmc.json,data/papers/2016/10.1021__acssynbio.5b00154/versions/pmc_author_manuscript/pmc_package_metadata__7dcb3dbed375.json,7dcb3dbed3753003bd4568e38b26ca1935b3adac33d6ee6d97e38b7ac51cb854,593,data/papers/2016/10.1021__acssynbio.5b00154/pmc/PMC5752098.1.xml,data/papers/2016/10.1021__acssynbio.5b00154/versions/pmc_author_manuscript/pmc_article_xml__aeda1aaf0789.xml,aeda1aaf0789a75ed5f4efbd144784b345c3ab75957be2ecf0293c638275b311,121270,2137627,cccd15c352b012ec51ce91831f94b04c1b27692a0e11d3f8618cfccb35cd53c9,25,article_pdf,doi,1.0,
doi:10.1021/acssynbio.5b00197,10.1021/acssynbio.5b00197,2016,Efficient Reassignment of a Frequent Serine Codon in Wild-Type Escherichia coli,already_present,PMC4807657,PMC4807657.1,data/papers/2016/10.1021__acssynbio.5b00197/versions/pmc_author_manuscript/paper__abae2d4186b6.pdf,2026-09-03T05:45:07+00:00,https://pmc.ncbi.nlm.nih.gov/articles/PMC4807657/pdf/nihms763067.pdf,https://pmc.ncbi.nlm.nih.gov/articles/PMC4807657/pdf/nihms763067.pdf,https://pmc.ncbi.nlm.nih.gov/articles/PMC4807657/,,,,NIH NLM PubMed Central public article page,author_manuscript,,upstream_metadata,pmc_acquisition_manifest,not_established,False,browser_supplied_unverified,The loopback bridge verifies the PDF's DOI/title identity but cannot independently prove that browser-supplied bytes came from the recorded source URL.,,public PMC browser session with same-origin cookies,data/papers/2016/10.1021__acssynbio.5b00197/versions/pmc_author_manuscript/pmc_manifest__2f7a9b5c023c.json,2f7a9b5c023c498b70b6032e3a2ae978b06550158897afc59783d093ad6d672d,data/papers/2016/10.1021__acssynbio.5b00197/pmc.json,data/papers/2016/10.1021__acssynbio.5b00197/versions/pmc_author_manuscript/pmc_package_metadata__3e61cab42c55.json,3e61cab42c55a63ca8f7e193ed7389384773530450b78e94352ef5699d2ef3e8,615,data/papers/2016/10.1021__acssynbio.5b00197/pmc/PMC4807657.1.xml,data/papers/2016/10.1021__acssynbio.5b00197/versions/pmc_author_manuscript/pmc_article_xml__2ecc5a940cfd.xml,2ecc5a940cfdf6d7cc75a14f8902c379e7ad8d97db8e2e907def9bba8ea8737f,112810,2490592,abae2d4186b6f68d4d93815a939dcc82f5f18e1d045f44f6f0dd84a11af20a36,23,article_pdf,doi,1.0,
doi:10.1021/acssynbio.5b00209,10.1021/acssynbio.5b00209,2016,Development of an Unnatural Amino Acid Incorporation System in the Actinobacterial Natural Product Producer Streptomyces venezuelae ATCC 15439,already_present,PMC4765998,PMC4765998.1,data/papers/2016/10.1021__acssynbio.5b00209/versions/pmc_author_manuscript/paper__8a0d6756ba8b.pdf,2026-09-03T04:37:18+00:00,https://pmc.ncbi.nlm.nih.gov/articles/PMC4765998/pdf/nihms-755024.pdf,https://pmc.ncbi.nlm.nih.gov/articles/PMC4765998/pdf/nihms-755024.pdf,https://pmc.ncbi.nlm.nih.gov/articles/PMC4765998/,data/papers/2016/10.1021__acssynbio.5b00209/versions/pmc_author_manuscript/source_page__064d1c67cf12.html,064d1c67cf1253641d1683ff93a634329184be173fc6a69224391de59893aa61,169974,NIH NLM PubMed Central public article page,author_manuscript,,upstream_metadata,pmc_acquisition_manifest,not_established,False,browser_supplied_unverified,The loopback bridge verifies the PDF's DOI/title identity but cannot independently prove that browser-supplied bytes came from the recorded source URL.,,public PMC browser session with same-origin cookies,data/papers/2016/10.1021__acssynbio.5b00209/versions/pmc_author_manuscript/pmc_manifest__68c325e16bc4.json,68c325e16bc4aacae3132b35df55af40f9185bc9cde0f580a740a40d4c9d74a3,data/papers/2016/10.1021__acssynbio.5b00209/pmc.json,data/papers/2016/10.1021__acssynbio.5b00209/versions/pmc_author_manuscript/pmc_package_metadata__3d99719a5d16.json,3d99719a5d167eba80907f1a873e8fdd3a740c477da51cf270c7e2e248a01742,678,,,,,906359,8a0d6756ba8bff4204a0185615ade1b3425ccd1a0a1ba0ce40d87ea2e5406b8a,16,article_pdf,doi,1.0,
doi:10.1021/acssynbio.5b00266,10.1021/acssynbio.5b00266,2016,Quantitative Analyses of Core Promoters Enable Precise Engineering of Regulated Gene Expression in Mammalian Cells,already_present,PMC4874895,PMC4874895.1,data/papers/2016/10.1021__acssynbio.5b00266/versions/pmc_author_manuscript/paper__3190d5907666.pdf,2026-09-03T05:45:09+00:00,https://pmc.ncbi.nlm.nih.gov/articles/PMC4874895/pdf/nihms781221.pdf,https://pmc.ncbi.nlm.nih.gov/articles/PMC4874895/pdf/nihms781221.pdf,https://pmc.ncbi.nlm.nih.gov/articles/PMC4874895/,,,,NIH NLM PubMed Central public article page,author_manuscript,,upstream_metadata,pmc_acquisition_manifest,not_established,False,browser_supplied_unverified,The loopback bridge verifies the PDF's DOI/title identity but cannot independently prove that browser-supplied bytes came from the recorded source URL.,,public PMC browser session with same-origin cookies,data/papers/2016/10.1021__acssynbio.5b00266/versions/pmc_author_manuscript/pmc_manifest__13cc4734ffa5.json,13cc4734ffa5df7704f4eac843b37f84e74f39670bc8e5a7219c3b7af672e33f,data/papers/2016/10.1021__acssynbio.5b00266/pmc.json,data/papers/2016/10.1021__acssynbio.5b00266/versions/pmc_author_manuscript/pmc_package_metadata__40857f54eb59.json,40857f54eb5992d32b830246bc463366354d48279c8554530eea999e14ea9494,650,data/papers/2016/10.1021__acssynbio.5b00266/pmc/PMC4874895.1.xml,data/papers/2016/10.1021__acssynbio.5b00266/versions/pmc_author_manuscript/pmc_article_xml__70d567684703.xml,70d567684703786e4d40f15a8bdb6ea757a5dc8541be75ed76947f71c6927983,124492,1306941,3190d5907666b56f53af945239a1b53e6e43f9f252e73724bdbfa35965d9850c,22,article_pdf,doi,1.0,
doi:10.1021/acssynbio.5b00284,10.1021/acssynbio.5b00284,2016,"FlowCal: A User-Friendly, Open Source Software Tool for Automatically Converting Flow Cytometry Data from Arbitrary to Calibrated Units",already_present,PMC5556937,PMC5556937.1,data/papers/2016/10.1021__acssynbio.5b00284/versions/pmc_author_manuscript/paper__ec0c7781445d.pdf,2026-09-03T05:45:17+00:00,https://pmc.ncbi.nlm.nih.gov/articles/PMC5556937/pdf/nihms892803.pdf,https://pmc.ncbi.nlm.nih.gov/articles/PMC5556937/pdf/nihms892803.pdf,https://pmc.ncbi.nlm.nih.gov/articles/PMC5556937/,,,,NIH NLM PubMed Central public article page,author_manuscript,,upstream_metadata,pmc_acquisition_manifest,not_established,False,browser_supplied_unverified,The loopback bridge verifies the PDF's DOI/title identity but cannot independently prove that browser-supplied bytes came from the recorded source URL.,,public PMC browser session with same-origin cookies,data/papers/2016/10.1021__acssynbio.5b00284/versions/pmc_author_manuscript/pmc_manifest__f4557a2d80e9.json,f4557a2d80e98cfd9f9aa7d4838190197eeb50266242e6e82786824794a997b8,data/papers/2016/10.1021__acssynbio.5b00284/pmc.json,data/papers/2016/10.1021__acssynbio.5b00284/versions/pmc_author_manuscript/pmc_package_metadata__2c9d772bb5d7.json,2c9d772bb5d74fcca7abf5556ffcab9f45dc87cab8690271ef2f6ff77fc2e055,671,data/papers/2016/10.1021__acssynbio.5b00284/pmc/PMC5556937.1.xml,data/papers/2016/10.1021__acssynbio.5b00284/versions/pmc_author_manuscript/pmc_article_xml__71aaccac5e46.xml,71aaccac5e46d43c201ae6f6e0cc2421fdaf27617497e946b37cc6c26832c55e,67825,605981,ec0c7781445d7136ece194fee6816d0a5ec80d78522d1936caba4db97ef5437a,14,article_pdf,doi,1.0,
doi:10.1021/acssynbio.5b00286,10.1021/acssynbio.5b00286,2016,Quorum Sensing Communication Modules for Microbial Consortia,already_present,PMC5603278,PMC5603278.1,data/papers/2016/10.1021__acssynbio.5b00286/versions/pmc_author_manuscript/paper__48eab29c0b4b.pdf,2026-09-03T04:37:25+00:00,https://pmc.ncbi.nlm.nih.gov/articles/PMC5603278/pdf/nihms886986.pdf,https://pmc.ncbi.nlm.nih.gov/articles/PMC5603278/pdf/nihms886986.pdf,https://pmc.ncbi.nlm.nih.gov/articles/PMC5603278/,data/papers/2016/10.1021__acssynbio.5b00286/versions/pmc_author_manuscript/source_page__f279540718c3.html,f279540718c350ce6e17258fe7d3dc7ebb7ed35db298a3c23c8d7d0888a87bb6,219779,NIH NLM PubMed Central public article page,author_manuscript,,upstream_metadata,pmc_acquisition_manifest,not_established,False,browser_supplied_unverified,The loopback bridge verifies the PDF's DOI/title identity but cannot independently prove that browser-supplied bytes came from the recorded source URL.,,public PMC browser session with same-origin cookies,data/papers/2016/10.1021__acssynbio.5b00286/versions/pmc_author_manuscript/pmc_manifest__362f47b4a7ef.json,362f47b4a7ef873853d8dacf857a404c3bd46476a85124d9521cbf2426897fe5,data/papers/2016/10.1021__acssynbio.5b00286/pmc.json,data/papers/2016/10.1021__acssynbio.5b00286/versions/pmc_author_manuscript/pmc_package_metadata__4c39c578be88.json,4c39c578be8885e3aee5aecac4b23de6bbbccf1dc62646df5f38625fba7d221a,596,,,,,1632349,48eab29c0b4b3cdbee67a6b58e62f53a00ba560c67280d78630f7dd6595737fa,19,article_pdf,doi,1.0,
doi:10.1021/acssynbio.5b00305,10.1021/acssynbio.5b00305,2016,The Structure of a Thermophilic Kinase Shapes Fitness upon Random Circular Permutation,already_present,PMC5122316,PMC5122316.1,data/papers/2016/10.1021__acssynbio.5b00305/versions/pmc_author_manuscript/paper__0ab12028b769.pdf,2026-09-03T05:45:12+00:00,https://pmc.ncbi.nlm.nih.gov/articles/PMC5122316/pdf/nihms-829354.pdf,https://pmc.ncbi.nlm.nih.gov/articles/PMC5122316/pdf/nihms-829354.pdf,https://pmc.ncbi.nlm.nih.gov/articles/PMC5122316/,,,,NIH NLM PubMed Central public article page,author_manuscript,,upstream_metadata,pmc_acquisition_manifest,not_established,False,browser_supplied_unverified,The loopback bridge verifies the PDF's DOI/title identity but cannot independently prove that browser-supplied bytes came from the recorded source URL.,,public PMC browser session with same-origin cookies,data/papers/2016/10.1021__acssynbio.5b00305/versions/pmc_author_manuscript/pmc_manifest__8e1192f7cbf7.json,8e1192f7cbf7f0b924e08d12b59ebd401c79d5f5118e1b914d38aa5033d8a6a2,data/papers/2016/10.1021__acssynbio.5b00305/pmc.json,data/papers/2016/10.1021__acssynbio.5b00305/versions/pmc_author_manuscript/pmc_package_metadata__b68703ba5a7d.json,b68703ba5a7d5741c495987c85eef802d72ab2725eef4bd8b0bd8628508fc137,622,data/papers/2016/10.1021__acssynbio.5b00305/pmc/PMC5122316.1.xml,data/papers/2016/10.1021__acssynbio.5b00305/versions/pmc_author_manuscript/pmc_article_xml__275cdcd75b2c.xml,275cdcd75b2caef42fd319d84d29b7c8df8c8ca9402fcf037423e672df251d2b,145488,1260256,0ab12028b769037ad6540a80292bde1b2565d99955258c2d5767203aed560a17,24,article_pdf,doi,1.0,
doi:10.1021/acssynbio.6b00057,10.1021/acssynbio.6b00057,2016,Toolbox for Exploring Modular Gene Regulation in Synthetic Biology Training,already_present,PMC4947003,PMC4947003.1,data/papers/2016/10.1021__acssynbio.6b00057/versions/pmc_author_manuscript/paper__2b01fb3a8a4b.pdf,2026-09-03T04:37:24+00:00,https://pmc.ncbi.nlm.nih.gov/articles/PMC4947003/pdf/nihms794489.pdf,https://pmc.ncbi.nlm.nih.gov/articles/PMC4947003/pdf/nihms794489.pdf,https://pmc.ncbi.nlm.nih.gov/articles/PMC4947003/,data/papers/2016/10.1021__acssynbio.6b00057/versions/pmc_author_manuscript/source_page__e44f94b2d1e3.html,e44f94b2d1e35be9e01e0e6e236807a6dab5f0aa73747cd45983f85e439df600,147134,NIH NLM PubMed Central public article page,author_manuscript,,upstream_metadata,pmc_acquisition_manifest,not_established,False,browser_supplied_unverified,The loopback bridge verifies the PDF's DOI/title identity but cannot independently prove that browser-supplied bytes came from the recorded source URL.,,public PMC browser session with same-origin cookies,data/papers/2016/10.1021__acssynbio.6b00057/versions/pmc_author_manuscript/pmc_manifest__52ac85b953c1.json,52ac85b953c1e8c562e868a572e0148361abc0014199c9964109bfbf1a609427,data/papers/2016/10.1021__acssynbio.6b00057/pmc.json,data/papers/2016/10.1021__acssynbio.6b00057/versions/pmc_author_manuscript/pmc_package_metadata__81fa396c2b86.json,81fa396c2b862c36becea0311f740108d32ff8c090f6bf07d102ac24f3f6aa94,611,,,,,752123,2b01fb3a8a4b1a845a8705fd203adebe8b492159db18bbd3a3ba7e15c447aa47,9,article_pdf,doi,1.0,
doi:10.1021/acssynbio.6b00080,10.1021/acssynbio.6b00080,2016,Multiplexed CRISPR/Cas9- and TAR-Mediated Promoter Engineering of Natural Product Biosynthetic Gene Clusters in Yeast,already_present,PMC5469684,PMC5469684.1,data/papers/2016/10.1021__acssynbio.6b00080/versions/pmc_author_manuscript/paper__b8894f408c42.pdf,2026-09-03T04:37:27+00:00,https://pmc.ncbi.nlm.nih.gov/articles/PMC5469684/pdf/nihms855812.pdf,https://pmc.ncbi.nlm.nih.gov/articles/PMC5469684/pdf/nihms855812.pdf,https://pmc.ncbi.nlm.nih.gov/articles/PMC5469684/,data/papers/2016/10.1021__acssynbio.6b00080/versions/pmc_author_manuscript/source_page__636d4845fda5.html,636d4845fda5c0d8102f121e645dc1426c800baefda785182a761f38f14abf11,175025,NIH NLM PubMed Central public article page,author_manuscript,,upstream_metadata,pmc_acquisition_manifest,not_established,False,browser_supplied_unverified,The loopback bridge verifies the PDF's DOI/title identity but cannot independently prove that browser-supplied bytes came from the recorded source URL.,,public PMC browser session with same-origin cookies,data/papers/2016/10.1021__acssynbio.6b00080/versions/pmc_author_manuscript/pmc_manifest__4779e6f59542.json,4779e6f5954263575a2469ccacb21d5cfb5bbb4378c0ca637828747df348aa25,data/papers/2016/10.1021__acssynbio.6b00080/pmc.json,data/papers/2016/10.1021__acssynbio.6b00080/versions/pmc_author_manuscript/pmc_package_metadata__3bfafb92c5f1.json,3bfafb92c5f11fde90b77fb968f748fb04aecb1895c69c3b3a2090488bffd157,653,,,,,1373019,b8894f408c4259ca525e5dfed313ec6ece832265e1fa5f07b875a58915f5e824,19,article_pdf,doi,1.0,
doi:10.1021/acssynbio.6b00097,10.1021/acssynbio.6b00097,2016,Full and Partial Agonism of a Designed Enzyme Switch,already_present,PMC5161622,PMC5161622.1,data/papers/2016/10.1021__acssynbio.6b00097/versions/pmc_author_manuscript/paper__c77d66860e91.pdf,2026-09-03T04:37:29+00:00,https://pmc.ncbi.nlm.nih.gov/articles/PMC5161622/pdf/nihms801958.pdf,https://pmc.ncbi.nlm.nih.gov/articles/PMC5161622/pdf/nihms801958.pdf,https://pmc.ncbi.nlm.nih.gov/articles/PMC5161622/,data/papers/2016/10.1021__acssynbio.6b00097/versions/pmc_author_manuscript/source_page__b94feb51301e.html,b94feb51301ef6b8cc317de75339f02e8d91f73a4eca3dd74cd674393b6b62a8,209845,NIH NLM PubMed Central public article page,author_manuscript,,upstream_metadata,pmc_acquisition_manifest,not_established,False,browser_supplied_unverified,The loopback bridge verifies the PDF's DOI/title identity but cannot independently prove that browser-supplied bytes came from the recorded source URL.,,public PMC browser session with same-origin cookies,data/papers/2016/10.1021__acssynbio.6b00097/versions/pmc_author_manuscript/pmc_manifest__cbf950ff02c8.json,cbf950ff02c8dd4e7d2724b6a828e58cb6872bcfe8957ea4f1c62b2748891b22,data/papers/2016/10.1021__acssynbio.6b00097/pmc.json,data/papers/2016/10.1021__acssynbio.6b00097/versions/pmc_author_manuscript/pmc_package_metadata__aae217ce9dfa.json,aae217ce9dfaf0b256f5076dda80c3ed0b69504e01aaad3ee48a8877c160b5fb,588,,,,,2187965,c77d66860e91f781f4f3ef9014d53a4a2914bccd1d4dd6f9e9da5a83f817e6f3,25,article_pdf,doi,1.0,
doi:10.1021/acssynbio.6b00154,10.1021/acssynbio.6b00154,2016,Cell-Free Mixing of Escherichia coli Crude Extracts to Prototype and Rationally Engineer High-Titer Mevalonate Synthesis,already_present,PMC6728267,PMC6728267.1,data/papers/2016/10.1021__acssynbio.6b00154/versions/pmc_author_manuscript/paper__a1fce62f50bb.pdf,2026-09-03T05:45:20+00:00,https://pmc.ncbi.nlm.nih.gov/articles/PMC6728267/pdf/nihms-1048323.pdf,https://pmc.ncbi.nlm.nih.gov/articles/PMC6728267/pdf/nihms-1048323.pdf,https://pmc.ncbi.nlm.nih.gov/articles/PMC6728267/,,,,NIH NLM PubMed Central public article page,author_manuscript,,upstream_metadata,pmc_acquisition_manifest,not_established,False,browser_supplied_unverified,The loopback bridge verifies the PDF's DOI/title identity but cannot independently prove that browser-supplied bytes came from the recorded source URL.,,public PMC browser session with same-origin cookies,data/papers/2016/10.1021__acssynbio.6b00154/versions/pmc_author_manuscript/pmc_manifest__4d2dabc06592.json,4d2dabc065924a66c647d84de43fc486b5a590454419d2a3cee738e919e3a714,data/papers/2016/10.1021__acssynbio.6b00154/pmc.json,data/papers/2016/10.1021__acssynbio.6b00154/versions/pmc_author_manuscript/pmc_package_metadata__ae54ce369d0e.json,ae54ce369d0e45a2cb635ef90e1b749990cf2fa1d3277faa87c36c5f98a85dc0,656,data/papers/2016/10.1021__acssynbio.6b00154/pmc/PMC6728267.1.xml,data/papers/2016/10.1021__acssynbio.6b00154/versions/pmc_author_manuscript/pmc_article_xml__66049e2d4f9f.xml,66049e2d4f9fcc531337779d64f6decd0dd8377f2ccb6f529c0f1074a75f9db1,145980,1663347,a1fce62f50bb252d8fc04e663d9835f2b5bdabfd1cdc38e2ca498c997e74f025,23,article_pdf,doi,1.0,
doi:10.1021/acssynbio.5b00299,10.1021/acssynbio.5b00299,2017,The Impact of Chromatin Dynamics on Cas9-Mediated Genome Editing in Human Cells,already_present,PMC5357160,PMC5357160.1,data/papers/2017/10.1021__acssynbio.5b00299/versions/pmc_author_manuscript/paper__c11b6b59557c.pdf,2026-09-03T04:37:38+00:00,https://pmc.ncbi.nlm.nih.gov/articles/PMC5357160/pdf/nihms832807.pdf,https://pmc.ncbi.nlm.nih.gov/articles/PMC5357160/pdf/nihms832807.pdf,https://pmc.ncbi.nlm.nih.gov/articles/PMC5357160/,data/papers/2017/10.1021__acssynbio.5b00299/versions/pmc_author_manuscript/source_page__a808bc7e36b3.html,a808bc7e36b3a6a8a468f44d4c4e6e9482f032bf567a13741e8438baded0a742,183410,NIH NLM PubMed Central public article page,author_manuscript,,upstream_metadata,pmc_acquisition_manifest,not_established,False,browser_supplied_unverified,The loopback bridge verifies the PDF's DOI/title identity but cannot independently prove that browser-supplied bytes came from the recorded source URL.,,public PMC browser session with same-origin cookies,data/papers/2017/10.1021__acssynbio.5b00299/versions/pmc_author_manuscript/pmc_manifest__45dcb178d6dc.json,45dcb178d6dcedff2f4094dd35d8596f5c55f6d20feeb2c48ae67f101b56e65d,data/papers/2017/10.1021__acssynbio.5b00299/pmc.json,data/papers/2017/10.1021__acssynbio.5b00299/versions/pmc_author_manuscript/pmc_package_metadata__4aaf0deba816.json,4aaf0deba81666a01cfdcc95a056e91b00f9688cdea84e65ccb566be22d07bad,615,,,,,2512078,c11b6b59557c5d957f6d81ee7553d846eb4aab7cb057355c21487298524325f2,23,article_pdf,doi,1.0,
doi:10.1021/acssynbio.6b00160,10.1021/acssynbio.6b00160,2017,In Vitro Reconstruction of Nonribosomal Peptide Biosynthesis Directly from DNA Using Cell-Free Protein Synthesis,already_present,PMC5250536,PMC5250536.1,data/papers/2017/10.1021__acssynbio.6b00160/versions/pmc_author_manuscript/paper__d5db5ef35bc3.pdf,2026-09-03T05:45:22+00:00,https://pmc.ncbi.nlm.nih.gov/articles/PMC5250536/pdf/nihms824486.pdf,https://pmc.ncbi.nlm.nih.gov/articles/PMC5250536/pdf/nihms824486.pdf,https://pmc.ncbi.nlm.nih.gov/articles/PMC5250536/,,,,NIH NLM PubMed Central public article page,author_manuscript,,upstream_metadata,pmc_acquisition_manifest,not_established,False,browser_supplied_unverified,The loopback bridge verifies the PDF's DOI/title identity but cannot independently prove that browser-supplied bytes came from the recorded source URL.,,public PMC browser session with same-origin cookies,data/papers/2017/10.1021__acssynbio.6b00160/versions/pmc_author_manuscript/pmc_manifest__b31b9de347d2.json,b31b9de347d2742943a28eca1be4dcc24b2562739dc7176979ad0084a237a831,data/papers/2017/10.1021__acssynbio.6b00160/pmc.json,data/papers/2017/10.1021__acssynbio.6b00160/versions/pmc_author_manuscript/pmc_package_metadata__53deacd2feb7.json,53deacd2feb7aed2bece4fa45684fae5f62873e56d2fd898d47d1e696ad8469b,648,data/papers/2017/10.1021__acssynbio.6b00160/pmc/PMC5250536.1.xml,data/papers/2017/10.1021__acssynbio.6b00160/versions/pmc_author_manuscript/pmc_article_xml__284992f5bbbf.xml,284992f5bbbfb5fd65c67b7c145aed942ed4ddca7611e45322a5579a2332f7e4,71546,1067834,d5db5ef35bc35063345f6f9138ebee6e15e4bc2333801c798404199c55711817,13,article_pdf,doi,1.0,
doi:10.1021/acssynbio.6b00166,10.1021/acssynbio.6b00166,2017,Synthetic Biogenesis of Bacterial Amyloid Nanomaterials with Tunable Inorganic–Organic Interfaces and Electrical Conductivity,already_present,PMC6422533,PMC6422533.1,data/papers/2017/10.1021__acssynbio.6b00166/versions/pmc_author_manuscript/paper__be49ce7d59b9.pdf,2026-09-03T05:45:28+00:00,https://pmc.ncbi.nlm.nih.gov/articles/PMC6422533/pdf/nihms-1005286.pdf,https://pmc.ncbi.nlm.nih.gov/articles/PMC6422533/pdf/nihms-1005286.pdf,https://pmc.ncbi.nlm.nih.gov/articles/PMC6422533/,,,,NIH NLM PubMed Central public article page,author_manuscript,,upstream_metadata,pmc_acquisition_manifest,not_established,False,browser_supplied_unverified,The loopback bridge verifies the PDF's DOI/title identity but cannot independently prove that browser-supplied bytes came from the recorded source URL.,,public PMC browser session with same-origin cookies,data/papers/2017/10.1021__acssynbio.6b00166/versions/pmc_author_manuscript/pmc_manifest__b084a13f6f5d.json,b084a13f6f5d358d0025c6681e50d139ab535f5cce1d728f6fa96e0b6801f2e4,data/papers/2017/10.1021__acssynbio.6b00166/pmc.json,data/papers/2017/10.1021__acssynbio.6b00166/versions/pmc_author_manuscript/pmc_package_metadata__2b84612c0bbc.json,2b84612c0bbcdb84a8a204edc21f14339a3602ef19897f9bb5c6963e7c57cda3,667,data/papers/2017/10.1021__acssynbio.6b00166/pmc/PMC6422533.1.xml,data/papers/2017/10.1021__acssynbio.6b00166/versions/pmc_author_manuscript/pmc_article_xml__f3c07aa7296d.xml,f3c07aa7296d7ec1d38e0548669cc5a316dc9fb42ae7d182da141f5587b0f851,113853,1616031,be49ce7d59b988c973b57aeed9c793cb77ba2e294da6957fa8bde0ffc27b2fa1,20,article_pdf,doi,1.0,
doi:10.1021/acssynbio.6b00188,10.1021/acssynbio.6b00188,2017,A General Tool for Engineering the NAD/NADP Cofactor Preference of Oxidoreductases,already_present,PMC8611728,PMC8611728.1,data/papers/2017/10.1021__acssynbio.6b00188/versions/pmc_author_manuscript/paper__ec5bd29785ca.pdf,2026-09-03T05:45:30+00:00,https://pmc.ncbi.nlm.nih.gov/articles/PMC8611728/pdf/nihms-1754172.pdf,https://pmc.ncbi.nlm.nih.gov/articles/PMC8611728/pdf/nihms-1754172.pdf,https://pmc.ncbi.nlm.nih.gov/articles/PMC8611728/,,,,NIH NLM PubMed Central public article page,author_manuscript,,upstream_metadata,pmc_acquisition_manifest,not_established,False,browser_supplied_unverified,The loopback bridge verifies the PDF's DOI/title identity but cannot independently prove that browser-supplied bytes came from the recorded source URL.,,public PMC browser session with same-origin cookies,data/papers/2017/10.1021__acssynbio.6b00188/versions/pmc_author_manuscript/pmc_manifest__61b47d712800.json,61b47d712800c54ca640ea4834c3d8fd0c8166c5c65dd8d40234b5a0cd49f30b,data/papers/2017/10.1021__acssynbio.6b00188/pmc.json,data/papers/2017/10.1021__acssynbio.6b00188/versions/pmc_author_manuscript/pmc_package_metadata__920d708892f3.json,920d708892f331b237cc531f3ca87a7b412672f0802fff2507e9d89b83da93a5,619,data/papers/2017/10.1021__acssynbio.6b00188/pmc/PMC8611728.1.xml,data/papers/2017/10.1021__acssynbio.6b00188/versions/pmc_author_manuscript/pmc_article_xml__47821ec3a5b0.xml,47821ec3a5b0b444aed37cc5f1db90038e1b6dac2467ee06113a8abdd4154d75,102542,607062,ec5bd29785ca2b2553c46192bdb88157bd3b21d92487458fd494f3fcf7a39051,17,article_pdf,doi,1.0,
doi:10.1021/acssynbio.6b00251,10.1021/acssynbio.6b00251,2017,Robust Synthetic Circuits for Two-Dimensional Control of Gene Expression in Yeast,already_present,PMC5507677,PMC5507677.1,data/papers/2017/10.1021__acssynbio.6b00251/versions/pmc_author_manuscript/paper__c57322af3c7b.pdf,2026-09-03T05:45:33+00:00,https://pmc.ncbi.nlm.nih.gov/articles/PMC5507677/pdf/nihms865318.pdf,https://pmc.ncbi.nlm.nih.gov/articles/PMC5507677/pdf/nihms865318.pdf,https://pmc.ncbi.nlm.nih.gov/articles/PMC5507677/,,,,NIH NLM PubMed Central public article page,author_manuscript,,upstream_metadata,pmc_acquisition_manifest,not_established,False,browser_supplied_unverified,The loopback bridge verifies the PDF's DOI/title identity but cannot independently prove that browser-supplied bytes came from the recorded source URL.,,public PMC browser session with same-origin cookies,data/papers/2017/10.1021__acssynbio.6b00251/versions/pmc_author_manuscript/pmc_manifest__6675b43be297.json,6675b43be297002b705cb7dc0b2f21efa2162bd384b704420bb00805aa4d8025,data/papers/2017/10.1021__acssynbio.6b00251/pmc.json,data/papers/2017/10.1021__acssynbio.6b00251/versions/pmc_author_manuscript/pmc_package_metadata__207a98380661.json,207a98380661fa101b45ab77fdda178d70df48100f1253078241e40704f0d27f,617,data/papers/2017/10.1021__acssynbio.6b00251/pmc/PMC5507677.1.xml,data/papers/2017/10.1021__acssynbio.6b00251/versions/pmc_author_manuscript/pmc_article_xml__dd3fb58a64c6.xml,dd3fb58a64c68eab9eb39fba2bcfcdf603c344e2c0e4ceee89390e1ba1689ee0,107197,1343538,c57322af3c7b57def392493c47365720ee709badb098050fc12a37a4c8cdb7b2,20,article_pdf,doi,1.0,
doi:10.1021/acssynbio.6b00279,10.1021/acssynbio.6b00279,2017,Multiplexing Engineered Receptors for Multiparametric Evaluation of Environmental Ligands,already_present,PMC5693605,PMC5693605.1,data/papers/2017/10.1021__acssynbio.6b00279/versions/pmc_author_manuscript/paper__c51da0ca601c.pdf,2026-09-03T05:46:07+00:00,https://pmc.ncbi.nlm.nih.gov/articles/PMC5693605/pdf/nihms897910.pdf,https://pmc.ncbi.nlm.nih.gov/articles/PMC5693605/pdf/nihms897910.pdf,https://pmc.ncbi.nlm.nih.gov/articles/PMC5693605/,,,,NIH NLM PubMed Central public article page,author_manuscript,,upstream_metadata,pmc_acquisition_manifest,not_established,False,browser_supplied_unverified,The loopback bridge verifies the PDF's DOI/title identity but cannot independently prove that browser-supplied bytes came from the recorded source URL.,,public PMC browser session with same-origin cookies,data/papers/2017/10.1021__acssynbio.6b00279/versions/pmc_author_manuscript/pmc_manifest__8870112594db.json,8870112594db8a9a0b698e478ee3c861328c13c1909219c8a4c383955c39295f,data/papers/2017/10.1021__acssynbio.6b00279/pmc.json,data/papers/2017/10.1021__acssynbio.6b00279/versions/pmc_author_manuscript/pmc_package_metadata__02b0b42de08c.json,02b0b42de08ce3d52f57e8368c837ccf3553fa02bd50574419366cf41c467de0,625,data/papers/2017/10.1021__acssynbio.6b00279/pmc/PMC5693605.1.xml,data/papers/2017/10.1021__acssynbio.6b00279/versions/pmc_author_manuscript/pmc_article_xml__ed83cb994a82.xml,ed83cb994a8296734e4e121411457476d2fe94625447f4ded4596d0a7c12200c,116205,1807868,c51da0ca601c074f9e290e35e59b1437a59e39fdae2b1268fb1f5d3c79422aef,24,article_pdf,doi,1.0,
doi:10.1021/acssynbio.6b00293,10.1021/acssynbio.6b00293,2017,Fully Automated One-Step Synthesis of Single-Transcript TALEN Pairs Using a Biological Foundry,already_present,PMC5536959,PMC5536959.1,data/papers/2017/10.1021__acssynbio.6b00293/versions/pmc_author_manuscript/paper__232f7484fd9f.pdf,2026-09-03T05:45:35+00:00,https://pmc.ncbi.nlm.nih.gov/articles/PMC5536959/pdf/nihms879527.pdf,https://pmc.ncbi.nlm.nih.gov/articles/PMC5536959/pdf/nihms879527.pdf,https://pmc.ncbi.nlm.nih.gov/articles/PMC5536959/,,,,NIH NLM PubMed Central public article page,author_manuscript,,upstream_metadata,pmc_acquisition_manifest,not_established,False,browser_supplied_unverified,The loopback bridge verifies the PDF's DOI/title identity but cannot independently prove that browser-supplied bytes came from the recorded source URL.,,public PMC browser session with same-origin cookies,data/papers/2017/10.1021__acssynbio.6b00293/versions/pmc_author_manuscript/pmc_manifest__6b51ddd92b77.json,6b51ddd92b770de8ad68fc48836b0d0b8500df11c83f1f881783a4e3a6d00235,data/papers/2017/10.1021__acssynbio.6b00293/pmc.json,data/papers/2017/10.1021__acssynbio.6b00293/versions/pmc_author_manuscript/pmc_package_metadata__22f1431bce55.json,22f1431bce55a10b3ec6b518b051234bf659fbc5c34c2e457b44d1918b1c3599,630,data/papers/2017/10.1021__acssynbio.6b00293/pmc/PMC5536959.1.xml,data/papers/2017/10.1021__acssynbio.6b00293/versions/pmc_author_manuscript/pmc_article_xml__644e7721d50c.xml,644e7721d50ca53e08f3f31aa52ef3f7b5e88ecef70421d8e708f8aa217a5ac2,75418,1053887,232f7484fd9f7709910d771372b7b41cc6d175914927cd5587d3205bc902cfba,15,article_pdf,doi,1.0,
doi:10.1021/acssynbio.6b00297,10.1021/acssynbio.6b00297,2017,A Simple Combinatorial Codon Mutagenesis Method for Targeted Protein Engineering,already_present,PMC5435451,PMC5435451.1,data/papers/2017/10.1021__acssynbio.6b00297/versions/pmc_author_manuscript/paper__8857f1827187.pdf,2026-09-03T04:37:35+00:00,https://pmc.ncbi.nlm.nih.gov/articles/PMC5435451/pdf/nihms858220.pdf,https://pmc.ncbi.nlm.nih.gov/articles/PMC5435451/pdf/nihms858220.pdf,https://pmc.ncbi.nlm.nih.gov/articles/PMC5435451/,data/papers/2017/10.1021__acssynbio.6b00297/versions/pmc_author_manuscript/source_page__17add3c10016.html,17add3c100163c12576894217951a1cc68710a2145bf7f0c86f9b7dd6a3b5a83,151338,NIH NLM PubMed Central public article page,author_manuscript,,upstream_metadata,pmc_acquisition_manifest,not_established,False,browser_supplied_unverified,The loopback bridge verifies the PDF's DOI/title identity but cannot independently prove that browser-supplied bytes came from the recorded source URL.,,public PMC browser session with same-origin cookies,data/papers/2017/10.1021__acssynbio.6b00297/versions/pmc_author_manuscript/pmc_manifest__7387f0cc81b1.json,7387f0cc81b1f073b8c8bf971baf79ab1cbb12807ed818cb49fe1337569762d5,data/papers/2017/10.1021__acssynbio.6b00297/pmc.json,data/papers/2017/10.1021__acssynbio.6b00297/versions/pmc_author_manuscript/pmc_package_metadata__b82ed8a56ab5.json,b82ed8a56ab5c9076b0557895060d0f9b650ab4ff33101c15fad9fca28f11b7f,616,,,,,653204,8857f1827187944677cb896c77efc3bfb7dc35d4c2a1673162bd3ef8a2126f7e,11,article_pdf,doi,1.0,
doi:10.1021/acssynbio.6b00299,10.1021/acssynbio.6b00299,2017,Discovery of a Phosphonoacetic Acid Derived Natural Product by Pathway Refactoring,already_present,PMC10329809,PMC10329809.1,data/papers/2017/10.1021__acssynbio.6b00299/versions/pmc_author_manuscript/paper__2a6bff505afc.pdf,2026-09-03T05:45:25+00:00,https://pmc.ncbi.nlm.nih.gov/articles/PMC10329809/pdf/nihms-1913897.pdf,https://pmc.ncbi.nlm.nih.gov/articles/PMC10329809/pdf/nihms-1913897.pdf,https://pmc.ncbi.nlm.nih.gov/articles/PMC10329809/,,,,NIH NLM PubMed Central public article page,author_manuscript,,upstream_metadata,pmc_acquisition_manifest,not_established,False,browser_supplied_unverified,The loopback bridge verifies the PDF's DOI/title identity but cannot independently prove that browser-supplied bytes came from the recorded source URL.,,public PMC browser session with same-origin cookies,data/papers/2017/10.1021__acssynbio.6b00299/versions/pmc_author_manuscript/pmc_manifest__79cde4e5f17a.json,79cde4e5f17a52148e35fd5ae89ab00173047137515e48765c1d5dcca37b200a,data/papers/2017/10.1021__acssynbio.6b00299/pmc.json,data/papers/2017/10.1021__acssynbio.6b00299/versions/pmc_author_manuscript/pmc_package_metadata__5da9acc788fb.json,5da9acc788fba8d8a604839c60a6cd00d793899a7ad527278ee3f3ac004193d5,623,data/papers/2017/10.1021__acssynbio.6b00299/pmc/PMC10329809.1.xml,data/papers/2017/10.1021__acssynbio.6b00299/versions/pmc_author_manuscript/pmc_article_xml__7ade7e493061.xml,7ade7e493061c0d23f35116de31776ff7ebcfbc767e1f3e90fe26881597bfcb3,82127,1077601,2a6bff505afc4a9854a0d1e8d9ee77550e72ae107ad7cca9907a1d9b98cf65e6,16,article_pdf,doi,1.0,
doi:10.1021/acssynbio.6b00309,10.1021/acssynbio.6b00309,2017,Quantitative Analysis of Synthetic Cell Lineage Tracing Using Nuclease Barcoding,already_present,PMC5724935,PMC5724935.1,data/papers/2017/10.1021__acssynbio.6b00309/versions/pmc_author_manuscript/paper__f2ba4a9d0651.pdf,2026-09-03T05:45:43+00:00,https://pmc.ncbi.nlm.nih.gov/articles/PMC5724935/pdf/nihms915820.pdf,https://pmc.ncbi.nlm.nih.gov/articles/PMC5724935/pdf/nihms915820.pdf,https://pmc.ncbi.nlm.nih.gov/articles/PMC5724935/,,,,NIH NLM PubMed Central public article page,author_manuscript,,upstream_metadata,pmc_acquisition_manifest,not_established,False,browser_supplied_unverified,The loopback bridge verifies the PDF's DOI/title identity but cannot independently prove that browser-supplied bytes came from the recorded source URL.,,public PMC browser session with same-origin cookies,data/papers/2017/10.1021__acssynbio.6b00309/versions/pmc_author_manuscript/pmc_manifest__b3bcef94b330.json,b3bcef94b33049a70a0749bcb2d020e95ac5e07fb50e4def8d81cd70fa948984,data/papers/2017/10.1021__acssynbio.6b00309/pmc.json,data/papers/2017/10.1021__acssynbio.6b00309/versions/pmc_author_manuscript/pmc_package_metadata__386f91761086.json,386f9176108670407e942bbc1a784d8e9b3f07f77bc8948acc8996decad79bfb,616,data/papers/2017/10.1021__acssynbio.6b00309/pmc/PMC5724935.1.xml,data/papers/2017/10.1021__acssynbio.6b00309/versions/pmc_author_manuscript/pmc_article_xml__3fdf036ecfc0.xml,3fdf036ecfc0c8e16f7e7a00c3cc24cb9463b018529034975b3ad606609754ea,88659,1350389,f2ba4a9d06518293e02281c8420ca44f620a0fb3069eba864852ccf5284dde7b,17,article_pdf,doi,1.0,
doi:10.1021/acssynbio.6b00341,10.1021/acssynbio.6b00341,2017,Polyketide Bioderivatization Using the Promiscuous Acyltransferase KirCII,already_present,PMC5483334,PMC5483334.1,data/papers/2017/10.1021__acssynbio.6b00341/versions/pmc_author_manuscript/paper__046ddf507edf.pdf,2026-09-03T04:37:36+00:00,https://pmc.ncbi.nlm.nih.gov/articles/PMC5483334/pdf/nihms868554.pdf,https://pmc.ncbi.nlm.nih.gov/articles/PMC5483334/pdf/nihms868554.pdf,https://pmc.ncbi.nlm.nih.gov/articles/PMC5483334/,data/papers/2017/10.1021__acssynbio.6b00341/versions/pmc_author_manuscript/source_page__7c1ede88fc55.html,7c1ede88fc55119b3debdd6d1ce4c2ab90923737c599b8aa0ee03ea67af4dee7,172624,NIH NLM PubMed Central public article page,author_manuscript,,upstream_metadata,pmc_acquisition_manifest,not_established,False,browser_supplied_unverified,The loopback bridge verifies the PDF's DOI/title identity but cannot independently prove that browser-supplied bytes came from the recorded source URL.,,public PMC browser session with same-origin cookies,data/papers/2017/10.1021__acssynbio.6b00341/versions/pmc_author_manuscript/pmc_manifest__e0d4aba67c4f.json,e0d4aba67c4fe0ef971ee19e85f5b27fc2b0d9864c55c7f17af9ccd57afdb27d,data/papers/2017/10.1021__acssynbio.6b00341/pmc.json,data/papers/2017/10.1021__acssynbio.6b00341/versions/pmc_author_manuscript/pmc_package_metadata__1f21d47e04b9.json,1f21d47e04b98c23a126ceb696afcc065c1c178158047ff0927afd8900571a45,610,,,,,543183,046ddf507edf95b1f3a1a5f87e09ed4b1b15ca6514bdfb0ea14aec69c1c5310c,13,article_pdf,doi,1.0,
doi:10.1021/acssynbio.6b00343,10.1021/acssynbio.6b00343,2017,sgRNA Scorer 2.0: A Species-Independent Model To Predict CRISPR/Cas9 Activity,already_present,PMC5793212,PMC5793212.1,data/papers/2017/10.1021__acssynbio.6b00343/versions/pmc_author_manuscript/paper__3635c7d76751.pdf,2026-09-03T05:45:41+00:00,https://pmc.ncbi.nlm.nih.gov/articles/PMC5793212/pdf/nihms857197.pdf,https://pmc.ncbi.nlm.nih.gov/articles/PMC5793212/pdf/nihms857197.pdf,https://pmc.ncbi.nlm.nih.gov/articles/PMC5793212/,,,,NIH NLM PubMed Central public article page,author_manuscript,,upstream_metadata,pmc_acquisition_manifest,not_established,False,browser_supplied_unverified,The loopback bridge verifies the PDF's DOI/title identity but cannot independently prove that browser-supplied bytes came from the recorded source URL.,,public PMC browser session with same-origin cookies,data/papers/2017/10.1021__acssynbio.6b00343/versions/pmc_author_manuscript/pmc_manifest__986a9636ac88.json,986a9636ac88f79c42f8103dfac2854cbc672b739fa48a1bdf597d4def652152,data/papers/2017/10.1021__acssynbio.6b00343/pmc.json,data/papers/2017/10.1021__acssynbio.6b00343/versions/pmc_author_manuscript/pmc_package_metadata__9ddcf69fdf6d.json,9ddcf69fdf6d80ba7c7600c4bfc40ef54155f1b95cacc279fcce61454bf8226a,619,data/papers/2017/10.1021__acssynbio.6b00343/pmc/PMC5793212.1.xml,data/papers/2017/10.1021__acssynbio.6b00343/versions/pmc_author_manuscript/pmc_article_xml__10c2011d1585.xml,10c2011d15853520627f72eae9c2d0e47248fe7338c2d9746942df80bda54ec0,45439,386694,3635c7d767517be678c71f69da3f981a99ce826f3d2277421d05316f74adf880,5,article_pdf,doi,1.0,
doi:10.1021/acssynbio.6b00358,10.1021/acssynbio.6b00358,2017,A Scalable Epitope Tagging Approach for High Throughput ChIP-Seq Analysis,already_present,PMC5536957,PMC5536957.1,data/papers/2017/10.1021__acssynbio.6b00358/versions/pmc_author_manuscript/paper__5fff126d86a8.pdf,2026-09-03T04:37:45+00:00,https://pmc.ncbi.nlm.nih.gov/articles/PMC5536957/pdf/nihms879533.pdf,https://pmc.ncbi.nlm.nih.gov/articles/PMC5536957/pdf/nihms879533.pdf,https://pmc.ncbi.nlm.nih.gov/articles/PMC5536957/,data/papers/2017/10.1021__acssynbio.6b00358/versions/pmc_author_manuscript/source_page__c01f144d0f44.html,c01f144d0f445a6e5499db42039672bb3375e09033ed274875df71552e3d44ba,180985,NIH NLM PubMed Central public article page,author_manuscript,,upstream_metadata,pmc_acquisition_manifest,not_established,False,browser_supplied_unverified,The loopback bridge verifies the PDF's DOI/title identity but cannot independently prove that browser-supplied bytes came from the recorded source URL.,,public PMC browser session with same-origin cookies,data/papers/2017/10.1021__acssynbio.6b00358/versions/pmc_author_manuscript/pmc_manifest__f0b81174cd9d.json,f0b81174cd9d1c02794a91af9a7f6ad1f098c4e1684a2aac21980b4e1db1396a,data/papers/2017/10.1021__acssynbio.6b00358/pmc.json,data/papers/2017/10.1021__acssynbio.6b00358/versions/pmc_author_manuscript/pmc_package_metadata__71fa599ac4e8.json,71fa599ac4e81131e63e507452675f577978a61c6d2124569324a6dff5d907b4,609,,,,,1824947,5fff126d86a86cd3f66e80f1a5cda22be2e1bf990153b54f0f42a8f7fdd59c9b,17,article_pdf,doi,1.0,
doi:10.1021/acssynbio.6b00359,10.1021/acssynbio.6b00359,2017,Engineering Pak1 Allosteric Switches,already_present,PMC5562282,PMC5562282.1,data/papers/2017/10.1021__acssynbio.6b00359/versions/pmc_author_manuscript/paper__6416fad119db.pdf,2026-09-03T04:37:48+00:00,https://pmc.ncbi.nlm.nih.gov/articles/PMC5562282/pdf/nihms879666.pdf,https://pmc.ncbi.nlm.nih.gov/articles/PMC5562282/pdf/nihms879666.pdf,https://pmc.ncbi.nlm.nih.gov/articles/PMC5562282/,data/papers/2017/10.1021__acssynbio.6b00359/versions/pmc_author_manuscript/source_page__d59bb16d2908.html,d59bb16d290845a5934eb68e1538723c13e6399643a9ab93088c658fcc43744d,163464,NIH NLM PubMed Central public article page,author_manuscript,,upstream_metadata,pmc_acquisition_manifest,not_established,False,browser_supplied_unverified,The loopback bridge verifies the PDF's DOI/title identity but cannot independently prove that browser-supplied bytes came from the recorded source URL.,,public PMC browser session with same-origin cookies,data/papers/2017/10.1021__acssynbio.6b00359/versions/pmc_author_manuscript/pmc_manifest__e0c25df8a291.json,e0c25df8a2917802ae8097695d581d309314ebd8d5c8de9c25ab4ab0b3e1b2e6,data/papers/2017/10.1021__acssynbio.6b00359/pmc.json,data/papers/2017/10.1021__acssynbio.6b00359/versions/pmc_author_manuscript/pmc_package_metadata__a5a2fcc04423.json,a5a2fcc044234a88575a16c0aa67a5e743d8eeaa41394bd896d0a434dd3d991b,572,,,,,1212546,6416fad119dbf9614413ea3466f9ae4605f94e62389d9f5b303635ed1d091db1,12,article_pdf,doi,1.0,
doi:10.1021/acssynbio.6b00373,10.1021/acssynbio.6b00373,2017,Controlling Multicycle Replication of Live-Attenuated HIV-1 Using an Unnatural Genetic Switch,already_present,PMC5400733,PMC5400733.1,data/papers/2017/10.1021__acssynbio.6b00373/versions/pmc_author_manuscript/paper__e86d95c73e2d.pdf,2026-09-03T05:45:38+00:00,https://pmc.ncbi.nlm.nih.gov/articles/PMC5400733/pdf/nihms845646.pdf,https://pmc.ncbi.nlm.nih.gov/articles/PMC5400733/pdf/nihms845646.pdf,https://pmc.ncbi.nlm.nih.gov/articles/PMC5400733/,,,,NIH NLM PubMed Central public article page,author_manuscript,,upstream_metadata,pmc_acquisition_manifest,not_established,False,browser_supplied_unverified,The loopback bridge verifies the PDF's DOI/title identity but cannot independently prove that browser-supplied bytes came from the recorded source URL.,,public PMC browser session with same-origin cookies,data/papers/2017/10.1021__acssynbio.6b00373/versions/pmc_author_manuscript/pmc_manifest__34d74bee7fde.json,34d74bee7fde3e21ecac86be8ebaba88306f276cee5b43c88f38fcb59e2ac2dc,data/papers/2017/10.1021__acssynbio.6b00373/pmc.json,data/papers/2017/10.1021__acssynbio.6b00373/versions/pmc_author_manuscript/pmc_package_metadata__04cdc6670a15.json,04cdc6670a1523544510e79336ca66b9444e582bc1042b824b104a770208937e,630,data/papers/2017/10.1021__acssynbio.6b00373/pmc/PMC5400733.1.xml,data/papers/2017/10.1021__acssynbio.6b00373/versions/pmc_author_manuscript/pmc_article_xml__04df2d7013d7.xml,04df2d7013d7922fb128f21bc16c631277b2166c2bc7b9591a6451f6ac462f4a,97240,3618109,e86d95c73e2d7a2bcc123fb955f7738118101884bb6902957fbef0c218399208,23,article_pdf,doi,1.0,
doi:10.1021/acssynbio.6b00392,10.1021/acssynbio.6b00392,2017,Modularly Constructed Synthetic Granzyme B Molecule Enables Interrogation of Intracellular Proteases for Targeted Cytotoxicity,already_present,PMC5683712,PMC5683712.1,data/papers/2017/10.1021__acssynbio.6b00392/versions/pmc_author_manuscript/paper__8934f153a18f.pdf,2026-09-03T05:45:49+00:00,https://pmc.ncbi.nlm.nih.gov/articles/PMC5683712/pdf/nihms917991.pdf,https://pmc.ncbi.nlm.nih.gov/articles/PMC5683712/pdf/nihms917991.pdf,https://pmc.ncbi.nlm.nih.gov/articles/PMC5683712/,,,,NIH NLM PubMed Central public article page,author_manuscript,,upstream_metadata,pmc_acquisition_manifest,not_established,False,browser_supplied_unverified,The loopback bridge verifies the PDF's DOI/title identity but cannot independently prove that browser-supplied bytes came from the recorded source URL.,,public PMC browser session with same-origin cookies,data/papers/2017/10.1021__acssynbio.6b00392/versions/pmc_author_manuscript/pmc_manifest__a8cf31977b5f.json,a8cf31977b5fe2dcdf64b628d0cbb290ec17aa8c0e96cad423ffc197b425545d,data/papers/2017/10.1021__acssynbio.6b00392/pmc.json,data/papers/2017/10.1021__acssynbio.6b00392/versions/pmc_author_manuscript/pmc_package_metadata__9ac47b5fd4c7.json,9ac47b5fd4c7db81cebf521e7a74690175095b4275a886822c696b5baca5cd67,662,data/papers/2017/10.1021__acssynbio.6b00392/pmc/PMC5683712.1.xml,data/papers/2017/10.1021__acssynbio.6b00392/versions/pmc_author_manuscript/pmc_article_xml__c2848e94bb7a.xml,c2848e94bb7abc86b2db18cc86c1788912ed543200cb13657d6e06bdc2566fcd,122448,1320995,8934f153a18f88b4a41784ef5578d2391fb81595f50e6280a241582336c96ff6,24,article_pdf,doi,1.0,
doi:10.1021/acssynbio.6b00397,10.1021/acssynbio.6b00397,2017,Deconvolution of Gene Expression Noise into Spatial Dynamics of Transcription Factor–Promoter Interplay,already_present,PMC7617343,PMC7617343.1,data/papers/2017/10.1021__acssynbio.6b00397/versions/pmc_author_manuscript/paper__baf757e774cd.pdf,2026-09-03T05:45:46+00:00,https://pmc.ncbi.nlm.nih.gov/articles/PMC7617343/pdf/EMS202704.pdf,https://pmc.ncbi.nlm.nih.gov/articles/PMC7617343/pdf/EMS202704.pdf,https://pmc.ncbi.nlm.nih.gov/articles/PMC7617343/,,,,NIH NLM PubMed Central public article page,author_manuscript,,upstream_metadata,pmc_acquisition_manifest,not_established,False,browser_supplied_unverified,The loopback bridge verifies the PDF's DOI/title identity but cannot independently prove that browser-supplied bytes came from the recorded source URL.,,public PMC browser session with same-origin cookies,data/papers/2017/10.1021__acssynbio.6b00397/versions/pmc_author_manuscript/pmc_manifest__0d84126111f3.json,0d84126111f34025749b6cf6bf867733b5893f13e84ecf494bbca0761884d87d,data/papers/2017/10.1021__acssynbio.6b00397/pmc.json,data/papers/2017/10.1021__acssynbio.6b00397/versions/pmc_author_manuscript/pmc_package_metadata__494ae4acb7ef.json,494ae4acb7ef0eab179b24cc4a772d302df9ac89ca58fda45647b089852e8871,617,data/papers/2017/10.1021__acssynbio.6b00397/pmc/PMC7617343.1.xml,data/papers/2017/10.1021__acssynbio.6b00397/versions/pmc_author_manuscript/pmc_article_xml__d561b6c8d2a8.xml,d561b6c8d2a816605e4ae3826271c934a511e245051c7dee824bed156da0c1d4,162943,1864126,baf757e774cd253cb41603f41c13941e4f0d5ff088f74d244a6b4ebfb2566550,26,article_pdf,doi,0.781065,
doi:10.1021/acssynbio.7b00045,10.1021/acssynbio.7b00045,2017,CAGE: Chromatin Analogous Gene Expression,already_present,PMC6317516,PMC6317516.1,data/papers/2017/10.1021__acssynbio.7b00045/versions/pmc_author_manuscript/paper__4231304a7734.pdf,2026-09-03T05:45:56+00:00,https://pmc.ncbi.nlm.nih.gov/articles/PMC6317516/pdf/nihms-1003845.pdf,https://pmc.ncbi.nlm.nih.gov/articles/PMC6317516/pdf/nihms-1003845.pdf,https://pmc.ncbi.nlm.nih.gov/articles/PMC6317516/,,,,NIH NLM PubMed Central public article page,author_manuscript,,upstream_metadata,pmc_acquisition_manifest,not_established,False,browser_supplied_unverified,The loopback bridge verifies the PDF's DOI/title identity but cannot independently prove that browser-supplied bytes came from the recorded source URL.,,public PMC browser session with same-origin cookies,data/papers/2017/10.1021__acssynbio.7b00045/versions/pmc_author_manuscript/pmc_manifest__85bd259f471e.json,85bd259f471e9116307bd7b4a0c765379add34ea29920839835fa16b354b923b,data/papers/2017/10.1021__acssynbio.7b00045/pmc.json,data/papers/2017/10.1021__acssynbio.7b00045/versions/pmc_author_manuscript/pmc_package_metadata__6b9b74e19b88.json,6b9b74e19b8845d6b616025e91cb81ac3dba6153c790489eadf3a41ecc99265a,577,data/papers/2017/10.1021__acssynbio.7b00045/pmc/PMC6317516.1.xml,data/papers/2017/10.1021__acssynbio.7b00045/versions/pmc_author_manuscript/pmc_article_xml__98007da04d32.xml,98007da04d32e57692f25cde8a971e594f8075c44303c53265b44423a0ce90dd,126925,703544,4231304a77342370b9e5b7ad69c28accc4e4abfda38c5515c3d24a6d7358af19,15,article_pdf,doi,1.0,
doi:10.1021/acssynbio.7b00050,10.1021/acssynbio.7b00050,2017,The Impact of DNA Topology and Guide Length on Target Selection by a Cytosine-Specific Cas9,already_present,PMC5706465,PMC5706465.1,data/papers/2017/10.1021__acssynbio.7b00050/versions/pmc_author_manuscript/paper__85f170fd1c59.pdf,2026-09-03T04:37:46+00:00,https://pmc.ncbi.nlm.nih.gov/articles/PMC5706465/pdf/nihms920671.pdf,https://pmc.ncbi.nlm.nih.gov/articles/PMC5706465/pdf/nihms920671.pdf,https://pmc.ncbi.nlm.nih.gov/articles/PMC5706465/,data/papers/2017/10.1021__acssynbio.7b00050/versions/pmc_author_manuscript/source_page__d9bcb9fca807.html,d9bcb9fca8070bd162d019b39661e19c4a9dfe10d1efdad0385025adcec47d57,229623,NIH NLM PubMed Central public article page,author_manuscript,,upstream_metadata,pmc_acquisition_manifest,not_established,False,browser_supplied_unverified,The loopback bridge verifies the PDF's DOI/title identity but cannot independently prove that browser-supplied bytes came from the recorded source URL.,,public PMC browser session with same-origin cookies,data/papers/2017/10.1021__acssynbio.7b00050/versions/pmc_author_manuscript/pmc_manifest__999eaeef2453.json,999eaeef24534bea76402dff5eecce31f613df1ff2c853a22cb5b0e9e8827648,data/papers/2017/10.1021__acssynbio.7b00050/pmc.json,data/papers/2017/10.1021__acssynbio.7b00050/versions/pmc_author_manuscript/pmc_package_metadata__300489cc6e6a.json,300489cc6e6ad60faf598d1e135e0078da2874a30d6caa2b0848ae661e9a9ee6,627,,,,,1665984,85f170fd1c59a42d32f2fb24c28cb5fe2efd797ad6e5e19dde93803c33167a2c,24,article_pdf,doi,1.0,
doi:10.1021/acssynbio.7b00077,10.1021/acssynbio.7b00077,2017,A Tug-of-War Mechanism for Pattern Formation in a Genetic Network,already_present,PMC5693606,PMC5693606.1,data/papers/2017/10.1021__acssynbio.7b00077/versions/pmc_author_manuscript/paper__d6f79399e03d.pdf,2026-09-03T05:46:10+00:00,https://pmc.ncbi.nlm.nih.gov/articles/PMC5693606/pdf/nihms898368.pdf,https://pmc.ncbi.nlm.nih.gov/articles/PMC5693606/pdf/nihms898368.pdf,https://pmc.ncbi.nlm.nih.gov/articles/PMC5693606/,,,,NIH NLM PubMed Central public article page,author_manuscript,,upstream_metadata,pmc_acquisition_manifest,not_established,False,browser_supplied_unverified,The loopback bridge verifies the PDF's DOI/title identity but cannot independently prove that browser-supplied bytes came from the recorded source URL.,,public PMC browser session with same-origin cookies,data/papers/2017/10.1021__acssynbio.7b00077/versions/pmc_author_manuscript/pmc_manifest__d099b88d03e7.json,d099b88d03e7ed1d5421a72812b5b04f0ddeb9e8b8cc02ba3a65a5266d1168dc,data/papers/2017/10.1021__acssynbio.7b00077/pmc.json,data/papers/2017/10.1021__acssynbio.7b00077/versions/pmc_author_manuscript/pmc_package_metadata__2c0d8ea9bebb.json,2c0d8ea9bebbf041f9e73eca603b7240f439d6166b9366da8de7dcfb5b4edbbc,601,data/papers/2017/10.1021__acssynbio.7b00077/pmc/PMC5693606.1.xml,data/papers/2017/10.1021__acssynbio.7b00077/versions/pmc_author_manuscript/pmc_article_xml__8c03e6108e51.xml,8c03e6108e5123da89d6c20d940ee1a382cc5fc410ea4938075fd378681825d3,135969,2906724,d6f79399e03d1fdf7a061986d95ce98f475aa527b0db98bf9f6e11e1b5b9739e,24,article_pdf,doi,1.0,
doi:10.1021/acssynbio.7b00100,10.1021/acssynbio.7b00100,2017,Programming Post-Translational Control over the Metabolic Labeling of Cellular Proteins with a Noncanonical Amino Acid,already_present,PMC6858787,PMC6858787.1,data/papers/2017/10.1021__acssynbio.7b00100/versions/pmc_author_manuscript/paper__af2b0a0158b5.pdf,2026-09-03T05:45:51+00:00,https://pmc.ncbi.nlm.nih.gov/articles/PMC6858787/pdf/nihms-1057720.pdf,https://pmc.ncbi.nlm.nih.gov/articles/PMC6858787/pdf/nihms-1057720.pdf,https://pmc.ncbi.nlm.nih.gov/articles/PMC6858787/,,,,NIH NLM PubMed Central public article page,author_manuscript,,upstream_metadata,pmc_acquisition_manifest,not_established,False,browser_supplied_unverified,The loopback bridge verifies the PDF's DOI/title identity but cannot independently prove that browser-supplied bytes came from the recorded source URL.,,public PMC browser session with same-origin cookies,data/papers/2017/10.1021__acssynbio.7b00100/versions/pmc_author_manuscript/pmc_manifest__e6009c1da0b7.json,e6009c1da0b74442d8e20b443575b04e5a3b0c6743e1d100126c05757ded6893,data/papers/2017/10.1021__acssynbio.7b00100/pmc.json,data/papers/2017/10.1021__acssynbio.7b00100/versions/pmc_author_manuscript/pmc_package_metadata__ac470560a4c2.json,ac470560a4c24e872224a34389af4fc5f2934c2c1b30b507a9037020f0720087,656,data/papers/2017/10.1021__acssynbio.7b00100/pmc/PMC6858787.1.xml,data/papers/2017/10.1021__acssynbio.7b00100/versions/pmc_author_manuscript/pmc_article_xml__a956ad3766c1.xml,a956ad3766c1b3e80ce3e3a07ea2f659554eb682ef0f02f3bea5ffbd3a79bc60,128125,1599020,af2b0a0158b571226d1a9f4061fd7c20a4786f54fb31644cf1d6b530698ea6c8,24,article_pdf,doi,1.0,
doi:10.1021/acssynbio.7b00112,10.1021/acssynbio.7b00112,2017,Rapid and Programmable Protein Mutagenesis Using Plasmid Recombineering,already_present,PMC5650538,PMC5650538.1,data/papers/2017/10.1021__acssynbio.7b00112/versions/pmc_author_manuscript/paper__233215f97de3.pdf,2026-09-03T05:45:59+00:00,https://pmc.ncbi.nlm.nih.gov/articles/PMC5650538/pdf/nihms908177.pdf,https://pmc.ncbi.nlm.nih.gov/articles/PMC5650538/pdf/nihms908177.pdf,https://pmc.ncbi.nlm.nih.gov/articles/PMC5650538/,,,,NIH NLM PubMed Central public article page,author_manuscript,,upstream_metadata,pmc_acquisition_manifest,not_established,False,browser_supplied_unverified,The loopback bridge verifies the PDF's DOI/title identity but cannot independently prove that browser-supplied bytes came from the recorded source URL.,,public PMC browser session with same-origin cookies,data/papers/2017/10.1021__acssynbio.7b00112/versions/pmc_author_manuscript/pmc_manifest__960d9a91ef36.json,960d9a91ef3664dff0025f5b2d9a38a09d1dac775541ed0fc807fa3a0589ea7e,data/papers/2017/10.1021__acssynbio.7b00112/pmc.json,data/papers/2017/10.1021__acssynbio.7b00112/versions/pmc_author_manuscript/pmc_package_metadata__2cf12bfc2663.json,2cf12bfc266377f50314a66d7d494f7ec83bef28a72562ba5d958e8098fde0c5,607,data/papers/2017/10.1021__acssynbio.7b00112/pmc/PMC5650538.1.xml,data/papers/2017/10.1021__acssynbio.7b00112/versions/pmc_author_manuscript/pmc_article_xml__64e45aa65fe0.xml,64e45aa65fe024a9cc25724b6a43e63350ec0b495cc6893dcf6830b9315368bd,84319,1376524,233215f97de31ce0831cc0d60c1626df33065cc333551f33b66bb32dafb8c44d,17,article_pdf,doi,1.0,
doi:10.1021/acssynbio.7b00115,10.1021/acssynbio.7b00115,2017,Synthetic Biology Parts for the Storage of Increased Genetic Information in Cells,already_present,PMC5650502,PMC5650502.1,data/papers/2017/10.1021__acssynbio.7b00115/versions/pmc_author_manuscript/paper__ad1974daac53.pdf,2026-09-03T04:37:55+00:00,https://pmc.ncbi.nlm.nih.gov/articles/PMC5650502/pdf/nihms882778.pdf,https://pmc.ncbi.nlm.nih.gov/articles/PMC5650502/pdf/nihms882778.pdf,https://pmc.ncbi.nlm.nih.gov/articles/PMC5650502/,data/papers/2017/10.1021__acssynbio.7b00115/versions/pmc_author_manuscript/source_page__40f8e378beb0.html,40f8e378beb0661ec9f05cf8fac9d50caef9374f40ef0bdfe405baa812a53080,173040,NIH NLM PubMed Central public article page,author_manuscript,,upstream_metadata,pmc_acquisition_manifest,not_established,False,browser_supplied_unverified,The loopback bridge verifies the PDF's DOI/title identity but cannot independently prove that browser-supplied bytes came from the recorded source URL.,,public PMC browser session with same-origin cookies,data/papers/2017/10.1021__acssynbio.7b00115/versions/pmc_author_manuscript/pmc_manifest__396297b4cd2a.json,396297b4cd2af17724b65898bc4b66aeaa568826584f6ab0f9b14c8673193fc6,data/papers/2017/10.1021__acssynbio.7b00115/pmc.json,data/papers/2017/10.1021__acssynbio.7b00115/versions/pmc_author_manuscript/pmc_package_metadata__1b6473a65a44.json,1b6473a65a442ccf2abd95158f95a3b23f03e9cf6957a1031185797ce1624b43,617,,,,,908134,ad1974daac5395abdc9da50fd2c873e4695bb468f45c27d0e47b9615d0d37fa5,14,article_pdf,doi,1.0,
doi:10.1021/acssynbio.7b00116,10.1021/acssynbio.7b00116,2017,Multiplex Genome Editing by Natural Transformation (MuGENT) for Synthetic Biology in Vibrio natriegens,already_present,PMC6519440,PMC6519440.1,data/papers/2017/10.1021__acssynbio.7b00116/versions/pmc_author_manuscript/paper__14488ba33c27.pdf,2026-09-03T05:45:54+00:00,https://pmc.ncbi.nlm.nih.gov/articles/PMC6519440/pdf/nihms-1027919.pdf,https://pmc.ncbi.nlm.nih.gov/articles/PMC6519440/pdf/nihms-1027919.pdf,https://pmc.ncbi.nlm.nih.gov/articles/PMC6519440/,,,,NIH NLM PubMed Central public article page,author_manuscript,,upstream_metadata,pmc_acquisition_manifest,not_established,False,browser_supplied_unverified,The loopback bridge verifies the PDF's DOI/title identity but cannot independently prove that browser-supplied bytes came from the recorded source URL.,,public PMC browser session with same-origin cookies,data/papers/2017/10.1021__acssynbio.7b00116/versions/pmc_author_manuscript/pmc_manifest__fbbe3faf6ec1.json,fbbe3faf6ec1689a03f1228ccd6db4c95c79537bed1f38392f5526f8677ebd0d,data/papers/2017/10.1021__acssynbio.7b00116/pmc.json,data/papers/2017/10.1021__acssynbio.7b00116/versions/pmc_author_manuscript/pmc_package_metadata__f255cb627ab7.json,f255cb627ab7f036229a70b08312648ce890ed2c245c970fcc2b6c0140e38b74,639,data/papers/2017/10.1021__acssynbio.7b00116/pmc/PMC6519440.1.xml,data/papers/2017/10.1021__acssynbio.7b00116/versions/pmc_author_manuscript/pmc_article_xml__bfe72cddafc5.xml,bfe72cddafc51f3a5d0f0906e9bafd2daf33d40d10102a4fe47038a509508dd8,59816,925378,14488ba33c276c3df2027e502e226102ed47122fd1736a23d9474df8307b8d44,12,article_pdf,doi,1.0,
doi:10.1021/acssynbio.7b00118,10.1021/acssynbio.7b00118,2017,The Timing of Transcriptional Regulation in Synthetic Gene Circuits,already_present,PMC5996764,PMC5996764.1,data/papers/2017/10.1021__acssynbio.7b00118/versions/pmc_author_manuscript/paper__475dd851c04b.pdf,2026-09-03T05:46:02+00:00,https://pmc.ncbi.nlm.nih.gov/articles/PMC5996764/pdf/nihms972697.pdf,https://pmc.ncbi.nlm.nih.gov/articles/PMC5996764/pdf/nihms972697.pdf,https://pmc.ncbi.nlm.nih.gov/articles/PMC5996764/,,,,NIH NLM PubMed Central public article page,author_manuscript,,upstream_metadata,pmc_acquisition_manifest,not_established,False,browser_supplied_unverified,The loopback bridge verifies the PDF's DOI/title identity but cannot independently prove that browser-supplied bytes came from the recorded source URL.,,public PMC browser session with same-origin cookies,data/papers/2017/10.1021__acssynbio.7b00118/versions/pmc_author_manuscript/pmc_manifest__da44b11e5f74.json,da44b11e5f7406d58e1f98e9bb1cdde206b2bb3bc8287c5a81c58d9f98152600,data/papers/2017/10.1021__acssynbio.7b00118/pmc.json,data/papers/2017/10.1021__acssynbio.7b00118/versions/pmc_author_manuscript/pmc_package_metadata__a74c859864f3.json,a74c859864f32a5dcf63069e4d2ecf818715287f81e8fa4088d6ccebcc589b1e,603,data/papers/2017/10.1021__acssynbio.7b00118/pmc/PMC5996764.1.xml,data/papers/2017/10.1021__acssynbio.7b00118/versions/pmc_author_manuscript/pmc_article_xml__4a955c942d3f.xml,4a955c942d3f8803b8792d8e9c2bdf95378a8b8843acc84191d66ba2ba400c4a,77834,527529,475dd851c04b49282a33e2bb227225e92cf51628d70e3a3216a5e5f0b357127d,15,article_pdf,doi,1.0,
doi:10.1021/acssynbio.7b00144,10.1021/acssynbio.7b00144,2017,Inefficient Ribosomal Skipping Enables Simultaneous Secretion and Display of Proteins in Saccharomyces cerevisiae,already_present,PMC5905331,PMC5905331.1,data/papers/2017/10.1021__acssynbio.7b00144/versions/pmc_author_manuscript/paper__7d1cc4a595bb.pdf,2026-09-03T05:46:13+00:00,https://pmc.ncbi.nlm.nih.gov/articles/PMC5905331/pdf/nihms915066.pdf,https://pmc.ncbi.nlm.nih.gov/articles/PMC5905331/pdf/nihms915066.pdf,https://pmc.ncbi.nlm.nih.gov/articles/PMC5905331/,,,,NIH NLM PubMed Central public article page,author_manuscript,,upstream_metadata,pmc_acquisition_manifest,not_established,False,browser_supplied_unverified,The loopback bridge verifies the PDF's DOI/title identity but cannot independently prove that browser-supplied bytes came from the recorded source URL.,,public PMC browser session with same-origin cookies,data/papers/2017/10.1021__acssynbio.7b00144/versions/pmc_author_manuscript/pmc_manifest__5a5f32882863.json,5a5f32882863aa7c38e7dcd1d34b3867ef430e461c654672a653b0cf0f1545e8,data/papers/2017/10.1021__acssynbio.7b00144/pmc.json,data/papers/2017/10.1021__acssynbio.7b00144/versions/pmc_author_manuscript/pmc_package_metadata__658906085e2a.json,658906085e2ade32e253af00ea592c512852b010623d916c41979f2744ee4fb8,649,data/papers/2017/10.1021__acssynbio.7b00144/pmc/PMC5905331.1.xml,data/papers/2017/10.1021__acssynbio.7b00144/versions/pmc_author_manuscript/pmc_article_xml__ac89051647e4.xml,ac89051647e451e3841eb9c200bb78e7795571fe92ee83a4bd116c83a42153da,124096,1337035,7d1cc4a595bbe2cc1ed1ab6170618347759fe2b7c26a20178b32decf3b99c826,28,article_pdf,doi,1.0,
doi:10.1021/acssynbio.7b00147,10.1021/acssynbio.7b00147,2017,"An Engineered Optogenetic Switch for Spatiotemporal Control of Gene Expression, Cell Differentiation, and Tissue Morphogenesis",already_present,PMC5767923,PMC5767923.1,data/papers/2017/10.1021__acssynbio.7b00147/versions/pmc_author_manuscript/paper__d280070d7677.pdf,2026-09-03T05:46:04+00:00,https://pmc.ncbi.nlm.nih.gov/articles/PMC5767923/pdf/nihms932878.pdf,https://pmc.ncbi.nlm.nih.gov/articles/PMC5767923/pdf/nihms932878.pdf,https://pmc.ncbi.nlm.nih.gov/articles/PMC5767923/,,,,NIH NLM PubMed Central public article page,author_manuscript,,upstream_metadata,pmc_acquisition_manifest,not_established,False,browser_supplied_unverified,The loopback bridge verifies the PDF's DOI/title identity but cannot independently prove that browser-supplied bytes came from the recorded source URL.,,public PMC browser session with same-origin cookies,data/papers/2017/10.1021__acssynbio.7b00147/versions/pmc_author_manuscript/pmc_manifest__5950f8505b05.json,5950f8505b050d650677510dd55fe5d2c7e4b37d9f77cb9fb6878656c1528106,data/papers/2017/10.1021__acssynbio.7b00147/pmc.json,data/papers/2017/10.1021__acssynbio.7b00147/versions/pmc_author_manuscript/pmc_package_metadata__9100652d598d.json,9100652d598d61373c18e7728fba8f4af9d233f106f0b48006ea50b02a629119,662,data/papers/2017/10.1021__acssynbio.7b00147/pmc/PMC5767923.1.xml,data/papers/2017/10.1021__acssynbio.7b00147/versions/pmc_author_manuscript/pmc_article_xml__e907c7c78b3b.xml,e907c7c78b3b29dc0806beb0e3650e4027848b07bd19d3e14396f7471a2b0ac8,127372,1196203,d280070d7677a6fb2dd94177c8e3441c77c8dba4b65de4f1cfb0f19565b22af1,20,article_pdf,doi,1.0,
doi:10.1021/acssynbio.7b00150,10.1021/acssynbio.7b00150,2017,"Structure and Biophysics for a Six Letter DNA Alphabet that Includes Imidazo[1,2-a]-1,3,5-triazine-2(8H)-4(3H)-dione (X) and 2,4-Diaminopyrimidine (K)",already_present,PMC5831194,PMC5831194.1,data/papers/2017/10.1021__acssynbio.7b00150/versions/pmc_author_manuscript/paper__2432761ad2b0.pdf,2026-09-03T05:46:15+00:00,https://pmc.ncbi.nlm.nih.gov/articles/PMC5831194/pdf/nihms935505.pdf,https://pmc.ncbi.nlm.nih.gov/articles/PMC5831194/pdf/nihms935505.pdf,https://pmc.ncbi.nlm.nih.gov/articles/PMC5831194/,,,,NIH NLM PubMed Central public article page,author_manuscript,,upstream_metadata,pmc_acquisition_manifest,not_established,False,browser_supplied_unverified,The loopback bridge verifies the PDF's DOI/title identity but cannot independently prove that browser-supplied bytes came from the recorded source URL.,,public PMC browser session with same-origin cookies,data/papers/2017/10.1021__acssynbio.7b00150/versions/pmc_author_manuscript/pmc_manifest__bdf60a26ad35.json,bdf60a26ad3558c5caa2c8467b98f0053356faab8410b88f33c9446186a7f138,data/papers/2017/10.1021__acssynbio.7b00150/pmc.json,data/papers/2017/10.1021__acssynbio.7b00150/versions/pmc_author_manuscript/pmc_package_metadata__0e90031a7e47.json,0e90031a7e472a645be7fb227b207471383107d6874353419a8a13de3fa660a8,686,data/papers/2017/10.1021__acssynbio.7b00150/pmc/PMC5831194.1.xml,data/papers/2017/10.1021__acssynbio.7b00150/versions/pmc_author_manuscript/pmc_article_xml__62959cb78b89.xml,62959cb78b893d9a2808cc25e30d66eae9243c4ad1c2d7264b869c71ad58fef8,137422,2862155,2432761ad2b0cb4e13711ddbd7057d9a8b89349e7599903d74a79aaec4bd3920,31,article_pdf,doi,1.0,
doi:10.1021/acssynbio.7b00179,10.1021/acssynbio.7b00179,2017,Engineering of Bacteriophage T4 Genome Using CRISPR-Cas9,already_present,PMC5771229,PMC5771229.1,data/papers/2017/10.1021__acssynbio.7b00179/versions/pmc_author_manuscript/paper__8bf98afd2c78.pdf,2026-09-03T04:37:56+00:00,https://pmc.ncbi.nlm.nih.gov/articles/PMC5771229/pdf/nihms928175.pdf,https://pmc.ncbi.nlm.nih.gov/articles/PMC5771229/pdf/nihms928175.pdf,https://pmc.ncbi.nlm.nih.gov/articles/PMC5771229/,data/papers/2017/10.1021__acssynbio.7b00179/versions/pmc_author_manuscript/source_page__216e29c8c052.html,216e29c8c0521cc0f8604c622d29c3219e77989b4cdca8f9c51506468ecb277d,210665,NIH NLM PubMed Central public article page,author_manuscript,,upstream_metadata,pmc_acquisition_manifest,not_established,False,browser_supplied_unverified,The loopback bridge verifies the PDF's DOI/title identity but cannot independently prove that browser-supplied bytes came from the recorded source URL.,,public PMC browser session with same-origin cookies,data/papers/2017/10.1021__acssynbio.7b00179/versions/pmc_author_manuscript/pmc_manifest__b68f4e326e3b.json,b68f4e326e3be8b854ed17d9f59e59e6c58dcd38f5b60012d3b77351cf94595c,data/papers/2017/10.1021__acssynbio.7b00179/pmc.json,data/papers/2017/10.1021__acssynbio.7b00179/versions/pmc_author_manuscript/pmc_package_metadata__60bbeaccae25.json,60bbeaccae2561ed00233783231c1d4c4a4797cc341261713b2468a88b2a07c4,592,,,,,1026062,8bf98afd2c788e07379615403b55efd7fc25cf33737a2ea9c01e0aa4305a307b,22,article_pdf,doi,1.0,
doi:10.1021/acssynbio.7b00203,10.1021/acssynbio.7b00203,2017,NOT Gate Genetic Circuits to Control Gene Expression in Cyanobacteria,already_present,PMC5732051,PMC5732051.1,data/papers/2017/10.1021__acssynbio.7b00203/versions/pmc_author_manuscript/paper__41ebde09b077.pdf,2026-09-03T05:46:18+00:00,https://pmc.ncbi.nlm.nih.gov/articles/PMC5732051/pdf/nihms917992.pdf,https://pmc.ncbi.nlm.nih.gov/articles/PMC5732051/pdf/nihms917992.pdf,https://pmc.ncbi.nlm.nih.gov/articles/PMC5732051/,,,,NIH NLM PubMed Central public article page,author_manuscript,,upstream_metadata,pmc_acquisition_manifest,not_established,False,browser_supplied_unverified,The loopback bridge verifies the PDF's DOI/title identity but cannot independently prove that browser-supplied bytes came from the recorded source URL.,,public PMC browser session with same-origin cookies,data/papers/2017/10.1021__acssynbio.7b00203/versions/pmc_author_manuscript/pmc_manifest__bc0732d2b297.json,bc0732d2b29722052799dbf5fa5d205bee4fbe2c5da67a315b6370fe6a8221fe,data/papers/2017/10.1021__acssynbio.7b00203/pmc.json,data/papers/2017/10.1021__acssynbio.7b00203/versions/pmc_author_manuscript/pmc_package_metadata__65d87e9c00f2.json,65d87e9c00f2ded6dc752f6e76a3c01e44002d6f3ebfbeee91eaf22ed4dc5b53,605,data/papers/2017/10.1021__acssynbio.7b00203/pmc/PMC5732051.1.xml,data/papers/2017/10.1021__acssynbio.7b00203/versions/pmc_author_manuscript/pmc_article_xml__1dc560b4d301.xml,1dc560b4d301a0dae101df93f869e6d3005cbe12e7ca34b6cde6c909897b34d3,78994,2033411,41ebde09b077a785e29f1e2f0bf794d494e05c776323a2cb099bfeda4e7adc46,16,article_pdf,doi,1.0,
doi:10.1021/acssynbio.7b00240,10.1021/acssynbio.7b00240,2017,Strategies for Editing Virulent Staphylococcal Phages Using CRISPR-Cas10,already_present,PMC6087464,PMC6087464.1,data/papers/2017/10.1021__acssynbio.7b00240/versions/pmc_author_manuscript/paper__7a9d04f9e9a9.pdf,2026-09-03T04:38:05+00:00,https://pmc.ncbi.nlm.nih.gov/articles/PMC6087464/pdf/nihms983169.pdf,https://pmc.ncbi.nlm.nih.gov/articles/PMC6087464/pdf/nihms983169.pdf,https://pmc.ncbi.nlm.nih.gov/articles/PMC6087464/,data/papers/2017/10.1021__acssynbio.7b00240/versions/pmc_author_manuscript/source_page__34375969a508.html,34375969a50868601dd6afb9bd8c1e94591997bf9f2f8ebeaca0f9bcfdd2b4c9,211208,NIH NLM PubMed Central public article page,author_manuscript,,upstream_metadata,pmc_acquisition_manifest,not_established,False,browser_supplied_unverified,The loopback bridge verifies the PDF's DOI/title identity but cannot independently prove that browser-supplied bytes came from the recorded source URL.,,public PMC browser session with same-origin cookies,data/papers/2017/10.1021__acssynbio.7b00240/versions/pmc_author_manuscript/pmc_manifest__73592ba66aee.json,73592ba66aee51319eec2ed82bc22acbd8c7aa75a3e4ad504a56d146d0585b62,data/papers/2017/10.1021__acssynbio.7b00240/pmc.json,data/papers/2017/10.1021__acssynbio.7b00240/versions/pmc_author_manuscript/pmc_package_metadata__49193e46b1a9.json,49193e46b1a9f19d7109698f1dfcb7634a5877191f3d91a72569acb35431dab2,608,,,,,979274,7a9d04f9e9a9ad6e76b05041b601ce37856ebc5af8ffc916b70f9ee153316a0f,19,article_pdf,doi,1.0,
doi:10.1021/acssynbio.7b00253,10.1021/acssynbio.7b00253,2017,Rapid and Scalable Preparation of Bacterial Lysates for Cell-Free Gene Expression,already_present,PMC6038143,PMC6038143.1,data/papers/2017/10.1021__acssynbio.7b00253/versions/pmc_author_manuscript/paper__10d4f6cf53f4.pdf,2026-09-03T05:46:21+00:00,https://pmc.ncbi.nlm.nih.gov/articles/PMC6038143/pdf/nihms-977780.pdf,https://pmc.ncbi.nlm.nih.gov/articles/PMC6038143/pdf/nihms-977780.pdf,https://pmc.ncbi.nlm.nih.gov/articles/PMC6038143/,,,,NIH NLM PubMed Central public article page,author_manuscript,,upstream_metadata,pmc_acquisition_manifest,not_established,False,browser_supplied_unverified,The loopback bridge verifies the PDF's DOI/title identity but cannot independently prove that browser-supplied bytes came from the recorded source URL.,,public PMC browser session with same-origin cookies,data/papers/2017/10.1021__acssynbio.7b00253/versions/pmc_author_manuscript/pmc_manifest__9cbf09a37d23.json,9cbf09a37d235f9ab654d544af2e03f8e66e09b75cbbd0e76cfdcd91efa9dafc,data/papers/2017/10.1021__acssynbio.7b00253/pmc.json,data/papers/2017/10.1021__acssynbio.7b00253/versions/pmc_author_manuscript/pmc_package_metadata__f554043746b4.json,f554043746b485f222706830d8076c675280bb7a19000f05de9ea749e4b50c23,617,data/papers/2017/10.1021__acssynbio.7b00253/pmc/PMC6038143.1.xml,data/papers/2017/10.1021__acssynbio.7b00253/versions/pmc_author_manuscript/pmc_article_xml__8c993bfc600a.xml,8c993bfc600a32579c6e4fc7d59decf1219020b9e15b71ea8adc7055df25d83c,115767,838962,10d4f6cf53f4ef11d7e47de2d1e53e5afb3d9c6de27eb878675c0ffe3ac5a924,23,article_pdf,doi,1.0,
doi:10.1021/acssynbio.7b00225,10.1021/acssynbio.7b00225,2018,Spatiotemporal Control of TGF-β Signaling with Light,already_present,PMC6116903,PMC6116903.1,data/papers/2018/10.1021__acssynbio.7b00225/versions/pmc_author_manuscript/paper__c121238584d3.pdf,2026-09-03T05:46:28+00:00,https://pmc.ncbi.nlm.nih.gov/articles/PMC6116903/pdf/nihms981533.pdf,https://pmc.ncbi.nlm.nih.gov/articles/PMC6116903/pdf/nihms981533.pdf,https://pmc.ncbi.nlm.nih.gov/articles/PMC6116903/,,,,NIH NLM PubMed Central public article page,author_manuscript,,upstream_metadata,pmc_acquisition_manifest,not_established,False,browser_supplied_unverified,The loopback bridge verifies the PDF's DOI/title identity but cannot independently prove that browser-supplied bytes came from the recorded source URL.,,public PMC browser session with same-origin cookies,data/papers/2018/10.1021__acssynbio.7b00225/versions/pmc_author_manuscript/pmc_manifest__8932af979afe.json,8932af979afe3b20e84b11ef2a6898aaa24149b20b5348828d03340777ca449b,data/papers/2018/10.1021__acssynbio.7b00225/pmc.json,data/papers/2018/10.1021__acssynbio.7b00225/versions/pmc_author_manuscript/pmc_package_metadata__4cf044e0868a.json,4cf044e0868aa3718e8728f963725dbb4246cd3aa645ec7b109209cb00e00276,593,data/papers/2018/10.1021__acssynbio.7b00225/pmc/PMC6116903.1.xml,data/papers/2018/10.1021__acssynbio.7b00225/versions/pmc_author_manuscript/pmc_article_xml__c84d92e2b053.xml,c84d92e2b05391a845fb1a2d64b127e5ac7e91670868b64e4fee1e880ce1e006,94913,1945169,c121238584d33e59a797d36040f866bdc80ee7fca2fc3b86198ecc012d82cba1,19,article_pdf,doi,1.0,
doi:10.1021/acssynbio.7b00281,10.1021/acssynbio.7b00281,2018,Tandem Histone-Binding Domains Enhance the Activity of a Synthetic Chromatin Effector,already_present,PMC8928417,PMC8928417.1,data/papers/2018/10.1021__acssynbio.7b00281/versions/pmc_author_manuscript/paper__a89b6df137a2.pdf,2026-09-03T04:38:16+00:00,https://pmc.ncbi.nlm.nih.gov/articles/PMC8928417/pdf/nihms-1663006.pdf,https://pmc.ncbi.nlm.nih.gov/articles/PMC8928417/pdf/nihms-1663006.pdf,https://pmc.ncbi.nlm.nih.gov/articles/PMC8928417/,data/papers/2018/10.1021__acssynbio.7b00281/versions/pmc_author_manuscript/source_page__376f5848d2ca.html,376f5848d2caae2ab457be3f8e679c5eb5dd0f6e72136b1e6e4a65d77cef5424,221089,NIH NLM PubMed Central public article page,author_manuscript,,upstream_metadata,pmc_acquisition_manifest,not_established,False,browser_supplied_unverified,The loopback bridge verifies the PDF's DOI/title identity but cannot independently prove that browser-supplied bytes came from the recorded source URL.,,public PMC browser session with same-origin cookies,data/papers/2018/10.1021__acssynbio.7b00281/versions/pmc_author_manuscript/pmc_manifest__32b015c54fbf.json,32b015c54fbfb79b074b10cd53eb22314f1a424abd5191a744fa0835e180d161,data/papers/2018/10.1021__acssynbio.7b00281/pmc.json,data/papers/2018/10.1021__acssynbio.7b00281/versions/pmc_author_manuscript/pmc_package_metadata__26bd169d79c0.json,26bd169d79c0165ee0f1cbe9f91b216ee1bfeb4733b5b0bc412b0565e29fc60e,622,,,,,1760600,a89b6df137a2f04ab0ffd5653568011e01c9d3cb11dae1a1693d7c1f8913a663,22,article_pdf,doi,1.0,
doi:10.1021/acssynbio.7b00287,10.1021/acssynbio.7b00287,2018,Development of Transcription Factor-Based Designer Macrolide Biosensors for Metabolic Engineering and Synthetic Biology,already_present,PMC6400638,PMC6400638.1,data/papers/2018/10.1021__acssynbio.7b00287/versions/pmc_author_manuscript/paper__8f372ded1e7d.pdf,2026-09-03T04:38:08+00:00,https://pmc.ncbi.nlm.nih.gov/articles/PMC6400638/pdf/nihms-1006084.pdf,https://pmc.ncbi.nlm.nih.gov/articles/PMC6400638/pdf/nihms-1006084.pdf,https://pmc.ncbi.nlm.nih.gov/articles/PMC6400638/,data/papers/2018/10.1021__acssynbio.7b00287/versions/pmc_author_manuscript/source_page__82ff8cd47f7c.html,82ff8cd47f7c075e290637f48767a16c7eb783ec64218768cb1ebb38e08abad1,238319,NIH NLM PubMed Central public article page,author_manuscript,,upstream_metadata,pmc_acquisition_manifest,not_established,False,browser_supplied_unverified,The loopback bridge verifies the PDF's DOI/title identity but cannot independently prove that browser-supplied bytes came from the recorded source URL.,,public PMC browser session with same-origin cookies,data/papers/2018/10.1021__acssynbio.7b00287/versions/pmc_author_manuscript/pmc_manifest__18b49ab61953.json,18b49ab619538daa9c4a8eb2b2b81c49a91d76fa665a3dbacced139b872a24f9,data/papers/2018/10.1021__acssynbio.7b00287/pmc.json,data/papers/2018/10.1021__acssynbio.7b00287/versions/pmc_author_manuscript/pmc_package_metadata__4545f6c5ef3c.json,4545f6c5ef3c69bad8078d2b35f0d4a5d8d019feb3b91b4243676184ad463534,655,,,,,1924810,8f372ded1e7dbd88b038a6076ef2378ed2bcaab6d0f698ae129427002f943591,28,article_pdf,doi,1.0,
doi:10.1021/acssynbio.7b00293,10.1021/acssynbio.7b00293,2018,Yield Improvement of the Anti-MRSA Antibiotics WAP-8294A by CRISPR/dCas9 Combined with Refactoring Self-Protection Genes in Lysobacter enzymogenes OH11,already_present,PMC5775038,PMC5775038.1,data/papers/2018/10.1021__acssynbio.7b00293/versions/pmc_author_manuscript/paper__9b7e5038df4c.pdf,2026-09-03T04:38:10+00:00,https://pmc.ncbi.nlm.nih.gov/articles/PMC5775038/pdf/nihms924266.pdf,https://pmc.ncbi.nlm.nih.gov/articles/PMC5775038/pdf/nihms924266.pdf,https://pmc.ncbi.nlm.nih.gov/articles/PMC5775038/,data/papers/2018/10.1021__acssynbio.7b00293/versions/pmc_author_manuscript/source_page__ff228560f742.html,ff228560f74249cff79a8e980145fdee4bf1c51d4c158f6978a14ca638d7c83a,180852,NIH NLM PubMed Central public article page,author_manuscript,,upstream_metadata,pmc_acquisition_manifest,not_established,False,browser_supplied_unverified,The loopback bridge verifies the PDF's DOI/title identity but cannot independently prove that browser-supplied bytes came from the recorded source URL.,,public PMC browser session with same-origin cookies,data/papers/2018/10.1021__acssynbio.7b00293/versions/pmc_author_manuscript/pmc_manifest__65f51616cef0.json,65f51616cef05156e5c8844b2ea316897f8841d6504ea6c57b80d9bdb2bbd366,data/papers/2018/10.1021__acssynbio.7b00293/pmc.json,data/papers/2018/10.1021__acssynbio.7b00293/versions/pmc_author_manuscript/pmc_package_metadata__1ed721a69ac5.json,1ed721a69ac5cdfc2acff4840a209bf1ce472f87d1ab793395dec054fc38acbe,687,,,,,1200274,9b7e5038df4c56b111a6bc4baa845a6b235d96e51c9fc09ab07167a1999af589,19,article_pdf,doi,1.0,
doi:10.1021/acssynbio.7b00294,10.1021/acssynbio.7b00294,2018,RNA Thermometers for the PURExpress System,already_present,PMC5775036,PMC5775036.1,data/papers/2018/10.1021__acssynbio.7b00294/versions/pmc_author_manuscript/paper__ef2c55eeed2c.pdf,2026-09-03T05:46:23+00:00,https://pmc.ncbi.nlm.nih.gov/articles/PMC5775036/pdf/nihms930394.pdf,https://pmc.ncbi.nlm.nih.gov/articles/PMC5775036/pdf/nihms930394.pdf,https://pmc.ncbi.nlm.nih.gov/articles/PMC5775036/,,,,NIH NLM PubMed Central public article page,author_manuscript,,upstream_metadata,pmc_acquisition_manifest,not_established,False,browser_supplied_unverified,The loopback bridge verifies the PDF's DOI/title identity but cannot independently prove that browser-supplied bytes came from the recorded source URL.,,public PMC browser session with same-origin cookies,data/papers/2018/10.1021__acssynbio.7b00294/versions/pmc_author_manuscript/pmc_manifest__af473e7e2e32.json,af473e7e2e320aa16ab4d55b1aca22a8e57db67869b7bca31bc5439263cd46f1,data/papers/2018/10.1021__acssynbio.7b00294/pmc.json,data/papers/2018/10.1021__acssynbio.7b00294/versions/pmc_author_manuscript/pmc_package_metadata__c7168688deff.json,c7168688deff96a8c638fb11d4da37952353a6e7ad0f38618830904929e05ee9,578,data/papers/2018/10.1021__acssynbio.7b00294/pmc/PMC5775036.1.xml,data/papers/2018/10.1021__acssynbio.7b00294/versions/pmc_author_manuscript/pmc_article_xml__5e08c8c40737.xml,5e08c8c40737420677cd6b8038508ff28e3ab80bc0a493e41cec9dd7f279764c,52463,818399,ef2c55eeed2c9d5548b27b7c326be0a6826c262eb156a5697bee136f899ff372,9,article_pdf,doi,1.0,
doi:10.1021/acssynbio.7b00295,10.1021/acssynbio.7b00295,2018,Targeted Gene Repression Using Novel Bifunctional Molecules to Harness Endogenous Histone Deacetylation Activity,already_present,PMC5775041,PMC5775041.1,data/papers/2018/10.1021__acssynbio.7b00295/versions/pmc_author_manuscript/paper__a51e91571df4.pdf,2026-09-03T04:38:06+00:00,https://pmc.ncbi.nlm.nih.gov/articles/PMC5775041/pdf/nihms917158.pdf,https://pmc.ncbi.nlm.nih.gov/articles/PMC5775041/pdf/nihms917158.pdf,https://pmc.ncbi.nlm.nih.gov/articles/PMC5775041/,data/papers/2018/10.1021__acssynbio.7b00295/versions/pmc_author_manuscript/source_page__114612d9e0e0.html,114612d9e0e0bbd8e51130d78a571def1e19ff5bf73c48f0bb9b6359b037c7ba,179257,NIH NLM PubMed Central public article page,author_manuscript,,upstream_metadata,pmc_acquisition_manifest,not_established,False,browser_supplied_unverified,The loopback bridge verifies the PDF's DOI/title identity but cannot independently prove that browser-supplied bytes came from the recorded source URL.,,public PMC browser session with same-origin cookies,data/papers/2018/10.1021__acssynbio.7b00295/versions/pmc_author_manuscript/pmc_manifest__31e301606f18.json,31e301606f18b7e64c756da56404a7359093a456f5310cd0ff04d45c4ce5774b,data/papers/2018/10.1021__acssynbio.7b00295/pmc.json,data/papers/2018/10.1021__acssynbio.7b00295/versions/pmc_author_manuscript/pmc_package_metadata__b4eaa6413d10.json,b4eaa6413d104be29adc33048a2d616cfb262ff1687011a7301f6ccaf1a8de3a,648,,,,,1177969,a51e91571df4257dacf416f34bdb720005c087f2a17790f744a320e620a17402,16,article_pdf,doi,1.0,
doi:10.1021/acssynbio.7b00334,10.1021/acssynbio.7b00334,2018,Matching Protein Interfaces for Improved Medium-Chain Fatty Acid Production,already_present,PMC6296256,PMC6296256.1,data/papers/2018/10.1021__acssynbio.7b00334/versions/pmc_author_manuscript/paper__c0c52cecb392.pdf,2026-09-03T05:46:36+00:00,https://pmc.ncbi.nlm.nih.gov/articles/PMC6296256/pdf/nihms-997948.pdf,https://pmc.ncbi.nlm.nih.gov/articles/PMC6296256/pdf/nihms-997948.pdf,https://pmc.ncbi.nlm.nih.gov/articles/PMC6296256/,,,,NIH NLM PubMed Central public article page,author_manuscript,,upstream_metadata,pmc_acquisition_manifest,not_established,False,browser_supplied_unverified,The loopback bridge verifies the PDF's DOI/title identity but cannot independently prove that browser-supplied bytes came from the recorded source URL.,,public PMC browser session with same-origin cookies,data/papers/2018/10.1021__acssynbio.7b00334/versions/pmc_author_manuscript/pmc_manifest__6206815be074.json,6206815be07482fb5c81f16ebd68ee74bf0e54b00fca6941ef0dfa994615c020,data/papers/2018/10.1021__acssynbio.7b00334/pmc.json,data/papers/2018/10.1021__acssynbio.7b00334/versions/pmc_author_manuscript/pmc_package_metadata__efdf71fed85e.json,efdf71fed85ec588d6cc764b609c8c5addb0098afcb1faf04ef3fd0ae4157f49,611,data/papers/2018/10.1021__acssynbio.7b00334/pmc/PMC6296256.1.xml,data/papers/2018/10.1021__acssynbio.7b00334/versions/pmc_author_manuscript/pmc_article_xml__f3425d3a611f.xml,f3425d3a611f7876ab62bfb4acedf50c533294b151a8528691d6e23a53372fcf,83198,1284986,c0c52cecb392fbdd49bc9368f62ac9598930c768d966319d12834d9fdbb76348,15,article_pdf,doi,1.0,
doi:10.1021/acssynbio.7b00362,10.1021/acssynbio.7b00362,2018,"Nontransgenic Marker-Free Gene Disruption by an Episomal CRISPR System in the Oleaginous Microalga, Nannochloropsis oceanica CCMP1779",already_present,PMC6616531,,data/papers/2018/10.1021__acssynbio.7b00362/versions/pmc_author_manuscript/paper__b382a58eb953.pdf,2026-09-03T04:38:18+00:00,https://pmc.ncbi.nlm.nih.gov/articles/PMC6616531/pdf/nihms-1035664.pdf,https://pmc.ncbi.nlm.nih.gov/articles/PMC6616531/pdf/nihms-1035664.pdf,https://pmc.ncbi.nlm.nih.gov/articles/PMC6616531/,data/papers/2018/10.1021__acssynbio.7b00362/versions/pmc_author_manuscript/source_page__4ac050eca320.html,4ac050eca3203e51b82b747bb7bb1085be8e1077b3d6284ffe27bb03568e3b83,181302,NIH NLM PubMed Central public article page,author_manuscript,,upstream_metadata,pmc_nihms_pdf_basename,not_established,False,browser_supplied_unverified,The loopback bridge verifies the PDF's DOI/title identity but cannot independently prove that browser-supplied bytes came from the recorded source URL.,,public PMC browser session with same-origin cookies,,,,,,,,,,,1306119,b382a58eb953b1357975d1914f00650a6a5567ca5fcddf388e3416b0a1a7aafe,16,article_pdf,title,1.0,
doi:10.1021/acssynbio.7b00377,10.1021/acssynbio.7b00377,2018,High-CO 2 Requirement as a Mechanism for the Containment of Genetically Modified Cyanobacteria,already_present,PMC5793877,PMC5793877.1,data/papers/2018/10.1021__acssynbio.7b00377/versions/pmc_author_manuscript/paper__4ad23e4060bf.pdf,2026-09-03T05:46:26+00:00,https://pmc.ncbi.nlm.nih.gov/articles/PMC5793877/pdf/nihms1500010.pdf,https://pmc.ncbi.nlm.nih.gov/articles/PMC5793877/pdf/nihms1500010.pdf,https://pmc.ncbi.nlm.nih.gov/articles/PMC5793877/,,,,NIH NLM PubMed Central public article page,author_manuscript,,upstream_metadata,pmc_acquisition_manifest,not_established,False,browser_supplied_unverified,The loopback bridge verifies the PDF's DOI/title identity but cannot independently prove that browser-supplied bytes came from the recorded source URL.,,public PMC browser session with same-origin cookies,data/papers/2018/10.1021__acssynbio.7b00377/versions/pmc_author_manuscript/pmc_manifest__fb1db31c7ba9.json,fb1db31c7ba9e861c595086947631c5b4e90576c62a3e463dd4b93e1801890c3,data/papers/2018/10.1021__acssynbio.7b00377/pmc.json,data/papers/2018/10.1021__acssynbio.7b00377/versions/pmc_author_manuscript/pmc_package_metadata__44b2e477d746.json,44b2e477d746ca512e2fb087149b5dff47e5e15c29f103be1c06c534285f3a28,630,data/papers/2018/10.1021__acssynbio.7b00377/pmc/PMC5793877.1.xml,data/papers/2018/10.1021__acssynbio.7b00377/versions/pmc_author_manuscript/pmc_article_xml__d83c51ba5004.xml,d83c51ba5004a5e951a47a3a5db32ece320a429f4729dba5070881a862192b14,83454,612470,4ad23e4060bf3524e14d93dacaba1fc3e734e029878a34ef3293f8e7985329c5,18,article_pdf,doi,1.0,
doi:10.1021/acssynbio.7b00399,10.1021/acssynbio.7b00399,2018,Genetic Engineering of Bee Gut Microbiome Bacteria with a Toolkit for Modular Assembly of Broad-Host-Range Plasmids,already_present,PMC5963681,PMC5963681.1,data/papers/2018/10.1021__acssynbio.7b00399/versions/pmc_author_manuscript/paper__59abc8a374c5.pdf,2026-09-03T05:46:39+00:00,https://pmc.ncbi.nlm.nih.gov/articles/PMC5963681/pdf/nihms967501.pdf,https://pmc.ncbi.nlm.nih.gov/articles/PMC5963681/pdf/nihms967501.pdf,https://pmc.ncbi.nlm.nih.gov/articles/PMC5963681/,,,,NIH NLM PubMed Central public article page,author_manuscript,,upstream_metadata,pmc_acquisition_manifest,not_established,False,browser_supplied_unverified,The loopback bridge verifies the PDF's DOI/title identity but cannot independently prove that browser-supplied bytes came from the recorded source URL.,,public PMC browser session with same-origin cookies,data/papers/2018/10.1021__acssynbio.7b00399/versions/pmc_author_manuscript/pmc_manifest__79a5c1792f16.json,79a5c1792f16805840799cfed4fedc805c1fda427ce7415294f2a28fe58bf788,data/papers/2018/10.1021__acssynbio.7b00399/pmc.json,data/papers/2018/10.1021__acssynbio.7b00399/versions/pmc_author_manuscript/pmc_package_metadata__88233cea2241.json,88233cea2241a3f42f96f86b426ce96a4efc697065babb4e34665d29ee79e972,651,data/papers/2018/10.1021__acssynbio.7b00399/pmc/PMC5963681.1.xml,data/papers/2018/10.1021__acssynbio.7b00399/versions/pmc_author_manuscript/pmc_article_xml__9319a122c523.xml,9319a122c5237b21630c0eaacb75e79472d9854644a3c15e6b652e6cd9ab595c,142082,1004090,59abc8a374c5a53545a77605f01c109c1c39637e37432202f84e2b28fa0b0f77,25,article_pdf,doi,1.0,
doi:10.1021/acssynbio.7b00408,10.1021/acssynbio.7b00408,2018,Genetically Incorporating Two Distinct Post-translational Modifications into One Protein Simultaneously,already_present,PMC5815919,PMC5815919.1,data/papers/2018/10.1021__acssynbio.7b00408/versions/pmc_author_manuscript/paper__4abfbccd6b0f.pdf,2026-09-03T05:46:31+00:00,https://pmc.ncbi.nlm.nih.gov/articles/PMC5815919/pdf/nihms932648.pdf,https://pmc.ncbi.nlm.nih.gov/articles/PMC5815919/pdf/nihms932648.pdf,https://pmc.ncbi.nlm.nih.gov/articles/PMC5815919/,,,,NIH NLM PubMed Central public article page,author_manuscript,,upstream_metadata,pmc_acquisition_manifest,not_established,False,browser_supplied_unverified,The loopback bridge verifies the PDF's DOI/title identity but cannot independently prove that browser-supplied bytes came from the recorded source URL.,,public PMC browser session with same-origin cookies,data/papers/2018/10.1021__acssynbio.7b00408/versions/pmc_author_manuscript/pmc_manifest__b9f124d77da5.json,b9f124d77da5847534244aef98f5247896d0f2484014e8bedfcf5ecb33b5acfe,data/papers/2018/10.1021__acssynbio.7b00408/pmc.json,data/papers/2018/10.1021__acssynbio.7b00408/versions/pmc_author_manuscript/pmc_package_metadata__9fb7f4a80725.json,9fb7f4a807259c9d4125fabb08cb6ff2067cfbf984554adc16eadbe66a028f23,639,data/papers/2018/10.1021__acssynbio.7b00408/pmc/PMC5815919.1.xml,data/papers/2018/10.1021__acssynbio.7b00408/versions/pmc_author_manuscript/pmc_article_xml__94c3c596da76.xml,94c3c596da768f39c61a7809a89fa671024b312f1a84faa3b44459774299c8af,93688,672066,4abfbccd6b0f68f0bb959402421246a74f8a210de9b84374d30b494adfa498bb,15,article_pdf,doi,1.0,
doi:10.1021/acssynbio.7b00455,10.1021/acssynbio.7b00455,2018,Remote Control of Mammalian Cells with Heat-Triggered Gene Switches and Photothermal Pulse Trains,already_present,PMC5929470,PMC5929470.1,data/papers/2018/10.1021__acssynbio.7b00455/versions/pmc_author_manuscript/paper__e0f161a5edd8.pdf,2026-09-03T05:46:34+00:00,https://pmc.ncbi.nlm.nih.gov/articles/PMC5929470/pdf/nihms962586.pdf,https://pmc.ncbi.nlm.nih.gov/articles/PMC5929470/pdf/nihms962586.pdf,https://pmc.ncbi.nlm.nih.gov/articles/PMC5929470/,,,,NIH NLM PubMed Central public article page,author_manuscript,,upstream_metadata,pmc_acquisition_manifest,not_established,False,browser_supplied_unverified,The loopback bridge verifies the PDF's DOI/title identity but cannot independently prove that browser-supplied bytes came from the recorded source URL.,,public PMC browser session with same-origin cookies,data/papers/2018/10.1021__acssynbio.7b00455/versions/pmc_author_manuscript/pmc_manifest__f99a84c9452c.json,f99a84c9452ca548f519aaaf6ee861f2df62838b14f8cd027c356a29abbd0c85,data/papers/2018/10.1021__acssynbio.7b00455/pmc.json,data/papers/2018/10.1021__acssynbio.7b00455/versions/pmc_author_manuscript/pmc_package_metadata__efbd1e464762.json,efbd1e464762ae563dd7809c703f7aa4f003ab3569df6952cba2ccabd597de75,632,data/papers/2018/10.1021__acssynbio.7b00455/pmc/PMC5929470.1.xml,data/papers/2018/10.1021__acssynbio.7b00455/versions/pmc_author_manuscript/pmc_article_xml__82f3ec003982.xml,82f3ec00398244a7ad8c0b4ce80601cde2f6bf50aebe4e136c004b4e78a55cf7,86995,1044930,e0f161a5edd8a5b41952c8ea25c9436a4ae1eb18c1488edf7e20a68b0857c865,15,article_pdf,doi,1.0,
doi:10.1021/acssynbio.7b00467,10.1021/acssynbio.7b00467,2018,Rewiring Calcium Signaling for Precise Transcriptional Reprogramming,already_present,PMC8917790,PMC8917790.1,data/papers/2018/10.1021__acssynbio.7b00467/versions/pmc_author_manuscript/paper__7d956e2195d9.pdf,2026-09-03T04:38:15+00:00,https://pmc.ncbi.nlm.nih.gov/articles/PMC8917790/pdf/nihms-1785432.pdf,https://pmc.ncbi.nlm.nih.gov/articles/PMC8917790/pdf/nihms-1785432.pdf,https://pmc.ncbi.nlm.nih.gov/articles/PMC8917790/,data/papers/2018/10.1021__acssynbio.7b00467/versions/pmc_author_manuscript/source_page__0e3479f510b2.html,0e3479f510b2420049cc96846ebd78ffb8e791dd7525f68d82f099096604b816,174293,NIH NLM PubMed Central public article page,author_manuscript,,upstream_metadata,pmc_acquisition_manifest,not_established,False,browser_supplied_unverified,The loopback bridge verifies the PDF's DOI/title identity but cannot independently prove that browser-supplied bytes came from the recorded source URL.,,public PMC browser session with same-origin cookies,data/papers/2018/10.1021__acssynbio.7b00467/versions/pmc_author_manuscript/pmc_manifest__22bb28b56fb2.json,22bb28b56fb2e71189e5bf6f6b9eeed8daf54b5628e489937cfcde941c3b1454,data/papers/2018/10.1021__acssynbio.7b00467/pmc.json,data/papers/2018/10.1021__acssynbio.7b00467/versions/pmc_author_manuscript/pmc_package_metadata__e65d75deaceb.json,e65d75deaceb25ae961dc96fa3f491e827d0fa1edcac3fb41576c5f501450f35,605,,,,,1481348,7d956e2195d99f9ae91398871de849f76d55a301c32c5cf29e0138f4e9e75fff,15,article_pdf,doi,1.0,
doi:10.1021/acssynbio.8b00052,10.1021/acssynbio.8b00052,2018,A Biosensor Strategy forE. coliBased on Ligand-Dependent Stabilization,already_present,PMC6358018,PMC6358018.1,data/papers/2018/10.1021__acssynbio.8b00052/versions/pmc_author_manuscript/paper__0330f78ae55b.pdf,2026-09-03T04:38:34+00:00,https://pmc.ncbi.nlm.nih.gov/articles/PMC6358018/pdf/nihms-1003375.pdf,https://pmc.ncbi.nlm.nih.gov/articles/PMC6358018/pdf/nihms-1003375.pdf,https://pmc.ncbi.nlm.nih.gov/articles/PMC6358018/,data/papers/2018/10.1021__acssynbio.8b00052/versions/pmc_author_manuscript/source_page__68993ce8445c.html,68993ce8445c5939dbed955c03d685b398e5544f16bd9ecccf9774fd86e49042,177345,NIH NLM PubMed Central public article page,author_manuscript,,upstream_metadata,pmc_acquisition_manifest,not_established,False,browser_supplied_unverified,The loopback bridge verifies the PDF's DOI/title identity but cannot independently prove that browser-supplied bytes came from the recorded source URL.,,public PMC browser session with same-origin cookies,data/papers/2018/10.1021__acssynbio.8b00052/versions/pmc_author_manuscript/pmc_manifest__c2905fd6901d.json,c2905fd6901d06084329afe2b5c410331db64a5ef4a4e6b4630b8233656e70a7,data/papers/2018/10.1021__acssynbio.8b00052/pmc.json,data/papers/2018/10.1021__acssynbio.8b00052/versions/pmc_author_manuscript/pmc_package_metadata__bf22e563a1e4.json,bf22e563a1e4d6e458050f4857b6aa8222b8b9baaab48b62e1a331857af88707,609,,,,,1171153,0330f78ae55bc1fbeec0439b92660637bc7ada85a95a14605f5ebf9069cafcaf,18,article_pdf,doi,1.0,
doi:10.1021/acssynbio.8b00065,10.1021/acssynbio.8b00065,2018,Optogenetic Inhibition of Gαq Protein Signaling Reduces Calcium Oscillation Stochasticity,already_present,PMC6311707,PMC6311707.1,data/papers/2018/10.1021__acssynbio.8b00065/versions/pmc_author_manuscript/paper__b8493bc6eb8b.pdf,2026-09-03T04:38:24+00:00,https://pmc.ncbi.nlm.nih.gov/articles/PMC6311707/pdf/nihms-996668.pdf,https://pmc.ncbi.nlm.nih.gov/articles/PMC6311707/pdf/nihms-996668.pdf,https://pmc.ncbi.nlm.nih.gov/articles/PMC6311707/,data/papers/2018/10.1021__acssynbio.8b00065/versions/pmc_author_manuscript/source_page__a8d39980be1f.html,a8d39980be1fb3b58667b8dc04f840becba746623f481c16bcaddea4aa093775,170718,NIH NLM PubMed Central public article page,author_manuscript,,upstream_metadata,pmc_acquisition_manifest,not_established,False,browser_supplied_unverified,The loopback bridge verifies the PDF's DOI/title identity but cannot independently prove that browser-supplied bytes came from the recorded source URL.,,public PMC browser session with same-origin cookies,data/papers/2018/10.1021__acssynbio.8b00065/versions/pmc_author_manuscript/pmc_manifest__62d51c12ed79.json,62d51c12ed796211e5afb1e8bbe6187c0aa09d250aeb60b24b535bcfc3f45868,data/papers/2018/10.1021__acssynbio.8b00065/pmc.json,data/papers/2018/10.1021__acssynbio.8b00065/versions/pmc_author_manuscript/pmc_package_metadata__6a2d8f35ad57.json,6a2d8f35ad57dbd626bb8182402fa4b0f5148004d157d69e2864a848542aca22,630,,,,,1040165,b8493bc6eb8b06b2531a55f55ccac541d85b48b571ffea4052f87789bd24a054,15,article_pdf,doi,1.0,
doi:10.1021/acssynbio.8b00096,10.1021/acssynbio.8b00096,2018,Controlling the Replication of a Genomically Recoded HIV-1 with a Functional Quadruplet Codon in Mammalian Cells,already_present,PMC6003876,PMC6003876.1,data/papers/2018/10.1021__acssynbio.8b00096/versions/pmc_author_manuscript/paper__671e384e794f.pdf,2026-09-03T04:38:26+00:00,https://pmc.ncbi.nlm.nih.gov/articles/PMC6003876/pdf/nihms970842.pdf,https://pmc.ncbi.nlm.nih.gov/articles/PMC6003876/pdf/nihms970842.pdf,https://pmc.ncbi.nlm.nih.gov/articles/PMC6003876/,data/papers/2018/10.1021__acssynbio.8b00096/versions/pmc_author_manuscript/source_page__acd7ba10ef9f.html,acd7ba10ef9fedaca1b3946287ba4e23107813da30532635d3d09ae9085efa84,162707,NIH NLM PubMed Central public article page,author_manuscript,,upstream_metadata,pmc_acquisition_manifest,not_established,False,browser_supplied_unverified,The loopback bridge verifies the PDF's DOI/title identity but cannot independently prove that browser-supplied bytes came from the recorded source URL.,,public PMC browser session with same-origin cookies,data/papers/2018/10.1021__acssynbio.8b00096/versions/pmc_author_manuscript/pmc_manifest__248594a56de8.json,248594a56de80eaa7b3b0473e735087534ee74efc099805281a76fa603ab9607,data/papers/2018/10.1021__acssynbio.8b00096/pmc.json,data/papers/2018/10.1021__acssynbio.8b00096/versions/pmc_author_manuscript/pmc_package_metadata__6ae5d587312f.json,6ae5d587312fb88a5f642c6a5b480a7719e3acc40cfc05c275a3b92f0aa37ffd,648,,,,,548497,671e384e794f8992f137c2d10c913b33e75c335649700946495514bfbacd4e50,13,article_pdf,doi,1.0,
doi:10.1021/acssynbio.8b00105,10.1021/acssynbio.8b00105,2018,Control of Lineage-Specific Gene Expression by Functionalized gRNA Barcodes,already_present,PMC6661167,PMC6661167.1,data/papers/2018/10.1021__acssynbio.8b00105/versions/pmc_author_manuscript/paper__e9d81a6f160c.pdf,2026-09-03T05:47:05+00:00,https://pmc.ncbi.nlm.nih.gov/articles/PMC6661167/pdf/nihms-1036392.pdf,https://pmc.ncbi.nlm.nih.gov/articles/PMC6661167/pdf/nihms-1036392.pdf,https://pmc.ncbi.nlm.nih.gov/articles/PMC6661167/,,,,NIH NLM PubMed Central public article page,author_manuscript,,upstream_metadata,pmc_acquisition_manifest,not_established,False,browser_supplied_unverified,The loopback bridge verifies the PDF's DOI/title identity but cannot independently prove that browser-supplied bytes came from the recorded source URL.,,public PMC browser session with same-origin cookies,data/papers/2018/10.1021__acssynbio.8b00105/versions/pmc_author_manuscript/pmc_manifest__0d7160c56684.json,0d7160c56684bb8d292578d046ac4024272b1885c4bfefac33295412fe549f25,data/papers/2018/10.1021__acssynbio.8b00105/pmc.json,data/papers/2018/10.1021__acssynbio.8b00105/versions/pmc_author_manuscript/pmc_package_metadata__90bb7f79d17c.json,90bb7f79d17cd4473ccbf0afb3d05856beeecedf29772cfc8cc30ddf9a95260d,612,data/papers/2018/10.1021__acssynbio.8b00105/pmc/PMC6661167.1.xml,data/papers/2018/10.1021__acssynbio.8b00105/versions/pmc_author_manuscript/pmc_article_xml__4c2c7a7c2fc3.xml,4c2c7a7c2fc3375a6b7bdfdf757c492850286915abf717e3e0da90ea89b756c1,75522,733206,e9d81a6f160cd6d99cf2c21b0b4d9e356cc6c68085efe7522110fe924603129d,14,article_pdf,doi,1.0,
doi:10.1021/acssynbio.8b00124,10.1021/acssynbio.8b00124,2018,Modulating Antibody Structure and Function through Directed Mutations and Chemical Rescue,already_present,PMC5910032,PMC5910032.1,data/papers/2018/10.1021__acssynbio.8b00124/versions/pmc_author_manuscript/paper__82605ab92a18.pdf,2026-09-03T04:38:21+00:00,https://pmc.ncbi.nlm.nih.gov/articles/PMC5910032/pdf/nihms958000.pdf,https://pmc.ncbi.nlm.nih.gov/articles/PMC5910032/pdf/nihms958000.pdf,https://pmc.ncbi.nlm.nih.gov/articles/PMC5910032/,data/papers/2018/10.1021__acssynbio.8b00124/versions/pmc_author_manuscript/source_page__57b63326e47c.html,57b63326e47cbfab131e50d4e708ff3eba9f1a72de14999ef3d4ec9dfad31b14,207744,NIH NLM PubMed Central public article page,author_manuscript,,upstream_metadata,pmc_acquisition_manifest,not_established,False,browser_supplied_unverified,The loopback bridge verifies the PDF's DOI/title identity but cannot independently prove that browser-supplied bytes came from the recorded source URL.,,public PMC browser session with same-origin cookies,data/papers/2018/10.1021__acssynbio.8b00124/versions/pmc_author_manuscript/pmc_manifest__f16e5e86efaf.json,f16e5e86efaf138c700b255d4bb95e6671e98711c0ad13cb71f04fe5e2e402ca,data/papers/2018/10.1021__acssynbio.8b00124/pmc.json,data/papers/2018/10.1021__acssynbio.8b00124/versions/pmc_author_manuscript/pmc_package_metadata__bdeb92eaa48b.json,bdeb92eaa48b405db6db493fbc21a4b2c333bbe88c3a8f5578abbe7a1a6c8afb,625,,,,,1140006,82605ab92a18a1e2e4e210fa133c24858125a90fe6afa80623793b1f5b0de95a,22,article_pdf,doi,1.0,
doi:10.1021/acssynbio.8b00126,10.1021/acssynbio.8b00126,2018,Optical Activation of TrkA Signaling,already_present,PMC7361323,PMC7361323.1,data/papers/2018/10.1021__acssynbio.8b00126/versions/pmc_author_manuscript/paper__f7c8f16e1980.pdf,2026-09-03T05:46:41+00:00,https://pmc.ncbi.nlm.nih.gov/articles/PMC7361323/pdf/nihms-1604526.pdf,https://pmc.ncbi.nlm.nih.gov/articles/PMC7361323/pdf/nihms-1604526.pdf,https://pmc.ncbi.nlm.nih.gov/articles/PMC7361323/,,,,NIH NLM PubMed Central public article page,author_manuscript,,upstream_metadata,pmc_acquisition_manifest,not_established,False,browser_supplied_unverified,The loopback bridge verifies the PDF's DOI/title identity but cannot independently prove that browser-supplied bytes came from the recorded source URL.,,public PMC browser session with same-origin cookies,data/papers/2018/10.1021__acssynbio.8b00126/versions/pmc_author_manuscript/pmc_manifest__11a5f455db87.json,11a5f455db870b768edfbb30e300ab07e258167ff8a54531cb8e3f5838f1fa2d,data/papers/2018/10.1021__acssynbio.8b00126/pmc.json,data/papers/2018/10.1021__acssynbio.8b00126/versions/pmc_author_manuscript/pmc_package_metadata__11293577021d.json,11293577021d1daca019928757944e8170810da26f9cea4baaeb43533e0ca3df,573,data/papers/2018/10.1021__acssynbio.8b00126/pmc/PMC7361323.1.xml,data/papers/2018/10.1021__acssynbio.8b00126/versions/pmc_author_manuscript/pmc_article_xml__480b513a9c70.xml,480b513a9c707299a631b731597f6dc1795062f22139f46d0f782ed7a007501d,106227,1626975,f7c8f16e1980676745f75f5b76291b026b55df210e15dd1b7325d747094d8195,18,article_pdf,doi,1.0,
doi:10.1021/acssynbio.8b00129,10.1021/acssynbio.8b00129,2018,A Split Transcriptional Repressor That Links Protein Solubility to an Orthogonal Genetic Circuit,already_present,PMC6858789,PMC6858789.1,data/papers/2018/10.1021__acssynbio.8b00129/versions/pmc_author_manuscript/paper__b6a3076cda98.pdf,2026-09-03T05:46:55+00:00,https://pmc.ncbi.nlm.nih.gov/articles/PMC6858789/pdf/nihms-1057719.pdf,https://pmc.ncbi.nlm.nih.gov/articles/PMC6858789/pdf/nihms-1057719.pdf,https://pmc.ncbi.nlm.nih.gov/articles/PMC6858789/,,,,NIH NLM PubMed Central public article page,author_manuscript,,upstream_metadata,pmc_acquisition_manifest,not_established,False,browser_supplied_unverified,The loopback bridge verifies the PDF's DOI/title identity but cannot independently prove that browser-supplied bytes came from the recorded source URL.,,public PMC browser session with same-origin cookies,data/papers/2018/10.1021__acssynbio.8b00129/versions/pmc_author_manuscript/pmc_manifest__09870c422b39.json,09870c422b3916f175a5e2e53a583cafc82a54dcf40b36cc0c3d1f4cca2b8d13,data/papers/2018/10.1021__acssynbio.8b00129/pmc.json,data/papers/2018/10.1021__acssynbio.8b00129/versions/pmc_author_manuscript/pmc_package_metadata__697ae8042efb.json,697ae8042efbc0bcdb3893da26ada4cdd91bf28fad41d809c72a368ee29654dc,633,data/papers/2018/10.1021__acssynbio.8b00129/pmc/PMC6858789.1.xml,data/papers/2018/10.1021__acssynbio.8b00129/versions/pmc_author_manuscript/pmc_article_xml__3a0011d92388.xml,3a0011d92388aa913295ddc43b5279913993bee473821a099c1c5dffe2846055,135287,1748085,b6a3076cda98211d3b72dec2b7279935bf74269d7b9fc0f74ea0e72f87b64006,28,article_pdf,doi,1.0,
doi:10.1021/acssynbio.8b00135,10.1021/acssynbio.8b00135,2018,Tracking of Engineered Bacteria In Vivo Using Nonstandard Amino Acid Incorporation,already_present,PMC6415965,PMC6415965.1,data/papers/2018/10.1021__acssynbio.8b00135/versions/pmc_author_manuscript/paper__cca21b7d8b9a.pdf,2026-09-03T04:38:28+00:00,https://pmc.ncbi.nlm.nih.gov/articles/PMC6415965/pdf/nihms-1013824.pdf,https://pmc.ncbi.nlm.nih.gov/articles/PMC6415965/pdf/nihms-1013824.pdf,https://pmc.ncbi.nlm.nih.gov/articles/PMC6415965/,data/papers/2018/10.1021__acssynbio.8b00135/versions/pmc_author_manuscript/source_page__c40e9e8f863a.html,c40e9e8f863a588d73b9e2c0a24466ed61f817ed23ea046fe2690c6492b200c9,210926,NIH NLM PubMed Central public article page,author_manuscript,,upstream_metadata,pmc_acquisition_manifest,not_established,False,browser_supplied_unverified,The loopback bridge verifies the PDF's DOI/title identity but cannot independently prove that browser-supplied bytes came from the recorded source URL.,,public PMC browser session with same-origin cookies,data/papers/2018/10.1021__acssynbio.8b00135/versions/pmc_author_manuscript/pmc_manifest__94606e996358.json,94606e9963583f4d0601cc64bf68951ff26bc4ea01a05b2c61de932d6707af2f,data/papers/2018/10.1021__acssynbio.8b00135/pmc.json,data/papers/2018/10.1021__acssynbio.8b00135/versions/pmc_author_manuscript/pmc_package_metadata__19901ac61e8d.json,19901ac61e8dde250832e945f65e6e147dbfb0cdc36ae52fc4f300f0a0ced50a,620,,,,,1334649,cca21b7d8b9a51aed655256c8d29d1da6e6fff89e34ee16026f008197c9f8745,21,article_pdf,doi,1.0,
doi:10.1021/acssynbio.8b00146,10.1021/acssynbio.8b00146,2018,Development of Cell-Based Sentinels for Nitric Oxide: Ensuring Marker Expression and Unimodality,already_present,PMC7025431,PMC7025431.1,data/papers/2018/10.1021__acssynbio.8b00146/versions/pmc_author_manuscript/paper__c45cf999cda0.pdf,2026-09-03T05:46:44+00:00,https://pmc.ncbi.nlm.nih.gov/articles/PMC7025431/pdf/nihms-1553881.pdf,https://pmc.ncbi.nlm.nih.gov/articles/PMC7025431/pdf/nihms-1553881.pdf,https://pmc.ncbi.nlm.nih.gov/articles/PMC7025431/,,,,NIH NLM PubMed Central public article page,author_manuscript,,upstream_metadata,pmc_acquisition_manifest,not_established,False,browser_supplied_unverified,The loopback bridge verifies the PDF's DOI/title identity but cannot independently prove that browser-supplied bytes came from the recorded source URL.,,public PMC browser session with same-origin cookies,data/papers/2018/10.1021__acssynbio.8b00146/versions/pmc_author_manuscript/pmc_manifest__6522a65dbf85.json,6522a65dbf85b07493e05d9a7cb41e6727d7c2877edd45a552a9fa2b98b8aa9c,data/papers/2018/10.1021__acssynbio.8b00146/pmc.json,data/papers/2018/10.1021__acssynbio.8b00146/versions/pmc_author_manuscript/pmc_package_metadata__54f3519ddb56.json,54f3519ddb56e375be58cd1765f13c089b56bb0c4be3927d16ad4dfce4538f22,633,data/papers/2018/10.1021__acssynbio.8b00146/pmc/PMC7025431.1.xml,data/papers/2018/10.1021__acssynbio.8b00146/versions/pmc_author_manuscript/pmc_article_xml__92e92a7303e9.xml,92e92a7303e98ab480aa83e277f5b52d650e797ca149b9e1c1e69601e6a64955,89125,1050120,c45cf999cda078f90e89e3cef88605288b3ea1b0a9a0292e4ea76b8d6503c7de,15,article_pdf,doi,1.0,
doi:10.1021/acssynbio.8b00165,10.1021/acssynbio.8b00165,2018,Predicting Transcriptional Output of Synthetic Multi-input Promoters,already_present,PMC6608594,PMC6608594.1,data/papers/2018/10.1021__acssynbio.8b00165/versions/pmc_author_manuscript/paper__832040fd26c1.pdf,2026-09-03T05:46:52+00:00,https://pmc.ncbi.nlm.nih.gov/articles/PMC6608594/pdf/nihms-1035606.pdf,https://pmc.ncbi.nlm.nih.gov/articles/PMC6608594/pdf/nihms-1035606.pdf,https://pmc.ncbi.nlm.nih.gov/articles/PMC6608594/,,,,NIH NLM PubMed Central public article page,author_manuscript,,upstream_metadata,pmc_acquisition_manifest,not_established,False,browser_supplied_unverified,The loopback bridge verifies the PDF's DOI/title identity but cannot independently prove that browser-supplied bytes came from the recorded source URL.,,public PMC browser session with same-origin cookies,data/papers/2018/10.1021__acssynbio.8b00165/versions/pmc_author_manuscript/pmc_manifest__81dd29df5a3a.json,81dd29df5a3af2cffa77e1d2cc01c0b2ec24c4135347de44e8e0c6e3bc81fa8b,data/papers/2018/10.1021__acssynbio.8b00165/pmc.json,data/papers/2018/10.1021__acssynbio.8b00165/versions/pmc_author_manuscript/pmc_package_metadata__3566e49cf685.json,3566e49cf6857b8a809e1f57a225e15c02bb64728326fca173ed605067a2da35,604,data/papers/2018/10.1021__acssynbio.8b00165/pmc/PMC6608594.1.xml,data/papers/2018/10.1021__acssynbio.8b00165/versions/pmc_author_manuscript/pmc_article_xml__5f8ac7c57efd.xml,5f8ac7c57efd8c4f7d023cea2e0f2611fb998f699923affe63084d090c2aadfb,120981,1186977,832040fd26c1c523855f0b739cfa1e9cb509a1df5580504420be75143e70276a,21,article_pdf,doi,1.0,
doi:10.1021/acssynbio.8b00179,10.1021/acssynbio.8b00179,2018,"Development of a High-Throughput, In Vivo Selection Platform for NADPH-Dependent Reactions Based on Redox Balance Principles",already_present,PMC7195872,PMC7195872.1,data/papers/2018/10.1021__acssynbio.8b00179/versions/pmc_author_manuscript/paper__e6c82d285bd6.pdf,2026-09-03T05:46:47+00:00,https://pmc.ncbi.nlm.nih.gov/articles/PMC7195872/pdf/nihms-1582518.pdf,https://pmc.ncbi.nlm.nih.gov/articles/PMC7195872/pdf/nihms-1582518.pdf,https://pmc.ncbi.nlm.nih.gov/articles/PMC7195872/,,,,NIH NLM PubMed Central public article page,author_manuscript,,upstream_metadata,pmc_acquisition_manifest,not_established,False,browser_supplied_unverified,The loopback bridge verifies the PDF's DOI/title identity but cannot independently prove that browser-supplied bytes came from the recorded source URL.,,public PMC browser session with same-origin cookies,data/papers/2018/10.1021__acssynbio.8b00179/versions/pmc_author_manuscript/pmc_manifest__7406847e8575.json,7406847e85754bbb9c2237f71ec58e170b81723128b7f7dd1a0a71c6922fdefe,data/papers/2018/10.1021__acssynbio.8b00179/pmc.json,data/papers/2018/10.1021__acssynbio.8b00179/versions/pmc_author_manuscript/pmc_package_metadata__fc7eaac46ae1.json,fc7eaac46ae1ab01c23f5b94dfd57f1c4ee07765f3cc88d6590ea01e95c0ef8f,660,data/papers/2018/10.1021__acssynbio.8b00179/pmc/PMC7195872.1.xml,data/papers/2018/10.1021__acssynbio.8b00179/versions/pmc_author_manuscript/pmc_article_xml__56e998ed7c6c.xml,56e998ed7c6cb6963b35acd6a50c27eb7078865aefc9e1dfadb02ce1fdc1796f,79844,1145249,e6c82d285bd6180f571a19558f6a24e634f4f766ea5ef3fa073792998b0aed8f,16,article_pdf,doi,1.0,
doi:10.1021/acssynbio.8b00195,10.1021/acssynbio.8b00195,2018,Mutually Orthogonal DNA Replication Systems In Vivo,already_present,PMC6177532,PMC6177532.1,data/papers/2018/10.1021__acssynbio.8b00195/versions/pmc_author_manuscript/paper__cef6737dccc6.pdf,2026-09-03T05:46:49+00:00,https://pmc.ncbi.nlm.nih.gov/articles/PMC6177532/pdf/nihms-991079.pdf,https://pmc.ncbi.nlm.nih.gov/articles/PMC6177532/pdf/nihms-991079.pdf,https://pmc.ncbi.nlm.nih.gov/articles/PMC6177532/,,,,NIH NLM PubMed Central public article page,author_manuscript,,upstream_metadata,pmc_acquisition_manifest,not_established,False,browser_supplied_unverified,The loopback bridge verifies the PDF's DOI/title identity but cannot independently prove that browser-supplied bytes came from the recorded source URL.,,public PMC browser session with same-origin cookies,data/papers/2018/10.1021__acssynbio.8b00195/versions/pmc_author_manuscript/pmc_manifest__c4b46d4ec48d.json,c4b46d4ec48d131c7e9dea39b382d79b5859533fb08bacb29d945a6a0cb21f44,data/papers/2018/10.1021__acssynbio.8b00195/pmc.json,data/papers/2018/10.1021__acssynbio.8b00195/versions/pmc_author_manuscript/pmc_package_metadata__f48a8afbcc83.json,f48a8afbcc83bb0e92ae6489dd0da6cce9f14905a2b01ec6644d6d619893980c,587,data/papers/2018/10.1021__acssynbio.8b00195/pmc/PMC6177532.1.xml,data/papers/2018/10.1021__acssynbio.8b00195/versions/pmc_author_manuscript/pmc_article_xml__ad3ce451da22.xml,ad3ce451da22de96ecda7e1616bb9faae73460af9e4657572a190af4e9158f7d,87134,912296,cef6737dccc6b91d08cebc2a0f3b00d0ceb08be8e27e80eec6ba04f5bd598578,18,article_pdf,doi,1.0,
doi:10.1021/acssynbio.8b00215,10.1021/acssynbio.8b00215,2018,Highly Active C 8 -Acyl-ACP Thioesterase Variant Isolated by a Synthetic Selection Strategy,already_present,PMC6553638,PMC6553638.1,data/papers/2018/10.1021__acssynbio.8b00215/versions/pmc_author_manuscript/paper__0ecd99e0098b.pdf,2026-09-03T05:46:57+00:00,https://pmc.ncbi.nlm.nih.gov/articles/PMC6553638/pdf/nihms-1032008.pdf,https://pmc.ncbi.nlm.nih.gov/articles/PMC6553638/pdf/nihms-1032008.pdf,https://pmc.ncbi.nlm.nih.gov/articles/PMC6553638/,,,,NIH NLM PubMed Central public article page,author_manuscript,,upstream_metadata,pmc_acquisition_manifest,not_established,False,browser_supplied_unverified,The loopback bridge verifies the PDF's DOI/title identity but cannot independently prove that browser-supplied bytes came from the recorded source URL.,,public PMC browser session with same-origin cookies,data/papers/2018/10.1021__acssynbio.8b00215/versions/pmc_author_manuscript/pmc_manifest__a8dd3ab08abf.json,a8dd3ab08abfea65754bca096777fa4c5571ea0e69f7b8ed850b1da17e008ad9,data/papers/2018/10.1021__acssynbio.8b00215/pmc.json,data/papers/2018/10.1021__acssynbio.8b00215/versions/pmc_author_manuscript/pmc_package_metadata__69c61cd3096a.json,69c61cd3096af53934ee5cacde47db734e15f14e225ef4a687c4be117965b09a,626,data/papers/2018/10.1021__acssynbio.8b00215/pmc/PMC6553638.1.xml,data/papers/2018/10.1021__acssynbio.8b00215/versions/pmc_author_manuscript/pmc_article_xml__8a58e1c39a9b.xml,8a58e1c39a9b8007070752aaef76672f1e40a456c5a4f04ee9fd7e9226414cc1,99502,1702805,0ecd99e0098b4d08da01018c2eb4c51da7526bbc21287908ef6040681a4fd69b,22,article_pdf,doi,1.0,
doi:10.1021/acssynbio.8b00219,10.1021/acssynbio.8b00219,2018,Genomic Deoxyxylulose Phosphate Reductoisomerase (DXR) Mutations Conferring Resistance to the Antimalarial Drug Fosmidomycin in E. coli,already_present,PMC6928208,PMC6928208.1,data/papers/2018/10.1021__acssynbio.8b00219/versions/pmc_author_manuscript/paper__13fd7ef38037.pdf,2026-09-03T05:47:15+00:00,https://pmc.ncbi.nlm.nih.gov/articles/PMC6928208/pdf/nihms-1040358.pdf,https://pmc.ncbi.nlm.nih.gov/articles/PMC6928208/pdf/nihms-1040358.pdf,https://pmc.ncbi.nlm.nih.gov/articles/PMC6928208/,,,,NIH NLM PubMed Central public article page,author_manuscript,,upstream_metadata,pmc_acquisition_manifest,not_established,False,browser_supplied_unverified,The loopback bridge verifies the PDF's DOI/title identity but cannot independently prove that browser-supplied bytes came from the recorded source URL.,,public PMC browser session with same-origin cookies,data/papers/2018/10.1021__acssynbio.8b00219/versions/pmc_author_manuscript/pmc_manifest__fc8abaf936f6.json,fc8abaf936f680989ccf0d7eb08d7a4cd4634465fd407d841a07b2a125c2c4de,data/papers/2018/10.1021__acssynbio.8b00219/pmc.json,data/papers/2018/10.1021__acssynbio.8b00219/versions/pmc_author_manuscript/pmc_package_metadata__3102424af34d.json,3102424af34da25b3f2279a2a34fdb8638039999248bc4ce193cc6ff9de70df5,672,data/papers/2018/10.1021__acssynbio.8b00219/pmc/PMC6928208.1.xml,data/papers/2018/10.1021__acssynbio.8b00219/versions/pmc_author_manuscript/pmc_article_xml__1377243b22d1.xml,1377243b22d1d25c325fa2b99219f48cfa6dc7e76cf1561b532a20902a768db0,102328,1277840,13fd7ef38037a24e768fb8fc13d5c4d2a2dbd33921f94751083d8a302be398d5,19,article_pdf,doi,1.0,
doi:10.1021/acssynbio.8b00236,10.1021/acssynbio.8b00236,2018,"Design of Large-Scale Reporter Construct Arrays for Dynamic, Live Cell Systems Biology",already_present,PMC11293491,PMC11293491.1,data/papers/2018/10.1021__acssynbio.8b00236/versions/pmc_author_manuscript/paper__c7f839f1adf2.pdf,2026-09-03T04:38:35+00:00,https://pmc.ncbi.nlm.nih.gov/articles/PMC11293491/pdf/nihms-2009956.pdf,https://pmc.ncbi.nlm.nih.gov/articles/PMC11293491/pdf/nihms-2009956.pdf,https://pmc.ncbi.nlm.nih.gov/articles/PMC11293491/,data/papers/2018/10.1021__acssynbio.8b00236/versions/pmc_author_manuscript/source_page__c482ae1bff42.html,c482ae1bff42cc901461aa22736fb7c4a7d0dcf8b1a52a7c2ee8fe4ff8a15e36,217423,NIH NLM PubMed Central public article page,author_manuscript,,upstream_metadata,pmc_acquisition_manifest,not_established,False,browser_supplied_unverified,The loopback bridge verifies the PDF's DOI/title identity but cannot independently prove that browser-supplied bytes came from the recorded source URL.,,public PMC browser session with same-origin cookies,data/papers/2018/10.1021__acssynbio.8b00236/versions/pmc_author_manuscript/pmc_manifest__fbd186f77455.json,fbd186f7745503da7f054563622b7cd059ff9d88537adda434f18e42287bab74,data/papers/2018/10.1021__acssynbio.8b00236/pmc.json,data/papers/2018/10.1021__acssynbio.8b00236/versions/pmc_author_manuscript/pmc_package_metadata__121a739cc58c.json,121a739cc58c7a5b76e27ce70299b4b740cd4577784e24909314a100e98ad452,627,,,,,1694190,c7f839f1adf26453ee85c67b416943f6aa46c938ab0969603382b959230c988d,22,article_pdf,doi,1.0,
doi:10.1021/acssynbio.8b00242,10.1021/acssynbio.8b00242,2018,Engineered Biosensors from Dimeric Ligand-Binding Domains,already_present,PMC6317713,PMC6317713.1,data/papers/2018/10.1021__acssynbio.8b00242/versions/pmc_author_manuscript/paper__381ee5e43dc3.pdf,2026-09-03T05:47:02+00:00,https://pmc.ncbi.nlm.nih.gov/articles/PMC6317713/pdf/nihms-1003384.pdf,https://pmc.ncbi.nlm.nih.gov/articles/PMC6317713/pdf/nihms-1003384.pdf,https://pmc.ncbi.nlm.nih.gov/articles/PMC6317713/,,,,NIH NLM PubMed Central public article page,author_manuscript,,upstream_metadata,pmc_acquisition_manifest,not_established,False,browser_supplied_unverified,The loopback bridge verifies the PDF's DOI/title identity but cannot independently prove that browser-supplied bytes came from the recorded source URL.,,public PMC browser session with same-origin cookies,data/papers/2018/10.1021__acssynbio.8b00242/versions/pmc_author_manuscript/pmc_manifest__84f08b6bd9bc.json,84f08b6bd9bc7476bea40ea96aab8460ae18f9678d63f2c3ae0faae020272c22,data/papers/2018/10.1021__acssynbio.8b00242/pmc.json,data/papers/2018/10.1021__acssynbio.8b00242/versions/pmc_author_manuscript/pmc_package_metadata__4121686440d1.json,4121686440d18c1c14308795952441670297107ee867d4da5981ea5c87feadc5,594,data/papers/2018/10.1021__acssynbio.8b00242/pmc/PMC6317713.1.xml,data/papers/2018/10.1021__acssynbio.8b00242/versions/pmc_author_manuscript/pmc_article_xml__9de664ca0f8f.xml,9de664ca0f8f99157b603cad90910adcf3978686f5e84a97502779ab494c5b3c,98295,734150,381ee5e43dc373b6706135c5179b658474eecd3e8037829959096c4a11e02e4d,23,article_pdf,doi,1.0,
doi:10.1021/acssynbio.8b00260,10.1021/acssynbio.8b00260,2018,A Robust and Quantitative Reporter System To Evaluate Noncanonical Amino Acid Incorporation in Yeast,already_present,PMC6214617,PMC6214617.1,data/papers/2018/10.1021__acssynbio.8b00260/versions/pmc_author_manuscript/paper__73de50acc315.pdf,2026-09-03T05:47:00+00:00,https://pmc.ncbi.nlm.nih.gov/articles/PMC6214617/pdf/nihms-990265.pdf,https://pmc.ncbi.nlm.nih.gov/articles/PMC6214617/pdf/nihms-990265.pdf,https://pmc.ncbi.nlm.nih.gov/articles/PMC6214617/,,,,NIH NLM PubMed Central public article page,author_manuscript,,upstream_metadata,pmc_acquisition_manifest,not_established,False,browser_supplied_unverified,The loopback bridge verifies the PDF's DOI/title identity but cannot independently prove that browser-supplied bytes came from the recorded source URL.,,public PMC browser session with same-origin cookies,data/papers/2018/10.1021__acssynbio.8b00260/versions/pmc_author_manuscript/pmc_manifest__1968f2f96e28.json,1968f2f96e2878b3c1fb464f5412aaeb88c68dc3ea34e0fbe2908f244cb71789,data/papers/2018/10.1021__acssynbio.8b00260/pmc.json,data/papers/2018/10.1021__acssynbio.8b00260/versions/pmc_author_manuscript/pmc_package_metadata__a4fc546c5e54.json,a4fc546c5e54bb300fb300440eeb58f05623209d4b72bedb10988c9aa3682cb2,636,data/papers/2018/10.1021__acssynbio.8b00260/pmc/PMC6214617.1.xml,data/papers/2018/10.1021__acssynbio.8b00260/versions/pmc_author_manuscript/pmc_article_xml__d14cc03e7cda.xml,d14cc03e7cda66218e69ee0ae100bd47958bf31584ca8bfca43adff743686795,144582,2174714,73de50acc315baa46a4eed09ccc3519532bce56d4c923e77ad8d733ebed7e768,26,article_pdf,doi,1.0,
doi:10.1021/acssynbio.8b00278,10.1021/acssynbio.8b00278,2018,Co-opting the Lap System of Pseudomonas fluorescens To Reversibly Customize Bacterial Cell Surfaces,already_present,PMC6239898,PMC6239898.1,data/papers/2018/10.1021__acssynbio.8b00278/versions/pmc_author_manuscript/paper__171522f62398.pdf,2026-09-03T05:47:08+00:00,https://pmc.ncbi.nlm.nih.gov/articles/PMC6239898/pdf/nihms-991494.pdf,https://pmc.ncbi.nlm.nih.gov/articles/PMC6239898/pdf/nihms-991494.pdf,https://pmc.ncbi.nlm.nih.gov/articles/PMC6239898/,,,,NIH NLM PubMed Central public article page,author_manuscript,,upstream_metadata,pmc_acquisition_manifest,not_established,False,browser_supplied_unverified,The loopback bridge verifies the PDF's DOI/title identity but cannot independently prove that browser-supplied bytes came from the recorded source URL.,,public PMC browser session with same-origin cookies,data/papers/2018/10.1021__acssynbio.8b00278/versions/pmc_author_manuscript/pmc_manifest__3bc91dd9cd47.json,3bc91dd9cd4741aafa7246f33bdfeca44d180b5f621647bbdefb09865b7b29db,data/papers/2018/10.1021__acssynbio.8b00278/pmc.json,data/papers/2018/10.1021__acssynbio.8b00278/versions/pmc_author_manuscript/pmc_package_metadata__2a9784d4817b.json,2a9784d4817bfcb0196bc26bb427a7d79bed0b299a94c078fbfb93e4c1b302e9,634,data/papers/2018/10.1021__acssynbio.8b00278/pmc/PMC6239898.1.xml,data/papers/2018/10.1021__acssynbio.8b00278/versions/pmc_author_manuscript/pmc_article_xml__4a54a2fcfd00.xml,4a54a2fcfd00124abc9e307167ef3023c3f5c702e13b7adb87acd6254113ed6f,60859,728426,171522f623980ab3f0f91fbc32b1b290c8dddf377b1df6f9690f70a52fc24fd0,12,article_pdf,doi,1.0,
doi:10.1021/acssynbio.8b00288,10.1021/acssynbio.8b00288,2018,Nucleic Acid Strand Displacement with Synthetic mRNA Inputs in Living Mammalian Cells,already_present,PMC7254870,PMC7254870.1,data/papers/2018/10.1021__acssynbio.8b00288/versions/pmc_author_manuscript/paper__17e72727c4e3.pdf,2026-09-03T05:47:10+00:00,https://pmc.ncbi.nlm.nih.gov/articles/PMC7254870/pdf/nihms-1581949.pdf,https://pmc.ncbi.nlm.nih.gov/articles/PMC7254870/pdf/nihms-1581949.pdf,https://pmc.ncbi.nlm.nih.gov/articles/PMC7254870/,,,,NIH NLM PubMed Central public article page,author_manuscript,,upstream_metadata,pmc_acquisition_manifest,not_established,False,browser_supplied_unverified,The loopback bridge verifies the PDF's DOI/title identity but cannot independently prove that browser-supplied bytes came from the recorded source URL.,,public PMC browser session with same-origin cookies,data/papers/2018/10.1021__acssynbio.8b00288/versions/pmc_author_manuscript/pmc_manifest__906dc9bb1287.json,906dc9bb12871d7acb4351d31ebe4fb847bf8f262645db984bf67c6ea3eff271,data/papers/2018/10.1021__acssynbio.8b00288/pmc.json,data/papers/2018/10.1021__acssynbio.8b00288/versions/pmc_author_manuscript/pmc_package_metadata__7c23af2d60af.json,7c23af2d60af579f9d4b1b8f7e8259dcb65eb000954ee1791a6875ea11442b34,622,data/papers/2018/10.1021__acssynbio.8b00288/pmc/PMC7254870.1.xml,data/papers/2018/10.1021__acssynbio.8b00288/versions/pmc_author_manuscript/pmc_article_xml__8baf0f2838f8.xml,8baf0f2838f8acc7d83277339f914983a5c6b8b1b4f48cbefa9e3e6cc25dcdf2,56708,887445,17e72727c4e30766a951002f7d8889df26c88966b6149835ef3894f37d2ff758,9,article_pdf,doi,1.0,
doi:10.1021/acssynbio.8b00290,10.1021/acssynbio.8b00290,2018,Revealing Key Determinants of Clonal Variation in Transgene Expression in Recombinant CHO Cells Using Targeted Genome Editing,already_present,PMC6535434,PMC6535434.1,data/papers/2018/10.1021__acssynbio.8b00290/versions/pmc_author_manuscript/paper__d58a9cc1e1fd.pdf,2026-09-03T05:47:18+00:00,https://pmc.ncbi.nlm.nih.gov/articles/PMC6535434/pdf/nihms-1029925.pdf,https://pmc.ncbi.nlm.nih.gov/articles/PMC6535434/pdf/nihms-1029925.pdf,https://pmc.ncbi.nlm.nih.gov/articles/PMC6535434/,,,,NIH NLM PubMed Central public article page,author_manuscript,,upstream_metadata,pmc_acquisition_manifest,not_established,False,browser_supplied_unverified,The loopback bridge verifies the PDF's DOI/title identity but cannot independently prove that browser-supplied bytes came from the recorded source URL.,,public PMC browser session with same-origin cookies,data/papers/2018/10.1021__acssynbio.8b00290/versions/pmc_author_manuscript/pmc_manifest__33738c32aa80.json,33738c32aa80abec795d6884c90caafb1911544bf0f121932d9062edf1de51ba,data/papers/2018/10.1021__acssynbio.8b00290/pmc.json,data/papers/2018/10.1021__acssynbio.8b00290/versions/pmc_author_manuscript/pmc_package_metadata__fb9d8c22c9da.json,fb9d8c22c9da19afb4eab0ac313c4d7c9f3234dd495bf6f7239addfd49bca504,662,data/papers/2018/10.1021__acssynbio.8b00290/pmc/PMC6535434.1.xml,data/papers/2018/10.1021__acssynbio.8b00290/versions/pmc_author_manuscript/pmc_article_xml__8853a8e573a1.xml,8853a8e573a136d6acf6e2a219527c88c4cbd02b1d55ab39cd0a38ab7ca16d8c,128715,1312911,d58a9cc1e1fdc2a9a326ecc32c32eec9d36d50259e67f6b14c384ebbeef41bf9,23,article_pdf,doi,1.0,
doi:10.1021/acssynbio.8b00358,10.1021/acssynbio.8b00358,2018,Engineering a Coenzyme A Detour To Expand the Product Scope and Enhance the Selectivity of the Ehrlich Pathway,already_present,PMC7195871,PMC7195871.1,data/papers/2018/10.1021__acssynbio.8b00358/versions/pmc_author_manuscript/paper__3c2a874a39b4.pdf,2026-09-03T05:47:13+00:00,https://pmc.ncbi.nlm.nih.gov/articles/PMC7195871/pdf/nihms-1582517.pdf,https://pmc.ncbi.nlm.nih.gov/articles/PMC7195871/pdf/nihms-1582517.pdf,https://pmc.ncbi.nlm.nih.gov/articles/PMC7195871/,,,,NIH NLM PubMed Central public article page,author_manuscript,,upstream_metadata,pmc_acquisition_manifest,not_established,False,browser_supplied_unverified,The loopback bridge verifies the PDF's DOI/title identity but cannot independently prove that browser-supplied bytes came from the recorded source URL.,,public PMC browser session with same-origin cookies,data/papers/2018/10.1021__acssynbio.8b00358/versions/pmc_author_manuscript/pmc_manifest__d979082c9d60.json,d979082c9d60ddd2cb8900db16cafceffe08e42e51b6c89332a7d3df96cc6cb2,data/papers/2018/10.1021__acssynbio.8b00358/pmc.json,data/papers/2018/10.1021__acssynbio.8b00358/versions/pmc_author_manuscript/pmc_package_metadata__aae7ca38409d.json,aae7ca38409de2d244a75961c4217cfb364f4cfdb827bbe43e9c449a7c231ada,646,data/papers/2018/10.1021__acssynbio.8b00358/pmc/PMC7195871.1.xml,data/papers/2018/10.1021__acssynbio.8b00358/versions/pmc_author_manuscript/pmc_article_xml__63d0c22ffa25.xml,63d0c22ffa25a598182dde2b58490017bcfbb22d0e93b3e91ce3f9715a8c9aeb,83555,1310232,3c2a874a39b4f742d74dcd606efcd437960e026dc8ab61a42b92db3492fbc67c,15,article_pdf,doi,1.0,
doi:10.1021/acssynbio.8b00368,10.1021/acssynbio.8b00368,2018,Engineering Improved Photoswitches for the Control of Nucleocytoplasmic Distribution,already_present,PMC6497050,PMC6497050.1,data/papers/2018/10.1021__acssynbio.8b00368/versions/pmc_author_manuscript/paper__e68caa71022b.pdf,2026-09-03T05:47:21+00:00,https://pmc.ncbi.nlm.nih.gov/articles/PMC6497050/pdf/nihms-1017780.pdf,https://pmc.ncbi.nlm.nih.gov/articles/PMC6497050/pdf/nihms-1017780.pdf,https://pmc.ncbi.nlm.nih.gov/articles/PMC6497050/,,,,NIH NLM PubMed Central public article page,author_manuscript,,upstream_metadata,pmc_acquisition_manifest,not_established,False,browser_supplied_unverified,The loopback bridge verifies the PDF's DOI/title identity but cannot independently prove that browser-supplied bytes came from the recorded source URL.,,public PMC browser session with same-origin cookies,data/papers/2018/10.1021__acssynbio.8b00368/versions/pmc_author_manuscript/pmc_manifest__e624a07d627f.json,e624a07d627fff792eb9e8d289f3a935c1dc7238ac288b0ed43255da1620c8a9,data/papers/2018/10.1021__acssynbio.8b00368/pmc.json,data/papers/2018/10.1021__acssynbio.8b00368/versions/pmc_author_manuscript/pmc_package_metadata__234c0476d65f.json,234c0476d65f182b9d89a106dee6c4303969c54324e352f70e57384e38d16d35,620,data/papers/2018/10.1021__acssynbio.8b00368/pmc/PMC6497050.1.xml,data/papers/2018/10.1021__acssynbio.8b00368/versions/pmc_author_manuscript/pmc_article_xml__9462f5baa0b9.xml,9462f5baa0b9d22dac6dd4bfce70e8b2a131b887f8107ac3008c7680189d8e32,94567,833362,e68caa71022bed15d6e78c3798a721531eb4294d5280334df264d95e88589681,23,article_pdf,doi,1.0,
doi:10.1021/acssynbio.8b00400,10.1021/acssynbio.8b00400,2018,Tunable Expression Systems for Orthogonal DNA Replication,already_present,PMC6778525,PMC6778525.1,data/papers/2018/10.1021__acssynbio.8b00400/versions/pmc_author_manuscript/paper__4f548a5a9957.pdf,2026-09-03T05:47:26+00:00,https://pmc.ncbi.nlm.nih.gov/articles/PMC6778525/pdf/nihms-1052816.pdf,https://pmc.ncbi.nlm.nih.gov/articles/PMC6778525/pdf/nihms-1052816.pdf,https://pmc.ncbi.nlm.nih.gov/articles/PMC6778525/,,,,NIH NLM PubMed Central public article page,author_manuscript,,upstream_metadata,pmc_acquisition_manifest,not_established,False,browser_supplied_unverified,The loopback bridge verifies the PDF's DOI/title identity but cannot independently prove that browser-supplied bytes came from the recorded source URL.,,public PMC browser session with same-origin cookies,data/papers/2018/10.1021__acssynbio.8b00400/versions/pmc_author_manuscript/pmc_manifest__66892780c81f.json,66892780c81ffa0eec42888c4225eebfdf8666805130777d7000985aa7d13c0c,data/papers/2018/10.1021__acssynbio.8b00400/pmc.json,data/papers/2018/10.1021__acssynbio.8b00400/versions/pmc_author_manuscript/pmc_package_metadata__741918d0a7a7.json,741918d0a7a7dba8a259562ebb629b42fed8795f8e290157912d521ce4908def,594,data/papers/2018/10.1021__acssynbio.8b00400/pmc/PMC6778525.1.xml,data/papers/2018/10.1021__acssynbio.8b00400/versions/pmc_author_manuscript/pmc_article_xml__c6c1db79cb0f.xml,c6c1db79cb0fd08519061d5591d93e6bf15121a9224a7eb190ccf3df8c21cdca,45763,502635,4f548a5a9957915e7aff4b9ed85d2a3f77bd83faa72b8c4afc7b56b7dd09254f,9,article_pdf,doi,1.0,
doi:10.1021/acssynbio.8b00455,10.1021/acssynbio.8b00455,2018,Phosphate Lock Residues of Acidothermus cellulolyticus Cas9 Are Critical to Its Substrate Specificity,already_present,PMC6525624,PMC6525624.1,data/papers/2018/10.1021__acssynbio.8b00455/versions/pmc_author_manuscript/paper__bd257bc2c2cd.pdf,2026-09-03T05:47:24+00:00,https://pmc.ncbi.nlm.nih.gov/articles/PMC6525624/pdf/nihms-1013550.pdf,https://pmc.ncbi.nlm.nih.gov/articles/PMC6525624/pdf/nihms-1013550.pdf,https://pmc.ncbi.nlm.nih.gov/articles/PMC6525624/,,,,NIH NLM PubMed Central public article page,author_manuscript,,upstream_metadata,pmc_acquisition_manifest,not_established,False,browser_supplied_unverified,The loopback bridge verifies the PDF's DOI/title identity but cannot independently prove that browser-supplied bytes came from the recorded source URL.,,public PMC browser session with same-origin cookies,data/papers/2018/10.1021__acssynbio.8b00455/versions/pmc_author_manuscript/pmc_manifest__c64d19b618dd.json,c64d19b618dda171e9ea07924ef7226b84b7a1023f95badea67adfad2432859c,data/papers/2018/10.1021__acssynbio.8b00455/pmc.json,data/papers/2018/10.1021__acssynbio.8b00455/versions/pmc_author_manuscript/pmc_package_metadata__42234993676d.json,42234993676deaf2f970f642b9c3cb6a1453bcd529a89ac68dbcb21a7a184ce7,638,data/papers/2018/10.1021__acssynbio.8b00455/pmc/PMC6525624.1.xml,data/papers/2018/10.1021__acssynbio.8b00455/versions/pmc_author_manuscript/pmc_article_xml__463627fbfd5b.xml,463627fbfd5b8ca7ba1421e48a7c9f34c1b3cedb2c109a71b05727c85a35f9f5,118014,1055117,bd257bc2c2cd5d8fa15ea67b722ee7b5d2e20c617cbe15da0002612dc8c86f95,20,article_pdf,doi,1.0,
doi:10.1021/acssynbio.8b00330,10.1021/acssynbio.8b00330,2019,Longer Inactivating Sequence in Peptide Lock Improves Performance of Synthetic Protease-Activatable Adeno-Associated Virus,already_present,PMC7202282,PMC7202282.1,data/papers/2019/10.1021__acssynbio.8b00330/versions/pmc_author_manuscript/paper__728bb28c2eab.pdf,2026-09-03T05:47:29+00:00,https://pmc.ncbi.nlm.nih.gov/articles/PMC7202282/pdf/nihms-1582298.pdf,https://pmc.ncbi.nlm.nih.gov/articles/PMC7202282/pdf/nihms-1582298.pdf,https://pmc.ncbi.nlm.nih.gov/articles/PMC7202282/,,,,NIH NLM PubMed Central public article page,author_manuscript,,upstream_metadata,pmc_acquisition_manifest,not_established,False,browser_supplied_unverified,The loopback bridge verifies the PDF's DOI/title identity but cannot independently prove that browser-supplied bytes came from the recorded source URL.,,public PMC browser session with same-origin cookies,data/papers/2019/10.1021__acssynbio.8b00330/versions/pmc_author_manuscript/pmc_manifest__37a1c3b04777.json,37a1c3b04777a7b850b9fdfd17eb0ccaa02a0c5430d756498a85b2d17475a49f,data/papers/2019/10.1021__acssynbio.8b00330/pmc.json,data/papers/2019/10.1021__acssynbio.8b00330/versions/pmc_author_manuscript/pmc_package_metadata__2a83e1b4ef94.json,2a83e1b4ef9490b02b579d1651ba19df1bfe72214b156f4a52221344c1c6c23b,658,data/papers/2019/10.1021__acssynbio.8b00330/pmc/PMC7202282.1.xml,data/papers/2019/10.1021__acssynbio.8b00330/versions/pmc_author_manuscript/pmc_article_xml__bfdbf9039626.xml,bfdbf90396269893530622a33243d1531a6384656ca41e2626e8b54b8ec6cc74,74754,1538782,728bb28c2eab15944f2322e92d47f16cad004a4c1e36756000659132be45dadb,19,article_pdf,doi,1.0,
doi:10.1021/acssynbio.8b00356,10.1021/acssynbio.8b00356,2019,Physical Plasma Membrane Perturbation Using Subcellular Optogenetics Drives Integrin-Activated Cell Migration,already_present,PMC7081452,PMC7081452.1,data/papers/2019/10.1021__acssynbio.8b00356/versions/pmc_author_manuscript/paper__a3f36f980613.pdf,2026-09-03T05:47:47+00:00,https://pmc.ncbi.nlm.nih.gov/articles/PMC7081452/pdf/nihms-1559135.pdf,https://pmc.ncbi.nlm.nih.gov/articles/PMC7081452/pdf/nihms-1559135.pdf,https://pmc.ncbi.nlm.nih.gov/articles/PMC7081452/,,,,NIH NLM PubMed Central public article page,author_manuscript,,upstream_metadata,pmc_acquisition_manifest,not_established,False,browser_supplied_unverified,The loopback bridge verifies the PDF's DOI/title identity but cannot independently prove that browser-supplied bytes came from the recorded source URL.,,public PMC browser session with same-origin cookies,data/papers/2019/10.1021__acssynbio.8b00356/versions/pmc_author_manuscript/pmc_manifest__40d77710bc24.json,40d77710bc24db71123836e3f154fee050f257773dc7240c9f4634c1a1c78094,data/papers/2019/10.1021__acssynbio.8b00356/pmc.json,data/papers/2019/10.1021__acssynbio.8b00356/versions/pmc_author_manuscript/pmc_package_metadata__9a0b22f59f61.json,9a0b22f59f6104464895e221dfe3a6747b7f60203130bd60d0ffdf14c1328a33,646,data/papers/2019/10.1021__acssynbio.8b00356/pmc/PMC7081452.1.xml,data/papers/2019/10.1021__acssynbio.8b00356/versions/pmc_author_manuscript/pmc_article_xml__4205f2a0a91c.xml,4205f2a0a91cb359ff727a604ed90f06bec71bc0aba0f8217027b7c854b694ec,149422,1970260,a3f36f9806132794d6eb01faa9380d523bd5ed982d4189ae04323ab623218026,26,article_pdf,doi,1.0,
doi:10.1021/acssynbio.8b00361,10.1021/acssynbio.8b00361,2019,"Atolypenes, Tricyclic Bacterial Sesterterpenes Discovered Using a Multiplexed In Vitro Cas9-TAR Gene Cluster Refactoring Approach",already_present,PMC6547381,PMC6547381.1,data/papers/2019/10.1021__acssynbio.8b00361/versions/pmc_author_manuscript/paper__492da246f625.pdf,2026-09-03T05:47:31+00:00,https://pmc.ncbi.nlm.nih.gov/articles/PMC6547381/pdf/nihms-1014417.pdf,https://pmc.ncbi.nlm.nih.gov/articles/PMC6547381/pdf/nihms-1014417.pdf,https://pmc.ncbi.nlm.nih.gov/articles/PMC6547381/,,,,NIH NLM PubMed Central public article page,author_manuscript,,upstream_metadata,pmc_acquisition_manifest,not_established,False,browser_supplied_unverified,The loopback bridge verifies the PDF's DOI/title identity but cannot independently prove that browser-supplied bytes came from the recorded source URL.,,public PMC browser session with same-origin cookies,data/papers/2019/10.1021__acssynbio.8b00361/versions/pmc_author_manuscript/pmc_manifest__2ef79ff5e2c7.json,2ef79ff5e2c714e6abaeae51306ec5fa7c3ce79bbfedd2833640838dbaa2dd75,data/papers/2019/10.1021__acssynbio.8b00361/pmc.json,data/papers/2019/10.1021__acssynbio.8b00361/versions/pmc_author_manuscript/pmc_package_metadata__262b53e3ef0c.json,262b53e3ef0c27655211f3b9490341f10d61564f86fdf5dd824e9bb5282869dd,665,data/papers/2019/10.1021__acssynbio.8b00361/pmc/PMC6547381.1.xml,data/papers/2019/10.1021__acssynbio.8b00361/versions/pmc_author_manuscript/pmc_article_xml__7f41cf38b1ba.xml,7f41cf38b1baf1c1e4f95392c0f69fa9621366a77546104b158efa36ffa6e7f6,118805,1752531,492da246f625daab166122fde7fb8a890f711fc4f79884da249a26585185151f,20,article_pdf,doi,1.0,
doi:10.1021/acssynbio.8b00383,10.1021/acssynbio.8b00383,2019,An Artificial Pathway for Isoprenoid Biosynthesis Decoupled from Native Hemiterpene Metabolism,already_present,PMC6556385,PMC6556385.1,data/papers/2019/10.1021__acssynbio.8b00383/versions/pmc_author_manuscript/paper__66e73ce0cd4d.pdf,2026-09-03T05:47:37+00:00,https://pmc.ncbi.nlm.nih.gov/articles/PMC6556385/pdf/nihms-1032390.pdf,https://pmc.ncbi.nlm.nih.gov/articles/PMC6556385/pdf/nihms-1032390.pdf,https://pmc.ncbi.nlm.nih.gov/articles/PMC6556385/,,,,NIH NLM PubMed Central public article page,author_manuscript,,upstream_metadata,pmc_acquisition_manifest,not_established,False,browser_supplied_unverified,The loopback bridge verifies the PDF's DOI/title identity but cannot independently prove that browser-supplied bytes came from the recorded source URL.,,public PMC browser session with same-origin cookies,data/papers/2019/10.1021__acssynbio.8b00383/versions/pmc_author_manuscript/pmc_manifest__72dc952a4a1a.json,72dc952a4a1a4f0ce91c5f7b9b2b1f604ca0df048798c8cc1c614cc079231e38,data/papers/2019/10.1021__acssynbio.8b00383/pmc.json,data/papers/2019/10.1021__acssynbio.8b00383/versions/pmc_author_manuscript/pmc_package_metadata__e5ddc89565bb.json,e5ddc89565bba18113aa3474ce7aca31a6227bb7ef5bb232c9ea807c6484bfa5,631,data/papers/2019/10.1021__acssynbio.8b00383/pmc/PMC6556385.1.xml,data/papers/2019/10.1021__acssynbio.8b00383/versions/pmc_author_manuscript/pmc_article_xml__0c7eea1b6b71.xml,0c7eea1b6b711001ad14e06ddf12e804ac4aaa3241d19d096329f29545de8468,86788,873220,66e73ce0cd4d43301ed2bb17736d83f7f848d6376535d3005866aae314da2622,14,article_pdf,doi,1.0,
doi:10.1021/acssynbio.8b00386,10.1021/acssynbio.8b00386,2019,A Yeast System for Discovering Optogenetic Inhibitors of Eukaryotic Translation Initiation,already_present,PMC7181834,PMC7181834.1,data/papers/2019/10.1021__acssynbio.8b00386/versions/pmc_author_manuscript/paper__e7c16cd57758.pdf,2026-09-03T05:47:52+00:00,https://pmc.ncbi.nlm.nih.gov/articles/PMC7181834/pdf/nihms-1580796.pdf,https://pmc.ncbi.nlm.nih.gov/articles/PMC7181834/pdf/nihms-1580796.pdf,https://pmc.ncbi.nlm.nih.gov/articles/PMC7181834/,,,,NIH NLM PubMed Central public article page,author_manuscript,,upstream_metadata,pmc_acquisition_manifest,not_established,False,browser_supplied_unverified,The loopback bridge verifies the PDF's DOI/title identity but cannot independently prove that browser-supplied bytes came from the recorded source URL.,,public PMC browser session with same-origin cookies,data/papers/2019/10.1021__acssynbio.8b00386/versions/pmc_author_manuscript/pmc_manifest__b244735ec70a.json,b244735ec70a16404167b92aaad0683e7b04da17c7d5a192a91c16db4328f86c,data/papers/2019/10.1021__acssynbio.8b00386/pmc.json,data/papers/2019/10.1021__acssynbio.8b00386/versions/pmc_author_manuscript/pmc_package_metadata__5b50228481f4.json,5b50228481f458dab0818998ea45a2466e986ab3ee2f4b16ff7d5b5f6ff1bd71,627,data/papers/2019/10.1021__acssynbio.8b00386/pmc/PMC7181834.1.xml,data/papers/2019/10.1021__acssynbio.8b00386/versions/pmc_author_manuscript/pmc_article_xml__fd0f18d4c698.xml,fd0f18d4c69844374be83bf687aec5f5df45e6ac4fcc3264ae6784788dbf64ab,176561,2131948,e7c16cd5775893eced0315fbd6e14cdff9b035b7b7f2c2c047228d11b27970e3,32,article_pdf,doi,1.0,
doi:10.1021/acssynbio.8b00393,10.1021/acssynbio.8b00393,2019,miRNA-Mediated Regulation of Synthetic Gene Circuits in the Green Alga Chlamydomonas reinhardtii,already_present,PMC6396871,PMC6396871.1,data/papers/2019/10.1021__acssynbio.8b00393/versions/pmc_author_manuscript/paper__f5389cfd4729.pdf,2026-09-03T05:47:39+00:00,https://pmc.ncbi.nlm.nih.gov/articles/PMC6396871/pdf/emss-81902.pdf,https://pmc.ncbi.nlm.nih.gov/articles/PMC6396871/pdf/emss-81902.pdf,https://pmc.ncbi.nlm.nih.gov/articles/PMC6396871/,,,,NIH NLM PubMed Central public article page,author_manuscript,,upstream_metadata,pmc_acquisition_manifest,not_established,False,browser_supplied_unverified,The loopback bridge verifies the PDF's DOI/title identity but cannot independently prove that browser-supplied bytes came from the recorded source URL.,,public PMC browser session with same-origin cookies,data/papers/2019/10.1021__acssynbio.8b00393/versions/pmc_author_manuscript/pmc_manifest__5ce498db3c9b.json,5ce498db3c9b12017548c60f79c23f8c8dac55fde52cb154d1e177b45495fc34,data/papers/2019/10.1021__acssynbio.8b00393/pmc.json,data/papers/2019/10.1021__acssynbio.8b00393/versions/pmc_author_manuscript/pmc_package_metadata__2760960d5acb.json,2760960d5acbc34d38ccc5c9338b4ffc7c0e6ad19c8c4a941e04ee0a28142f2c,628,data/papers/2019/10.1021__acssynbio.8b00393/pmc/PMC6396871.1.xml,data/papers/2019/10.1021__acssynbio.8b00393/versions/pmc_author_manuscript/pmc_article_xml__e678ccc9a9e2.xml,e678ccc9a9e2cf0dbe13776ad5b7294c8d1e30996c179329fe766a546d379900,130440,2158192,f5389cfd4729c293068f963ed2f37f389eacf69cf3ebad3a5ae97deb5dc7c569,30,article_pdf,doi,1.0,
doi:10.1021/acssynbio.8b00430,10.1021/acssynbio.8b00430,2019,Deconstructing Cell-Free Extract Preparation for in Vitro Activation of Transcriptional Genetic Circuitry,already_present,PMC6584022,PMC6584022.1,data/papers/2019/10.1021__acssynbio.8b00430/versions/pmc_author_manuscript/paper__f41149d1eca6.pdf,2026-09-03T05:47:42+00:00,https://pmc.ncbi.nlm.nih.gov/articles/PMC6584022/pdf/nihms-1034937.pdf,https://pmc.ncbi.nlm.nih.gov/articles/PMC6584022/pdf/nihms-1034937.pdf,https://pmc.ncbi.nlm.nih.gov/articles/PMC6584022/,,,,NIH NLM PubMed Central public article page,author_manuscript,,upstream_metadata,pmc_acquisition_manifest,not_established,False,browser_supplied_unverified,The loopback bridge verifies the PDF's DOI/title identity but cannot independently prove that browser-supplied bytes came from the recorded source URL.,,public PMC browser session with same-origin cookies,data/papers/2019/10.1021__acssynbio.8b00430/versions/pmc_author_manuscript/pmc_manifest__0ecd0573f4ba.json,0ecd0573f4baad6eaf69b957c612575db21f75f0151b146efe072b71c1e4b215,data/papers/2019/10.1021__acssynbio.8b00430/pmc.json,data/papers/2019/10.1021__acssynbio.8b00430/versions/pmc_author_manuscript/pmc_package_metadata__b83ed1795d82.json,b83ed1795d826312d4218e2612068acd5b3ab79e19b4d6893f2e341465f07372,642,data/papers/2019/10.1021__acssynbio.8b00430/pmc/PMC6584022.1.xml,data/papers/2019/10.1021__acssynbio.8b00430/versions/pmc_author_manuscript/pmc_article_xml__47d8ac7f5ea7.xml,47d8ac7f5ea7774843a7ee1b68c2c64a9e2e3a3cbe9f58ec6c3282c85492ca81,141462,1599231,f41149d1eca6c9f52684b5640f93d8102696665139a718cf4f72ecae2cdcf3e4,28,article_pdf,doi,1.0,
doi:10.1021/acssynbio.8b00435,10.1021/acssynbio.8b00435,2019,Controlling Secretion in Artificial Cells with a Membrane AND Gate,already_present,PMC6885402,PMC6885402.1,data/papers/2019/10.1021__acssynbio.8b00435/versions/pmc_author_manuscript/paper__c51e0b43fc7c.pdf,2026-09-03T05:48:08+00:00,https://pmc.ncbi.nlm.nih.gov/articles/PMC6885402/pdf/nihms-1056410.pdf,https://pmc.ncbi.nlm.nih.gov/articles/PMC6885402/pdf/nihms-1056410.pdf,https://pmc.ncbi.nlm.nih.gov/articles/PMC6885402/,,,,NIH NLM PubMed Central public article page,author_manuscript,,upstream_metadata,pmc_acquisition_manifest,not_established,False,browser_supplied_unverified,The loopback bridge verifies the PDF's DOI/title identity but cannot independently prove that browser-supplied bytes came from the recorded source URL.,,public PMC browser session with same-origin cookies,data/papers/2019/10.1021__acssynbio.8b00435/versions/pmc_author_manuscript/pmc_manifest__a1f78a8aab16.json,a1f78a8aab164457b768c05b857230493fe1a3eb58966652aea66683910aee1c,data/papers/2019/10.1021__acssynbio.8b00435/pmc.json,data/papers/2019/10.1021__acssynbio.8b00435/versions/pmc_author_manuscript/pmc_package_metadata__d340bf787188.json,d340bf787188852f5289b7fc445529c463672e4237c444715ad895ee8aad7fd0,603,data/papers/2019/10.1021__acssynbio.8b00435/pmc/PMC6885402.1.xml,data/papers/2019/10.1021__acssynbio.8b00435/versions/pmc_author_manuscript/pmc_article_xml__fd4c45a7448f.xml,fd4c45a7448f09073374405f73e4df8b022ac372e94a1ff73fa4bc29afc5f238,81766,945986,c51e0b43fc7c94c2038bd3a202d9fcaa6842ae9016fa92faf7ad673aeb940aa7,16,article_pdf,doi,1.0,
doi:10.1021/acssynbio.8b00448,10.1021/acssynbio.8b00448,2019,"Engineering the S-Layer of Caulobacter crescentus as a Foundation for Stable, High-Density, 2D Living Materials",already_present,PMC6945806,PMC6945806.1,data/papers/2019/10.1021__acssynbio.8b00448/versions/pmc_author_manuscript/paper__9f4cb023fc31.pdf,2026-09-03T05:47:34+00:00,https://pmc.ncbi.nlm.nih.gov/articles/PMC6945806/pdf/nihms-1065402.pdf,https://pmc.ncbi.nlm.nih.gov/articles/PMC6945806/pdf/nihms-1065402.pdf,https://pmc.ncbi.nlm.nih.gov/articles/PMC6945806/,,,,NIH NLM PubMed Central public article page,author_manuscript,,upstream_metadata,pmc_acquisition_manifest,not_established,False,browser_supplied_unverified,The loopback bridge verifies the PDF's DOI/title identity but cannot independently prove that browser-supplied bytes came from the recorded source URL.,,public PMC browser session with same-origin cookies,data/papers/2019/10.1021__acssynbio.8b00448/versions/pmc_author_manuscript/pmc_manifest__6152383d9dbc.json,6152383d9dbced7e2fc06e877589f184ea385ea6ac0ebd7037841111cfd29c62,data/papers/2019/10.1021__acssynbio.8b00448/pmc.json,data/papers/2019/10.1021__acssynbio.8b00448/versions/pmc_author_manuscript/pmc_package_metadata__690af64a7831.json,690af64a78312c67b12ce02b749faf04681393364608cc1f74e1e6baa9b7b19c,647,data/papers/2019/10.1021__acssynbio.8b00448/pmc/PMC6945806.1.xml,data/papers/2019/10.1021__acssynbio.8b00448/versions/pmc_author_manuscript/pmc_article_xml__f4e976d67c4a.xml,f4e976d67c4a53d9fa06dd790e49684f5353f93543e010db1127856970c7e62e,120167,2603006,9f4cb023fc31b1d36d6d81bcbe51d7189301a07e77413596ffdafc83e880aa44,22,article_pdf,doi,1.0,
doi:10.1021/acssynbio.8b00450,10.1021/acssynbio.8b00450,2019,"PERSIA for Direct Fluorescence Measurements of Transcription, Translation, and Enzyme Activity in Cell-Free Systems",already_present,PMC6830305,PMC6830305.1,data/papers/2019/10.1021__acssynbio.8b00450/versions/pmc_author_manuscript/paper__cd59ca56261f.pdf,2026-09-03T05:48:00+00:00,https://pmc.ncbi.nlm.nih.gov/articles/PMC6830305/pdf/nihms-1055838.pdf,https://pmc.ncbi.nlm.nih.gov/articles/PMC6830305/pdf/nihms-1055838.pdf,https://pmc.ncbi.nlm.nih.gov/articles/PMC6830305/,,,,NIH NLM PubMed Central public article page,author_manuscript,,upstream_metadata,pmc_acquisition_manifest,not_established,False,browser_supplied_unverified,The loopback bridge verifies the PDF's DOI/title identity but cannot independently prove that browser-supplied bytes came from the recorded source URL.,,public PMC browser session with same-origin cookies,data/papers/2019/10.1021__acssynbio.8b00450/versions/pmc_author_manuscript/pmc_manifest__ca6fe983defe.json,ca6fe983defe99fc12a1e0237c19b4a1bc1cd94750a35ae134a6ccbbe1ec7421,data/papers/2019/10.1021__acssynbio.8b00450/pmc.json,data/papers/2019/10.1021__acssynbio.8b00450/versions/pmc_author_manuscript/pmc_package_metadata__0bb97d1a3e34.json,0bb97d1a3e34df59fdd75ec089c7966a36756ace5dc07783fcd20ae6354d32bd,651,data/papers/2019/10.1021__acssynbio.8b00450/pmc/PMC6830305.1.xml,data/papers/2019/10.1021__acssynbio.8b00450/versions/pmc_author_manuscript/pmc_article_xml__3a0af4125af5.xml,3a0af4125af52defcde96e6d6afb75e7861c7d256dd867f30a424fc58619c1ff,154853,2591078,cd59ca56261f531c09e234d1dbb2b04f4d6d69e2693cc2e4c6335a1c509bd935,35,article_pdf,doi,1.0,
doi:10.1021/acssynbio.8b00469,10.1021/acssynbio.8b00469,2019,An Engineered B. subtilis Inducible Promoter System with over 10 000-Fold Dynamic Range,already_present,PMC9724499,PMC9724499.1,data/papers/2019/10.1021__acssynbio.8b00469/versions/pmc_author_manuscript/paper__43d8ce7e8082.pdf,2026-09-03T05:48:21+00:00,https://pmc.ncbi.nlm.nih.gov/articles/PMC9724499/pdf/nihms-1852470.pdf,https://pmc.ncbi.nlm.nih.gov/articles/PMC9724499/pdf/nihms-1852470.pdf,https://pmc.ncbi.nlm.nih.gov/articles/PMC9724499/,,,,NIH NLM PubMed Central public article page,author_manuscript,,upstream_metadata,pmc_acquisition_manifest,not_established,False,browser_supplied_unverified,The loopback bridge verifies the PDF's DOI/title identity but cannot independently prove that browser-supplied bytes came from the recorded source URL.,,public PMC browser session with same-origin cookies,data/papers/2019/10.1021__acssynbio.8b00469/versions/pmc_author_manuscript/pmc_manifest__3919e3e24cb8.json,3919e3e24cb8318b8b56e34cb97eca2b64e5e7f65ba9a5df7210f3d384a91e6e,data/papers/2019/10.1021__acssynbio.8b00469/pmc.json,data/papers/2019/10.1021__acssynbio.8b00469/versions/pmc_author_manuscript/pmc_package_metadata__4a5312e87720.json,4a5312e87720fb380e7dd48e1023d0e3153542df2dc31cd0c608a5dcb2af2a72,623,data/papers/2019/10.1021__acssynbio.8b00469/pmc/PMC9724499.1.xml,data/papers/2019/10.1021__acssynbio.8b00469/versions/pmc_author_manuscript/pmc_article_xml__57a7a8d2dd1d.xml,57a7a8d2dd1dc175245acb0383cb91bddedd837143f79aa6e409a52de3bbfc7b,74305,695115,43d8ce7e808286a668f2e3ed26ca40aad465bc71732d03183fb7a45cdbde698e,12,article_pdf,doi,1.0,
doi:10.1021/acssynbio.8b00486,10.1021/acssynbio.8b00486,2019,An Automated Data-Driven Pipeline for Improving Heterologous Enzyme Expression,already_present,PMC6855305,PMC6855305.1,data/papers/2019/10.1021__acssynbio.8b00486/versions/pmc_author_manuscript/paper__2996215a773b.pdf,2026-09-03T05:47:44+00:00,https://pmc.ncbi.nlm.nih.gov/articles/PMC6855305/pdf/nihms-1058253.pdf,https://pmc.ncbi.nlm.nih.gov/articles/PMC6855305/pdf/nihms-1058253.pdf,https://pmc.ncbi.nlm.nih.gov/articles/PMC6855305/,,,,NIH NLM PubMed Central public article page,author_manuscript,,upstream_metadata,pmc_acquisition_manifest,not_established,False,browser_supplied_unverified,The loopback bridge verifies the PDF's DOI/title identity but cannot independently prove that browser-supplied bytes came from the recorded source URL.,,public PMC browser session with same-origin cookies,data/papers/2019/10.1021__acssynbio.8b00486/versions/pmc_author_manuscript/pmc_manifest__5f174529a204.json,5f174529a2044ec14cab75dbc0053c6cf7037c6b80b13b9cb87dee6922009835,data/papers/2019/10.1021__acssynbio.8b00486/pmc.json,data/papers/2019/10.1021__acssynbio.8b00486/versions/pmc_author_manuscript/pmc_package_metadata__6e97249c02f8.json,6e97249c02f8ae31b81a5e1b717b78f072bde5e18c2f2972b7c2f4824d472bde,615,data/papers/2019/10.1021__acssynbio.8b00486/pmc/PMC6855305.1.xml,data/papers/2019/10.1021__acssynbio.8b00486/versions/pmc_author_manuscript/pmc_article_xml__b7d70df37a40.xml,b7d70df37a40f3fbdf1d8b1cc26702aefb5abac2d0cda4beb143f808500e3dd5,85776,1097643,2996215a773b33b8225722723dcf087e24249fc7a934e83a4f90b9d5808f300b,16,article_pdf,doi,1.0,
doi:10.1021/acssynbio.8b00499,10.1021/acssynbio.8b00499,2019,A Multireporter Bacterial 2-Hybrid Assay for the High-Throughput and Dynamic Assay of PDZ Domain–Peptide Interactions,already_present,PMC6818413,PMC6818413.1,data/papers/2019/10.1021__acssynbio.8b00499/versions/pmc_author_manuscript/paper__5ce3b0bf3005.pdf,2026-09-03T05:47:55+00:00,https://pmc.ncbi.nlm.nih.gov/articles/PMC6818413/pdf/nihms-1054099.pdf,https://pmc.ncbi.nlm.nih.gov/articles/PMC6818413/pdf/nihms-1054099.pdf,https://pmc.ncbi.nlm.nih.gov/articles/PMC6818413/,,,,NIH NLM PubMed Central public article page,author_manuscript,,upstream_metadata,pmc_acquisition_manifest,not_established,False,browser_supplied_unverified,The loopback bridge verifies the PDF's DOI/title identity but cannot independently prove that browser-supplied bytes came from the recorded source URL.,,public PMC browser session with same-origin cookies,data/papers/2019/10.1021__acssynbio.8b00499/versions/pmc_author_manuscript/pmc_manifest__e8e488cd7308.json,e8e488cd7308703c75ab2f67d477e2dd6ef30a252b6de53b2a33e72a58677c9b,data/papers/2019/10.1021__acssynbio.8b00499/pmc.json,data/papers/2019/10.1021__acssynbio.8b00499/versions/pmc_author_manuscript/pmc_package_metadata__106176db8f73.json,106176db8f73373a0a79a19b2e80c0e8706fd4d5f2d850bf5e922b7f6f6b8bb9,659,data/papers/2019/10.1021__acssynbio.8b00499/pmc/PMC6818413.1.xml,data/papers/2019/10.1021__acssynbio.8b00499/versions/pmc_author_manuscript/pmc_article_xml__1bb04d75e5ca.xml,1bb04d75e5ca2a1af98272d8f50af305908da7128aff4f7a39f0547a1e1b4ba1,134084,1877162,5ce3b0bf3005678502417ee75f5f70a8fc8e35db7db5e98cd8e14689ef7aba85,19,article_pdf,doi,1.0,
doi:10.1021/acssynbio.8b00524,10.1021/acssynbio.8b00524,2019,Synthetic Bistability and Differentiation in Yeast,already_present,PMC6948009,PMC6948009.1,data/papers/2019/10.1021__acssynbio.8b00524/versions/pmc_author_manuscript/paper__528cde8f71e8.pdf,2026-09-03T05:47:58+00:00,https://pmc.ncbi.nlm.nih.gov/articles/PMC6948009/pdf/nihms-1064345.pdf,https://pmc.ncbi.nlm.nih.gov/articles/PMC6948009/pdf/nihms-1064345.pdf,https://pmc.ncbi.nlm.nih.gov/articles/PMC6948009/,,,,NIH NLM PubMed Central public article page,author_manuscript,,upstream_metadata,pmc_acquisition_manifest,not_established,False,browser_supplied_unverified,The loopback bridge verifies the PDF's DOI/title identity but cannot independently prove that browser-supplied bytes came from the recorded source URL.,,public PMC browser session with same-origin cookies,data/papers/2019/10.1021__acssynbio.8b00524/versions/pmc_author_manuscript/pmc_manifest__cbe37842e8b4.json,cbe37842e8b4890ccc690f22193ba1f56f6762be7c0373adf51a5fdee6f5c0bd,data/papers/2019/10.1021__acssynbio.8b00524/pmc.json,data/papers/2019/10.1021__acssynbio.8b00524/versions/pmc_author_manuscript/pmc_package_metadata__96e4244b4770.json,96e4244b47705f56546bbba47da674159146294d1b07c7b1389d44d085abf7e5,587,data/papers/2019/10.1021__acssynbio.8b00524/pmc/PMC6948009.1.xml,data/papers/2019/10.1021__acssynbio.8b00524/versions/pmc_author_manuscript/pmc_article_xml__6002c87c5e1a.xml,6002c87c5e1a246efb416ed816b08ce83ed9431c08c9954238ed992dae969093,77810,1248193,528cde8f71e86967ddf5d961a161adbeecd8d2bf64a8da6d2915ef58e567c4ea,14,article_pdf,doi,1.0,
doi:10.1021/acssynbio.8b00528,10.1021/acssynbio.8b00528,2019,Engineering Adenylate Cyclase Activated by Near-Infrared Window Light for Mammalian Optogenetic Applications,already_present,PMC10353836,PMC10353836.1,data/papers/2019/10.1021__acssynbio.8b00528/versions/pmc_author_manuscript/paper__e41e33e38636.pdf,2026-09-03T05:48:13+00:00,https://pmc.ncbi.nlm.nih.gov/articles/PMC10353836/pdf/nihms-1914404.pdf,https://pmc.ncbi.nlm.nih.gov/articles/PMC10353836/pdf/nihms-1914404.pdf,https://pmc.ncbi.nlm.nih.gov/articles/PMC10353836/,,,,NIH NLM PubMed Central public article page,author_manuscript,,upstream_metadata,pmc_acquisition_manifest,not_established,False,browser_supplied_unverified,The loopback bridge verifies the PDF's DOI/title identity but cannot independently prove that browser-supplied bytes came from the recorded source URL.,,public PMC browser session with same-origin cookies,data/papers/2019/10.1021__acssynbio.8b00528/versions/pmc_author_manuscript/pmc_manifest__3c6e8ce28a3c.json,3c6e8ce28a3cc16382e8ec2bb9924e60759ac3c6cc97faf8f6eee63f5567010c,data/papers/2019/10.1021__acssynbio.8b00528/pmc.json,data/papers/2019/10.1021__acssynbio.8b00528/versions/pmc_author_manuscript/pmc_package_metadata__fa264bb70f57.json,fa264bb70f57d16d54bcc58d70d96d82c654aa1e420d34c4ecf383117dc8d90e,650,data/papers/2019/10.1021__acssynbio.8b00528/pmc/PMC10353836.1.xml,data/papers/2019/10.1021__acssynbio.8b00528/versions/pmc_author_manuscript/pmc_article_xml__e32d4afe40f9.xml,e32d4afe40f9ccc006df66b7463113ce84ff8cba7d5ff7bac9c16c9b37a804c2,97186,1829104,e41e33e38636a0f41de2cb0ea5c5801ebf6e0b872e38f16b97d578b9f1bcd38c,20,article_pdf,doi,1.0,
doi:10.1021/acssynbio.9b00011,10.1021/acssynbio.9b00011,2019,Structural Characterization of a Synthetic Tandem-Domain Bacterial Microcompartment Shell Protein Capable of Forming Icosahedral Shell Assemblies,already_present,PMC6884138,PMC6884138.1,data/papers/2019/10.1021__acssynbio.9b00011/versions/pmc_author_manuscript/paper__75ce772c6e6b.pdf,2026-09-03T05:47:50+00:00,https://pmc.ncbi.nlm.nih.gov/articles/PMC6884138/pdf/nihms-1059527.pdf,https://pmc.ncbi.nlm.nih.gov/articles/PMC6884138/pdf/nihms-1059527.pdf,https://pmc.ncbi.nlm.nih.gov/articles/PMC6884138/,,,,NIH NLM PubMed Central public article page,author_manuscript,,upstream_metadata,pmc_acquisition_manifest,not_established,False,browser_supplied_unverified,The loopback bridge verifies the PDF's DOI/title identity but cannot independently prove that browser-supplied bytes came from the recorded source URL.,,public PMC browser session with same-origin cookies,data/papers/2019/10.1021__acssynbio.9b00011/versions/pmc_author_manuscript/pmc_manifest__065c76e11aaa.json,065c76e11aaa70ee87ddb9f1064c8fd63f7dbce0d06771b1fa9c5ffb95f1eaea,data/papers/2019/10.1021__acssynbio.9b00011/pmc.json,data/papers/2019/10.1021__acssynbio.9b00011/versions/pmc_author_manuscript/pmc_package_metadata__91e455361ced.json,91e455361ced8dd9e0fd114c1ae0bdc4359a451b36a3c41d9cd1ad4ceeb1e17e,682,data/papers/2019/10.1021__acssynbio.9b00011/pmc/PMC6884138.1.xml,data/papers/2019/10.1021__acssynbio.9b00011/versions/pmc_author_manuscript/pmc_article_xml__440323b32cf3.xml,440323b32cf337dbc210b373096f93b559995afa00748e271fdbb08aef7a9e61,76615,1903518,75ce772c6e6b5434c84f3490ae363f926686d5aad8814b7ffb2dc94dc1497dc7,15,article_pdf,doi,1.0,
doi:10.1021/acssynbio.9b00047,10.1021/acssynbio.9b00047,2019,Employing 25-Residue Docking Motifs from Modular Polyketide Synthases as Orthogonal Protein Connectors,already_present,PMC7102495,PMC7102495.1,data/papers/2019/10.1021__acssynbio.9b00047/versions/pmc_author_manuscript/paper__9c22e8a5e449.pdf,2026-09-03T05:48:29+00:00,https://pmc.ncbi.nlm.nih.gov/articles/PMC7102495/pdf/nihms-1577005.pdf,https://pmc.ncbi.nlm.nih.gov/articles/PMC7102495/pdf/nihms-1577005.pdf,https://pmc.ncbi.nlm.nih.gov/articles/PMC7102495/,,,,NIH NLM PubMed Central public article page,author_manuscript,,upstream_metadata,pmc_acquisition_manifest,not_established,False,browser_supplied_unverified,The loopback bridge verifies the PDF's DOI/title identity but cannot independently prove that browser-supplied bytes came from the recorded source URL.,,public PMC browser session with same-origin cookies,data/papers/2019/10.1021__acssynbio.9b00047/versions/pmc_author_manuscript/pmc_manifest__501efb766f2a.json,501efb766f2aa0d04a3bac38f3ea27a44f0e903599892562474418dd9826ce62,data/papers/2019/10.1021__acssynbio.9b00047/pmc.json,data/papers/2019/10.1021__acssynbio.9b00047/versions/pmc_author_manuscript/pmc_package_metadata__08a49aa3a1b6.json,08a49aa3a1b6a7b3fa87a66682b419f9df24749439b4c98f71be60c901c73396,639,data/papers/2019/10.1021__acssynbio.9b00047/pmc/PMC7102495.1.xml,data/papers/2019/10.1021__acssynbio.9b00047/versions/pmc_author_manuscript/pmc_article_xml__fae7e29a8952.xml,fae7e29a8952395fbb2d64a4dd28e691018440d4e5c088e5c1c997045fb6240b,77287,2173017,9c22e8a5e4498b1846ef914aa4e6a19bd135cee4d30c0144cab172db5da5d983,17,article_pdf,doi,1.0,
doi:10.1021/acssynbio.9b00051,10.1021/acssynbio.9b00051,2019,Genetic Incorporation of Noncanonical Amino Acids Using Two Mutually Orthogonal Quadruplet Codons,already_present,PMC6525065,PMC6525065.1,data/papers/2019/10.1021__acssynbio.9b00051/versions/pmc_author_manuscript/paper__ab362d1e8005.pdf,2026-09-03T05:48:03+00:00,https://pmc.ncbi.nlm.nih.gov/articles/PMC6525065/pdf/nihms-1025946.pdf,https://pmc.ncbi.nlm.nih.gov/articles/PMC6525065/pdf/nihms-1025946.pdf,https://pmc.ncbi.nlm.nih.gov/articles/PMC6525065/,,,,NIH NLM PubMed Central public article page,author_manuscript,,upstream_metadata,pmc_acquisition_manifest,not_established,False,browser_supplied_unverified,The loopback bridge verifies the PDF's DOI/title identity but cannot independently prove that browser-supplied bytes came from the recorded source URL.,,public PMC browser session with same-origin cookies,data/papers/2019/10.1021__acssynbio.9b00051/versions/pmc_author_manuscript/pmc_manifest__7958d97b36a3.json,7958d97b36a356f3315e0c668fbc77b2e43eaf5cbfd9cc0e1ae6e26aaad12d2b,data/papers/2019/10.1021__acssynbio.9b00051/pmc.json,data/papers/2019/10.1021__acssynbio.9b00051/versions/pmc_author_manuscript/pmc_package_metadata__ead0b4ce5ab7.json,ead0b4ce5ab7605d834b8f78e263e8674c80c7726ba94ad702bb97860ddffe71,634,data/papers/2019/10.1021__acssynbio.9b00051/pmc/PMC6525065.1.xml,data/papers/2019/10.1021__acssynbio.9b00051/versions/pmc_author_manuscript/pmc_article_xml__e71b8e8a783f.xml,e71b8e8a783f864f5fb504ae031043ae965346b26206c153f614683c251b7e58,85231,725701,ab362d1e8005a2efe3c29bcdd13c5c28c8f613c5bf49eba52f77d95488716778,15,article_pdf,doi,1.0,
doi:10.1021/acssynbio.9b00078,10.1021/acssynbio.9b00078,2019,Development of a Genetically Encoded Biosensor for Detection of Polyketide Synthase Extender Units in Escherichia coli,already_present,PMC6915837,PMC6915837.1,data/papers/2019/10.1021__acssynbio.9b00078/versions/pmc_author_manuscript/paper__419c9d135aa9.pdf,2026-09-03T05:48:16+00:00,https://pmc.ncbi.nlm.nih.gov/articles/PMC6915837/pdf/nihms-1061818.pdf,https://pmc.ncbi.nlm.nih.gov/articles/PMC6915837/pdf/nihms-1061818.pdf,https://pmc.ncbi.nlm.nih.gov/articles/PMC6915837/,,,,NIH NLM PubMed Central public article page,author_manuscript,,upstream_metadata,pmc_acquisition_manifest,not_established,False,browser_supplied_unverified,The loopback bridge verifies the PDF's DOI/title identity but cannot independently prove that browser-supplied bytes came from the recorded source URL.,,public PMC browser session with same-origin cookies,data/papers/2019/10.1021__acssynbio.9b00078/versions/pmc_author_manuscript/pmc_manifest__89a77abc3b09.json,89a77abc3b098c120f29e381f40490e42a6f23658b928d6aded41bc608efd9bc,data/papers/2019/10.1021__acssynbio.9b00078/pmc.json,data/papers/2019/10.1021__acssynbio.9b00078/versions/pmc_author_manuscript/pmc_package_metadata__c0c549a25a98.json,c0c549a25a98ed8ff8ed7c3cb3df6da977ca85048db89672156f83984933b4ed,655,data/papers/2019/10.1021__acssynbio.9b00078/pmc/PMC6915837.1.xml,data/papers/2019/10.1021__acssynbio.9b00078/versions/pmc_author_manuscript/pmc_article_xml__83ab4729656c.xml,83ab4729656c166407c4b772eaad07c4e3f367151e68bdecc697a92572b20367,111028,1219597,419c9d135aa983e0e3e39fd77d438811ce92a28b8106fec696328c9c7bd5100d,21,article_pdf,doi,1.0,
doi:10.1021/acssynbio.9b00080,10.1021/acssynbio.9b00080,2019,Assessing the Flexibility of the Prochlorosin 2.8 Scaffold for Bioengineering Applications,already_present,PMC6525029,PMC6525029.1,data/papers/2019/10.1021__acssynbio.9b00080/versions/pmc_author_manuscript/paper__d5a56075e9c7.pdf,2026-09-03T05:48:05+00:00,https://pmc.ncbi.nlm.nih.gov/articles/PMC6525029/pdf/nihms-1027255.pdf,https://pmc.ncbi.nlm.nih.gov/articles/PMC6525029/pdf/nihms-1027255.pdf,https://pmc.ncbi.nlm.nih.gov/articles/PMC6525029/,,,,NIH NLM PubMed Central public article page,author_manuscript,,upstream_metadata,pmc_acquisition_manifest,not_established,False,browser_supplied_unverified,The loopback bridge verifies the PDF's DOI/title identity but cannot independently prove that browser-supplied bytes came from the recorded source URL.,,public PMC browser session with same-origin cookies,data/papers/2019/10.1021__acssynbio.9b00080/versions/pmc_author_manuscript/pmc_manifest__d492a7edb003.json,d492a7edb0039082439f58d6020fb93ad316ffceb80324b63ffb1f45a3120739,data/papers/2019/10.1021__acssynbio.9b00080/pmc.json,data/papers/2019/10.1021__acssynbio.9b00080/versions/pmc_author_manuscript/pmc_package_metadata__6c67f9120a96.json,6c67f9120a96eadb947f7f0ef0fa9eb29a71b1c3114aa83097be33e9c38ba030,627,data/papers/2019/10.1021__acssynbio.9b00080/pmc/PMC6525029.1.xml,data/papers/2019/10.1021__acssynbio.9b00080/versions/pmc_author_manuscript/pmc_article_xml__cafe0f1062b5.xml,cafe0f1062b5d8c381221e5385e7c38977febe1ead7b9edc77a67939fe8b45f2,140320,1011577,d5a56075e9c71e067f10f34a749cb561cc0abfd656b55ece0dd7cfaf53e21370,26,article_pdf,doi,1.0,
doi:10.1021/acssynbio.9b00103,10.1021/acssynbio.9b00103,2019,Fluorescence-Activated Droplet Sorting for Single-Cell Directed Evolution,already_present,PMC6942126,PMC6942126.1,data/papers/2019/10.1021__acssynbio.9b00103/versions/pmc_author_manuscript/paper__6ea1242ad4c4.pdf,2026-09-03T05:48:19+00:00,https://pmc.ncbi.nlm.nih.gov/articles/PMC6942126/pdf/nihms-1064362.pdf,https://pmc.ncbi.nlm.nih.gov/articles/PMC6942126/pdf/nihms-1064362.pdf,https://pmc.ncbi.nlm.nih.gov/articles/PMC6942126/,,,,NIH NLM PubMed Central public article page,author_manuscript,,upstream_metadata,pmc_acquisition_manifest,not_established,False,browser_supplied_unverified,The loopback bridge verifies the PDF's DOI/title identity but cannot independently prove that browser-supplied bytes came from the recorded source URL.,,public PMC browser session with same-origin cookies,data/papers/2019/10.1021__acssynbio.9b00103/versions/pmc_author_manuscript/pmc_manifest__4c2521ed2bde.json,4c2521ed2bde9c3abf300b4fffdd82706f088ada76f0c20a8f85b56988af9164,data/papers/2019/10.1021__acssynbio.9b00103/pmc.json,data/papers/2019/10.1021__acssynbio.9b00103/versions/pmc_author_manuscript/pmc_package_metadata__b9e875d23029.json,b9e875d23029d823e32e0d1ae742e733916e00555f6fbfb0541d48024d8ed557,610,data/papers/2019/10.1021__acssynbio.9b00103/pmc/PMC6942126.1.xml,data/papers/2019/10.1021__acssynbio.9b00103/versions/pmc_author_manuscript/pmc_article_xml__9490a657860e.xml,9490a657860e9676f9be6eb343576321fb7d04d12c8338428f13d6a22ff98524,101769,2017304,6ea1242ad4c4faacac65d385cf4d8336e522c652161846164ecc2aab6c6181ff,21,article_pdf,doi,1.0,
doi:10.1021/acssynbio.9b00122,10.1021/acssynbio.9b00122,2019,Genetic Compatibility and Extensibility of Orthogonal Replication,already_present,PMC6778527,PMC6778527.1,data/papers/2019/10.1021__acssynbio.9b00122/versions/pmc_author_manuscript/paper__2cb0be0d9956.pdf,2026-09-03T05:48:11+00:00,https://pmc.ncbi.nlm.nih.gov/articles/PMC6778527/pdf/nihms-1052815.pdf,https://pmc.ncbi.nlm.nih.gov/articles/PMC6778527/pdf/nihms-1052815.pdf,https://pmc.ncbi.nlm.nih.gov/articles/PMC6778527/,,,,NIH NLM PubMed Central public article page,author_manuscript,,upstream_metadata,pmc_acquisition_manifest,not_established,False,browser_supplied_unverified,The loopback bridge verifies the PDF's DOI/title identity but cannot independently prove that browser-supplied bytes came from the recorded source URL.,,public PMC browser session with same-origin cookies,data/papers/2019/10.1021__acssynbio.9b00122/versions/pmc_author_manuscript/pmc_manifest__92e3d53bba1e.json,92e3d53bba1ec3851ab6f36c287b427aeb0226002cb6904e72844fb4f4fc99a2,data/papers/2019/10.1021__acssynbio.9b00122/pmc.json,data/papers/2019/10.1021__acssynbio.9b00122/versions/pmc_author_manuscript/pmc_package_metadata__eb8541ca63ba.json,eb8541ca63babde2db95617c34e3a07b56c63e6ca073a0f2c1e23c8a3451c626,602,data/papers/2019/10.1021__acssynbio.9b00122/pmc/PMC6778527.1.xml,data/papers/2019/10.1021__acssynbio.9b00122/versions/pmc_author_manuscript/pmc_article_xml__25a8897e1d6b.xml,25a8897e1d6bf7fb5ee2f1e37335b626d9b33cd0d228517356383b8f73556865,73068,1042212,2cb0be0d99561210c086b0f63cbabbcd12bfb776bbdc6ec087fef677da8b64a9,17,article_pdf,doi,1.0,
doi:10.1021/acssynbio.9b00127,10.1021/acssynbio.9b00127,2019,Sequence-Specific Mucins for Glycocalyx Engineering,already_present,PMC7205180,PMC7205180.1,data/papers/2019/10.1021__acssynbio.9b00127/versions/pmc_author_manuscript/paper__80d9be6fcd9d.pdf,2026-09-03T05:48:34+00:00,https://pmc.ncbi.nlm.nih.gov/articles/PMC7205180/pdf/nihms-1581468.pdf,https://pmc.ncbi.nlm.nih.gov/articles/PMC7205180/pdf/nihms-1581468.pdf,https://pmc.ncbi.nlm.nih.gov/articles/PMC7205180/,,,,NIH NLM PubMed Central public article page,author_manuscript,,upstream_metadata,pmc_acquisition_manifest,not_established,False,browser_supplied_unverified,The loopback bridge verifies the PDF's DOI/title identity but cannot independently prove that browser-supplied bytes came from the recorded source URL.,,public PMC browser session with same-origin cookies,data/papers/2019/10.1021__acssynbio.9b00127/versions/pmc_author_manuscript/pmc_manifest__7bc4bab23f03.json,7bc4bab23f0385c6db263d78705bafd41961646e5f3ba0fa2537d3db363f4c38,data/papers/2019/10.1021__acssynbio.9b00127/pmc.json,data/papers/2019/10.1021__acssynbio.9b00127/versions/pmc_author_manuscript/pmc_package_metadata__8438c2e3cd42.json,8438c2e3cd424ad16120f4f02410c4ad71fdf574c125780b17ecf9133dd5820b,587,data/papers/2019/10.1021__acssynbio.9b00127/pmc/PMC7205180.1.xml,data/papers/2019/10.1021__acssynbio.9b00127/versions/pmc_author_manuscript/pmc_article_xml__42c37782b427.xml,42c37782b427cb499ec11f0df23f68a7a32a9fc27ccad24aaaaec9c1966a586c,123872,1782421,80d9be6fcd9d4a961d97c75ad8af9df9f652d3f07b47aa72bc19dd5513845d0e,26,article_pdf,doi,1.0,
doi:10.1021/acssynbio.9b00139,10.1021/acssynbio.9b00139,2019,Communicating Structure and Function in Synthetic Biology Diagrams,already_present,PMC8023477,PMC8023477.1,data/papers/2019/10.1021__acssynbio.9b00139/versions/pmc_author_manuscript/paper__693722bd9b16.pdf,2026-09-03T05:48:24+00:00,https://pmc.ncbi.nlm.nih.gov/articles/PMC8023477/pdf/nihms-1679256.pdf,https://pmc.ncbi.nlm.nih.gov/articles/PMC8023477/pdf/nihms-1679256.pdf,https://pmc.ncbi.nlm.nih.gov/articles/PMC8023477/,,,,NIH NLM PubMed Central public article page,author_manuscript,,upstream_metadata,pmc_acquisition_manifest,not_established,False,browser_supplied_unverified,The loopback bridge verifies the PDF's DOI/title identity but cannot independently prove that browser-supplied bytes came from the recorded source URL.,,public PMC browser session with same-origin cookies,data/papers/2019/10.1021__acssynbio.9b00139/versions/pmc_author_manuscript/pmc_manifest__48016a79ab06.json,48016a79ab0614ca57f92dd825371551852b4adad27f981a9987760895371ade,data/papers/2019/10.1021__acssynbio.9b00139/pmc.json,data/papers/2019/10.1021__acssynbio.9b00139/versions/pmc_author_manuscript/pmc_package_metadata__627a7aa28725.json,627a7aa2872509c0003bff81fc5315cd4c66fe2c378054443d03336b1d2a18a4,602,data/papers/2019/10.1021__acssynbio.9b00139/pmc/PMC8023477.1.xml,data/papers/2019/10.1021__acssynbio.9b00139/versions/pmc_author_manuscript/pmc_article_xml__a9f778683c62.xml,a9f778683c62bb63c058063681dd9a09a1eb3aa0463e1a224c90993c5952d493,74570,1009684,693722bd9b16feb594b0e1bdcb07b438e838eb9b73deaa792b27e4c0879dafef,18,article_pdf,doi,1.0,
doi:10.1021/acssynbio.9b00146,10.1021/acssynbio.9b00146,2019,Spatiotemporal Dynamics of Synthetic Microbial Consortia in Microfluidic Devices,already_present,PMC6754295,PMC6754295.1,data/papers/2019/10.1021__acssynbio.9b00146/versions/pmc_author_manuscript/paper__b998ebe67682.pdf,2026-09-03T05:48:32+00:00,https://pmc.ncbi.nlm.nih.gov/articles/PMC6754295/pdf/nihms-1044594.pdf,https://pmc.ncbi.nlm.nih.gov/articles/PMC6754295/pdf/nihms-1044594.pdf,https://pmc.ncbi.nlm.nih.gov/articles/PMC6754295/,,,,NIH NLM PubMed Central public article page,author_manuscript,,upstream_metadata,pmc_acquisition_manifest,not_established,False,browser_supplied_unverified,The loopback bridge verifies the PDF's DOI/title identity but cannot independently prove that browser-supplied bytes came from the recorded source URL.,,public PMC browser session with same-origin cookies,data/papers/2019/10.1021__acssynbio.9b00146/versions/pmc_author_manuscript/pmc_manifest__cc0c3c27223c.json,cc0c3c27223c6486ae8b7a64285b1f645430c66402da0784e4008fd42241377c,data/papers/2019/10.1021__acssynbio.9b00146/pmc.json,data/papers/2019/10.1021__acssynbio.9b00146/versions/pmc_author_manuscript/pmc_package_metadata__71cfa51bcf1a.json,71cfa51bcf1a537366c609889d5fb1f160e27347202c64e4adbf1ff3d16e697a,617,data/papers/2019/10.1021__acssynbio.9b00146/pmc/PMC6754295.1.xml,data/papers/2019/10.1021__acssynbio.9b00146/versions/pmc_author_manuscript/pmc_article_xml__06be35640664.xml,06be35640664739f841b2f518dafa918d66388cc7270621ccb5c0039a9c5294c,86896,1465215,b998ebe67682c48ee8c0e60995c566306483e9baaece08dd6f49bfffd9a9ce33,18,article_pdf,doi,1.0,
doi:10.1021/acssynbio.9b00175,10.1021/acssynbio.9b00175,2019,An AND-Gated Drug and Photoactivatable Cre-loxP System for Spatiotemporal Control in Cell-Based Therapeutics,already_present,PMC8135225,PMC8135225.1,data/papers/2019/10.1021__acssynbio.9b00175/versions/pmc_author_manuscript/paper__4f363fd90a1b.pdf,2026-09-03T05:48:37+00:00,https://pmc.ncbi.nlm.nih.gov/articles/PMC8135225/pdf/nihms-1695289.pdf,https://pmc.ncbi.nlm.nih.gov/articles/PMC8135225/pdf/nihms-1695289.pdf,https://pmc.ncbi.nlm.nih.gov/articles/PMC8135225/,,,,NIH NLM PubMed Central public article page,author_manuscript,,upstream_metadata,pmc_acquisition_manifest,not_established,False,browser_supplied_unverified,The loopback bridge verifies the PDF's DOI/title identity but cannot independently prove that browser-supplied bytes came from the recorded source URL.,,public PMC browser session with same-origin cookies,data/papers/2019/10.1021__acssynbio.9b00175/versions/pmc_author_manuscript/pmc_manifest__71e5985bb68e.json,71e5985bb68eeee603768b192afcf7f2af09ffca628a8287e61c69e858029e01,data/papers/2019/10.1021__acssynbio.9b00175/pmc.json,data/papers/2019/10.1021__acssynbio.9b00175/versions/pmc_author_manuscript/pmc_package_metadata__5c54bbc607d3.json,5c54bbc607d3580a4f08f74d4398828bdf56f7e6ca393a7980465e83f31a2133,645,data/papers/2019/10.1021__acssynbio.9b00175/pmc/PMC8135225.1.xml,data/papers/2019/10.1021__acssynbio.9b00175/versions/pmc_author_manuscript/pmc_article_xml__36153d6e3618.xml,36153d6e361890ba41380c3855a8b2f1b74e6ef7b70f103e8d96b107715912da,142600,1772701,4f363fd90a1b114d2107cc959d64093c286a5b9f645ba00fcd3de0789e07cd59,27,article_pdf,doi,1.0,
doi:10.1021/acssynbio.9b00215,10.1021/acssynbio.9b00215,2019,Model-Driven Engineering of N-Linked Glycosylation in Chinese Hamster Ovary Cells,already_present,PMC7034315,PMC7034315.1,data/papers/2019/10.1021__acssynbio.9b00215/versions/pmc_author_manuscript/paper__4fee596da427.pdf,2026-09-03T05:48:39+00:00,https://pmc.ncbi.nlm.nih.gov/articles/PMC7034315/pdf/nihms-1551829.pdf,https://pmc.ncbi.nlm.nih.gov/articles/PMC7034315/pdf/nihms-1551829.pdf,https://pmc.ncbi.nlm.nih.gov/articles/PMC7034315/,,,,NIH NLM PubMed Central public article page,author_manuscript,,upstream_metadata,pmc_acquisition_manifest,not_established,False,browser_supplied_unverified,The loopback bridge verifies the PDF's DOI/title identity but cannot independently prove that browser-supplied bytes came from the recorded source URL.,,public PMC browser session with same-origin cookies,data/papers/2019/10.1021__acssynbio.9b00215/versions/pmc_author_manuscript/pmc_manifest__9eb2f185d5c4.json,9eb2f185d5c46e08ae6e90efe8a1945deb799c647df428a500142cf2ab2e27a2,data/papers/2019/10.1021__acssynbio.9b00215/pmc.json,data/papers/2019/10.1021__acssynbio.9b00215/versions/pmc_author_manuscript/pmc_package_metadata__979660b99f6d.json,979660b99f6d60d3c81a4224e98cb5b758f77d33443a2c5bca9cdc0039f07458,618,data/papers/2019/10.1021__acssynbio.9b00215/pmc/PMC7034315.1.xml,data/papers/2019/10.1021__acssynbio.9b00215/versions/pmc_author_manuscript/pmc_article_xml__99f2b67c64f9.xml,99f2b67c64f985514387f1f39ebaef468aa22f46cd3e26a0322da9799f61566d,107118,1419768,4fee596da4277dabcbe9744fdfc1be4071f97b4a980878d0303acabd658b12c5,23,article_pdf,doi,1.0,
doi:10.1021/acssynbio.9b00229,10.1021/acssynbio.9b00229,2019,Engineered Production of Hapalindole Alkaloids in the Cyanobacterium Synechococcus sp. UTEX 2973,already_present,PMC6724726,PMC6724726.1,data/papers/2019/10.1021__acssynbio.9b00229/versions/pmc_author_manuscript/paper__a764e58d33cc.pdf,2026-09-03T05:48:26+00:00,https://pmc.ncbi.nlm.nih.gov/articles/PMC6724726/pdf/nihms-1040988.pdf,https://pmc.ncbi.nlm.nih.gov/articles/PMC6724726/pdf/nihms-1040988.pdf,https://pmc.ncbi.nlm.nih.gov/articles/PMC6724726/,,,,NIH NLM PubMed Central public article page,author_manuscript,,upstream_metadata,pmc_acquisition_manifest,not_established,False,browser_supplied_unverified,The loopback bridge verifies the PDF's DOI/title identity but cannot independently prove that browser-supplied bytes came from the recorded source URL.,,public PMC browser session with same-origin cookies,data/papers/2019/10.1021__acssynbio.9b00229/versions/pmc_author_manuscript/pmc_manifest__db540c34adbe.json,db540c34adbee572c4b548298c1d8cf3ac97074791191268e8ccc2658fe0b083,data/papers/2019/10.1021__acssynbio.9b00229/pmc.json,data/papers/2019/10.1021__acssynbio.9b00229/versions/pmc_author_manuscript/pmc_package_metadata__f5fd9fb5ab1e.json,f5fd9fb5ab1ec0dfba6dfe2627e30289e6ad26062f480b7e3b46eae16e2dab01,633,data/papers/2019/10.1021__acssynbio.9b00229/pmc/PMC6724726.1.xml,data/papers/2019/10.1021__acssynbio.9b00229/versions/pmc_author_manuscript/pmc_article_xml__23f828295416.xml,23f828295416713aec4c41472641db2a4e5ac95a90fbcedef1cc949c2606f63c,139030,1861372,a764e58d33cc51f1c9f9437b598a634f75a88372ba6a854856003259a2bdee2d,25,article_pdf,doi,1.0,
doi:10.1021/acssynbio.9b00285,10.1021/acssynbio.9b00285,2019,Repurposing Protein Degradation for Optogenetic Modulation of Protein Activities,already_present,PMC7039648,PMC7039648.1,data/papers/2019/10.1021__acssynbio.9b00285/versions/pmc_author_manuscript/paper__a8ec81236982.pdf,2026-09-03T05:48:42+00:00,https://pmc.ncbi.nlm.nih.gov/articles/PMC7039648/pdf/nihms-1058529.pdf,https://pmc.ncbi.nlm.nih.gov/articles/PMC7039648/pdf/nihms-1058529.pdf,https://pmc.ncbi.nlm.nih.gov/articles/PMC7039648/,,,,NIH NLM PubMed Central public article page,author_manuscript,,upstream_metadata,pmc_acquisition_manifest,not_established,False,browser_supplied_unverified,The loopback bridge verifies the PDF's DOI/title identity but cannot independently prove that browser-supplied bytes came from the recorded source URL.,,public PMC browser session with same-origin cookies,data/papers/2019/10.1021__acssynbio.9b00285/versions/pmc_author_manuscript/pmc_manifest__161b9eab3861.json,161b9eab38615b5532a2fee6a7a458e8a4b8faba134a5881a63efbb9304afba3,data/papers/2019/10.1021__acssynbio.9b00285/pmc.json,data/papers/2019/10.1021__acssynbio.9b00285/versions/pmc_author_manuscript/pmc_package_metadata__df1679edc3e4.json,df1679edc3e43bee8e6be584de5f23bf24d29e1bdd3f5c25a78284b47e36e7a0,617,data/papers/2019/10.1021__acssynbio.9b00285/pmc/PMC7039648.1.xml,data/papers/2019/10.1021__acssynbio.9b00285/versions/pmc_author_manuscript/pmc_article_xml__dfece8d77bc0.xml,dfece8d77bc078f6ed57db83def31e70c9ebc188c8fbdb7c2ca4a43c0dbd6a66,94459,1849626,a8ec81236982db2a24b6521d487d2a9aa568a65419c444ed3ac9aa577fe69dde,20,article_pdf,doi,1.0,
doi:10.1021/acssynbio.9b00335,10.1021/acssynbio.9b00335,2019,Heterochiral DNA Strand-Displacement Based on Chimeric d/l-Oligonucleotides,already_present,PMC6953401,PMC6953401.1,data/papers/2019/10.1021__acssynbio.9b00335/versions/pmc_author_manuscript/paper__e33f422646a9.pdf,2026-09-03T05:48:45+00:00,https://pmc.ncbi.nlm.nih.gov/articles/PMC6953401/pdf/nihms-1063304.pdf,https://pmc.ncbi.nlm.nih.gov/articles/PMC6953401/pdf/nihms-1063304.pdf,https://pmc.ncbi.nlm.nih.gov/articles/PMC6953401/,,,,NIH NLM PubMed Central public article page,author_manuscript,,upstream_metadata,pmc_acquisition_manifest,not_established,False,browser_supplied_unverified,The loopback bridge verifies the PDF's DOI/title identity but cannot independently prove that browser-supplied bytes came from the recorded source URL.,,public PMC browser session with same-origin cookies,data/papers/2019/10.1021__acssynbio.9b00335/versions/pmc_author_manuscript/pmc_manifest__d1751fcac8b7.json,d1751fcac8b764c1583f50682265ea83df2672edf2ae4d72d28d960cbf1f1549,data/papers/2019/10.1021__acssynbio.9b00335/pmc.json,data/papers/2019/10.1021__acssynbio.9b00335/versions/pmc_author_manuscript/pmc_package_metadata__b4667f0d106f.json,b4667f0d106f9b6909fe7eeb3356d4392768563c4990be538294777eac0ab8e9,612,data/papers/2019/10.1021__acssynbio.9b00335/pmc/PMC6953401.1.xml,data/papers/2019/10.1021__acssynbio.9b00335/versions/pmc_author_manuscript/pmc_article_xml__f963af2cba93.xml,f963af2cba933d43352f3dd5be6ddd83bf97af706cb6457f28e7162126865297,38197,625523,e33f422646a951463a4f9ff1dc02f1cf9262fb8a734a2707c982c27e651ac8d3,7,article_pdf,doi,1.0,
doi:10.1021/acssynbio.0c00012,10.1021/acssynbio.0c00012,2020,Conditional Recruitment to a DNA-Bound CRISPR–Cas Complex Using a Colocalization-Dependent Protein Switch,already_present,PMC7976376,PMC7976376.1,data/papers/2020/10.1021__acssynbio.0c00012/versions/pmc_author_manuscript/paper__77f75f60b13e.pdf,2026-09-03T06:05:32+00:00,https://pmc.ncbi.nlm.nih.gov/articles/PMC7976376/pdf/nihms-1680053.pdf,https://pmc.ncbi.nlm.nih.gov/articles/PMC7976376/pdf/nihms-1680053.pdf,https://pmc.ncbi.nlm.nih.gov/articles/PMC7976376/,,,,NIH NLM PubMed Central public article page,author_manuscript,,upstream_metadata,pmc_acquisition_manifest,not_established,False,browser_supplied_unverified,The loopback bridge verifies the PDF's DOI/title identity but cannot independently prove that browser-supplied bytes came from the recorded source URL.,,public PMC browser session with same-origin cookies,data/papers/2020/10.1021__acssynbio.0c00012/versions/pmc_author_manuscript/pmc_manifest__990e72f90da4.json,990e72f90da40f83f40aed81fabdfec521f8829bc15bd2e1abc8e3f4a59924af,data/papers/2020/10.1021__acssynbio.0c00012/pmc.json,data/papers/2020/10.1021__acssynbio.0c00012/versions/pmc_author_manuscript/pmc_package_metadata__b8595fbdb8ae.json,b8595fbdb8ae7a5de404894f37898b99293f96c8e6911dec0558b01f2e5f8cf6,642,data/papers/2020/10.1021__acssynbio.0c00012/pmc/PMC7976376.1.xml,data/papers/2020/10.1021__acssynbio.0c00012/versions/pmc_author_manuscript/pmc_article_xml__61721ea3608a.xml,61721ea3608a133e887694596d359aa4b0ec82f336aed4b69a2ee0f92eb11a8a,80885,1373249,77f75f60b13ea0d2586d27d1725d36f8bd32bf36db15b24e967b159f2d32193f,15,article_pdf,doi,1.0,
doi:10.1021/acssynbio.0c00038,10.1021/acssynbio.0c00038,2020,Multicomponent Microscale Biosynthesis of Unnatural Cyanobacterial Indole Alkaloids,already_present,PMC7323787,PMC7323787.1,data/papers/2020/10.1021__acssynbio.0c00038/versions/pmc_author_manuscript/paper__06154ca7b4ec.pdf,2026-09-03T05:49:45+00:00,https://pmc.ncbi.nlm.nih.gov/articles/PMC7323787/pdf/nihms-1595548.pdf,https://pmc.ncbi.nlm.nih.gov/articles/PMC7323787/pdf/nihms-1595548.pdf,https://pmc.ncbi.nlm.nih.gov/articles/PMC7323787/,,,,NIH NLM PubMed Central public article page,author_manuscript,,upstream_metadata,pmc_acquisition_manifest,not_established,False,browser_supplied_unverified,The loopback bridge verifies the PDF's DOI/title identity but cannot independently prove that browser-supplied bytes came from the recorded source URL.,,public PMC browser session with same-origin cookies,data/papers/2020/10.1021__acssynbio.0c00038/versions/pmc_author_manuscript/pmc_manifest__b0c04fd8ea8e.json,b0c04fd8ea8e1087c3f56ac145f74041fc0c30c0dd91fb0fdb4c3e9abae4c41e,data/papers/2020/10.1021__acssynbio.0c00038/pmc.json,data/papers/2020/10.1021__acssynbio.0c00038/versions/pmc_author_manuscript/pmc_package_metadata__0addda633641.json,0addda633641a6f186bda9244971aeca0a3c507a5be07539f45eaa89de9c1614,620,data/papers/2020/10.1021__acssynbio.0c00038/pmc/PMC7323787.1.xml,data/papers/2020/10.1021__acssynbio.0c00038/versions/pmc_author_manuscript/pmc_article_xml__78f7697c747d.xml,78f7697c747df40a5d08811e4782ff6ccde50c5f1df327273036d8a26b61f95e,153903,2150842,06154ca7b4ec50b300cf027e91bc642c632327e9559262ce1cedf242b2ab76d8,26,article_pdf,doi,1.0,
doi:10.1021/acssynbio.0c00040,10.1021/acssynbio.0c00040,2020,Transcript Barcoding Illuminates the Expression Level of Synthetic Constructs in E. coli Nissle Residing in the Mammalian Gut,already_present,PMC7293544,PMC7293544.1,data/papers/2020/10.1021__acssynbio.0c00040/versions/pmc_author_manuscript/paper__0f9c1ad60cf1.pdf,2026-09-03T05:49:35+00:00,https://pmc.ncbi.nlm.nih.gov/articles/PMC7293544/pdf/nihms-1587451.pdf,https://pmc.ncbi.nlm.nih.gov/articles/PMC7293544/pdf/nihms-1587451.pdf,https://pmc.ncbi.nlm.nih.gov/articles/PMC7293544/,,,,NIH NLM PubMed Central public article page,author_manuscript,,upstream_metadata,pmc_acquisition_manifest,not_established,False,browser_supplied_unverified,The loopback bridge verifies the PDF's DOI/title identity but cannot independently prove that browser-supplied bytes came from the recorded source URL.,,public PMC browser session with same-origin cookies,data/papers/2020/10.1021__acssynbio.0c00040/versions/pmc_author_manuscript/pmc_manifest__799c3f9d0dbe.json,799c3f9d0dbed6680e0ced21f3404746bf63a8904a8bc4f22140d4151aa29e08,data/papers/2020/10.1021__acssynbio.0c00040/pmc.json,data/papers/2020/10.1021__acssynbio.0c00040/versions/pmc_author_manuscript/pmc_package_metadata__8f57f7858025.json,8f57f7858025c3abdd948d2300f9f1daac1b500622ab6a9213e96b0a6f3e0369,662,data/papers/2020/10.1021__acssynbio.0c00040/pmc/PMC7293544.1.xml,data/papers/2020/10.1021__acssynbio.0c00040/versions/pmc_author_manuscript/pmc_article_xml__574b5d29542b.xml,574b5d29542bf68a4336f7ed0aa00f63f4175eec785f87493799312e1e82e419,97884,2046745,0f9c1ad60cf179de559b8ccde235752402a2402a23ea04e45c6aff93baaff609,21,article_pdf,doi,1.0,
doi:10.1021/acssynbio.0c00110,10.1021/acssynbio.0c00110,2020,Bottom-Up Construction of a Minimal System for Cellular Respiration and Energy Regeneration,already_present,PMC7611821,PMC7611821.1,data/papers/2020/10.1021__acssynbio.0c00110/versions/pmc_author_manuscript/paper__0e8538770655.pdf,2026-09-03T06:05:16+00:00,https://pmc.ncbi.nlm.nih.gov/articles/PMC7611821/pdf/EMS135865.pdf,https://pmc.ncbi.nlm.nih.gov/articles/PMC7611821/pdf/EMS135865.pdf,https://pmc.ncbi.nlm.nih.gov/articles/PMC7611821/,,,,NIH NLM PubMed Central public article page,author_manuscript,,upstream_metadata,pmc_acquisition_manifest,not_established,False,browser_supplied_unverified,The loopback bridge verifies the PDF's DOI/title identity but cannot independently prove that browser-supplied bytes came from the recorded source URL.,,public PMC browser session with same-origin cookies,data/papers/2020/10.1021__acssynbio.0c00110/versions/pmc_author_manuscript/pmc_manifest__c2e2a9ae4343.json,c2e2a9ae4343f9bf0671bf7512368081ad4d4de80db00faf5362863a0f5f51d7,data/papers/2020/10.1021__acssynbio.0c00110/pmc.json,data/papers/2020/10.1021__acssynbio.0c00110/versions/pmc_author_manuscript/pmc_package_metadata__97c025f3e46b.json,97c025f3e46b9fd2aec79fe78f95941bc6c0495fe51d13838ed86f4a22f82435,625,data/papers/2020/10.1021__acssynbio.0c00110/pmc/PMC7611821.1.xml,data/papers/2020/10.1021__acssynbio.0c00110/versions/pmc_author_manuscript/pmc_article_xml__edc5c54a529f.xml,edc5c54a529f01b8332d9e46cacd4069f6362e178643fc662731b9e8769bfec5,122652,1690222,0e8538770655fc50e80954a19d0409401655b7c573f361cc3cdf4844cb1a73a3,23,article_pdf,doi,1.0,
doi:10.1021/acssynbio.0c00111,10.1021/acssynbio.0c00111,2020,Inducible Expression Systems Based on Xenogeneic Silencing and Counter-Silencing and Design of a Metabolic Toggle Switch,already_present,PMC7116053,PMC7116053.1,data/papers/2020/10.1021__acssynbio.0c00111/versions/pmc_author_manuscript/paper__821502774f87.pdf,2026-09-03T06:05:24+00:00,https://pmc.ncbi.nlm.nih.gov/articles/PMC7116053/pdf/EMS94376.pdf,https://pmc.ncbi.nlm.nih.gov/articles/PMC7116053/pdf/EMS94376.pdf,https://pmc.ncbi.nlm.nih.gov/articles/PMC7116053/,,,,NIH NLM PubMed Central public article page,author_manuscript,,upstream_metadata,pmc_acquisition_manifest,not_established,False,browser_supplied_unverified,The loopback bridge verifies the PDF's DOI/title identity but cannot independently prove that browser-supplied bytes came from the recorded source URL.,,public PMC browser session with same-origin cookies,data/papers/2020/10.1021__acssynbio.0c00111/versions/pmc_author_manuscript/pmc_manifest__b5d1dc7d413c.json,b5d1dc7d413c250152b982d44e77b9aaf33f2308a0bd86b498bcff19a7f30562,data/papers/2020/10.1021__acssynbio.0c00111/pmc.json,data/papers/2020/10.1021__acssynbio.0c00111/versions/pmc_author_manuscript/pmc_package_metadata__cf05aa204ca8.json,cf05aa204ca8cd8dcf4bcace0f31ec9e39eb2898ee84f021cdfc13b887cdc83d,653,data/papers/2020/10.1021__acssynbio.0c00111/pmc/PMC7116053.1.xml,data/papers/2020/10.1021__acssynbio.0c00111/versions/pmc_author_manuscript/pmc_article_xml__318ea6359ec5.xml,318ea6359ec5d1f6f9d11737c45f9034ea1c815c2669fa407bc063762ba0f6d7,182133,2145804,821502774f8788dab77bd8cfff810cd2fba7d3e74e4f7b6a6a2efd6abf528815,32,article_pdf,doi,1.0,
doi:10.1021/acssynbio.0c00135,10.1021/acssynbio.0c00135,2020,Automated Continuous Evolution of Proteins in Vivo,already_present,PMC7370864,PMC7370864.1,data/papers/2020/10.1021__acssynbio.0c00135/versions/pmc_author_manuscript/paper__b74aed0bf506.pdf,2026-09-03T05:49:42+00:00,https://pmc.ncbi.nlm.nih.gov/articles/PMC7370864/pdf/nihms-1608431.pdf,https://pmc.ncbi.nlm.nih.gov/articles/PMC7370864/pdf/nihms-1608431.pdf,https://pmc.ncbi.nlm.nih.gov/articles/PMC7370864/,,,,NIH NLM PubMed Central public article page,author_manuscript,,upstream_metadata,pmc_acquisition_manifest,not_established,False,browser_supplied_unverified,The loopback bridge verifies the PDF's DOI/title identity but cannot independently prove that browser-supplied bytes came from the recorded source URL.,,public PMC browser session with same-origin cookies,data/papers/2020/10.1021__acssynbio.0c00135/versions/pmc_author_manuscript/pmc_manifest__12114cfc6e6f.json,12114cfc6e6fd4b72898bf585f2255d7f56719e50d498c358fb232cc80578222,data/papers/2020/10.1021__acssynbio.0c00135/pmc.json,data/papers/2020/10.1021__acssynbio.0c00135/versions/pmc_author_manuscript/pmc_package_metadata__8eb1f43a457b.json,8eb1f43a457bd0231b659aa69ad41009347b3df5801037a9014932da3e7f0fce,587,data/papers/2020/10.1021__acssynbio.0c00135/pmc/PMC7370864.1.xml,data/papers/2020/10.1021__acssynbio.0c00135/versions/pmc_author_manuscript/pmc_article_xml__25f4c9dfbe45.xml,25f4c9dfbe453235f718608b20a8552d74d1b58f881e8a002cbc2f9b48665243,76210,1006037,b74aed0bf506e05821bbefba3804c3e720cacae0616aa3504906e1057c56e47f,14,article_pdf,doi,1.0,
doi:10.1021/acssynbio.0c00179,10.1021/acssynbio.0c00179,2020,Homologous Quorum Sensing Regulatory Circuit: A Dual-Input Genetic Controller for Modulating Quorum Sensing-Mediated Protein Expression in E. coli,already_present,PMC7750011,PMC7750011.1,data/papers/2020/10.1021__acssynbio.0c00179/versions/pmc_author_manuscript/paper__0bd45bea9b39.pdf,2026-09-03T06:05:35+00:00,https://pmc.ncbi.nlm.nih.gov/articles/PMC7750011/pdf/nihms-1652942.pdf,https://pmc.ncbi.nlm.nih.gov/articles/PMC7750011/pdf/nihms-1652942.pdf,https://pmc.ncbi.nlm.nih.gov/articles/PMC7750011/,,,,NIH NLM PubMed Central public article page,author_manuscript,,upstream_metadata,pmc_acquisition_manifest,not_established,False,browser_supplied_unverified,The loopback bridge verifies the PDF's DOI/title identity but cannot independently prove that browser-supplied bytes came from the recorded source URL.,,public PMC browser session with same-origin cookies,data/papers/2020/10.1021__acssynbio.0c00179/versions/pmc_author_manuscript/pmc_manifest__196aee8181e7.json,196aee8181e7115cd36422a2b92a3f9bc139b5e3dd5e2b2e75598fe2d0edf661,data/papers/2020/10.1021__acssynbio.0c00179/pmc.json,data/papers/2020/10.1021__acssynbio.0c00179/versions/pmc_author_manuscript/pmc_package_metadata__1e9b147cdba9.json,1e9b147cdba9f91785b3e0959c6e8bb9c84f06db032b62c2ade4e87446a24f10,683,data/papers/2020/10.1021__acssynbio.0c00179/pmc/PMC7750011.1.xml,data/papers/2020/10.1021__acssynbio.0c00179/versions/pmc_author_manuscript/pmc_article_xml__21eb8938f78b.xml,21eb8938f78be83b2fa30cf645487b67e780f1fc8b7eb670525a9dacf17f8981,146470,1661689,0bd45bea9b3905af7d0985a0a75dbf1ac82738e17f41a36c80af71b5439efe04,23,article_pdf,doi,1.0,
doi:10.1021/acssynbio.0c00203,10.1021/acssynbio.0c00203,2020,Display of Self-Peptide on Adeno-Associated Virus Capsid Decreases Phagocytic Uptake in Vitro,already_present,PMC9644873,PMC9644873.1,data/papers/2020/10.1021__acssynbio.0c00203/versions/pmc_author_manuscript/paper__fe1b47356d56.pdf,2026-09-03T06:05:27+00:00,https://pmc.ncbi.nlm.nih.gov/articles/PMC9644873/pdf/nihms-1842023.pdf,https://pmc.ncbi.nlm.nih.gov/articles/PMC9644873/pdf/nihms-1842023.pdf,https://pmc.ncbi.nlm.nih.gov/articles/PMC9644873/,,,,NIH NLM PubMed Central public article page,author_manuscript,,upstream_metadata,pmc_acquisition_manifest,not_established,False,browser_supplied_unverified,The loopback bridge verifies the PDF's DOI/title identity but cannot independently prove that browser-supplied bytes came from the recorded source URL.,,public PMC browser session with same-origin cookies,data/papers/2020/10.1021__acssynbio.0c00203/versions/pmc_author_manuscript/pmc_manifest__e9ca68b7a5dc.json,e9ca68b7a5dc1dd4fee43d2d83eeb6a67be7bec60341117d7556a2a8d54c477a,data/papers/2020/10.1021__acssynbio.0c00203/pmc.json,data/papers/2020/10.1021__acssynbio.0c00203/versions/pmc_author_manuscript/pmc_package_metadata__d35525a3e2ec.json,d35525a3e2ec6ce0744962a6bde5e1c1108ac2d5df8bc6924ee68c4fdddc651d,629,data/papers/2020/10.1021__acssynbio.0c00203/pmc/PMC9644873.1.xml,data/papers/2020/10.1021__acssynbio.0c00203/versions/pmc_author_manuscript/pmc_article_xml__abb2b28ea9d6.xml,abb2b28ea9d6c84bd7c5ddba8f031bb25bc24b45270d5d4be3ed9832e4620539,54845,872400,fe1b47356d5668a1e145424d4ce00faa2bdda71008449a87600e70b2765466cf,13,article_pdf,doi,1.0,
doi:10.1021/acssynbio.0c00242,10.1021/acssynbio.0c00242,2020,Mapping Protein–Protein Interaction Interface Peptides with Jun-Fos Assisted Phage Display and Deep Sequencing,already_present,PMC7671604,PMC7671604.1,data/papers/2020/10.1021__acssynbio.0c00242/versions/pmc_author_manuscript/paper__7ac0a2cabf5d.pdf,2026-09-03T06:05:19+00:00,https://pmc.ncbi.nlm.nih.gov/articles/PMC7671604/pdf/nihms-1645249.pdf,https://pmc.ncbi.nlm.nih.gov/articles/PMC7671604/pdf/nihms-1645249.pdf,https://pmc.ncbi.nlm.nih.gov/articles/PMC7671604/,,,,NIH NLM PubMed Central public article page,author_manuscript,,upstream_metadata,pmc_acquisition_manifest,not_established,False,browser_supplied_unverified,The loopback bridge verifies the PDF's DOI/title identity but cannot independently prove that browser-supplied bytes came from the recorded source URL.,,public PMC browser session with same-origin cookies,data/papers/2020/10.1021__acssynbio.0c00242/versions/pmc_author_manuscript/pmc_manifest__2b0fa78ac15b.json,2b0fa78ac15bec0b4769146000631685540746ad2cf13f287e52ddcfdff540a6,data/papers/2020/10.1021__acssynbio.0c00242/pmc.json,data/papers/2020/10.1021__acssynbio.0c00242/versions/pmc_author_manuscript/pmc_package_metadata__1cb6a07d9249.json,1cb6a07d9249284cf43d19799ac757c59b3a331cc75ed4b01c982b3f5c85546d,647,data/papers/2020/10.1021__acssynbio.0c00242/pmc/PMC7671604.1.xml,data/papers/2020/10.1021__acssynbio.0c00242/versions/pmc_author_manuscript/pmc_article_xml__1638b6faf791.xml,1638b6faf7910103225b53e60748a4d3ddc9ee9c680274df1bc634601f9b1e33,132517,2496673,7ac0a2cabf5dc975b50f6f49f7866da9d215b96a0168ae89c12389691f30dd03,30,article_pdf,doi,1.0,
doi:10.1021/acssynbio.0c00265,10.1021/acssynbio.0c00265,2020,Site-Directed Mutagenesis of Large Biosynthetic Gene Clusters via Oligonucleotide Recombineering and CRISPR/Cas9 Targeting,already_present,PMC8142379,PMC8142379.1,data/papers/2020/10.1021__acssynbio.0c00265/versions/pmc_author_manuscript/paper__4a12130210a7.pdf,2026-09-03T06:05:21+00:00,https://pmc.ncbi.nlm.nih.gov/articles/PMC8142379/pdf/nihms-1702301.pdf,https://pmc.ncbi.nlm.nih.gov/articles/PMC8142379/pdf/nihms-1702301.pdf,https://pmc.ncbi.nlm.nih.gov/articles/PMC8142379/,,,,NIH NLM PubMed Central public article page,author_manuscript,,upstream_metadata,pmc_acquisition_manifest,not_established,False,browser_supplied_unverified,The loopback bridge verifies the PDF's DOI/title identity but cannot independently prove that browser-supplied bytes came from the recorded source URL.,,public PMC browser session with same-origin cookies,data/papers/2020/10.1021__acssynbio.0c00265/versions/pmc_author_manuscript/pmc_manifest__ee27eca90b7a.json,ee27eca90b7aa3e5af2e7db05b01156f8d5fd291e54efc0327fa49b4ff6dc87f,data/papers/2020/10.1021__acssynbio.0c00265/pmc.json,data/papers/2020/10.1021__acssynbio.0c00265/versions/pmc_author_manuscript/pmc_package_metadata__9de6edb99cd3.json,9de6edb99cd3190ab25007403b78eac471ea497e515c7f29b47999bef2cc5048,659,data/papers/2020/10.1021__acssynbio.0c00265/pmc/PMC8142379.1.xml,data/papers/2020/10.1021__acssynbio.0c00265/versions/pmc_author_manuscript/pmc_article_xml__24ea7af9476a.xml,24ea7af9476ad8bfeab73ef0436baecf88ced7c0151fec37fd030634b9f5f9d2,58580,1194117,4a12130210a7ad27129fe33738fa4cbcb1e6a17982110e3fe6df7193fa6b69d3,12,article_pdf,doi,1.0,
doi:10.1021/acssynbio.0c00305,10.1021/acssynbio.0c00305,2020,Design and Characterization of Rapid Optogenetic Circuits for Dynamic Control in Yeast Metabolic Engineering,already_present,PMC10399620,PMC10399620.1,data/papers/2020/10.1021__acssynbio.0c00305/versions/pmc_author_manuscript/paper__c72e2c75932c.pdf,2026-09-03T06:05:44+00:00,https://pmc.ncbi.nlm.nih.gov/articles/PMC10399620/pdf/nihms-1915997.pdf,https://pmc.ncbi.nlm.nih.gov/articles/PMC10399620/pdf/nihms-1915997.pdf,https://pmc.ncbi.nlm.nih.gov/articles/PMC10399620/,,,,NIH NLM PubMed Central public article page,author_manuscript,,upstream_metadata,pmc_acquisition_manifest,not_established,False,browser_supplied_unverified,The loopback bridge verifies the PDF's DOI/title identity but cannot independently prove that browser-supplied bytes came from the recorded source URL.,,public PMC browser session with same-origin cookies,data/papers/2020/10.1021__acssynbio.0c00305/versions/pmc_author_manuscript/pmc_manifest__2aff2050ec9e.json,2aff2050ec9ee6210651898e30912fc7f71b85a900b301ac107a564dfab4fc94,data/papers/2020/10.1021__acssynbio.0c00305/pmc.json,data/papers/2020/10.1021__acssynbio.0c00305/versions/pmc_author_manuscript/pmc_package_metadata__6a756c5c261d.json,6a756c5c261d799d0ebbe25569c7b6ab8f02b8a8acef42620f6c4bd2bb1f5132,649,data/papers/2020/10.1021__acssynbio.0c00305/pmc/PMC10399620.1.xml,data/papers/2020/10.1021__acssynbio.0c00305/versions/pmc_author_manuscript/pmc_article_xml__402965f55af7.xml,402965f55af7e1aa0d0101c32ff4320666a2b9600a1668b8deeac4396c73a73b,132212,1432074,c72e2c75932cd5e61d80c72a8d5d8ce31c472ef4727510c0ae48b422a93bbaab,25,article_pdf,doi,1.0,
doi:10.1021/acssynbio.0c00380,10.1021/acssynbio.0c00380,2020,"Leveraging Oxidative Stress to Regulate Redox Balance-Based, In Vivo Growth Selections for Oxygenase Engineering",already_present,PMC10441625,PMC10441625.1,data/papers/2020/10.1021__acssynbio.0c00380/versions/pmc_author_manuscript/paper__7535d127524e.pdf,2026-09-03T06:05:41+00:00,https://pmc.ncbi.nlm.nih.gov/articles/PMC10441625/pdf/nihms-1919504.pdf,https://pmc.ncbi.nlm.nih.gov/articles/PMC10441625/pdf/nihms-1919504.pdf,https://pmc.ncbi.nlm.nih.gov/articles/PMC10441625/,,,,NIH NLM PubMed Central public article page,author_manuscript,,upstream_metadata,pmc_acquisition_manifest,not_established,False,browser_supplied_unverified,The loopback bridge verifies the PDF's DOI/title identity but cannot independently prove that browser-supplied bytes came from the recorded source URL.,,public PMC browser session with same-origin cookies,data/papers/2020/10.1021__acssynbio.0c00380/versions/pmc_author_manuscript/pmc_manifest__43ca96ad6b10.json,43ca96ad6b10edd281c15847d6b8e7cc7000081a78fbbf2161a871e133a18b47,data/papers/2020/10.1021__acssynbio.0c00380/pmc.json,data/papers/2020/10.1021__acssynbio.0c00380/versions/pmc_author_manuscript/pmc_package_metadata__bf3325557a84.json,bf3325557a848999af9317417a8a86dba3dcfab7d5d69112855248ce98a93d03,654,data/papers/2020/10.1021__acssynbio.0c00380/pmc/PMC10441625.1.xml,data/papers/2020/10.1021__acssynbio.0c00380/versions/pmc_author_manuscript/pmc_article_xml__8b36a1b04e3c.xml,8b36a1b04e3c8abfe623ec8db1d365354cc13cb97f83bb4e1bfabcd2ac779433,108176,1672732,7535d127524e77c47c883ced58dae572574d0dee80eb1a762fc31a2d3f352575,20,article_pdf,doi,1.0,
doi:10.1021/acssynbio.0c00397,10.1021/acssynbio.0c00397,2020,Creating Red Light-Switchable Protein Dimerization Systems as Genetically Encoded Actuators with High Specificity,already_present,PMC7749050,PMC7749050.1,data/papers/2020/10.1021__acssynbio.0c00397/versions/pmc_author_manuscript/paper__6c9cc1962be3.pdf,2026-09-03T06:05:46+00:00,https://pmc.ncbi.nlm.nih.gov/articles/PMC7749050/pdf/nihms-1643762.pdf,https://pmc.ncbi.nlm.nih.gov/articles/PMC7749050/pdf/nihms-1643762.pdf,https://pmc.ncbi.nlm.nih.gov/articles/PMC7749050/,,,,NIH NLM PubMed Central public article page,author_manuscript,,upstream_metadata,pmc_acquisition_manifest,not_established,False,browser_supplied_unverified,The loopback bridge verifies the PDF's DOI/title identity but cannot independently prove that browser-supplied bytes came from the recorded source URL.,,public PMC browser session with same-origin cookies,data/papers/2020/10.1021__acssynbio.0c00397/versions/pmc_author_manuscript/pmc_manifest__7d825265a462.json,7d825265a4629df02652f4df7fadd26231595418ec9c2477865b50844b6d2e68,data/papers/2020/10.1021__acssynbio.0c00397/pmc.json,data/papers/2020/10.1021__acssynbio.0c00397/versions/pmc_author_manuscript/pmc_package_metadata__ec9ea86dfa79.json,ec9ea86dfa79169180e6d84a6d89f8caaa734b7b13d5bb7a0064c57c6b6ff070,650,data/papers/2020/10.1021__acssynbio.0c00397/pmc/PMC7749050.1.xml,data/papers/2020/10.1021__acssynbio.0c00397/versions/pmc_author_manuscript/pmc_article_xml__51c4873a1d85.xml,51c4873a1d85ee1fe865f6f2336407b535d32b53e76df5f0c0da992e36806d08,121577,1781214,6c9cc1962be38741b24c265fbe06f3b7d5c256c569d06e62a44c7dc6213fae7a,27,article_pdf,doi,1.0,
doi:10.1021/acssynbio.0c00407,10.1021/acssynbio.0c00407,2020,Genetically Encoded Fluorescent Biosensor for Rapid Detection of Protein Expression,already_present,PMC8477756,PMC8477756.1,data/papers/2020/10.1021__acssynbio.0c00407/versions/pmc_author_manuscript/paper__bcda80d585e2.pdf,2026-09-03T06:05:38+00:00,https://pmc.ncbi.nlm.nih.gov/articles/PMC8477756/pdf/nihms-1739487.pdf,https://pmc.ncbi.nlm.nih.gov/articles/PMC8477756/pdf/nihms-1739487.pdf,https://pmc.ncbi.nlm.nih.gov/articles/PMC8477756/,,,,NIH NLM PubMed Central public article page,author_manuscript,,upstream_metadata,pmc_acquisition_manifest,not_established,False,browser_supplied_unverified,The loopback bridge verifies the PDF's DOI/title identity but cannot independently prove that browser-supplied bytes came from the recorded source URL.,,public PMC browser session with same-origin cookies,data/papers/2020/10.1021__acssynbio.0c00407/versions/pmc_author_manuscript/pmc_manifest__faa299aac88d.json,faa299aac88de792cec821e8f42e448c7dfbafc22ea71396e0be3663be688f08,data/papers/2020/10.1021__acssynbio.0c00407/pmc.json,data/papers/2020/10.1021__acssynbio.0c00407/versions/pmc_author_manuscript/pmc_package_metadata__e4e4dbfedb53.json,e4e4dbfedb538e59fe038461d9a245c6719ab12f4549dbe330cb996d30a3822b,620,data/papers/2020/10.1021__acssynbio.0c00407/pmc/PMC8477756.1.xml,data/papers/2020/10.1021__acssynbio.0c00407/versions/pmc_author_manuscript/pmc_article_xml__2a39444212c6.xml,2a39444212c6fe763ef8292576f2a6e2c44772d4f94a3bf006c122d7acf8a91a,100750,1100209,bcda80d585e21600879900a88aa3e094bb0b4b50db71cfda2e0b82738fb541ca,21,article_pdf,doi,1.0,
doi:10.1021/acssynbio.0c00431,10.1021/acssynbio.0c00431,2020,Heterologous Expression of Cryptomaldamide in a Cyanobacterial Host,already_present,PMC8514081,PMC8514081.1,data/papers/2020/10.1021__acssynbio.0c00431/versions/pmc_author_manuscript/paper__b4d29501542d.pdf,2026-09-03T06:05:49+00:00,https://pmc.ncbi.nlm.nih.gov/articles/PMC8514081/pdf/nihms-1743291.pdf,https://pmc.ncbi.nlm.nih.gov/articles/PMC8514081/pdf/nihms-1743291.pdf,https://pmc.ncbi.nlm.nih.gov/articles/PMC8514081/,,,,NIH NLM PubMed Central public article page,author_manuscript,,upstream_metadata,pmc_acquisition_manifest,not_established,False,browser_supplied_unverified,The loopback bridge verifies the PDF's DOI/title identity but cannot independently prove that browser-supplied bytes came from the recorded source URL.,,public PMC browser session with same-origin cookies,data/papers/2020/10.1021__acssynbio.0c00431/versions/pmc_author_manuscript/pmc_manifest__0d656bd8865f.json,0d656bd8865f22a89b952da6fa6205bbabea17b085236d44ee74ce0515e81f06,data/papers/2020/10.1021__acssynbio.0c00431/pmc.json,data/papers/2020/10.1021__acssynbio.0c00431/versions/pmc_author_manuscript/pmc_package_metadata__bd01c628659e.json,bd01c628659ead3cb9ef95be2bd52282f4f4b2bbac07d2187202fbaf62af82d6,604,data/papers/2020/10.1021__acssynbio.0c00431/pmc/PMC8514081.1.xml,data/papers/2020/10.1021__acssynbio.0c00431/versions/pmc_author_manuscript/pmc_article_xml__00738f3a4d52.xml,00738f3a4d5200e0f05e6e5fd35499c24e52d472fe63d0512dd38fd487b168cd,174822,973623,b4d29501542d49e213513ca729b9ee5647ce7d452480db35dde05ad10cb4d437,24,article_pdf,doi,1.0,
doi:10.1021/acssynbio.9b00277,10.1021/acssynbio.9b00277,2020,Engineered BRET-Based Biologic Light Sources Enable Spatiotemporal Control over Diverse Optogenetic Systems,already_present,PMC7875091,PMC7875091.1,data/papers/2020/10.1021__acssynbio.9b00277/versions/pmc_author_manuscript/paper__5b1beabf41c5.pdf,2026-09-03T05:48:47+00:00,https://pmc.ncbi.nlm.nih.gov/articles/PMC7875091/pdf/nihms-1669526.pdf,https://pmc.ncbi.nlm.nih.gov/articles/PMC7875091/pdf/nihms-1669526.pdf,https://pmc.ncbi.nlm.nih.gov/articles/PMC7875091/,,,,NIH NLM PubMed Central public article page,author_manuscript,,upstream_metadata,pmc_acquisition_manifest,not_established,False,browser_supplied_unverified,The loopback bridge verifies the PDF's DOI/title identity but cannot independently prove that browser-supplied bytes came from the recorded source URL.,,public PMC browser session with same-origin cookies,data/papers/2020/10.1021__acssynbio.9b00277/versions/pmc_author_manuscript/pmc_manifest__d5614a9a20b0.json,d5614a9a20b02580c3764c84b58337f9c6fdeb18942006c33976be66721f9e3b,data/papers/2020/10.1021__acssynbio.9b00277/pmc.json,data/papers/2020/10.1021__acssynbio.9b00277/versions/pmc_author_manuscript/pmc_package_metadata__fcd6d4db7527.json,fcd6d4db7527e966abfc8c6c1950083b4c5a28afbc6ac599cd80e03154c94e2f,644,data/papers/2020/10.1021__acssynbio.9b00277/pmc/PMC7875091.1.xml,data/papers/2020/10.1021__acssynbio.9b00277/versions/pmc_author_manuscript/pmc_article_xml__a6eb6d92c191.xml,a6eb6d92c19189e01f1131acb33ce2b173d74cf43f70cdac5e738c6fe26a9771,133326,1519563,5b1beabf41c5eead29602871342d43adb00b7fa13642ef061402520eb7dab9fc,18,article_pdf,doi,1.0,
doi:10.1021/acssynbio.9b00334,10.1021/acssynbio.9b00334,2020,Expanding the Natural Products Heterologous Expression Repertoire in the Model Cyanobacterium Anabaena sp. Strain PCC 7120: Production of Pendolmycin and Teleocidin B-4,already_present,PMC7384983,PMC7384983.1,data/papers/2020/10.1021__acssynbio.9b00334/versions/pmc_author_manuscript/paper__f4f2bbf5b6c1.pdf,2026-09-03T05:48:55+00:00,https://pmc.ncbi.nlm.nih.gov/articles/PMC7384983/pdf/nihms-1586574.pdf,https://pmc.ncbi.nlm.nih.gov/articles/PMC7384983/pdf/nihms-1586574.pdf,https://pmc.ncbi.nlm.nih.gov/articles/PMC7384983/,,,,NIH NLM PubMed Central public article page,author_manuscript,,upstream_metadata,pmc_acquisition_manifest,not_established,False,browser_supplied_unverified,The loopback bridge verifies the PDF's DOI/title identity but cannot independently prove that browser-supplied bytes came from the recorded source URL.,,public PMC browser session with same-origin cookies,data/papers/2020/10.1021__acssynbio.9b00334/versions/pmc_author_manuscript/pmc_manifest__22a5d2d26822.json,22a5d2d268226dc6f459245f2cc1881e6e051972a33d50a0fd1a4e89d4b119b8,data/papers/2020/10.1021__acssynbio.9b00334/pmc.json,data/papers/2020/10.1021__acssynbio.9b00334/versions/pmc_author_manuscript/pmc_package_metadata__5f79551815a7.json,5f79551815a7fe036998b44a52d74fe1b04b2c44edb7c185ede77d64741b9cd0,705,data/papers/2020/10.1021__acssynbio.9b00334/pmc/PMC7384983.1.xml,data/papers/2020/10.1021__acssynbio.9b00334/versions/pmc_author_manuscript/pmc_article_xml__8952e7332cd3.xml,8952e7332cd3b6703a87c0c1dc4051f911cc1d545b04de9b5a953d70bdd024b0,139733,1101255,f4f2bbf5b6c1d6206b46ccc8d43dab9307deb7d7864251a11bd699261d729dd9,27,article_pdf,doi,1.0,
doi:10.1021/acssynbio.9b00341,10.1021/acssynbio.9b00341,2020,Site-Specific Post-translational Surface Modification of Adeno-Associated Virus Vectors Using Leucine Zippers,already_present,PMC7323921,PMC7323921.1,data/papers/2020/10.1021__acssynbio.9b00341/versions/pmc_author_manuscript/paper__bdcd721e9695.pdf,2026-09-03T05:49:19+00:00,https://pmc.ncbi.nlm.nih.gov/articles/PMC7323921/pdf/nihms-1600578.pdf,https://pmc.ncbi.nlm.nih.gov/articles/PMC7323921/pdf/nihms-1600578.pdf,https://pmc.ncbi.nlm.nih.gov/articles/PMC7323921/,,,,NIH NLM PubMed Central public article page,author_manuscript,,upstream_metadata,pmc_acquisition_manifest,not_established,False,browser_supplied_unverified,The loopback bridge verifies the PDF's DOI/title identity but cannot independently prove that browser-supplied bytes came from the recorded source URL.,,public PMC browser session with same-origin cookies,data/papers/2020/10.1021__acssynbio.9b00341/versions/pmc_author_manuscript/pmc_manifest__b469d3756efe.json,b469d3756efeeeea0b065853cea518c6f81918a182c0f76e26405bdb35cdae48,data/papers/2020/10.1021__acssynbio.9b00341/pmc.json,data/papers/2020/10.1021__acssynbio.9b00341/versions/pmc_author_manuscript/pmc_package_metadata__49a468cb559c.json,49a468cb559cd00f7db48dfbd3e805ef569108695e88421a9ddee41cb5f23a2c,646,data/papers/2020/10.1021__acssynbio.9b00341/pmc/PMC7323921.1.xml,data/papers/2020/10.1021__acssynbio.9b00341/versions/pmc_author_manuscript/pmc_article_xml__f8dfef120415.xml,f8dfef1204157d443d3622ce6b4a24867ca8bd0c7175521b2080814edc7f0f7b,76505,752332,bdcd721e96950f7e4245be8cbd8598b818042c399f746ba2114377156f6b9927,18,article_pdf,doi,1.0,
doi:10.1021/acssynbio.9b00347,10.1021/acssynbio.9b00347,2020,Point-of-Use Detection of Environmental Fluoride via a Cell-Free Riboswitch-Based Biosensor,already_present,PMC7412506,PMC7412506.1,data/papers/2020/10.1021__acssynbio.9b00347/versions/pmc_author_manuscript/paper__23c59a9564b1.pdf,2026-09-03T05:48:50+00:00,https://pmc.ncbi.nlm.nih.gov/articles/PMC7412506/pdf/nihms-1603618.pdf,https://pmc.ncbi.nlm.nih.gov/articles/PMC7412506/pdf/nihms-1603618.pdf,https://pmc.ncbi.nlm.nih.gov/articles/PMC7412506/,,,,NIH NLM PubMed Central public article page,author_manuscript,,upstream_metadata,pmc_acquisition_manifest,not_established,False,browser_supplied_unverified,The loopback bridge verifies the PDF's DOI/title identity but cannot independently prove that browser-supplied bytes came from the recorded source URL.,,public PMC browser session with same-origin cookies,data/papers/2020/10.1021__acssynbio.9b00347/versions/pmc_author_manuscript/pmc_manifest__d27b4629278b.json,d27b4629278b0060cc22a8d0c18963960695b5ced77db5a898fd0875b0c60b5d,data/papers/2020/10.1021__acssynbio.9b00347/pmc.json,data/papers/2020/10.1021__acssynbio.9b00347/versions/pmc_author_manuscript/pmc_package_metadata__6def34d37769.json,6def34d377698ba9796582b84125a6b10d3d2477473aff9517524699c9d174d2,628,data/papers/2020/10.1021__acssynbio.9b00347/pmc/PMC7412506.1.xml,data/papers/2020/10.1021__acssynbio.9b00347/versions/pmc_author_manuscript/pmc_article_xml__98a6e39a2d99.xml,98a6e39a2d99ad5cba7e4f24918e631b30fd197bc9ea7f59495f6979232321e0,88203,1122735,23c59a9564b110d6b5eab852ee32b4c8eb55966fc5e0bc3965d916f0766dc148,18,article_pdf,doi,1.0,
doi:10.1021/acssynbio.9b00348,10.1021/acssynbio.9b00348,2020,"Design of a Transcriptional Biosensor for the Portable, On-Demand Detection of Cyanuric Acid",already_present,PMC7372534,PMC7372534.1,data/papers/2020/10.1021__acssynbio.9b00348/versions/pmc_author_manuscript/paper__e975c786732a.pdf,2026-09-03T05:48:58+00:00,https://pmc.ncbi.nlm.nih.gov/articles/PMC7372534/pdf/nihms-1603619.pdf,https://pmc.ncbi.nlm.nih.gov/articles/PMC7372534/pdf/nihms-1603619.pdf,https://pmc.ncbi.nlm.nih.gov/articles/PMC7372534/,,,,NIH NLM PubMed Central public article page,author_manuscript,,upstream_metadata,pmc_acquisition_manifest,not_established,False,browser_supplied_unverified,The loopback bridge verifies the PDF's DOI/title identity but cannot independently prove that browser-supplied bytes came from the recorded source URL.,,public PMC browser session with same-origin cookies,data/papers/2020/10.1021__acssynbio.9b00348/versions/pmc_author_manuscript/pmc_manifest__4fefb110ddb7.json,4fefb110ddb754a4ca2f4a275ab5d601c1f9287af2eff4bb5f1063c42c30c679,data/papers/2020/10.1021__acssynbio.9b00348/pmc.json,data/papers/2020/10.1021__acssynbio.9b00348/versions/pmc_author_manuscript/pmc_package_metadata__10af37ec0e49.json,10af37ec0e497ec1e8b1a6825139bf10ea76358873b657e31e43e5839cf28211,629,data/papers/2020/10.1021__acssynbio.9b00348/pmc/PMC7372534.1.xml,data/papers/2020/10.1021__acssynbio.9b00348/versions/pmc_author_manuscript/pmc_article_xml__5de8ea1cc82d.xml,5de8ea1cc82d7e4ce47a4841190ae84ed45c711a8e259e5e91430a4f79ab36b8,111248,851589,e975c786732ad58a987b470fff993f1e53da6537362bc696b12b940db6ba40b3,22,article_pdf,doi,1.0,
doi:10.1021/acssynbio.9b00356,10.1021/acssynbio.9b00356,2020,Quantifying and Engineering Mucus Adhesion of Probiotics,already_present,PMC7191639,PMC7191639.1,data/papers/2020/10.1021__acssynbio.9b00356/versions/pmc_author_manuscript/paper__25702e04fd67.pdf,2026-09-03T05:49:11+00:00,https://pmc.ncbi.nlm.nih.gov/articles/PMC7191639/pdf/nihms-1583262.pdf,https://pmc.ncbi.nlm.nih.gov/articles/PMC7191639/pdf/nihms-1583262.pdf,https://pmc.ncbi.nlm.nih.gov/articles/PMC7191639/,,,,NIH NLM PubMed Central public article page,author_manuscript,,upstream_metadata,pmc_acquisition_manifest,not_established,False,browser_supplied_unverified,The loopback bridge verifies the PDF's DOI/title identity but cannot independently prove that browser-supplied bytes came from the recorded source URL.,,public PMC browser session with same-origin cookies,data/papers/2020/10.1021__acssynbio.9b00356/versions/pmc_author_manuscript/pmc_manifest__3786bdd9a43b.json,3786bdd9a43b18bbf49a15d46879b52ea28de6cdd6c7e75a2fc4bf7443171ba7,data/papers/2020/10.1021__acssynbio.9b00356/pmc.json,data/papers/2020/10.1021__acssynbio.9b00356/versions/pmc_author_manuscript/pmc_package_metadata__949289a66d61.json,949289a66d610e0ed1d5d17b9dfdc183de6c81a44f907cc72ac346347b6f3fba,593,data/papers/2020/10.1021__acssynbio.9b00356/pmc/PMC7191639.1.xml,data/papers/2020/10.1021__acssynbio.9b00356/versions/pmc_author_manuscript/pmc_article_xml__c9064d3afe09.xml,c9064d3afe097d3debbdfe1350e4d5cec034649d1b201f9ed2713745f9b430ce,166030,1242445,25702e04fd6715d2dcc05313ccd81406864369d953eac44b43a7f5fe87cd13ba,25,article_pdf,doi,1.0,
doi:10.1021/acssynbio.9b00372,10.1021/acssynbio.9b00372,2020,Host-Informed Expression of CRISPR Guide RNA for Genomic Engineering in Komagataella phaffii,already_present,PMC7814401,PMC7814401.1,data/papers/2020/10.1021__acssynbio.9b00372/versions/pmc_author_manuscript/paper__b1a0fdcbd7ef.pdf,2026-09-03T05:48:53+00:00,https://pmc.ncbi.nlm.nih.gov/articles/PMC7814401/pdf/nihms-1660237.pdf,https://pmc.ncbi.nlm.nih.gov/articles/PMC7814401/pdf/nihms-1660237.pdf,https://pmc.ncbi.nlm.nih.gov/articles/PMC7814401/,,,,NIH NLM PubMed Central public article page,author_manuscript,,upstream_metadata,pmc_acquisition_manifest,not_established,False,browser_supplied_unverified,The loopback bridge verifies the PDF's DOI/title identity but cannot independently prove that browser-supplied bytes came from the recorded source URL.,,public PMC browser session with same-origin cookies,data/papers/2020/10.1021__acssynbio.9b00372/versions/pmc_author_manuscript/pmc_manifest__b7851b25269f.json,b7851b25269f7efd053f538762fbc491301ca9f687b3215f97712d4062d5602e,data/papers/2020/10.1021__acssynbio.9b00372/pmc.json,data/papers/2020/10.1021__acssynbio.9b00372/versions/pmc_author_manuscript/pmc_package_metadata__f5caa5290701.json,f5caa52907018502298de383ce4e7fb4073ca0a10636f79965657750fb0b0858,629,data/papers/2020/10.1021__acssynbio.9b00372/pmc/PMC7814401.1.xml,data/papers/2020/10.1021__acssynbio.9b00372/versions/pmc_author_manuscript/pmc_article_xml__8236a27666fd.xml,8236a27666fd4f1194c42502b8170f44c3bc9faf6f8cb5abff2ea62f60f5f125,106000,1492893,b1a0fdcbd7efc80734b7125144f74fe90fac7350a3a887fc5aba3ef983207226,19,article_pdf,doi,1.0,
doi:10.1021/acssynbio.9b00388,10.1021/acssynbio.9b00388,2020,Design and Optimization of a Cell-Free Atrazine Biosensor,already_present,PMC7341367,PMC7341367.1,data/papers/2020/10.1021__acssynbio.9b00388/versions/pmc_author_manuscript/paper__e84953e0f841.pdf,2026-09-03T05:49:24+00:00,https://pmc.ncbi.nlm.nih.gov/articles/PMC7341367/pdf/nihms-1603608.pdf,https://pmc.ncbi.nlm.nih.gov/articles/PMC7341367/pdf/nihms-1603608.pdf,https://pmc.ncbi.nlm.nih.gov/articles/PMC7341367/,,,,NIH NLM PubMed Central public article page,author_manuscript,,upstream_metadata,pmc_acquisition_manifest,not_established,False,browser_supplied_unverified,The loopback bridge verifies the PDF's DOI/title identity but cannot independently prove that browser-supplied bytes came from the recorded source URL.,,public PMC browser session with same-origin cookies,data/papers/2020/10.1021__acssynbio.9b00388/versions/pmc_author_manuscript/pmc_manifest__26ec9f661895.json,26ec9f66189513ceab40393aa679a1f2a94848a19fdd272e02abb3aa98455d33,data/papers/2020/10.1021__acssynbio.9b00388/pmc.json,data/papers/2020/10.1021__acssynbio.9b00388/versions/pmc_author_manuscript/pmc_package_metadata__8943cc979c08.json,8943cc979c08d9436fe9306e6d8223d0b49a621f4ecf7f7a6f5018cc3d9dd0a3,594,data/papers/2020/10.1021__acssynbio.9b00388/pmc/PMC7341367.1.xml,data/papers/2020/10.1021__acssynbio.9b00388/versions/pmc_author_manuscript/pmc_article_xml__98b7869df3be.xml,98b7869df3be3a6fe274cc2a79777f7fbbb25c024d358f1785dc8bf137363a74,80427,844575,e84953e0f8417c2da037e5e819482d7b4e31428bd97fa565540c32ab0a330eb8,12,article_pdf,doi,1.0,
doi:10.1021/acssynbio.9b00395,10.1021/acssynbio.9b00395,2020,Light-Inducible Recombinases for Bacterial Optogenetics,already_present,PMC7393974,PMC7393974.1,data/papers/2020/10.1021__acssynbio.9b00395/versions/pmc_author_manuscript/paper__a6728f847769.pdf,2026-09-03T05:49:06+00:00,https://pmc.ncbi.nlm.nih.gov/articles/PMC7393974/pdf/nihms-1608987.pdf,https://pmc.ncbi.nlm.nih.gov/articles/PMC7393974/pdf/nihms-1608987.pdf,https://pmc.ncbi.nlm.nih.gov/articles/PMC7393974/,,,,NIH NLM PubMed Central public article page,author_manuscript,,upstream_metadata,pmc_acquisition_manifest,not_established,False,browser_supplied_unverified,The loopback bridge verifies the PDF's DOI/title identity but cannot independently prove that browser-supplied bytes came from the recorded source URL.,,public PMC browser session with same-origin cookies,data/papers/2020/10.1021__acssynbio.9b00395/versions/pmc_author_manuscript/pmc_manifest__4bd4f892c31b.json,4bd4f892c31bf9f26c048a14930530e242edcd7890befe60a228f6612688a575,data/papers/2020/10.1021__acssynbio.9b00395/pmc.json,data/papers/2020/10.1021__acssynbio.9b00395/versions/pmc_author_manuscript/pmc_package_metadata__b26c708d1b95.json,b26c708d1b955cf41460eb1b19c32e1c338ea341381e4c36dc202b10b9549256,592,data/papers/2020/10.1021__acssynbio.9b00395/pmc/PMC7393974.1.xml,data/papers/2020/10.1021__acssynbio.9b00395/versions/pmc_author_manuscript/pmc_article_xml__ae9d165d002c.xml,ae9d165d002cbe9e1205c4f6c3c2ce5a3ca17c69f79ee8f86e4a348f00e01d53,97270,1217058,a6728f847769930547eb2395cf0fd1000caf3be2035cbd5f1a5ff1702096303a,18,article_pdf,doi,1.0,
doi:10.1021/acssynbio.9b00411,10.1021/acssynbio.9b00411,2020,Saturation Mutagenesis Genome Engineering of Infective ΦX174 Bacteriophage via Unamplified Oligo Pools and Golden Gate Assembly,already_present,PMC7055157,PMC7055157.1,data/papers/2020/10.1021__acssynbio.9b00411/versions/pmc_author_manuscript/paper__cd71dffedee1.pdf,2026-09-03T05:49:00+00:00,https://pmc.ncbi.nlm.nih.gov/articles/PMC7055157/pdf/nihms-1563542.pdf,https://pmc.ncbi.nlm.nih.gov/articles/PMC7055157/pdf/nihms-1563542.pdf,https://pmc.ncbi.nlm.nih.gov/articles/PMC7055157/,,,,NIH NLM PubMed Central public article page,author_manuscript,,upstream_metadata,pmc_acquisition_manifest,not_established,False,browser_supplied_unverified,The loopback bridge verifies the PDF's DOI/title identity but cannot independently prove that browser-supplied bytes came from the recorded source URL.,,public PMC browser session with same-origin cookies,data/papers/2020/10.1021__acssynbio.9b00411/versions/pmc_author_manuscript/pmc_manifest__ef9dd144b0ed.json,ef9dd144b0ed1754edda3409fd9f57c9f9397ede5d22af8ad43a0bfd7f143efc,data/papers/2020/10.1021__acssynbio.9b00411/pmc.json,data/papers/2020/10.1021__acssynbio.9b00411/versions/pmc_author_manuscript/pmc_package_metadata__c64eb7394b06.json,c64eb7394b0656f126823251dc66eaae02462cd5bb2611ddb61204d734556640,669,data/papers/2020/10.1021__acssynbio.9b00411/pmc/PMC7055157.1.xml,data/papers/2020/10.1021__acssynbio.9b00411/versions/pmc_author_manuscript/pmc_article_xml__04bce5dd1f0f.xml,04bce5dd1f0fbd7b34d58cff48869dd6a24d24f92b513f4bae5ee0ff3827ed74,91460,936615,cd71dffedee18e2068b4cecb941c75cc5b837358172b43a0da7e17e886afe271,15,article_pdf,doi,1.0,
doi:10.1021/acssynbio.9b00416,10.1021/acssynbio.9b00416,2020,Genetic Encoding of Targeted Magnetic Resonance Imaging Contrast Agents for Tumor Imaging,already_present,PMC7934227,PMC7934227.1,data/papers/2020/10.1021__acssynbio.9b00416/versions/pmc_author_manuscript/paper__553bbdacf8bd.pdf,2026-09-03T05:49:14+00:00,https://pmc.ncbi.nlm.nih.gov/articles/PMC7934227/pdf/nihms-1652227.pdf,https://pmc.ncbi.nlm.nih.gov/articles/PMC7934227/pdf/nihms-1652227.pdf,https://pmc.ncbi.nlm.nih.gov/articles/PMC7934227/,,,,NIH NLM PubMed Central public article page,author_manuscript,,upstream_metadata,pmc_acquisition_manifest,not_established,False,browser_supplied_unverified,The loopback bridge verifies the PDF's DOI/title identity but cannot independently prove that browser-supplied bytes came from the recorded source URL.,,public PMC browser session with same-origin cookies,data/papers/2020/10.1021__acssynbio.9b00416/versions/pmc_author_manuscript/pmc_manifest__3d40db09aeaa.json,3d40db09aeaa13e148113638914b51c6afd4af350b6a18f76a0e3ae5b1d6403f,data/papers/2020/10.1021__acssynbio.9b00416/pmc.json,data/papers/2020/10.1021__acssynbio.9b00416/versions/pmc_author_manuscript/pmc_package_metadata__c56f01fde2d1.json,c56f01fde2d1b0b9ed143af99cbb3c44b690be2d74c41865ab60d5509894d3ff,610,data/papers/2020/10.1021__acssynbio.9b00416/pmc/PMC7934227.1.xml,data/papers/2020/10.1021__acssynbio.9b00416/versions/pmc_author_manuscript/pmc_article_xml__d0fb70d08974.xml,d0fb70d089745d03cacdfe5faac0af1eb1bcc3bf970d7f99ea5412533cda4732,91355,1110006,553bbdacf8bd3277df22a69f48dd8c48111817870b0ed5598836f41ffea92882,19,article_pdf,doi,0.808511,
doi:10.1021/acssynbio.9b00419,10.1021/acssynbio.9b00419,2020,In Vitro Selection of Peptides and Proteins—Advantages of mRNA Display,already_present,PMC8203280,PMC8203280.1,data/papers/2020/10.1021__acssynbio.9b00419/versions/pmc_author_manuscript/paper__9cdf8d5bbf13.pdf,2026-09-03T05:49:03+00:00,https://pmc.ncbi.nlm.nih.gov/articles/PMC8203280/pdf/nihms-1708129.pdf,https://pmc.ncbi.nlm.nih.gov/articles/PMC8203280/pdf/nihms-1708129.pdf,https://pmc.ncbi.nlm.nih.gov/articles/PMC8203280/,,,,NIH NLM PubMed Central public article page,author_manuscript,,upstream_metadata,pmc_acquisition_manifest,not_established,False,browser_supplied_unverified,The loopback bridge verifies the PDF's DOI/title identity but cannot independently prove that browser-supplied bytes came from the recorded source URL.,,public PMC browser session with same-origin cookies,data/papers/2020/10.1021__acssynbio.9b00419/versions/pmc_author_manuscript/pmc_manifest__a9619accb3b8.json,a9619accb3b8fc59a93bcf2beaefc3f3d8f710ff8592b5d9bddb688294cd5aa4,data/papers/2020/10.1021__acssynbio.9b00419/pmc.json,data/papers/2020/10.1021__acssynbio.9b00419/versions/pmc_author_manuscript/pmc_package_metadata__e0e62ec183ad.json,e0e62ec183adb8502b9ca7f26a0a47df022759f3799aa8b4489bc406f3c3b702,563,data/papers/2020/10.1021__acssynbio.9b00419/pmc/PMC8203280.1.xml,data/papers/2020/10.1021__acssynbio.9b00419/versions/pmc_author_manuscript/pmc_article_xml__6cc805b6340b.xml,6cc805b6340b5038ab331cbb90faef234507ec0effa8c829b13cc2aa2634e737,108000,653990,9cdf8d5bbf130c4a0c30eb0db6b33a16873979a158bf67ca5bb13f9f55b77dec,15,article_pdf,doi,0.616667,
doi:10.1021/acssynbio.9b00429,10.1021/acssynbio.9b00429,2020,Active Analyte Import Improves the Dynamic Range and Sensitivity of a Vitamin B12 Biosensor,already_present,PMC7186122,PMC7186122.1,data/papers/2020/10.1021__acssynbio.9b00429/versions/pmc_author_manuscript/paper__319666a2d6d5.pdf,2026-09-03T05:49:16+00:00,https://pmc.ncbi.nlm.nih.gov/articles/PMC7186122/pdf/nihms-1555934.pdf,https://pmc.ncbi.nlm.nih.gov/articles/PMC7186122/pdf/nihms-1555934.pdf,https://pmc.ncbi.nlm.nih.gov/articles/PMC7186122/,,,,NIH NLM PubMed Central public article page,author_manuscript,,upstream_metadata,pmc_acquisition_manifest,not_established,False,browser_supplied_unverified,The loopback bridge verifies the PDF's DOI/title identity but cannot independently prove that browser-supplied bytes came from the recorded source URL.,,public PMC browser session with same-origin cookies,data/papers/2020/10.1021__acssynbio.9b00429/versions/pmc_author_manuscript/pmc_manifest__757ddfebd1a8.json,757ddfebd1a8074153fd3598c43cb7acdf17e1fe1a55012fa25cdab20a03b0c9,data/papers/2020/10.1021__acssynbio.9b00429/pmc.json,data/papers/2020/10.1021__acssynbio.9b00429/versions/pmc_author_manuscript/pmc_package_metadata__1aba3bd6debf.json,1aba3bd6debfc422b1034d2f4c2e1777858706ac4ac2655ca67ee569c3c2397c,624,data/papers/2020/10.1021__acssynbio.9b00429/pmc/PMC7186122.1.xml,data/papers/2020/10.1021__acssynbio.9b00429/versions/pmc_author_manuscript/pmc_article_xml__de8b2eabefc2.xml,de8b2eabefc248c6b51cf628e323b902df30e70fe1bc929221fbc8de72571789,101001,1678225,319666a2d6d5f7576fd706e34ddb62840db53bde2f194b3b202e635709d09c4a,22,article_pdf,doi,0.980392,
doi:10.1021/acssynbio.9b00438,10.1021/acssynbio.9b00438,2020,Heterologous Production of Lasso Peptide Capistruin in a Burkholderia Host,already_present,PMC7278363,PMC7278363.1,data/papers/2020/10.1021__acssynbio.9b00438/versions/pmc_author_manuscript/paper__267981a952a8.pdf,2026-09-03T05:49:08+00:00,https://pmc.ncbi.nlm.nih.gov/articles/PMC7278363/pdf/nihms-1588510.pdf,https://pmc.ncbi.nlm.nih.gov/articles/PMC7278363/pdf/nihms-1588510.pdf,https://pmc.ncbi.nlm.nih.gov/articles/PMC7278363/,,,,NIH NLM PubMed Central public article page,author_manuscript,,upstream_metadata,pmc_acquisition_manifest,not_established,False,browser_supplied_unverified,The loopback bridge verifies the PDF's DOI/title identity but cannot independently prove that browser-supplied bytes came from the recorded source URL.,,public PMC browser session with same-origin cookies,data/papers/2020/10.1021__acssynbio.9b00438/versions/pmc_author_manuscript/pmc_manifest__ceccb0cb3f3b.json,ceccb0cb3f3b968cdb9a76d442b8c65b336b40324e05047864ce13207ddce7a0,data/papers/2020/10.1021__acssynbio.9b00438/pmc.json,data/papers/2020/10.1021__acssynbio.9b00438/versions/pmc_author_manuscript/pmc_package_metadata__b2a60cc459b9.json,b2a60cc459b99e22df830ce5e7aa76c9635ffb41a56cc13c237e1b0b177865b3,611,data/papers/2020/10.1021__acssynbio.9b00438/pmc/PMC7278363.1.xml,data/papers/2020/10.1021__acssynbio.9b00438/versions/pmc_author_manuscript/pmc_article_xml__3754bbd9b2b4.xml,3754bbd9b2b4a8f1afb26f967c060336a2e6679a51d6da7d7454fd38dbe8e56b,81613,842987,267981a952a898a0f59efd99875632d090577eb0a59bcb20cad48ef103b5aa96,16,article_pdf,doi,1.0,
doi:10.1021/acssynbio.9b00452,10.1021/acssynbio.9b00452,2020,Population Dynamics of Underdominance Gene Drive Systems in Continuous Space,already_present,PMC8284921,PMC8284921.1,data/papers/2020/10.1021__acssynbio.9b00452/versions/pmc_author_manuscript/paper__1a631b314091.pdf,2026-09-03T05:49:27+00:00,https://pmc.ncbi.nlm.nih.gov/articles/PMC8284921/pdf/nihms-1720522.pdf,https://pmc.ncbi.nlm.nih.gov/articles/PMC8284921/pdf/nihms-1720522.pdf,https://pmc.ncbi.nlm.nih.gov/articles/PMC8284921/,,,,NIH NLM PubMed Central public article page,author_manuscript,,upstream_metadata,pmc_acquisition_manifest,not_established,False,browser_supplied_unverified,The loopback bridge verifies the PDF's DOI/title identity but cannot independently prove that browser-supplied bytes came from the recorded source URL.,,public PMC browser session with same-origin cookies,data/papers/2020/10.1021__acssynbio.9b00452/versions/pmc_author_manuscript/pmc_manifest__57e6bc6c84c5.json,57e6bc6c84c58129d734f1ad5665520bdb419d5a501248da706f77b39c949ff6,data/papers/2020/10.1021__acssynbio.9b00452/pmc.json,data/papers/2020/10.1021__acssynbio.9b00452/versions/pmc_author_manuscript/pmc_package_metadata__e90d7a8bc3e6.json,e90d7a8bc3e6f819e1a662116013ce8ea785beb7e07157564f3c697cced339b4,613,data/papers/2020/10.1021__acssynbio.9b00452/pmc/PMC8284921.1.xml,data/papers/2020/10.1021__acssynbio.9b00452/versions/pmc_author_manuscript/pmc_article_xml__55500ba33f03.xml,55500ba33f03f58738dcedf77483e8bac2ed7bb74e2b04c762590815608b494c,147144,2389672,1a631b314091b3254ad92e5cd8c2cf6b7fcce7ae6cf0e568b014d9bc55e5dd9b,31,article_pdf,doi,1.0,
doi:10.1021/acssynbio.9b00457,10.1021/acssynbio.9b00457,2020,Efficient and Reproducible Multigene Expression after Single-Step Transfection Using Improved BAC Transgenesis and Engineering Toolkit,already_present,PMC7230027,PMC7230027.1,data/papers/2020/10.1021__acssynbio.9b00457/versions/pmc_author_manuscript/paper__dada00c7630d.pdf,2026-09-03T05:49:37+00:00,https://pmc.ncbi.nlm.nih.gov/articles/PMC7230027/pdf/nihms-1587349.pdf,https://pmc.ncbi.nlm.nih.gov/articles/PMC7230027/pdf/nihms-1587349.pdf,https://pmc.ncbi.nlm.nih.gov/articles/PMC7230027/,,,,NIH NLM PubMed Central public article page,author_manuscript,,upstream_metadata,pmc_acquisition_manifest,not_established,False,browser_supplied_unverified,The loopback bridge verifies the PDF's DOI/title identity but cannot independently prove that browser-supplied bytes came from the recorded source URL.,,public PMC browser session with same-origin cookies,data/papers/2020/10.1021__acssynbio.9b00457/versions/pmc_author_manuscript/pmc_manifest__3d0c5a090b02.json,3d0c5a090b0212e318f708246a374b52f954dedf0823e55ebfba3a4ed4df513d,data/papers/2020/10.1021__acssynbio.9b00457/pmc.json,data/papers/2020/10.1021__acssynbio.9b00457/versions/pmc_author_manuscript/pmc_package_metadata__c5cdb3a88708.json,c5cdb3a88708f0be0a5e2834a7e92bf89aceffb98b220def96637597d0033ad0,671,data/papers/2020/10.1021__acssynbio.9b00457/pmc/PMC7230027.1.xml,data/papers/2020/10.1021__acssynbio.9b00457/versions/pmc_author_manuscript/pmc_article_xml__21751a31b445.xml,21751a31b445288ea1d4792ca07009268d5789d2bc07e6ad7709921b31948062,175307,2061272,dada00c7630d4fb0e15a7ef31a71a24533a438fa3f9d925de3ec06a0b2f6ae8e,34,article_pdf,doi,1.0,
doi:10.1021/acssynbio.9b00489,10.1021/acssynbio.9b00489,2020,One-Day Construction of Multiplex Arrays to Harness Natural CRISPR-Cas Systems,already_present,PMC8173669,PMC8173669.1,data/papers/2020/10.1021__acssynbio.9b00489/versions/pmc_author_manuscript/paper__4aa23f1945f1.pdf,2026-09-03T05:49:40+00:00,https://pmc.ncbi.nlm.nih.gov/articles/PMC8173669/pdf/nihms-1705537.pdf,https://pmc.ncbi.nlm.nih.gov/articles/PMC8173669/pdf/nihms-1705537.pdf,https://pmc.ncbi.nlm.nih.gov/articles/PMC8173669/,,,,NIH NLM PubMed Central public article page,author_manuscript,,upstream_metadata,pmc_acquisition_manifest,not_established,False,browser_supplied_unverified,The loopback bridge verifies the PDF's DOI/title identity but cannot independently prove that browser-supplied bytes came from the recorded source URL.,,public PMC browser session with same-origin cookies,data/papers/2020/10.1021__acssynbio.9b00489/versions/pmc_author_manuscript/pmc_manifest__c9d5b8d9b6f6.json,c9d5b8d9b6f682c557b8f040aff20811e825fdcea226542eef146de1da0c0bc3,data/papers/2020/10.1021__acssynbio.9b00489/pmc.json,data/papers/2020/10.1021__acssynbio.9b00489/versions/pmc_author_manuscript/pmc_package_metadata__1b366f9ccfd0.json,1b366f9ccfd066f3faa447f62a39408770b87877a9addf6388d67017679c5532,614,data/papers/2020/10.1021__acssynbio.9b00489/pmc/PMC8173669.1.xml,data/papers/2020/10.1021__acssynbio.9b00489/versions/pmc_author_manuscript/pmc_article_xml__2c1b68f39749.xml,2c1b68f39749b394acfe5947b00cec8df50ef6c6060896078a2741202ece1651,122028,1436733,4aa23f1945f1359ac713a60c207572d8d682ae3ab17b14554be7e3cbd3c8da2f,20,article_pdf,doi,1.0,
doi:10.1021/acssynbio.9b00503,10.1021/acssynbio.9b00503,2020,SPLIT: Stable Protein Coacervation Using a Light Induced Transition,already_present,PMC7383129,PMC7383129.1,data/papers/2020/10.1021__acssynbio.9b00503/versions/pmc_author_manuscript/paper__e91b8ded8cd3.pdf,2026-09-03T05:49:21+00:00,https://pmc.ncbi.nlm.nih.gov/articles/PMC7383129/pdf/nihms-1603125.pdf,https://pmc.ncbi.nlm.nih.gov/articles/PMC7383129/pdf/nihms-1603125.pdf,https://pmc.ncbi.nlm.nih.gov/articles/PMC7383129/,,,,NIH NLM PubMed Central public article page,author_manuscript,,upstream_metadata,pmc_acquisition_manifest,not_established,False,browser_supplied_unverified,The loopback bridge verifies the PDF's DOI/title identity but cannot independently prove that browser-supplied bytes came from the recorded source URL.,,public PMC browser session with same-origin cookies,data/papers/2020/10.1021__acssynbio.9b00503/versions/pmc_author_manuscript/pmc_manifest__68f7c8fe8b94.json,68f7c8fe8b944b8077a73b132d2c6c1bb22eb5d6c68ee978bb67a9a9cdda8515,data/papers/2020/10.1021__acssynbio.9b00503/pmc.json,data/papers/2020/10.1021__acssynbio.9b00503/versions/pmc_author_manuscript/pmc_package_metadata__aa1e35636bb1.json,aa1e35636bb10122b538141ef73a6ad20cb12872b7f61313586b1597522cd438,604,data/papers/2020/10.1021__acssynbio.9b00503/pmc/PMC7383129.1.xml,data/papers/2020/10.1021__acssynbio.9b00503/versions/pmc_author_manuscript/pmc_article_xml__189571d45632.xml,189571d4563229d020fade8c09db57beb5e1e1bc255309bd80ed79d5af0be963,88817,1032057,e91b8ded8cd318dc59e2c1853e1c432f58586acf6af7ecf8c4de18f50d55a822,18,article_pdf,doi,1.0,
doi:10.1021/acssynbio.9b00516,10.1021/acssynbio.9b00516,2020,Light-Inducible Generation of Membrane Curvature in Live Cells with Engineered BAR Domain Proteins,already_present,PMC7261005,PMC7261005.1,data/papers/2020/10.1021__acssynbio.9b00516/versions/pmc_author_manuscript/paper__9ffd6bf9fa22.pdf,2026-09-03T05:49:29+00:00,https://pmc.ncbi.nlm.nih.gov/articles/PMC7261005/pdf/nihms-1582857.pdf,https://pmc.ncbi.nlm.nih.gov/articles/PMC7261005/pdf/nihms-1582857.pdf,https://pmc.ncbi.nlm.nih.gov/articles/PMC7261005/,,,,NIH NLM PubMed Central public article page,author_manuscript,,upstream_metadata,pmc_acquisition_manifest,not_established,False,browser_supplied_unverified,The loopback bridge verifies the PDF's DOI/title identity but cannot independently prove that browser-supplied bytes came from the recorded source URL.,,public PMC browser session with same-origin cookies,data/papers/2020/10.1021__acssynbio.9b00516/versions/pmc_author_manuscript/pmc_manifest__9e218deb71ce.json,9e218deb71ce59843e616d3ff3c1d83c1e8fb7a7a6b35d4c79241d377d1f0a14,data/papers/2020/10.1021__acssynbio.9b00516/pmc.json,data/papers/2020/10.1021__acssynbio.9b00516/versions/pmc_author_manuscript/pmc_package_metadata__e9f4954774c7.json,e9f4954774c75ffab62886b5017c2355304465550b93f6980d3a53c2eb27f836,635,data/papers/2020/10.1021__acssynbio.9b00516/pmc/PMC7261005.1.xml,data/papers/2020/10.1021__acssynbio.9b00516/versions/pmc_author_manuscript/pmc_article_xml__22c6d347c2e1.xml,22c6d347c2e13f1d3149ee744ff7c9889d266f51c6ef3315894a5d02906902ae,93951,1462735,9ffd6bf9fa22137bec867e5036d7df833557c3563aa0526704efced2cf752f9f,19,article_pdf,doi,1.0,
doi:10.1021/acssynbio.9b00517,10.1021/acssynbio.9b00517,2020,Tuning Extracellular Electron Transfer by Shewanella oneidensis Using Transcriptional Logic Gates,already_present,PMC7816516,PMC7816516.1,data/papers/2020/10.1021__acssynbio.9b00517/versions/pmc_author_manuscript/paper__b3d81a932dec.pdf,2026-09-03T06:05:30+00:00,https://pmc.ncbi.nlm.nih.gov/articles/PMC7816516/pdf/nihms-1660574.pdf,https://pmc.ncbi.nlm.nih.gov/articles/PMC7816516/pdf/nihms-1660574.pdf,https://pmc.ncbi.nlm.nih.gov/articles/PMC7816516/,,,,NIH NLM PubMed Central public article page,author_manuscript,,upstream_metadata,pmc_acquisition_manifest,not_established,False,browser_supplied_unverified,The loopback bridge verifies the PDF's DOI/title identity but cannot independently prove that browser-supplied bytes came from the recorded source URL.,,public PMC browser session with same-origin cookies,data/papers/2020/10.1021__acssynbio.9b00517/versions/pmc_author_manuscript/pmc_manifest__b72094fbed2b.json,b72094fbed2b84d81c4e055de972cd2371302683792c70369cc6a8a0f95e093a,data/papers/2020/10.1021__acssynbio.9b00517/pmc.json,data/papers/2020/10.1021__acssynbio.9b00517/versions/pmc_author_manuscript/pmc_package_metadata__e6544ad6f958.json,e6544ad6f9588d500bf154e202f454f66ab85c57e3e4040c94208e2b65cda3a3,634,data/papers/2020/10.1021__acssynbio.9b00517/pmc/PMC7816516.1.xml,data/papers/2020/10.1021__acssynbio.9b00517/versions/pmc_author_manuscript/pmc_article_xml__22ea664a4daa.xml,22ea664a4daae9de5315e15bfea013c3fa2f37452f0a02acc7b48d16803102db,170820,1832885,b3d81a932dec5fc1dbeaf6da593121e22bd12f813cabb05f0538e92d5bff5045,32,article_pdf,doi,1.0,
doi:10.1021/acssynbio.9b00521,10.1021/acssynbio.9b00521,2020,SRRF-Stream Imaging of Optogenetically Controlled Furrow Formation Shows Localized and Coordinated Endocytosis and Exocytosis Mediating Membrane Remodeling,already_present,PMC7194017,PMC7194017.1,data/papers/2020/10.1021__acssynbio.9b00521/versions/pmc_author_manuscript/paper__fdd3e24622bf.pdf,2026-09-03T05:49:32+00:00,https://pmc.ncbi.nlm.nih.gov/articles/PMC7194017/pdf/nihms-1574896.pdf,https://pmc.ncbi.nlm.nih.gov/articles/PMC7194017/pdf/nihms-1574896.pdf,https://pmc.ncbi.nlm.nih.gov/articles/PMC7194017/,,,,NIH NLM PubMed Central public article page,author_manuscript,,upstream_metadata,pmc_acquisition_manifest,not_established,False,browser_supplied_unverified,The loopback bridge verifies the PDF's DOI/title identity but cannot independently prove that browser-supplied bytes came from the recorded source URL.,,public PMC browser session with same-origin cookies,data/papers/2020/10.1021__acssynbio.9b00521/versions/pmc_author_manuscript/pmc_manifest__e76c6876fe79.json,e76c6876fe79247a6f28630d24a270f36f66f9e7a2f7640a0619b15fdd2cc307,data/papers/2020/10.1021__acssynbio.9b00521/pmc.json,data/papers/2020/10.1021__acssynbio.9b00521/versions/pmc_author_manuscript/pmc_package_metadata__2ecb881eb204.json,2ecb881eb204701c52bd85219063cb1026933e3dc3dfa8e879ce67d139155c3d,692,data/papers/2020/10.1021__acssynbio.9b00521/pmc/PMC7194017.1.xml,data/papers/2020/10.1021__acssynbio.9b00521/versions/pmc_author_manuscript/pmc_article_xml__15d3c8a9535c.xml,15d3c8a9535c1217738ffdc4cd6d1d24b9197659364529cc7745878c3a032dbe,159478,3295960,fdd3e24622bfd70e1bb1d20b1ca7dd13c1c264b26f80f336a5e71393eb6be591,37,article_pdf,doi,1.0,
doi:10.1021/acssynbio.0c00372,10.1021/acssynbio.0c00372,2021,Dynamical Modeling of Optogenetic Circuits in Yeast for Metabolic Engineering Applications,already_present,PMC10410538,PMC10410538.1,data/papers/2021/10.1021__acssynbio.0c00372/versions/pmc_author_manuscript/paper__12c57c42773b.pdf,2026-09-03T06:05:57+00:00,https://pmc.ncbi.nlm.nih.gov/articles/PMC10410538/pdf/nihms-1915995.pdf,https://pmc.ncbi.nlm.nih.gov/articles/PMC10410538/pdf/nihms-1915995.pdf,https://pmc.ncbi.nlm.nih.gov/articles/PMC10410538/,,,,NIH NLM PubMed Central public article page,author_manuscript,,upstream_metadata,pmc_acquisition_manifest,not_established,False,browser_supplied_unverified,The loopback bridge verifies the PDF's DOI/title identity but cannot independently prove that browser-supplied bytes came from the recorded source URL.,,public PMC browser session with same-origin cookies,data/papers/2021/10.1021__acssynbio.0c00372/versions/pmc_author_manuscript/pmc_manifest__1d11a3029470.json,1d11a30294705a019afae8c2d76fcb2d57ebaa2b973cc332eb087b68d0179a91,data/papers/2021/10.1021__acssynbio.0c00372/pmc.json,data/papers/2021/10.1021__acssynbio.0c00372/versions/pmc_author_manuscript/pmc_package_metadata__873df484d9f7.json,873df484d9f7c5e1e1e787222e449153f0a46d61af463ca21d83189e59e2df49,631,data/papers/2021/10.1021__acssynbio.0c00372/pmc/PMC10410538.1.xml,data/papers/2021/10.1021__acssynbio.0c00372/versions/pmc_author_manuscript/pmc_article_xml__c9297c01ea75.xml,c9297c01ea7500d673711a474cafb66aba6470aaae4122c04d2c3b7dbfe98f86,108961,937166,12c57c42773b3af81b15f9e0882badc78cd54dc6099f6e817c090e9d0c2811d0,17,article_pdf,doi,1.0,
doi:10.1021/acssynbio.0c00402,10.1021/acssynbio.0c00402,2021,Small Antisense DNA-Based Gene Silencing Enables Cell-Free Bacteriophage Manipulation and Genome Replication,already_present,PMC7611488,PMC7611488.1,data/papers/2021/10.1021__acssynbio.0c00402/versions/pmc_author_manuscript/paper__b00299bf4ba6.pdf,2026-09-03T06:06:05+00:00,https://pmc.ncbi.nlm.nih.gov/articles/PMC7611488/pdf/EMS131774.pdf,https://pmc.ncbi.nlm.nih.gov/articles/PMC7611488/pdf/EMS131774.pdf,https://pmc.ncbi.nlm.nih.gov/articles/PMC7611488/,,,,NIH NLM PubMed Central public article page,author_manuscript,,upstream_metadata,pmc_acquisition_manifest,not_established,False,browser_supplied_unverified,The loopback bridge verifies the PDF's DOI/title identity but cannot independently prove that browser-supplied bytes came from the recorded source URL.,,public PMC browser session with same-origin cookies,data/papers/2021/10.1021__acssynbio.0c00402/versions/pmc_author_manuscript/pmc_manifest__29e73d7cbf03.json,29e73d7cbf0346ad8e15b5f7c515596c3abcfdbcdc39d6097d5275b012edb14d,data/papers/2021/10.1021__acssynbio.0c00402/pmc.json,data/papers/2021/10.1021__acssynbio.0c00402/versions/pmc_author_manuscript/pmc_package_metadata__f248dfb0146f.json,f248dfb0146f6849d76bd39f9a15a963e12e754263fa7c0456016d4cea67c9f9,642,data/papers/2021/10.1021__acssynbio.0c00402/pmc/PMC7611488.1.xml,data/papers/2021/10.1021__acssynbio.0c00402/versions/pmc_author_manuscript/pmc_article_xml__778a5c90b1d1.xml,778a5c90b1d1a9f1d8de358a0b454e4036dcf7ce1e64331fe65020a16229c614,72721,923713,b00299bf4ba6a5f5739df6183e5f884163a91a7de0a12e34d67fbbc9cad07632,14,article_pdf,doi,1.0,
doi:10.1021/acssynbio.0c00482,10.1021/acssynbio.0c00482,2021,Biosynthesis of Diverse Type II Polyketide Core Structures in Streptomyces coelicolor M1152,already_present,PMC8843011,PMC8843011.1,data/papers/2021/10.1021__acssynbio.0c00482/versions/pmc_author_manuscript/paper__d030a2eb2e6c.pdf,2026-09-03T06:06:00+00:00,https://pmc.ncbi.nlm.nih.gov/articles/PMC8843011/pdf/nihms-1774722.pdf,https://pmc.ncbi.nlm.nih.gov/articles/PMC8843011/pdf/nihms-1774722.pdf,https://pmc.ncbi.nlm.nih.gov/articles/PMC8843011/,,,,NIH NLM PubMed Central public article page,author_manuscript,,upstream_metadata,pmc_acquisition_manifest,not_established,False,browser_supplied_unverified,The loopback bridge verifies the PDF's DOI/title identity but cannot independently prove that browser-supplied bytes came from the recorded source URL.,,public PMC browser session with same-origin cookies,data/papers/2021/10.1021__acssynbio.0c00482/versions/pmc_author_manuscript/pmc_manifest__2cea58d05982.json,2cea58d05982125e4ce20c8f9c483113cf591133d88ed03ea4671a348fb055aa,data/papers/2021/10.1021__acssynbio.0c00482/pmc.json,data/papers/2021/10.1021__acssynbio.0c00482/versions/pmc_author_manuscript/pmc_package_metadata__bdfee18e2486.json,bdfee18e2486da8cfb42da269c386398878b6d839249c37e65c193233c1885cc,628,data/papers/2021/10.1021__acssynbio.0c00482/pmc/PMC8843011.1.xml,data/papers/2021/10.1021__acssynbio.0c00482/versions/pmc_author_manuscript/pmc_article_xml__24c7351094f2.xml,24c7351094f2c6c5ebb19c2a51bcdebba132fcec5e17ed5f4c776c4e692959c8,93292,1618980,d030a2eb2e6c76803c1ae2dca2ffa34a89daeb5285a721428c472f8c6edb3004,18,article_pdf,doi,1.0,
doi:10.1021/acssynbio.0c00500,10.1021/acssynbio.0c00500,2021,Optimization of a p-Coumaric Acid Biosensor System for Versatile Dynamic Performance,already_present,PMC8130012,PMC8130012.1,data/papers/2021/10.1021__acssynbio.0c00500/versions/pmc_author_manuscript/paper__2edfbc58514e.pdf,2026-09-03T06:05:52+00:00,https://pmc.ncbi.nlm.nih.gov/articles/PMC8130012/pdf/nihms-1701021.pdf,https://pmc.ncbi.nlm.nih.gov/articles/PMC8130012/pdf/nihms-1701021.pdf,https://pmc.ncbi.nlm.nih.gov/articles/PMC8130012/,,,,NIH NLM PubMed Central public article page,author_manuscript,,upstream_metadata,pmc_acquisition_manifest,not_established,False,browser_supplied_unverified,The loopback bridge verifies the PDF's DOI/title identity but cannot independently prove that browser-supplied bytes came from the recorded source URL.,,public PMC browser session with same-origin cookies,data/papers/2021/10.1021__acssynbio.0c00500/versions/pmc_author_manuscript/pmc_manifest__41d66c97c4fd.json,41d66c97c4fdd8ea3724dc4ba0e844a6c52f5b066f626de839dcb2edba1e4278,data/papers/2021/10.1021__acssynbio.0c00500/pmc.json,data/papers/2021/10.1021__acssynbio.0c00500/versions/pmc_author_manuscript/pmc_package_metadata__52c8766e9f14.json,52c8766e9f14787c82ad643ef822873173b20803aefa7a3aa6640b6f67c795a4,621,data/papers/2021/10.1021__acssynbio.0c00500/pmc/PMC8130012.1.xml,data/papers/2021/10.1021__acssynbio.0c00500/versions/pmc_author_manuscript/pmc_article_xml__f15b0acd2b21.xml,f15b0acd2b210b2c063c74ac679f87869bf5857a7437efd6f5885bdff27fd080,112935,2362572,2edfbc58514ea5e14ad5253f7d224c2798980a6b22ddab031f2d9806aedbe135,28,article_pdf,doi,1.0,
doi:10.1021/acssynbio.0c00501,10.1021/acssynbio.0c00501,2021,Anaerobic Conditioning of E. coli Cell Lysate for Enhanced In Vitro Protein Synthesis,already_present,PMC8168642,PMC8168642.1,data/papers/2021/10.1021__acssynbio.0c00501/versions/pmc_author_manuscript/paper__59ecf25e0a30.pdf,2026-09-03T06:06:08+00:00,https://pmc.ncbi.nlm.nih.gov/articles/PMC8168642/pdf/nihms-1704303.pdf,https://pmc.ncbi.nlm.nih.gov/articles/PMC8168642/pdf/nihms-1704303.pdf,https://pmc.ncbi.nlm.nih.gov/articles/PMC8168642/,,,,NIH NLM PubMed Central public article page,author_manuscript,,upstream_metadata,pmc_acquisition_manifest,not_established,False,browser_supplied_unverified,The loopback bridge verifies the PDF's DOI/title identity but cannot independently prove that browser-supplied bytes came from the recorded source URL.,,public PMC browser session with same-origin cookies,data/papers/2021/10.1021__acssynbio.0c00501/versions/pmc_author_manuscript/pmc_manifest__6314153281e0.json,6314153281e0f745383e3c776351bad9c40c3e9f9f512420eb0092a10b2984f5,data/papers/2021/10.1021__acssynbio.0c00501/pmc.json,data/papers/2021/10.1021__acssynbio.0c00501/versions/pmc_author_manuscript/pmc_package_metadata__2f8fa7564b47.json,2f8fa7564b472557844bfcd89fba4607e0db46ecb6355226fd5802bfde773b7c,622,data/papers/2021/10.1021__acssynbio.0c00501/pmc/PMC8168642.1.xml,data/papers/2021/10.1021__acssynbio.0c00501/versions/pmc_author_manuscript/pmc_article_xml__6c166b72b5aa.xml,6c166b72b5aa3585d7238a1bbb4e03c89741fab7597114469707257d6eafb286,81772,1177109,59ecf25e0a303172f7ab216ec1db0ca9e3131ca3f36a862c904827a54bff5aac,19,article_pdf,doi,1.0,
doi:10.1021/acssynbio.0c00511,10.1021/acssynbio.0c00511,2021,Optimized iLID Membrane Anchors for Local Optogenetic Protein Recruitment,already_present,PMC8202217,PMC8202217.1,data/papers/2021/10.1021__acssynbio.0c00511/versions/pmc_author_manuscript/paper__4858328af5a3.pdf,2026-09-03T06:06:13+00:00,https://pmc.ncbi.nlm.nih.gov/articles/PMC8202217/pdf/nihms-1699138.pdf,https://pmc.ncbi.nlm.nih.gov/articles/PMC8202217/pdf/nihms-1699138.pdf,https://pmc.ncbi.nlm.nih.gov/articles/PMC8202217/,,,,NIH NLM PubMed Central public article page,author_manuscript,,upstream_metadata,pmc_acquisition_manifest,not_established,False,browser_supplied_unverified,The loopback bridge verifies the PDF's DOI/title identity but cannot independently prove that browser-supplied bytes came from the recorded source URL.,,public PMC browser session with same-origin cookies,data/papers/2021/10.1021__acssynbio.0c00511/versions/pmc_author_manuscript/pmc_manifest__9d56ac1593f0.json,9d56ac1593f0f8761eb6f93d73fea9a5dfb22de62fd90b9fcc1eeebaceda4149,data/papers/2021/10.1021__acssynbio.0c00511/pmc.json,data/papers/2021/10.1021__acssynbio.0c00511/versions/pmc_author_manuscript/pmc_package_metadata__47ae9142b983.json,47ae9142b983115ae812814cb9113b082854c319fd0e412d3a47455be95ea90b,610,data/papers/2021/10.1021__acssynbio.0c00511/pmc/PMC8202217.1.xml,data/papers/2021/10.1021__acssynbio.0c00511/versions/pmc_author_manuscript/pmc_article_xml__491d89b16f79.xml,491d89b16f79bb3a01da06e569e8a2c19adb63de4c69bab94330f886910a4ee7,156605,1963119,4858328af5a3b1c10144b0dada415ecc35dfb1d8347b4f7f4433a90d89b9db36,31,article_pdf,doi,1.0,
doi:10.1021/acssynbio.0c00527,10.1021/acssynbio.0c00527,2021,Direct Comparison of d-DNA and l-DNA Strand-Displacement Reactions in Living Mammalian Cells,already_present,PMC7973774,PMC7973774.1,data/papers/2021/10.1021__acssynbio.0c00527/versions/pmc_author_manuscript/paper__983b6ceb8f7b.pdf,2026-09-03T06:05:54+00:00,https://pmc.ncbi.nlm.nih.gov/articles/PMC7973774/pdf/nihms-1676556.pdf,https://pmc.ncbi.nlm.nih.gov/articles/PMC7973774/pdf/nihms-1676556.pdf,https://pmc.ncbi.nlm.nih.gov/articles/PMC7973774/,,,,NIH NLM PubMed Central public article page,author_manuscript,,upstream_metadata,pmc_acquisition_manifest,not_established,False,browser_supplied_unverified,The loopback bridge verifies the PDF's DOI/title identity but cannot independently prove that browser-supplied bytes came from the recorded source URL.,,public PMC browser session with same-origin cookies,data/papers/2021/10.1021__acssynbio.0c00527/versions/pmc_author_manuscript/pmc_manifest__cac792688790.json,cac7926887903ffc1d6d591c42ed43e2247a805107598a68c9e368880f53c274,data/papers/2021/10.1021__acssynbio.0c00527/pmc.json,data/papers/2021/10.1021__acssynbio.0c00527/versions/pmc_author_manuscript/pmc_package_metadata__0570483a8c86.json,0570483a8c8624cdb6abd1417978063673d11e5fcf7b4e21e311d02e31ddad58,629,data/papers/2021/10.1021__acssynbio.0c00527/pmc/PMC7973774.1.xml,data/papers/2021/10.1021__acssynbio.0c00527/versions/pmc_author_manuscript/pmc_article_xml__2215ea8c1da0.xml,2215ea8c1da0a65cf70bd925d60b78cd368aa2b645bb6241d2b05d2cc1b86072,35676,972200,983b6ceb8f7bef43fb76bef7575c9bce974be6297f5f8edb1504fe8f2a3d850c,7,article_pdf,doi,1.0,
doi:10.1021/acssynbio.0c00562,10.1021/acssynbio.0c00562,2021,In Situ Biomanufacturing of Small Molecules in the Mammalian Gut by Probiotic Saccharomyces boulardii,already_present,PMC12977008,PMC12977008.1,data/papers/2021/10.1021__acssynbio.0c00562/versions/pmc_author_manuscript/paper__aadf049a41cb.pdf,2026-09-03T06:06:15+00:00,https://pmc.ncbi.nlm.nih.gov/articles/PMC12977008/pdf/nihms-2148426.pdf,https://pmc.ncbi.nlm.nih.gov/articles/PMC12977008/pdf/nihms-2148426.pdf,https://pmc.ncbi.nlm.nih.gov/articles/PMC12977008/,,,,NIH NLM PubMed Central public article page,author_manuscript,,upstream_metadata,pmc_acquisition_manifest,not_established,False,browser_supplied_unverified,The loopback bridge verifies the PDF's DOI/title identity but cannot independently prove that browser-supplied bytes came from the recorded source URL.,,public PMC browser session with same-origin cookies,data/papers/2021/10.1021__acssynbio.0c00562/versions/pmc_author_manuscript/pmc_manifest__7c52c5c0a90b.json,7c52c5c0a90b2562dd86c7dc7a4e9c9be28eb246c03d802ace0ed0af0a3ee2ac,data/papers/2021/10.1021__acssynbio.0c00562/pmc.json,data/papers/2021/10.1021__acssynbio.0c00562/versions/pmc_author_manuscript/pmc_package_metadata__2fd193ddd94e.json,2fd193ddd94e756b548ec692c626cf6df545077068373a3fb86504f21bd306e3,643,data/papers/2021/10.1021__acssynbio.0c00562/pmc/PMC12977008.1.xml,data/papers/2021/10.1021__acssynbio.0c00562/versions/pmc_author_manuscript/pmc_article_xml__c531b3f860f6.xml,c531b3f860f60f3ad940e89dc76bee285a2b71fce373eef1aa2146057e59fb6b,190615,1110229,aadf049a41cb03e66512a270245e26bbecc678bab5358ec547446fb3e64b6973,27,article_pdf,doi,1.0,
doi:10.1021/acssynbio.0c00566,10.1021/acssynbio.0c00566,2021,Toolkit for Quickly Generating and Characterizing Molecular Probes Specific for SARS-CoV-2 Nucleocapsid as a Primer for Future Coronavirus Pandemic Preparedness,already_present,PMC7875338,PMC7875338.2,data/papers/2021/10.1021__acssynbio.0c00566/versions/pmc_author_manuscript/paper__07256e6c0751.pdf,2026-09-03T06:06:02+00:00,https://pmc.ncbi.nlm.nih.gov/articles/PMC7875338/pdf/nihms-1922582.pdf,https://pmc.ncbi.nlm.nih.gov/articles/PMC7875338/pdf/nihms-1922582.pdf,https://pmc.ncbi.nlm.nih.gov/articles/PMC7875338/,,,,NIH NLM PubMed Central public article page,author_manuscript,,upstream_metadata,pmc_acquisition_manifest,not_established,False,browser_supplied_unverified,The loopback bridge verifies the PDF's DOI/title identity but cannot independently prove that browser-supplied bytes came from the recorded source URL.,,public PMC browser session with same-origin cookies,data/papers/2021/10.1021__acssynbio.0c00566/versions/pmc_author_manuscript/pmc_manifest__97c4320169a6.json,97c4320169a66088c4ffbcb2d90d8dcf95514db0c1391bf512756eaffd946085,data/papers/2021/10.1021__acssynbio.0c00566/pmc.json,data/papers/2021/10.1021__acssynbio.0c00566/versions/pmc_author_manuscript/pmc_package_metadata__55f51a7d357c.json,55f51a7d357ce73e264312ab43bd4d929770408a6fc4258ca2164b8571aea0f1,696,data/papers/2021/10.1021__acssynbio.0c00566/pmc/PMC7875338.2.xml,data/papers/2021/10.1021__acssynbio.0c00566/versions/pmc_author_manuscript/pmc_article_xml__567b13d17494.xml,567b13d17494f377b5282afa0e06f12f3874e5bffdf35497cc3b95ee2bd2e516,149052,2560426,07256e6c07518f0072e745503fac21ef6ef27815e85b1b2accbbcc15073a17cf,26,article_pdf,doi,1.0,
doi:10.1021/acssynbio.0c00575,10.1021/acssynbio.0c00575,2021,Patterning Microtubule Network Organization Reshapes Cell-Like Compartments,already_present,PMC9639379,PMC9639379.1,data/papers/2021/10.1021__acssynbio.0c00575/versions/pmc_author_manuscript/paper__626145a83382.pdf,2026-09-03T06:06:26+00:00,https://pmc.ncbi.nlm.nih.gov/articles/PMC9639379/pdf/nihms-1842620.pdf,https://pmc.ncbi.nlm.nih.gov/articles/PMC9639379/pdf/nihms-1842620.pdf,https://pmc.ncbi.nlm.nih.gov/articles/PMC9639379/,,,,NIH NLM PubMed Central public article page,author_manuscript,,upstream_metadata,pmc_acquisition_manifest,not_established,False,browser_supplied_unverified,The loopback bridge verifies the PDF's DOI/title identity but cannot independently prove that browser-supplied bytes came from the recorded source URL.,,public PMC browser session with same-origin cookies,data/papers/2021/10.1021__acssynbio.0c00575/versions/pmc_author_manuscript/pmc_manifest__8ea69a4b00d8.json,8ea69a4b00d81bc1bfe60fb09ef631f3573eca9d12ca2a7860199a488e3d0e97,data/papers/2021/10.1021__acssynbio.0c00575/pmc.json,data/papers/2021/10.1021__acssynbio.0c00575/versions/pmc_author_manuscript/pmc_package_metadata__86caa447d470.json,86caa447d47033308ebf730a5a04c0e7471fd0b2ce0b904a09c7be6928097e21,611,data/papers/2021/10.1021__acssynbio.0c00575/pmc/PMC9639379.1.xml,data/papers/2021/10.1021__acssynbio.0c00575/versions/pmc_author_manuscript/pmc_article_xml__53a160794e30.xml,53a160794e3075a5ffb1fbae997d735a08cfa290582135c7447e7aa57b48c64d,125064,1991129,626145a83382b68328c0c336068c02379b1f73268d843544d63f915ac15a86f6,23,article_pdf,doi,1.0,
doi:10.1021/acssynbio.0c00616,10.1021/acssynbio.0c00616,2021,Genetically Programmable Microbial Assembly,already_present,PMC8978479,PMC8978479.1,data/papers/2021/10.1021__acssynbio.0c00616/versions/pmc_author_manuscript/paper__a5f348c96c2c.pdf,2026-09-03T06:06:29+00:00,https://pmc.ncbi.nlm.nih.gov/articles/PMC8978479/pdf/nihms-1789073.pdf,https://pmc.ncbi.nlm.nih.gov/articles/PMC8978479/pdf/nihms-1789073.pdf,https://pmc.ncbi.nlm.nih.gov/articles/PMC8978479/,,,,NIH NLM PubMed Central public article page,author_manuscript,,upstream_metadata,pmc_acquisition_manifest,not_established,False,browser_supplied_unverified,The loopback bridge verifies the PDF's DOI/title identity but cannot independently prove that browser-supplied bytes came from the recorded source URL.,,public PMC browser session with same-origin cookies,data/papers/2021/10.1021__acssynbio.0c00616/versions/pmc_author_manuscript/pmc_manifest__e0b05c26dda3.json,e0b05c26dda3934df3483dbd8214187c883a14a72833fe006f0a10f95a3d41e4,data/papers/2021/10.1021__acssynbio.0c00616/pmc.json,data/papers/2021/10.1021__acssynbio.0c00616/versions/pmc_author_manuscript/pmc_package_metadata__0127750da0ae.json,0127750da0aecca47f0c33a98fdad8279314a2b53aad628a5198b64bc4af9da9,580,data/papers/2021/10.1021__acssynbio.0c00616/pmc/PMC8978479.1.xml,data/papers/2021/10.1021__acssynbio.0c00616/versions/pmc_author_manuscript/pmc_article_xml__3ce4f822a969.xml,3ce4f822a96958014980c94abadb69af1f06be5ff1f3c837fa910c295640dbe6,90204,1832337,a5f348c96c2c558b9da202b8ec10c8863b43a215bbd46e053ccdd35cacf06bcf,17,article_pdf,doi,1.0,
doi:10.1021/acssynbio.0c00639,10.1021/acssynbio.0c00639,2021,High-Throughput Transcriptional Characterization of Regulatory Sequences from Bacterial Biosynthetic Gene Clusters,already_present,PMC12038827,PMC12038827.1,data/papers/2021/10.1021__acssynbio.0c00639/versions/pmc_author_manuscript/paper__271b32aae5f0.pdf,2026-09-03T06:06:34+00:00,https://pmc.ncbi.nlm.nih.gov/articles/PMC12038827/pdf/nihms-2074718.pdf,https://pmc.ncbi.nlm.nih.gov/articles/PMC12038827/pdf/nihms-2074718.pdf,https://pmc.ncbi.nlm.nih.gov/articles/PMC12038827/,,,,NIH NLM PubMed Central public article page,author_manuscript,,upstream_metadata,pmc_acquisition_manifest,not_established,False,browser_supplied_unverified,The loopback bridge verifies the PDF's DOI/title identity but cannot independently prove that browser-supplied bytes came from the recorded source URL.,,public PMC browser session with same-origin cookies,data/papers/2021/10.1021__acssynbio.0c00639/versions/pmc_author_manuscript/pmc_manifest__7d6936ceca9a.json,7d6936ceca9a1db88322368a7b078fc9a301c395706172748ab424f6bfc85511,data/papers/2021/10.1021__acssynbio.0c00639/pmc.json,data/papers/2021/10.1021__acssynbio.0c00639/versions/pmc_author_manuscript/pmc_package_metadata__54fc995f85fc.json,54fc995f85fc7594c1ed616e03bfa8dd4ba30cc7a7930f34f9fb7aea1ead2227,656,data/papers/2021/10.1021__acssynbio.0c00639/pmc/PMC12038827.1.xml,data/papers/2021/10.1021__acssynbio.0c00639/versions/pmc_author_manuscript/pmc_article_xml__4d18d79a0360.xml,4d18d79a03608b1b7e684fe021589690983d3295390ddfdca07a4d9c3726582e,186826,2378959,271b32aae5f080cf08bdfe0e3806c72cfc34e06df78e9b0eaa49b18c73304f5a,27,article_pdf,doi,1.0,
doi:10.1021/acssynbio.0c00642,10.1021/acssynbio.0c00642,2021,Optogenetic Amplification Circuits for Light-Induced Metabolic Control,already_present,PMC8721662,PMC8721662.1,data/papers/2021/10.1021__acssynbio.0c00642/versions/pmc_author_manuscript/paper__bb6b494f0831.pdf,2026-09-03T06:06:18+00:00,https://pmc.ncbi.nlm.nih.gov/articles/PMC8721662/pdf/nihms-1766365.pdf,https://pmc.ncbi.nlm.nih.gov/articles/PMC8721662/pdf/nihms-1766365.pdf,https://pmc.ncbi.nlm.nih.gov/articles/PMC8721662/,,,,NIH NLM PubMed Central public article page,author_manuscript,,upstream_metadata,pmc_acquisition_manifest,not_established,False,browser_supplied_unverified,The loopback bridge verifies the PDF's DOI/title identity but cannot independently prove that browser-supplied bytes came from the recorded source URL.,,public PMC browser session with same-origin cookies,data/papers/2021/10.1021__acssynbio.0c00642/versions/pmc_author_manuscript/pmc_manifest__1a8b0f5655b3.json,1a8b0f5655b3bb7c1eb1334be146f6a97064245735bad1f066aa19337e5ca1a1,data/papers/2021/10.1021__acssynbio.0c00642/pmc.json,data/papers/2021/10.1021__acssynbio.0c00642/versions/pmc_author_manuscript/pmc_package_metadata__183395e9928b.json,183395e9928b7562d7b9c0670cd3fd81b6d554ab98370456d0f144c9f173ad26,607,data/papers/2021/10.1021__acssynbio.0c00642/pmc/PMC8721662.1.xml,data/papers/2021/10.1021__acssynbio.0c00642/versions/pmc_author_manuscript/pmc_article_xml__b5981d0ef631.xml,b5981d0ef631180ca03c739e6124ea0622da4f08a623b30339a15385a64d8318,94813,1306205,bb6b494f0831158ab8c4891d6ac9ba9bc4f1c780fa8a0e1f0b2ae41b1bbdd565,23,article_pdf,doi,1.0,
doi:10.1021/acssynbio.1c00015,10.1021/acssynbio.1c00015,2021,Dynamic Control of Gene Expression with Riboregulated Switchable Feedback Promoters,already_present,PMC8141045,PMC8141045.1,data/papers/2021/10.1021__acssynbio.1c00015/versions/pmc_author_manuscript/paper__70fac60d2e88.pdf,2026-09-03T06:06:21+00:00,https://pmc.ncbi.nlm.nih.gov/articles/PMC8141045/pdf/nihms-1696552.pdf,https://pmc.ncbi.nlm.nih.gov/articles/PMC8141045/pdf/nihms-1696552.pdf,https://pmc.ncbi.nlm.nih.gov/articles/PMC8141045/,,,,NIH NLM PubMed Central public article page,author_manuscript,,upstream_metadata,pmc_acquisition_manifest,not_established,False,browser_supplied_unverified,The loopback bridge verifies the PDF's DOI/title identity but cannot independently prove that browser-supplied bytes came from the recorded source URL.,,public PMC browser session with same-origin cookies,data/papers/2021/10.1021__acssynbio.1c00015/versions/pmc_author_manuscript/pmc_manifest__531793d2bda2.json,531793d2bda2637cfdb571170d29c6c5d3d2abf2ef4b19e05545667d4befc95a,data/papers/2021/10.1021__acssynbio.1c00015/pmc.json,data/papers/2021/10.1021__acssynbio.1c00015/versions/pmc_author_manuscript/pmc_package_metadata__61761129c504.json,61761129c50400094fcc2132dab01fb97c30116c1d01d4c6d5fdac9615a40590,620,data/papers/2021/10.1021__acssynbio.1c00015/pmc/PMC8141045.1.xml,data/papers/2021/10.1021__acssynbio.1c00015/versions/pmc_author_manuscript/pmc_article_xml__1cb46fc7c8d0.xml,1cb46fc7c8d0cfac76324c5d979ce3e0c1039252de49dead93c9ee44487c56fd,144637,2207176,70fac60d2e88e2898294678add57c50e3135b2d2d04fb2ad1f77b58714997a61,31,article_pdf,doi,1.0,
doi:10.1021/acssynbio.1c00041,10.1021/acssynbio.1c00041,2021,Emergent Damped Oscillation Induced by Nutrient-Modulating Growth Feedback,already_present,PMC10893968,PMC10893968.1,data/papers/2021/10.1021__acssynbio.1c00041/versions/pmc_author_manuscript/paper__6d153b83f7ce.pdf,2026-09-03T06:06:23+00:00,https://pmc.ncbi.nlm.nih.gov/articles/PMC10893968/pdf/nihms-1965701.pdf,https://pmc.ncbi.nlm.nih.gov/articles/PMC10893968/pdf/nihms-1965701.pdf,https://pmc.ncbi.nlm.nih.gov/articles/PMC10893968/,,,,NIH NLM PubMed Central public article page,author_manuscript,,upstream_metadata,pmc_acquisition_manifest,not_established,False,browser_supplied_unverified,The loopback bridge verifies the PDF's DOI/title identity but cannot independently prove that browser-supplied bytes came from the recorded source URL.,,public PMC browser session with same-origin cookies,data/papers/2021/10.1021__acssynbio.1c00041/versions/pmc_author_manuscript/pmc_manifest__23aacb090a97.json,23aacb090a97ace5e3d8d72dba76a288be0c145abc5ef3ee5b1ce311c881176c,data/papers/2021/10.1021__acssynbio.1c00041/pmc.json,data/papers/2021/10.1021__acssynbio.1c00041/versions/pmc_author_manuscript/pmc_package_metadata__7990ca610efc.json,7990ca610efcd6ddbbb0c3344d1f3b53569daced973f595c86d64d5ac8d2963c,616,data/papers/2021/10.1021__acssynbio.1c00041/pmc/PMC10893968.1.xml,data/papers/2021/10.1021__acssynbio.1c00041/versions/pmc_author_manuscript/pmc_article_xml__e73e78b26239.xml,e73e78b26239b66df5e9c559a54bc5808b7c87ba48fb59e5b0410f8decc7270c,157631,1100247,6d153b83f7ce787768cff978665236cc27aa1721ff432a2b41d859e2725323dc,20,article_pdf,doi,1.0,
doi:10.1021/acssynbio.1c00067,10.1021/acssynbio.1c00067,2021,Encounters between Cas9/dCas9 and G-Quadruplexes: Implications for Transcription Regulation and Cas9-Mediated DNA Cleavage,already_present,PMC9285135,PMC9285135.1,data/papers/2021/10.1021__acssynbio.1c00067/versions/pmc_author_manuscript/paper__2a2e30018bc4.pdf,2026-09-03T06:06:10+00:00,https://pmc.ncbi.nlm.nih.gov/articles/PMC9285135/pdf/nihms-1822055.pdf,https://pmc.ncbi.nlm.nih.gov/articles/PMC9285135/pdf/nihms-1822055.pdf,https://pmc.ncbi.nlm.nih.gov/articles/PMC9285135/,,,,NIH NLM PubMed Central public article page,author_manuscript,,upstream_metadata,pmc_acquisition_manifest,not_established,False,browser_supplied_unverified,The loopback bridge verifies the PDF's DOI/title identity but cannot independently prove that browser-supplied bytes came from the recorded source URL.,,public PMC browser session with same-origin cookies,data/papers/2021/10.1021__acssynbio.1c00067/versions/pmc_author_manuscript/pmc_manifest__f28b85046d5a.json,f28b85046d5aa58d16a551e887e8d38b33c3bb3347de0edb136b6005f1514af8,data/papers/2021/10.1021__acssynbio.1c00067/pmc.json,data/papers/2021/10.1021__acssynbio.1c00067/versions/pmc_author_manuscript/pmc_package_metadata__8d5825c9afe3.json,8d5825c9afe34d9916e66d1561041be124cc0ffe0df353ac374f86f6e3ac7038,659,data/papers/2021/10.1021__acssynbio.1c00067/pmc/PMC9285135.1.xml,data/papers/2021/10.1021__acssynbio.1c00067/versions/pmc_author_manuscript/pmc_article_xml__d9fd6dc41feb.xml,d9fd6dc41feb84883f8b5f3ef8e0d7e19409ad6c0f1feabde1e87c7e1e41e74a,79132,1675174,2a2e30018bc41a3b4b5439ac5e6a53c9d24ec81edcfc8397d1868c65427ce324,15,article_pdf,doi,1.0,
doi:10.1021/acssynbio.1c00151,10.1021/acssynbio.1c00151,2021,Development of Genetically Encoded Biosensors for Reporting the Methyltransferase-Dependent Biosynthesis of Semisynthetic Macrolide Antibiotics,already_present,PMC8860303,PMC8860303.1,data/papers/2021/10.1021__acssynbio.1c00151/versions/pmc_author_manuscript/paper__5f30c7cece0d.pdf,2026-09-03T06:06:53+00:00,https://pmc.ncbi.nlm.nih.gov/articles/PMC8860303/pdf/nihms-1778271.pdf,https://pmc.ncbi.nlm.nih.gov/articles/PMC8860303/pdf/nihms-1778271.pdf,https://pmc.ncbi.nlm.nih.gov/articles/PMC8860303/,,,,NIH NLM PubMed Central public article page,author_manuscript,,upstream_metadata,pmc_acquisition_manifest,not_established,False,browser_supplied_unverified,The loopback bridge verifies the PDF's DOI/title identity but cannot independently prove that browser-supplied bytes came from the recorded source URL.,,public PMC browser session with same-origin cookies,data/papers/2021/10.1021__acssynbio.1c00151/versions/pmc_author_manuscript/pmc_manifest__0328290edbd6.json,0328290edbd6c9e8e140ac717c2cfd9a743343c34641e257ad3ed34a22482121,data/papers/2021/10.1021__acssynbio.1c00151/pmc.json,data/papers/2021/10.1021__acssynbio.1c00151/versions/pmc_author_manuscript/pmc_package_metadata__bcb26627c6f3.json,bcb26627c6f3cad8a1ff12d942a6d4fd4fe29a9857ca3c1b93d2d4ef565498a1,682,data/papers/2021/10.1021__acssynbio.1c00151/pmc/PMC8860303.1.xml,data/papers/2021/10.1021__acssynbio.1c00151/versions/pmc_author_manuscript/pmc_article_xml__65471b6f87d8.xml,65471b6f87d8d4913efdf49f4e8f08d551a244a4206d418c6061decb7f5f0780,115172,1505980,5f30c7cece0de8510adaec99a152db00de582072d066f774ee2285f1902b6fcd,24,article_pdf,doi,0.992248,
doi:10.1021/acssynbio.1c00167,10.1021/acssynbio.1c00167,2021,Metabolic Dynamics in Escherichia coli -Based Cell-Free Systems,already_present,PMC9807262,PMC9807262.1,data/papers/2021/10.1021__acssynbio.1c00167/versions/pmc_author_manuscript/paper__60595e61dafd.pdf,2026-09-03T06:06:45+00:00,https://pmc.ncbi.nlm.nih.gov/articles/PMC9807262/pdf/nihms-1860521.pdf,https://pmc.ncbi.nlm.nih.gov/articles/PMC9807262/pdf/nihms-1860521.pdf,https://pmc.ncbi.nlm.nih.gov/articles/PMC9807262/,,,,NIH NLM PubMed Central public article page,author_manuscript,,upstream_metadata,pmc_acquisition_manifest,not_established,False,browser_supplied_unverified,The loopback bridge verifies the PDF's DOI/title identity but cannot independently prove that browser-supplied bytes came from the recorded source URL.,,public PMC browser session with same-origin cookies,data/papers/2021/10.1021__acssynbio.1c00167/versions/pmc_author_manuscript/pmc_manifest__3467745f0b02.json,3467745f0b02a5ed8fa64b4eb212aca373d54ae65430b4547503048f81b58fa3,data/papers/2021/10.1021__acssynbio.1c00167/pmc.json,data/papers/2021/10.1021__acssynbio.1c00167/versions/pmc_author_manuscript/pmc_package_metadata__8b2af15801eb.json,8b2af15801eba9cb0580e9689001215d56ac51f4d27ebcde765495dce73b2458,598,data/papers/2021/10.1021__acssynbio.1c00167/pmc/PMC9807262.1.xml,data/papers/2021/10.1021__acssynbio.1c00167/versions/pmc_author_manuscript/pmc_article_xml__3b3089029720.xml,3b3089029720e220041102984eb33480311984f287486edbadfd7de66e998455,111331,2227625,60595e61dafd741b62066e6299e933815fed53f926ba6a2f0e4390c1fff67de0,26,article_pdf,doi,1.0,
doi:10.1021/acssynbio.1c00204,10.1021/acssynbio.1c00204,2021,Recognition of DNA Target Formulations by CRISPR-Cas12a Using a dsDNA Reporter,already_present,PMC9190466,PMC9190466.1,data/papers/2021/10.1021__acssynbio.1c00204/versions/pmc_author_manuscript/paper__a59302fce689.pdf,2026-09-03T06:06:31+00:00,https://pmc.ncbi.nlm.nih.gov/articles/PMC9190466/pdf/nihms-1812802.pdf,https://pmc.ncbi.nlm.nih.gov/articles/PMC9190466/pdf/nihms-1812802.pdf,https://pmc.ncbi.nlm.nih.gov/articles/PMC9190466/,,,,NIH NLM PubMed Central public article page,author_manuscript,,upstream_metadata,pmc_acquisition_manifest,not_established,False,browser_supplied_unverified,The loopback bridge verifies the PDF's DOI/title identity but cannot independently prove that browser-supplied bytes came from the recorded source URL.,,public PMC browser session with same-origin cookies,data/papers/2021/10.1021__acssynbio.1c00204/versions/pmc_author_manuscript/pmc_manifest__23cb6aa09c2d.json,23cb6aa09c2df6bc89591cb9699e7b19cb301424ad61dd8a3346774c7a8fdb02,data/papers/2021/10.1021__acssynbio.1c00204/pmc.json,data/papers/2021/10.1021__acssynbio.1c00204/versions/pmc_author_manuscript/pmc_package_metadata__cfa4ed305e4d.json,cfa4ed305e4dce45b3db17d5749c0128332a09465f692c432294771166b9272f,615,data/papers/2021/10.1021__acssynbio.1c00204/pmc/PMC9190466.1.xml,data/papers/2021/10.1021__acssynbio.1c00204/versions/pmc_author_manuscript/pmc_article_xml__c3c371f7a15e.xml,c3c371f7a15eff76aecba40a4695a8b3c522e036ef2248791d70dd786837f8db,90282,1349129,a59302fce68968ea3dfecaeb26bf9ee9c0f807c3be97f15f4c2c81b8b9aa9d42,19,article_pdf,doi,1.0,
doi:10.1021/acssynbio.1c00245,10.1021/acssynbio.1c00245,2021,Exploring the Tunability and Dynamic Properties of MarR-PmarO Sensor System in Escherichia coli,already_present,PMC8779632,PMC8779632.1,data/papers/2021/10.1021__acssynbio.1c00245/versions/pmc_author_manuscript/paper__ddd6e97f6c04.pdf,2026-09-03T06:06:36+00:00,https://pmc.ncbi.nlm.nih.gov/articles/PMC8779632/pdf/nihms-1769969.pdf,https://pmc.ncbi.nlm.nih.gov/articles/PMC8779632/pdf/nihms-1769969.pdf,https://pmc.ncbi.nlm.nih.gov/articles/PMC8779632/,,,,NIH NLM PubMed Central public article page,author_manuscript,,upstream_metadata,pmc_acquisition_manifest,not_established,False,browser_supplied_unverified,The loopback bridge verifies the PDF's DOI/title identity but cannot independently prove that browser-supplied bytes came from the recorded source URL.,,public PMC browser session with same-origin cookies,data/papers/2021/10.1021__acssynbio.1c00245/versions/pmc_author_manuscript/pmc_manifest__179c7c11fb4c.json,179c7c11fb4c5ff8c2b350f0262d90ba61981b7fddd15773efd71120ee8a0c40,data/papers/2021/10.1021__acssynbio.1c00245/pmc.json,data/papers/2021/10.1021__acssynbio.1c00245/versions/pmc_author_manuscript/pmc_package_metadata__e9c3d6329119.json,e9c3d6329119f754ae967294f9024df384b242767bee0879ebe837541caf8d4a,632,data/papers/2021/10.1021__acssynbio.1c00245/pmc/PMC8779632.1.xml,data/papers/2021/10.1021__acssynbio.1c00245/versions/pmc_author_manuscript/pmc_article_xml__b4a3ea49ead3.xml,b4a3ea49ead3dda5e2692c6a2c367105e3c768cb3136e679c6ed863bd527b9b1,102440,1037844,ddd6e97f6c04be5ec4b554c9d983752f5fb0fc78942b97178645fbccec291ffc,19,article_pdf,doi,1.0,
doi:10.1021/acssynbio.1c00248,10.1021/acssynbio.1c00248,2021,A Ratiometric Dual Color Luciferase Reporter for Fast Characterization of Transcriptional Regulatory Elements in Plants,already_present,PMC10503406,PMC10503406.1,data/papers/2021/10.1021__acssynbio.1c00248/versions/pmc_author_manuscript/paper__e012c741da6d.pdf,2026-09-03T06:07:03+00:00,https://pmc.ncbi.nlm.nih.gov/articles/PMC10503406/pdf/nihms-1761227.pdf,https://pmc.ncbi.nlm.nih.gov/articles/PMC10503406/pdf/nihms-1761227.pdf,https://pmc.ncbi.nlm.nih.gov/articles/PMC10503406/,,,,NIH NLM PubMed Central public article page,author_manuscript,,upstream_metadata,pmc_acquisition_manifest,not_established,False,browser_supplied_unverified,The loopback bridge verifies the PDF's DOI/title identity but cannot independently prove that browser-supplied bytes came from the recorded source URL.,,public PMC browser session with same-origin cookies,data/papers/2021/10.1021__acssynbio.1c00248/versions/pmc_author_manuscript/pmc_manifest__4e90e6609f9c.json,4e90e6609f9c2142988c9a8bfde37ddb8f2945af8137c0f1cd79b2b4bcc47a41,data/papers/2021/10.1021__acssynbio.1c00248/pmc.json,data/papers/2021/10.1021__acssynbio.1c00248/versions/pmc_author_manuscript/pmc_package_metadata__b3c6983f1ea1.json,b3c6983f1ea1d8cdef6b3f7dcb3d92b60a986c81d86d4fdafe5630ee8b62bcb9,661,data/papers/2021/10.1021__acssynbio.1c00248/pmc/PMC10503406.1.xml,data/papers/2021/10.1021__acssynbio.1c00248/versions/pmc_author_manuscript/pmc_article_xml__d1dd01c3af56.xml,d1dd01c3af5668a4c94afb061055dd4b6e4e1dcded4aea8cd0d893ef15b39747,49744,646763,e012c741da6d91479f13778a1faa55d31b501617939799083642dc6fbdc9cfff,8,article_pdf,doi,1.0,
doi:10.1021/acssynbio.1c00250,10.1021/acssynbio.1c00250,2021,Modular and Single-Cell Sensors of Bacterial Ser/Thr Kinase Activity,already_present,PMC8498941,PMC8498941.1,data/papers/2021/10.1021__acssynbio.1c00250/versions/pmc_author_manuscript/paper__9cb5fc18ba6c.pdf,2026-09-03T06:06:47+00:00,https://pmc.ncbi.nlm.nih.gov/articles/PMC8498941/pdf/nihms-1743477.pdf,https://pmc.ncbi.nlm.nih.gov/articles/PMC8498941/pdf/nihms-1743477.pdf,https://pmc.ncbi.nlm.nih.gov/articles/PMC8498941/,,,,NIH NLM PubMed Central public article page,author_manuscript,,upstream_metadata,pmc_acquisition_manifest,not_established,False,browser_supplied_unverified,The loopback bridge verifies the PDF's DOI/title identity but cannot independently prove that browser-supplied bytes came from the recorded source URL.,,public PMC browser session with same-origin cookies,data/papers/2021/10.1021__acssynbio.1c00250/versions/pmc_author_manuscript/pmc_manifest__00f7474edef1.json,00f7474edef1c9d9fdb4e4626f2868a7764ca710487d3a3d51ae195b7c367acf,data/papers/2021/10.1021__acssynbio.1c00250/pmc.json,data/papers/2021/10.1021__acssynbio.1c00250/versions/pmc_author_manuscript/pmc_package_metadata__0d3de78854ad.json,0d3de78854adfdbbd8df7b7e4fe2d4816009507320573edff740220ee2e20fbd,605,data/papers/2021/10.1021__acssynbio.1c00250/pmc/PMC8498941.1.xml,data/papers/2021/10.1021__acssynbio.1c00250/versions/pmc_author_manuscript/pmc_article_xml__8ffbaf44c5de.xml,8ffbaf44c5deab141b439ee9c51e892a78805da421358d2048227e07a331bf76,110350,1514676,9cb5fc18ba6c3a0d33aa49f76aeac5fa7bf5f49d6f27d69a161eed74db0dd1d7,24,article_pdf,doi,1.0,
doi:10.1021/acssynbio.1c00251,10.1021/acssynbio.1c00251,2021,Engineering T4 Bacteriophage for In Vivo Display by Type V CRISPR-Cas Genome Editing,already_present,PMC12867177,PMC12867177.1,data/papers/2021/10.1021__acssynbio.1c00251/versions/pmc_author_manuscript/paper__e2b0883b16c4.pdf,2026-09-03T06:06:55+00:00,https://pmc.ncbi.nlm.nih.gov/articles/PMC12867177/pdf/nihms-1816778.pdf,https://pmc.ncbi.nlm.nih.gov/articles/PMC12867177/pdf/nihms-1816778.pdf,https://pmc.ncbi.nlm.nih.gov/articles/PMC12867177/,,,,NIH NLM PubMed Central public article page,author_manuscript,,upstream_metadata,pmc_acquisition_manifest,not_established,False,browser_supplied_unverified,The loopback bridge verifies the PDF's DOI/title identity but cannot independently prove that browser-supplied bytes came from the recorded source URL.,,public PMC browser session with same-origin cookies,data/papers/2021/10.1021__acssynbio.1c00251/versions/pmc_author_manuscript/pmc_manifest__3429a50b6dc4.json,3429a50b6dc44a36776c033a5367716555d640d019ea196647472b8bbfb2ffbd,data/papers/2021/10.1021__acssynbio.1c00251/pmc.json,data/papers/2021/10.1021__acssynbio.1c00251/versions/pmc_author_manuscript/pmc_package_metadata__3732f04ae586.json,3732f04ae586af1ac8e8ccd93dd67a3d8ab0e0330cc0f564fe3c213d2e884f9e,625,data/papers/2021/10.1021__acssynbio.1c00251/pmc/PMC12867177.1.xml,data/papers/2021/10.1021__acssynbio.1c00251/versions/pmc_author_manuscript/pmc_article_xml__c2a74d4fd988.xml,c2a74d4fd988a1ad3dfeb21ce26b387bfcfd8c4beb6cca09ec2394fce06b9cf2,111181,1510287,e2b0883b16c46c09b4520d4c42a7ccd8d4c6e78e8126d963fff420198fc0fbe3,20,article_pdf,doi,1.0,
doi:10.1021/acssynbio.1c00258,10.1021/acssynbio.1c00258,2021,"Growth-Based, High-Throughput Selection for NADH Preference in an Oxygen-Dependent Biocatalyst",already_present,PMC10362907,PMC10362907.1,data/papers/2021/10.1021__acssynbio.1c00258/versions/pmc_author_manuscript/paper__dd2bc7776301.pdf,2026-09-03T06:06:50+00:00,https://pmc.ncbi.nlm.nih.gov/articles/PMC10362907/pdf/nihms-1797209.pdf,https://pmc.ncbi.nlm.nih.gov/articles/PMC10362907/pdf/nihms-1797209.pdf,https://pmc.ncbi.nlm.nih.gov/articles/PMC10362907/,,,,NIH NLM PubMed Central public article page,author_manuscript,,upstream_metadata,pmc_acquisition_manifest,not_established,False,browser_supplied_unverified,The loopback bridge verifies the PDF's DOI/title identity but cannot independently prove that browser-supplied bytes came from the recorded source URL.,,public PMC browser session with same-origin cookies,data/papers/2021/10.1021__acssynbio.1c00258/versions/pmc_author_manuscript/pmc_manifest__f91009780062.json,f910097800623f60f1c0a92fbc972ce9dd0b3db2c1cca9c9bc4213adc429f2a0,data/papers/2021/10.1021__acssynbio.1c00258/pmc.json,data/papers/2021/10.1021__acssynbio.1c00258/versions/pmc_author_manuscript/pmc_package_metadata__3ef5a9407da0.json,3ef5a9407da065dd459d19342edaca6aa8eb9a3667573df9693f66402ccc1989,636,data/papers/2021/10.1021__acssynbio.1c00258/pmc/PMC10362907.1.xml,data/papers/2021/10.1021__acssynbio.1c00258/versions/pmc_author_manuscript/pmc_article_xml__5317917a1163.xml,5317917a1163bdc175a68c6c96e15cea9f7d9b4546b32ad15011297708234057,144755,1483301,dd2bc777630114a0f82db60092327514012c69fadf2a9078353fe2efb2d247b3,26,article_pdf,doi,1.0,
doi:10.1021/acssynbio.1c00276,10.1021/acssynbio.1c00276,2021,A System for the Evolution of Protein–Protein Interaction Inducers,already_present,PMC8590884,PMC8590884.1,data/papers/2021/10.1021__acssynbio.1c00276/versions/pmc_author_manuscript/paper__f22ebb9138e6.pdf,2026-09-03T06:06:39+00:00,https://pmc.ncbi.nlm.nih.gov/articles/PMC8590884/pdf/nihms-1751875.pdf,https://pmc.ncbi.nlm.nih.gov/articles/PMC8590884/pdf/nihms-1751875.pdf,https://pmc.ncbi.nlm.nih.gov/articles/PMC8590884/,,,,NIH NLM PubMed Central public article page,author_manuscript,,upstream_metadata,pmc_acquisition_manifest,not_established,False,browser_supplied_unverified,The loopback bridge verifies the PDF's DOI/title identity but cannot independently prove that browser-supplied bytes came from the recorded source URL.,,public PMC browser session with same-origin cookies,data/papers/2021/10.1021__acssynbio.1c00276/versions/pmc_author_manuscript/pmc_manifest__e5e3843ff9b1.json,e5e3843ff9b1cba020b3487df2b816272ec378e9a4ca42196147e7acbb7a7531,data/papers/2021/10.1021__acssynbio.1c00276/pmc.json,data/papers/2021/10.1021__acssynbio.1c00276/versions/pmc_author_manuscript/pmc_package_metadata__dbde5f963e0c.json,dbde5f963e0cc1c43ece5b4438c7833eb666fd8d296b3ddfa91778b39c489b2d,608,data/papers/2021/10.1021__acssynbio.1c00276/pmc/PMC8590884.1.xml,data/papers/2021/10.1021__acssynbio.1c00276/versions/pmc_author_manuscript/pmc_article_xml__2fe8617644fe.xml,2fe8617644fe9ad28b4c9993bd0935b6fae269bf4b5ae35ad5cdc1fcbff5c851,180019,951196,f22ebb9138e6138eb43ab691b649a063122fe7733c45e1475998327d9f4925c2,28,article_pdf,doi,1.0,
doi:10.1021/acssynbio.1c00282,10.1021/acssynbio.1c00282,2021,Point-of-Care Analyte Quantification and Digital Readout via Lysate-Based Cell-Free Biosensors Interfaced with Personal Glucose Monitors,already_present,PMC9807263,PMC9807263.1,data/papers/2021/10.1021__acssynbio.1c00282/versions/pmc_author_manuscript/paper__06d3994fb129.pdf,2026-09-03T06:07:06+00:00,https://pmc.ncbi.nlm.nih.gov/articles/PMC9807263/pdf/nihms-1860524.pdf,https://pmc.ncbi.nlm.nih.gov/articles/PMC9807263/pdf/nihms-1860524.pdf,https://pmc.ncbi.nlm.nih.gov/articles/PMC9807263/,,,,NIH NLM PubMed Central public article page,author_manuscript,,upstream_metadata,pmc_acquisition_manifest,not_established,False,browser_supplied_unverified,The loopback bridge verifies the PDF's DOI/title identity but cannot independently prove that browser-supplied bytes came from the recorded source URL.,,public PMC browser session with same-origin cookies,data/papers/2021/10.1021__acssynbio.1c00282/versions/pmc_author_manuscript/pmc_manifest__4ea197690b52.json,4ea197690b52bf9e0db00e3731ae97270e4bac2c8dbc4ea577c93a2178742097,data/papers/2021/10.1021__acssynbio.1c00282/pmc.json,data/papers/2021/10.1021__acssynbio.1c00282/versions/pmc_author_manuscript/pmc_package_metadata__d9c890f80d19.json,d9c890f80d19628a1126de9a05bf43eeb3ae850c0e65d151392a2c380f1788e2,672,data/papers/2021/10.1021__acssynbio.1c00282/pmc/PMC9807263.1.xml,data/papers/2021/10.1021__acssynbio.1c00282/versions/pmc_author_manuscript/pmc_article_xml__bc573531c372.xml,bc573531c372a98fc37c9b1f8120fd1e432fb5ec0b34489815bd35865e6058ae,87066,987204,06d3994fb1297b311ebb928f0d882994b5626c9795228075871d8ca13c7dee5d,16,article_pdf,doi,1.0,
doi:10.1021/acssynbio.1c00306,10.1021/acssynbio.1c00306,2021,CRISPR-Cas-Mediated Tethering Recruits the Yeast HMR Mating-Type Locus to the Nuclear Periphery but Fails to Silence Gene Expression,already_present,PMC8627703,PMC8627703.1,data/papers/2021/10.1021__acssynbio.1c00306/versions/pmc_author_manuscript/paper__0e63d88fe7df.pdf,2026-09-03T06:07:08+00:00,https://pmc.ncbi.nlm.nih.gov/articles/PMC8627703/pdf/nihms-1758171.pdf,https://pmc.ncbi.nlm.nih.gov/articles/PMC8627703/pdf/nihms-1758171.pdf,https://pmc.ncbi.nlm.nih.gov/articles/PMC8627703/,,,,NIH NLM PubMed Central public article page,author_manuscript,,upstream_metadata,pmc_acquisition_manifest,not_established,False,browser_supplied_unverified,The loopback bridge verifies the PDF's DOI/title identity but cannot independently prove that browser-supplied bytes came from the recorded source URL.,,public PMC browser session with same-origin cookies,data/papers/2021/10.1021__acssynbio.1c00306/versions/pmc_author_manuscript/pmc_manifest__bbd5bcbf767e.json,bbd5bcbf767eb5f3efdabd6d115a5bf02c5dca7794384587108186af88cf2866,data/papers/2021/10.1021__acssynbio.1c00306/pmc.json,data/papers/2021/10.1021__acssynbio.1c00306/versions/pmc_author_manuscript/pmc_package_metadata__4b2efb0aa8c8.json,4b2efb0aa8c89ba1e883af653d76d0ca98b11ab8735389e0f6e78d0eeee34e39,669,data/papers/2021/10.1021__acssynbio.1c00306/pmc/PMC8627703.1.xml,data/papers/2021/10.1021__acssynbio.1c00306/versions/pmc_author_manuscript/pmc_article_xml__8689fa7b5085.xml,8689fa7b508545a8e0e773e1b2e4dc2789f9c51ea7c2340e49d6cdde5a93c830,99391,872187,0e63d88fe7df57adc5f13861dfeb125b019cd1edeba2fd9091fbc7751d542f59,16,article_pdf,doi,1.0,
doi:10.1021/acssynbio.1c00309,10.1021/acssynbio.1c00309,2021,High-Titer Production of Olivetolic Acid and Analogs in Engineered Fungal Host Using a Nonplant Biosynthetic Pathway,already_present,PMC8448932,PMC8448932.1,data/papers/2021/10.1021__acssynbio.1c00309/versions/pmc_author_manuscript/paper__40ea2aaa948a.pdf,2026-09-03T06:06:42+00:00,https://pmc.ncbi.nlm.nih.gov/articles/PMC8448932/pdf/nihms-1738859.pdf,https://pmc.ncbi.nlm.nih.gov/articles/PMC8448932/pdf/nihms-1738859.pdf,https://pmc.ncbi.nlm.nih.gov/articles/PMC8448932/,,,,NIH NLM PubMed Central public article page,author_manuscript,,upstream_metadata,pmc_acquisition_manifest,not_established,False,browser_supplied_unverified,The loopback bridge verifies the PDF's DOI/title identity but cannot independently prove that browser-supplied bytes came from the recorded source URL.,,public PMC browser session with same-origin cookies,data/papers/2021/10.1021__acssynbio.1c00309/versions/pmc_author_manuscript/pmc_manifest__38381b0a2c72.json,38381b0a2c72ac57b923c168c0ef686e0d9fc6982ae1ab707b1a06e9bc78406e,data/papers/2021/10.1021__acssynbio.1c00309/pmc.json,data/papers/2021/10.1021__acssynbio.1c00309/versions/pmc_author_manuscript/pmc_package_metadata__f0957ac65fdc.json,f0957ac65fdc5d7cb6a2393a40c27100a5e794427485f6fc0cf24f99a8414816,654,data/papers/2021/10.1021__acssynbio.1c00309/pmc/PMC8448932.1.xml,data/papers/2021/10.1021__acssynbio.1c00309/versions/pmc_author_manuscript/pmc_article_xml__e4a65c11a7ec.xml,e4a65c11a7ec2dd32b9714a106937e5656e897b602426e30dca609f78f270480,86052,739183,40ea2aaa948a0551aad244445f003b16bdd1436df6bb478ea0c51aca5ba28cb4,16,article_pdf,doi,1.0,
doi:10.1021/acssynbio.1c00314,10.1021/acssynbio.1c00314,2021,A Platform for Deep Sequence–Activity Mapping and Engineering Antimicrobial Peptides,already_present,PMC9009525,PMC9009525.1,data/papers/2021/10.1021__acssynbio.1c00314/versions/pmc_author_manuscript/paper__fa93b1157085.pdf,2026-09-03T06:06:58+00:00,https://pmc.ncbi.nlm.nih.gov/articles/PMC9009525/pdf/nihms-1793395.pdf,https://pmc.ncbi.nlm.nih.gov/articles/PMC9009525/pdf/nihms-1793395.pdf,https://pmc.ncbi.nlm.nih.gov/articles/PMC9009525/,,,,NIH NLM PubMed Central public article page,author_manuscript,,upstream_metadata,pmc_acquisition_manifest,not_established,False,browser_supplied_unverified,The loopback bridge verifies the PDF's DOI/title identity but cannot independently prove that browser-supplied bytes came from the recorded source URL.,,public PMC browser session with same-origin cookies,data/papers/2021/10.1021__acssynbio.1c00314/versions/pmc_author_manuscript/pmc_manifest__6079b3643d98.json,6079b3643d98ca6b539ccad170d0af48c6c51161d3aeb834281df79b56dd6bdd,data/papers/2021/10.1021__acssynbio.1c00314/pmc.json,data/papers/2021/10.1021__acssynbio.1c00314/versions/pmc_author_manuscript/pmc_package_metadata__b911157f22be.json,b911157f22be29d6efde7a53154ffdaebb5a80f4ea0dd6004184cad691b3e807,621,data/papers/2021/10.1021__acssynbio.1c00314/pmc/PMC9009525.1.xml,data/papers/2021/10.1021__acssynbio.1c00314/versions/pmc_author_manuscript/pmc_article_xml__44c5516f3d06.xml,44c5516f3d067699ff96bb75f63bbf57397eca3d1180f27e25d735403dcd8172,151541,1825477,fa93b115708529c5b59f193cd57d6feca0e3085e2dbd3d74e0efdde024e96812,32,article_pdf,doi,1.0,
doi:10.1021/acssynbio.1c00316,10.1021/acssynbio.1c00316,2021,Evolving Small-Molecule Biosensors with Improved Performance and Reprogrammed Ligand Preference Using OrthoRep,already_present,PMC8818326,PMC8818326.1,data/papers/2021/10.1021__acssynbio.1c00316/versions/pmc_author_manuscript/paper__6b221883a184.pdf,2026-09-03T06:07:01+00:00,https://pmc.ncbi.nlm.nih.gov/articles/PMC8818326/pdf/nihms-1774317.pdf,https://pmc.ncbi.nlm.nih.gov/articles/PMC8818326/pdf/nihms-1774317.pdf,https://pmc.ncbi.nlm.nih.gov/articles/PMC8818326/,,,,NIH NLM PubMed Central public article page,author_manuscript,,upstream_metadata,pmc_acquisition_manifest,not_established,False,browser_supplied_unverified,The loopback bridge verifies the PDF's DOI/title identity but cannot independently prove that browser-supplied bytes came from the recorded source URL.,,public PMC browser session with same-origin cookies,data/papers/2021/10.1021__acssynbio.1c00316/versions/pmc_author_manuscript/pmc_manifest__5c6f63c7bc66.json,5c6f63c7bc66cd2e8714f405b31223ad10d36fa0f75bae68b7113362b068b5b8,data/papers/2021/10.1021__acssynbio.1c00316/pmc.json,data/papers/2021/10.1021__acssynbio.1c00316/versions/pmc_author_manuscript/pmc_package_metadata__c90aeed964a6.json,c90aeed964a63e9a44f0ef095af3fedebfe4651204af85d704050a9b5eba2821,647,data/papers/2021/10.1021__acssynbio.1c00316/pmc/PMC8818326.1.xml,data/papers/2021/10.1021__acssynbio.1c00316/versions/pmc_author_manuscript/pmc_article_xml__42824d7a9858.xml,42824d7a98584ec60cc7e95656e732b1b39512278357f1757effb2ab0bdd17af,87294,1549247,6b221883a184a5f4396efda49ed0b1c39942b139052e0d0b011fabced1386c14,18,article_pdf,doi,1.0,
doi:10.1021/acssynbio.1c00328,10.1021/acssynbio.1c00328,2021,Optical Control of Phosphoinositide Binding: Rapid Activation of Subcellular Protein Translocation and Cell Signaling,already_present,PMC9171834,PMC9171834.1,data/papers/2021/10.1021__acssynbio.1c00328/versions/pmc_author_manuscript/paper__5576e4d63f01.pdf,2026-09-03T06:07:11+00:00,https://pmc.ncbi.nlm.nih.gov/articles/PMC9171834/pdf/nihms-1808377.pdf,https://pmc.ncbi.nlm.nih.gov/articles/PMC9171834/pdf/nihms-1808377.pdf,https://pmc.ncbi.nlm.nih.gov/articles/PMC9171834/,,,,NIH NLM PubMed Central public article page,author_manuscript,,upstream_metadata,pmc_acquisition_manifest,not_established,False,browser_supplied_unverified,The loopback bridge verifies the PDF's DOI/title identity but cannot independently prove that browser-supplied bytes came from the recorded source URL.,,public PMC browser session with same-origin cookies,data/papers/2021/10.1021__acssynbio.1c00328/versions/pmc_author_manuscript/pmc_manifest__572909668115.json,5729096681159706a0f2f95eb3e262d5aaf728eae5c87f996654ae7c7c2ae628,data/papers/2021/10.1021__acssynbio.1c00328/pmc.json,data/papers/2021/10.1021__acssynbio.1c00328/versions/pmc_author_manuscript/pmc_package_metadata__57c6209344d3.json,57c6209344d39ea2174ef7b0fb6abd47bf9a8cbfb30f61784efa5889fbd8562c,654,data/papers/2021/10.1021__acssynbio.1c00328/pmc/PMC9171834.1.xml,data/papers/2021/10.1021__acssynbio.1c00328/versions/pmc_author_manuscript/pmc_article_xml__895c416ac2f3.xml,895c416ac2f360eb582cad0402d1e9b4429c45b68b2d086bf358a42e63b521e0,115107,1148575,5576e4d63f01504d113fd2a0f294dc1069710d03c94ddf437cfa0d73325353cf,19,article_pdf,doi,1.0,
doi:10.1021/acssynbio.1c00341,10.1021/acssynbio.1c00341,2021,"Exploiting Noise, Non-Linearity, and Feedback for Differential Control of Multiple Synthetic Cells with a Single Optogenetic Input",already_present,PMC9875732,PMC9875732.1,data/papers/2021/10.1021__acssynbio.1c00341/versions/pmc_author_manuscript/paper__37e4c8f870fa.pdf,2026-09-03T06:07:16+00:00,https://pmc.ncbi.nlm.nih.gov/articles/PMC9875732/pdf/nihms-1862450.pdf,https://pmc.ncbi.nlm.nih.gov/articles/PMC9875732/pdf/nihms-1862450.pdf,https://pmc.ncbi.nlm.nih.gov/articles/PMC9875732/,,,,NIH NLM PubMed Central public article page,author_manuscript,,upstream_metadata,pmc_acquisition_manifest,not_established,False,browser_supplied_unverified,The loopback bridge verifies the PDF's DOI/title identity but cannot independently prove that browser-supplied bytes came from the recorded source URL.,,public PMC browser session with same-origin cookies,data/papers/2021/10.1021__acssynbio.1c00341/versions/pmc_author_manuscript/pmc_manifest__a2cfe8d53268.json,a2cfe8d53268f9160caaea4479e5475bf37410b3e9ac08e58677e1eb780dc4e8,data/papers/2021/10.1021__acssynbio.1c00341/pmc.json,data/papers/2021/10.1021__acssynbio.1c00341/versions/pmc_author_manuscript/pmc_package_metadata__ea7b84666ac3.json,ea7b84666ac3c5251c9a054ba69c004d70b6d336cee148c96d9b31aef1ccf343,667,data/papers/2021/10.1021__acssynbio.1c00341/pmc/PMC9875732.1.xml,data/papers/2021/10.1021__acssynbio.1c00341/versions/pmc_author_manuscript/pmc_article_xml__8ab5d7994cb2.xml,8ab5d7994cb27ea019f9fe2273b776223dafddcca912479c02e29526c8d1cfa2,218216,1774921,37e4c8f870fac7d543eb3753aead69cac19503a8d6d6d2f2e5c310ef0dd1f0ff,33,article_pdf,doi,1.0,
doi:10.1021/acssynbio.1c00370,10.1021/acssynbio.1c00370,2021,Broadening the Toolkit for Quantitatively Evaluating Noncanonical Amino Acid Incorporation in Yeast,already_present,PMC8936162,PMC8936162.1,data/papers/2021/10.1021__acssynbio.1c00370/versions/pmc_author_manuscript/paper__c2b24f707260.pdf,2026-09-03T06:07:13+00:00,https://pmc.ncbi.nlm.nih.gov/articles/PMC8936162/pdf/nihms-1785603.pdf,https://pmc.ncbi.nlm.nih.gov/articles/PMC8936162/pdf/nihms-1785603.pdf,https://pmc.ncbi.nlm.nih.gov/articles/PMC8936162/,,,,NIH NLM PubMed Central public article page,author_manuscript,,upstream_metadata,pmc_acquisition_manifest,not_established,False,browser_supplied_unverified,The loopback bridge verifies the PDF's DOI/title identity but cannot independently prove that browser-supplied bytes came from the recorded source URL.,,public PMC browser session with same-origin cookies,data/papers/2021/10.1021__acssynbio.1c00370/versions/pmc_author_manuscript/pmc_manifest__e0dd721771e6.json,e0dd721771e6e7b627487ea9935c03506f1184002454f181e153b9b18bbd40ba,data/papers/2021/10.1021__acssynbio.1c00370/pmc.json,data/papers/2021/10.1021__acssynbio.1c00370/versions/pmc_author_manuscript/pmc_package_metadata__197796231153.json,197796231153170fd09b3417bffacbd9bef45d42846989a72be71b719727685d,636,data/papers/2021/10.1021__acssynbio.1c00370/pmc/PMC8936162.1.xml,data/papers/2021/10.1021__acssynbio.1c00370/versions/pmc_author_manuscript/pmc_article_xml__5bf6eabe06ca.xml,5bf6eabe06caeb7651e06f5c5cbda49c84c61ebe1b40ec403e321fd20f8a3172,129923,1503063,c2b24f70726076ed8af47d3a64f870e295745ccce7dd0fce878ea8f680e5ef45,21,article_pdf,doi,1.0,
doi:10.1021/acssynbio.0c00369,10.1021/acssynbio.0c00369,2022,Parameterized Computational Framework for the Description and Design of Genetic Circuits of Morphogenesis Based on Contact-Dependent Signaling and Changes in Cell–Cell Adhesion,already_present,PMC10389258,PMC10389258.1,data/papers/2022/10.1021__acssynbio.0c00369/versions/pmc_author_manuscript/paper__bbc8f9c3c774.pdf,2026-09-03T06:07:45+00:00,https://pmc.ncbi.nlm.nih.gov/articles/PMC10389258/pdf/nihms-1798900.pdf,https://pmc.ncbi.nlm.nih.gov/articles/PMC10389258/pdf/nihms-1798900.pdf,https://pmc.ncbi.nlm.nih.gov/articles/PMC10389258/,,,,NIH NLM PubMed Central public article page,author_manuscript,,upstream_metadata,pmc_acquisition_manifest,not_established,False,browser_supplied_unverified,The loopback bridge verifies the PDF's DOI/title identity but cannot independently prove that browser-supplied bytes came from the recorded source URL.,,public PMC browser session with same-origin cookies,data/papers/2022/10.1021__acssynbio.0c00369/versions/pmc_author_manuscript/pmc_manifest__156510ac99ed.json,156510ac99ed1cc74f5b3813822cbe89ba851b1cc29f6898d186cc0ff4d6ffd9,data/papers/2022/10.1021__acssynbio.0c00369/pmc.json,data/papers/2022/10.1021__acssynbio.0c00369/versions/pmc_author_manuscript/pmc_package_metadata__9c475d3dc4ce.json,9c475d3dc4cecba707b97efa3dd00e5c84a14338d424a9d46dea010920c4085a,715,data/papers/2022/10.1021__acssynbio.0c00369/pmc/PMC10389258.1.xml,data/papers/2022/10.1021__acssynbio.0c00369/versions/pmc_author_manuscript/pmc_article_xml__c1d3bd167fdb.xml,c1d3bd167fdbc6c22df8de4aaac0cccfc509cc533d2033f70e4ff401433814d6,245404,2839459,bbc8f9c3c77421fdde57678f40db8833382d8cddf5cd5a3b68ca5f91de3af23d,48,article_pdf,doi,0.983498,
doi:10.1021/acssynbio.1c00212,10.1021/acssynbio.1c00212,2022,TALE.Sense: A Versatile DNA Sensor Platform for Live Mammalian Cells,already_present,PMC9202581,PMC9202581.1,data/papers/2022/10.1021__acssynbio.1c00212/versions/pmc_author_manuscript/paper__0528394e8ad8.pdf,2026-09-03T06:07:21+00:00,https://pmc.ncbi.nlm.nih.gov/articles/PMC9202581/pdf/nihms-1783261.pdf,https://pmc.ncbi.nlm.nih.gov/articles/PMC9202581/pdf/nihms-1783261.pdf,https://pmc.ncbi.nlm.nih.gov/articles/PMC9202581/,,,,NIH NLM PubMed Central public article page,author_manuscript,,upstream_metadata,pmc_acquisition_manifest,not_established,False,browser_supplied_unverified,The loopback bridge verifies the PDF's DOI/title identity but cannot independently prove that browser-supplied bytes came from the recorded source URL.,,public PMC browser session with same-origin cookies,data/papers/2022/10.1021__acssynbio.1c00212/versions/pmc_author_manuscript/pmc_manifest__4500dcfe6938.json,4500dcfe69383a29cb30bedf2a7f022ce533a0a28926e18ced0516361e5710bf,data/papers/2022/10.1021__acssynbio.1c00212/pmc.json,data/papers/2022/10.1021__acssynbio.1c00212/versions/pmc_author_manuscript/pmc_package_metadata__08dfd3a0ef00.json,08dfd3a0ef00842e47db879df0af2127d125b5f70092177f95a09532267614fe,605,data/papers/2022/10.1021__acssynbio.1c00212/pmc/PMC9202581.1.xml,data/papers/2022/10.1021__acssynbio.1c00212/versions/pmc_author_manuscript/pmc_article_xml__d223a40bef44.xml,d223a40bef44334b8a1beeee3b7a561d8098b2b03bf1e30f5f0f0e49c1597806,72260,1762729,0528394e8ad892a24467b4cff4fa0d97767a0413f085efeebd04547f52dca71d,18,article_pdf,doi,1.0,
doi:10.1021/acssynbio.1c00384,10.1021/acssynbio.1c00384,2022,A Tunable and Expandable Transactivation System in Probiotic Yeast Saccharomyces boulardii,already_present,PMC9013468,PMC9013468.1,data/papers/2022/10.1021__acssynbio.1c00384/versions/pmc_author_manuscript/paper__eaf4c41c30bf.pdf,2026-09-03T06:07:29+00:00,https://pmc.ncbi.nlm.nih.gov/articles/PMC9013468/pdf/nihms-1796693.pdf,https://pmc.ncbi.nlm.nih.gov/articles/PMC9013468/pdf/nihms-1796693.pdf,https://pmc.ncbi.nlm.nih.gov/articles/PMC9013468/,,,,NIH NLM PubMed Central public article page,author_manuscript,,upstream_metadata,pmc_acquisition_manifest,not_established,False,browser_supplied_unverified,The loopback bridge verifies the PDF's DOI/title identity but cannot independently prove that browser-supplied bytes came from the recorded source URL.,,public PMC browser session with same-origin cookies,data/papers/2022/10.1021__acssynbio.1c00384/versions/pmc_author_manuscript/pmc_manifest__10e2bfe9f9ce.json,10e2bfe9f9cedf04e1287989464529c26d9dcb235761056d92951574fc667180,data/papers/2022/10.1021__acssynbio.1c00384/pmc.json,data/papers/2022/10.1021__acssynbio.1c00384/versions/pmc_author_manuscript/pmc_package_metadata__5350cce5107c.json,5350cce5107cb86b13108eed3655a3abdf47f4b4105a2307ac626735b1e887e0,627,data/papers/2022/10.1021__acssynbio.1c00384/pmc/PMC9013468.1.xml,data/papers/2022/10.1021__acssynbio.1c00384/versions/pmc_author_manuscript/pmc_article_xml__856f2fa36592.xml,856f2fa365927915d96d575d2f84b703bccd7e83d8fe1bba9244477f34af9091,74844,628726,eaf4c41c30bfce147c539998bb749ab6dc6de970261c354dadff974db07e3725,13,article_pdf,doi,1.0,
doi:10.1021/acssynbio.1c00398,10.1021/acssynbio.1c00398,2022,Analysis of Three Architectures for Controlling PTP1B with Light,already_present,PMC8916241,PMC8916241.1,data/papers/2022/10.1021__acssynbio.1c00398/versions/pmc_author_manuscript/paper__680a706ecd19.pdf,2026-09-03T06:07:19+00:00,https://pmc.ncbi.nlm.nih.gov/articles/PMC8916241/pdf/nihms-1783228.pdf,https://pmc.ncbi.nlm.nih.gov/articles/PMC8916241/pdf/nihms-1783228.pdf,https://pmc.ncbi.nlm.nih.gov/articles/PMC8916241/,,,,NIH NLM PubMed Central public article page,author_manuscript,,upstream_metadata,pmc_acquisition_manifest,not_established,False,browser_supplied_unverified,The loopback bridge verifies the PDF's DOI/title identity but cannot independently prove that browser-supplied bytes came from the recorded source URL.,,public PMC browser session with same-origin cookies,data/papers/2022/10.1021__acssynbio.1c00398/versions/pmc_author_manuscript/pmc_manifest__94c6a7e4fdaf.json,94c6a7e4fdafeeac68b1d71121eed327ddb61883621e9ce1075c5186f633fa28,data/papers/2022/10.1021__acssynbio.1c00398/pmc.json,data/papers/2022/10.1021__acssynbio.1c00398/versions/pmc_author_manuscript/pmc_package_metadata__73a0464dfa9f.json,73a0464dfa9f7fa6c0facd3a934785e097fc8fa12e9109505db44ab8961c361d,601,data/papers/2022/10.1021__acssynbio.1c00398/pmc/PMC8916241.1.xml,data/papers/2022/10.1021__acssynbio.1c00398/versions/pmc_author_manuscript/pmc_article_xml__10149fe29855.xml,10149fe29855e623303df4dab0e859b71bc25abad2c2d575a074668a38b03211,95459,948476,680a706ecd19ab2150094e30eb08c3c885ed2b04e42dce2f73b0cd0ff605665e,16,article_pdf,doi,1.0,
doi:10.1021/acssynbio.1c00414,10.1021/acssynbio.1c00414,2022,Engineering a Dynamic Controllable Infectivity Switch in Bacteriophage T7,already_present,PMC9059553,PMC9059553.1,data/papers/2022/10.1021__acssynbio.1c00414/versions/pmc_author_manuscript/paper__d27e7e608ebe.pdf,2026-09-03T06:07:24+00:00,https://pmc.ncbi.nlm.nih.gov/articles/PMC9059553/pdf/nihms-1801420.pdf,https://pmc.ncbi.nlm.nih.gov/articles/PMC9059553/pdf/nihms-1801420.pdf,https://pmc.ncbi.nlm.nih.gov/articles/PMC9059553/,,,,NIH NLM PubMed Central public article page,author_manuscript,,upstream_metadata,pmc_acquisition_manifest,not_established,False,browser_supplied_unverified,The loopback bridge verifies the PDF's DOI/title identity but cannot independently prove that browser-supplied bytes came from the recorded source URL.,,public PMC browser session with same-origin cookies,data/papers/2022/10.1021__acssynbio.1c00414/versions/pmc_author_manuscript/pmc_manifest__d6e98542889f.json,d6e98542889f925763f4737b2ac7ddb2d142e295737d228b26b3fdab290f9a93,data/papers/2022/10.1021__acssynbio.1c00414/pmc.json,data/papers/2022/10.1021__acssynbio.1c00414/versions/pmc_author_manuscript/pmc_package_metadata__d0a1a790bda0.json,d0a1a790bda01a6dd31e48cd7f110cc23e2d0d97b270cb2c7944be5b7de69b80,610,data/papers/2022/10.1021__acssynbio.1c00414/pmc/PMC9059553.1.xml,data/papers/2022/10.1021__acssynbio.1c00414/versions/pmc_author_manuscript/pmc_article_xml__717f015968e3.xml,717f015968e31af933a04fd6b631705ff18af4a5c533739611351431585df484,119609,1672777,d27e7e608ebed9bc425f9826813a0ec2527ce5429fa78ca5090ec684792e9505,21,article_pdf,doi,1.0,
doi:10.1021/acssynbio.1c00439,10.1021/acssynbio.1c00439,2022,Biosynthesis of Linear Protein Nanoarrays Using the Flagellar Axoneme,already_present,PMC9753153,PMC9753153.1,data/papers/2022/10.1021__acssynbio.1c00439/versions/pmc_author_manuscript/paper__8e0271471d1b.pdf,2026-09-03T06:07:48+00:00,https://pmc.ncbi.nlm.nih.gov/articles/PMC9753153/pdf/nihms-1850252.pdf,https://pmc.ncbi.nlm.nih.gov/articles/PMC9753153/pdf/nihms-1850252.pdf,https://pmc.ncbi.nlm.nih.gov/articles/PMC9753153/,,,,NIH NLM PubMed Central public article page,author_manuscript,,upstream_metadata,pmc_acquisition_manifest,not_established,False,browser_supplied_unverified,The loopback bridge verifies the PDF's DOI/title identity but cannot independently prove that browser-supplied bytes came from the recorded source URL.,,public PMC browser session with same-origin cookies,data/papers/2022/10.1021__acssynbio.1c00439/versions/pmc_author_manuscript/pmc_manifest__9b5b86b32851.json,9b5b86b328514638ad61c64c6a9a0e64ec5239f27fe6430ab686114c2d573b67,data/papers/2022/10.1021__acssynbio.1c00439/pmc.json,data/papers/2022/10.1021__acssynbio.1c00439/versions/pmc_author_manuscript/pmc_package_metadata__2c955e4e5d5f.json,2c955e4e5d5f34c5060dfb96d8d0cbdb73ffd4cb2eb5ae029ce6bd6c4fd4a0b5,606,data/papers/2022/10.1021__acssynbio.1c00439/pmc/PMC9753153.1.xml,data/papers/2022/10.1021__acssynbio.1c00439/versions/pmc_author_manuscript/pmc_article_xml__90520ac9a4d0.xml,90520ac9a4d0d84a26fcf1d561e952f3b1a7ff9d0aa9ef09f285e62a175cea82,125008,1083491,8e0271471d1b090bffd884086210c23344e2918cca13170801fa1739df24531a,25,article_pdf,doi,1.0,
doi:10.1021/acssynbio.1c00471,10.1021/acssynbio.1c00471,2022,Efficient Amber Suppression via Ribosomal Skipping for In Situ Synthesis of Photoconditional Nanobodies,already_present,PMC9157392,PMC9157392.1,data/papers/2022/10.1021__acssynbio.1c00471/versions/pmc_author_manuscript/paper__5d3eb13339c8.pdf,2026-09-03T06:07:50+00:00,https://pmc.ncbi.nlm.nih.gov/articles/PMC9157392/pdf/nihms-1808376.pdf,https://pmc.ncbi.nlm.nih.gov/articles/PMC9157392/pdf/nihms-1808376.pdf,https://pmc.ncbi.nlm.nih.gov/articles/PMC9157392/,,,,NIH NLM PubMed Central public article page,author_manuscript,,upstream_metadata,pmc_acquisition_manifest,not_established,False,browser_supplied_unverified,The loopback bridge verifies the PDF's DOI/title identity but cannot independently prove that browser-supplied bytes came from the recorded source URL.,,public PMC browser session with same-origin cookies,data/papers/2022/10.1021__acssynbio.1c00471/versions/pmc_author_manuscript/pmc_manifest__80f0ee25feed.json,80f0ee25feed64862c5329770ecef3bff44512ffb2a93e0b0027d24ea54076d2,data/papers/2022/10.1021__acssynbio.1c00471/pmc.json,data/papers/2022/10.1021__acssynbio.1c00471/versions/pmc_author_manuscript/pmc_package_metadata__390f2e1d696f.json,390f2e1d696f656ffaa2dc48069274b4e44de86a7d33fbad739977cd5f3e0d9e,640,data/papers/2022/10.1021__acssynbio.1c00471/pmc/PMC9157392.1.xml,data/papers/2022/10.1021__acssynbio.1c00471/versions/pmc_author_manuscript/pmc_article_xml__e66022c3876b.xml,e66022c3876bdc22043dbe650815475869f783b2483a526acb298a4f33980e2b,143259,697155,5d3eb13339c84b31ef2b8da57f6d2ea2c1cfd16e4eb5bfdbd77d7ecd8709a984,22,article_pdf,doi,1.0,
doi:10.1021/acssynbio.1c00506,10.1021/acssynbio.1c00506,2022,Cheating the Cheater: Suppressing False-Positive Enrichment during Biosensor-Guided Biocatalyst Engineering,already_present,PMC9375551,PMC9375551.1,data/papers/2022/10.1021__acssynbio.1c00506/versions/pmc_author_manuscript/paper__5021b6fba7a7.pdf,2026-09-03T06:07:27+00:00,https://pmc.ncbi.nlm.nih.gov/articles/PMC9375551/pdf/nihms-1828221.pdf,https://pmc.ncbi.nlm.nih.gov/articles/PMC9375551/pdf/nihms-1828221.pdf,https://pmc.ncbi.nlm.nih.gov/articles/PMC9375551/,,,,NIH NLM PubMed Central public article page,author_manuscript,,upstream_metadata,pmc_acquisition_manifest,not_established,False,browser_supplied_unverified,The loopback bridge verifies the PDF's DOI/title identity but cannot independently prove that browser-supplied bytes came from the recorded source URL.,,public PMC browser session with same-origin cookies,data/papers/2022/10.1021__acssynbio.1c00506/versions/pmc_author_manuscript/pmc_manifest__f323db2895c6.json,f323db2895c6f1d4baa35864e96acf2a10bf7cc28b98d125a51cf28540ab686f,data/papers/2022/10.1021__acssynbio.1c00506/pmc.json,data/papers/2022/10.1021__acssynbio.1c00506/versions/pmc_author_manuscript/pmc_package_metadata__2fb49844a86c.json,2fb49844a86c6de5ed543430d097d6786b7449e606ab4c014fdcb420d6596eb0,644,data/papers/2022/10.1021__acssynbio.1c00506/pmc/PMC9375551.1.xml,data/papers/2022/10.1021__acssynbio.1c00506/versions/pmc_author_manuscript/pmc_article_xml__bc6844b49e7a.xml,bc6844b49e7acaf6fcf433908da0fd2b0a65af71513e3a809ecc3e749b5dd197,95154,1161358,5021b6fba7a74bc6e863a5ffaab492d1a91e54c672b7238dcb4c9963ab84a708,20,article_pdf,doi,1.0,
doi:10.1021/acssynbio.1c00522,10.1021/acssynbio.1c00522,2022,"Electrogenetic Signal Transmission and Propagation in Coculture to Guide Production of a Small Molecule, Tyrosine",already_present,PMC9026653,PMC9026653.1,data/papers/2022/10.1021__acssynbio.1c00522/versions/pmc_author_manuscript/paper__2810b604c4e8.pdf,2026-09-03T06:07:34+00:00,https://pmc.ncbi.nlm.nih.gov/articles/PMC9026653/pdf/nihms-1796197.pdf,https://pmc.ncbi.nlm.nih.gov/articles/PMC9026653/pdf/nihms-1796197.pdf,https://pmc.ncbi.nlm.nih.gov/articles/PMC9026653/,,,,NIH NLM PubMed Central public article page,author_manuscript,,upstream_metadata,pmc_acquisition_manifest,not_established,False,browser_supplied_unverified,The loopback bridge verifies the PDF's DOI/title identity but cannot independently prove that browser-supplied bytes came from the recorded source URL.,,public PMC browser session with same-origin cookies,data/papers/2022/10.1021__acssynbio.1c00522/versions/pmc_author_manuscript/pmc_manifest__21a15a8c5162.json,21a15a8c516212815c65a0ab90d347d1b1e996cb96feac65b918c49850f6254a,data/papers/2022/10.1021__acssynbio.1c00522/pmc.json,data/papers/2022/10.1021__acssynbio.1c00522/versions/pmc_author_manuscript/pmc_package_metadata__6ce5f72da099.json,6ce5f72da099d693a6663940671ac315c3daf6e8efcca0c6155f35942cfe0fba,650,data/papers/2022/10.1021__acssynbio.1c00522/pmc/PMC9026653.1.xml,data/papers/2022/10.1021__acssynbio.1c00522/versions/pmc_author_manuscript/pmc_article_xml__57cc984df49f.xml,57cc984df49f3313c406ed62c500980af90ca5630f1ceed14d0ef22e9da61df5,127489,941304,2810b604c4e8e68b3c8077f65cd7d6a8df7eaa9810402b306e019a07d854ac7c,29,article_pdf,doi,1.0,
doi:10.1021/acssynbio.1c00528,10.1021/acssynbio.1c00528,2022,GAMES: A Dynamic Model Development Workflow for Rigorous Characterization of Synthetic Genetic Systems,already_present,PMC9097825,PMC9097825.1,data/papers/2022/10.1021__acssynbio.1c00528/versions/pmc_author_manuscript/paper__5eb3b30f1a97.pdf,2026-09-03T06:07:37+00:00,https://pmc.ncbi.nlm.nih.gov/articles/PMC9097825/pdf/nihms-1796285.pdf,https://pmc.ncbi.nlm.nih.gov/articles/PMC9097825/pdf/nihms-1796285.pdf,https://pmc.ncbi.nlm.nih.gov/articles/PMC9097825/,,,,NIH NLM PubMed Central public article page,author_manuscript,,upstream_metadata,pmc_acquisition_manifest,not_established,False,browser_supplied_unverified,The loopback bridge verifies the PDF's DOI/title identity but cannot independently prove that browser-supplied bytes came from the recorded source URL.,,public PMC browser session with same-origin cookies,data/papers/2022/10.1021__acssynbio.1c00528/versions/pmc_author_manuscript/pmc_manifest__09cba6592f0e.json,09cba6592f0e9ec9bafe0a783379383584ff3db6263d6e8f7cfd5e80fbb0b6fb,data/papers/2022/10.1021__acssynbio.1c00528/pmc.json,data/papers/2022/10.1021__acssynbio.1c00528/versions/pmc_author_manuscript/pmc_package_metadata__e8f6b73073bf.json,e8f6b73073bfa37e33fc3f42b57fcf2d435e1f112b047406d05c018d03d9f9ee,639,data/papers/2022/10.1021__acssynbio.1c00528/pmc/PMC9097825.1.xml,data/papers/2022/10.1021__acssynbio.1c00528/versions/pmc_author_manuscript/pmc_article_xml__b0bf2220fbed.xml,b0bf2220fbedc43423d9d6b8e7721ce6206cfc4b408be95928f149465de2bd82,202777,3742392,5eb3b30f1a977e2fadfb273acfbf1a16c5ed22c4fe5edca22f9754a696712d71,43,article_pdf,doi,1.0,
doi:10.1021/acssynbio.1c00559,10.1021/acssynbio.1c00559,2022,Charge Engineering Improves the Performance of Bst DNA Polymerase Fusions,already_present,PMC9514385,PMC9514385.1,data/papers/2022/10.1021__acssynbio.1c00559/versions/pmc_author_manuscript/paper__2e9735b6f15d.pdf,2026-09-03T06:07:53+00:00,https://pmc.ncbi.nlm.nih.gov/articles/PMC9514385/pdf/nihms-1836472.pdf,https://pmc.ncbi.nlm.nih.gov/articles/PMC9514385/pdf/nihms-1836472.pdf,https://pmc.ncbi.nlm.nih.gov/articles/PMC9514385/,,,,NIH NLM PubMed Central public article page,author_manuscript,,upstream_metadata,pmc_acquisition_manifest,not_established,False,browser_supplied_unverified,The loopback bridge verifies the PDF's DOI/title identity but cannot independently prove that browser-supplied bytes came from the recorded source URL.,,public PMC browser session with same-origin cookies,data/papers/2022/10.1021__acssynbio.1c00559/versions/pmc_author_manuscript/pmc_manifest__7973f0d4805f.json,7973f0d4805fb3437acdb4cd6efe188a08209350d321fc5352ca4357933d50b4,data/papers/2022/10.1021__acssynbio.1c00559/pmc.json,data/papers/2022/10.1021__acssynbio.1c00559/versions/pmc_author_manuscript/pmc_package_metadata__dca691ae9c99.json,dca691ae9c99c077bbe542da9b12b12ad9703a8dd5c960af727bdec6ce96c2e1,610,data/papers/2022/10.1021__acssynbio.1c00559/pmc/PMC9514385.1.xml,data/papers/2022/10.1021__acssynbio.1c00559/versions/pmc_author_manuscript/pmc_article_xml__774dd1e4c6b1.xml,774dd1e4c6b1680c3394c6030f0109b22833a6fe61d8ba029879f1af39b66294,99619,1407802,2e9735b6f15d5661dc3098dd7efad6f43ccb4189c8953792370be4d77cd9f3ae,20,article_pdf,doi,1.0,
doi:10.1021/acssynbio.1c00572,10.1021/acssynbio.1c00572,2022,Natural and Designed Proteins Inspired by Extremotolerant Organisms Can Form Condensates and Attenuate Apoptosis in Human Cells,already_present,PMC9651988,PMC9651988.1,data/papers/2022/10.1021__acssynbio.1c00572/versions/pmc_author_manuscript/paper__269ad71639d1.pdf,2026-09-03T06:07:40+00:00,https://pmc.ncbi.nlm.nih.gov/articles/PMC9651988/pdf/nihms-1845161.pdf,https://pmc.ncbi.nlm.nih.gov/articles/PMC9651988/pdf/nihms-1845161.pdf,https://pmc.ncbi.nlm.nih.gov/articles/PMC9651988/,,,,NIH NLM PubMed Central public article page,author_manuscript,,upstream_metadata,pmc_acquisition_manifest,not_established,False,browser_supplied_unverified,The loopback bridge verifies the PDF's DOI/title identity but cannot independently prove that browser-supplied bytes came from the recorded source URL.,,public PMC browser session with same-origin cookies,data/papers/2022/10.1021__acssynbio.1c00572/versions/pmc_author_manuscript/pmc_manifest__851c11c54d8c.json,851c11c54d8cfa620e22c7c428fdc87a66187570b2b59c247c81bcc367253acf,data/papers/2022/10.1021__acssynbio.1c00572/pmc.json,data/papers/2022/10.1021__acssynbio.1c00572/versions/pmc_author_manuscript/pmc_package_metadata__d45a02d5ed8d.json,d45a02d5ed8d4df6ae3fd1bbb646cfa8a691510e6f084781813c7df57d194748,664,data/papers/2022/10.1021__acssynbio.1c00572/pmc/PMC9651988.1.xml,data/papers/2022/10.1021__acssynbio.1c00572/versions/pmc_author_manuscript/pmc_article_xml__98e9f0f34bc7.xml,98e9f0f34bc7bfb9a1dff58ff623c8b37136bca6b8bd032079726f47f7c5e73c,120316,1296437,269ad71639d1f7e260ccf23c8f67bcab63332335e08d57bdd35eecbba6739ce3,21,article_pdf,doi,1.0,
doi:10.1021/acssynbio.1c00604,10.1021/acssynbio.1c00604,2022,Designing Single-Component Optogenetic Membrane Recruitment Systems: The Rho-Family GTPase Signaling Toolbox,already_present,PMC8867532,PMC8867532.1,data/papers/2022/10.1021__acssynbio.1c00604/versions/pmc_author_manuscript/paper__fca3322d5e58.pdf,2026-09-03T06:07:32+00:00,https://pmc.ncbi.nlm.nih.gov/articles/PMC8867532/pdf/nihms-1774527.pdf,https://pmc.ncbi.nlm.nih.gov/articles/PMC8867532/pdf/nihms-1774527.pdf,https://pmc.ncbi.nlm.nih.gov/articles/PMC8867532/,,,,NIH NLM PubMed Central public article page,author_manuscript,,upstream_metadata,pmc_acquisition_manifest,not_established,False,browser_supplied_unverified,The loopback bridge verifies the PDF's DOI/title identity but cannot independently prove that browser-supplied bytes came from the recorded source URL.,,public PMC browser session with same-origin cookies,data/papers/2022/10.1021__acssynbio.1c00604/versions/pmc_author_manuscript/pmc_manifest__8d9f3d6fa5ff.json,8d9f3d6fa5fffd7aa2d1f1ed83199804fc280b61739979a7d17088153bf61245,data/papers/2022/10.1021__acssynbio.1c00604/pmc.json,data/papers/2022/10.1021__acssynbio.1c00604/versions/pmc_author_manuscript/pmc_package_metadata__15e63c2e4bdd.json,15e63c2e4bdd8ca72c12fe32479ea9b66da7df7fa3af0e522a9aa007163c9e44,645,data/papers/2022/10.1021__acssynbio.1c00604/pmc/PMC8867532.1.xml,data/papers/2022/10.1021__acssynbio.1c00604/versions/pmc_author_manuscript/pmc_article_xml__e2bebce77592.xml,e2bebce775926f7f909811696ec93fbbd6a3f52a0d705000cdf3f45318fc8f1d,73204,674230,fca3322d5e588d134cbe5f53f07e78fa8ff5614a960b58d6c36f67869b851589,13,article_pdf,doi,1.0,
doi:10.1021/acssynbio.1c00606,10.1021/acssynbio.1c00606,2022,Bioorthogonal Chemical Epigenetic Modifiers Enable Dose-Dependent CRISPR Targeted Gene Activation in Mammalian Cells,already_present,PMC9048219,PMC9048219.1,data/papers/2022/10.1021__acssynbio.1c00606/versions/pmc_author_manuscript/paper__5b012041bb9e.pdf,2026-09-03T06:07:42+00:00,https://pmc.ncbi.nlm.nih.gov/articles/PMC9048219/pdf/nihms-1797807.pdf,https://pmc.ncbi.nlm.nih.gov/articles/PMC9048219/pdf/nihms-1797807.pdf,https://pmc.ncbi.nlm.nih.gov/articles/PMC9048219/,,,,NIH NLM PubMed Central public article page,author_manuscript,,upstream_metadata,pmc_acquisition_manifest,not_established,False,browser_supplied_unverified,The loopback bridge verifies the PDF's DOI/title identity but cannot independently prove that browser-supplied bytes came from the recorded source URL.,,public PMC browser session with same-origin cookies,data/papers/2022/10.1021__acssynbio.1c00606/versions/pmc_author_manuscript/pmc_manifest__329f306268b6.json,329f306268b66ebf9a535bf7cc4d7209f108056848636b42a7f0d6598bfb8746,data/papers/2022/10.1021__acssynbio.1c00606/pmc.json,data/papers/2022/10.1021__acssynbio.1c00606/versions/pmc_author_manuscript/pmc_package_metadata__1eb4c403dc9b.json,1eb4c403dc9bc6c4812bf79c8e67ef69840830457d8e8f0dfd8c63b881c95c9e,653,data/papers/2022/10.1021__acssynbio.1c00606/pmc/PMC9048219.1.xml,data/papers/2022/10.1021__acssynbio.1c00606/versions/pmc_author_manuscript/pmc_article_xml__182622ed02e4.xml,182622ed02e4ea57a919919033539c3440859e72f7c1037e159189199c0a79fa,113271,1278194,5b012041bb9ed1f69288cbed9fab570234d1721baecda5aec9f656e0950f99dc,22,article_pdf,doi,1.0,
doi:10.1021/acssynbio.1c00626,10.1021/acssynbio.1c00626,2022,High-Throughput Aminoacyl-tRNA Synthetase Engineering for Genetic Code Expansion in Yeast,already_present,PMC10065163,PMC10065163.1,data/papers/2022/10.1021__acssynbio.1c00626/versions/pmc_author_manuscript/paper__61f979606a7d.pdf,2026-09-03T06:08:16+00:00,https://pmc.ncbi.nlm.nih.gov/articles/PMC10065163/pdf/nihms-1881738.pdf,https://pmc.ncbi.nlm.nih.gov/articles/PMC10065163/pdf/nihms-1881738.pdf,https://pmc.ncbi.nlm.nih.gov/articles/PMC10065163/,,,,NIH NLM PubMed Central public article page,author_manuscript,,upstream_metadata,pmc_acquisition_manifest,not_established,False,browser_supplied_unverified,The loopback bridge verifies the PDF's DOI/title identity but cannot independently prove that browser-supplied bytes came from the recorded source URL.,,public PMC browser session with same-origin cookies,data/papers/2022/10.1021__acssynbio.1c00626/versions/pmc_author_manuscript/pmc_manifest__846ff95ca299.json,846ff95ca2999c2be14c0e2ba9136085756fe6148ef60abcad7091e3e72529c9,data/papers/2022/10.1021__acssynbio.1c00626/pmc.json,data/papers/2022/10.1021__acssynbio.1c00626/versions/pmc_author_manuscript/pmc_package_metadata__df15fb1d2294.json,df15fb1d2294e3aa90f8e359536c6cdc50ff869df74383f251510860c5cd2e2b,631,data/papers/2022/10.1021__acssynbio.1c00626/pmc/PMC10065163.1.xml,data/papers/2022/10.1021__acssynbio.1c00626/versions/pmc_author_manuscript/pmc_article_xml__38856b802d33.xml,38856b802d33ccb6374d4a16b7a82979f86e5b7a9e17e20ffc1d63a5cdb44633,161540,2131477,61f979606a7db5dd97e59819fd1b3f2262df5ee43a46011868f4d1a2365468a9,31,article_pdf,doi,1.0,
doi:10.1021/acssynbio.2c00001,10.1021/acssynbio.2c00001,2022,Exploration of Methanomethylophilus alvus Pyrrolysyl-tRNA Synthetase Activity in Yeast,already_present,PMC10112046,PMC10112046.1,data/papers/2022/10.1021__acssynbio.2c00001/versions/pmc_author_manuscript/paper__b2e6abed41f1.pdf,2026-09-03T06:08:01+00:00,https://pmc.ncbi.nlm.nih.gov/articles/PMC10112046/pdf/nihms-1889687.pdf,https://pmc.ncbi.nlm.nih.gov/articles/PMC10112046/pdf/nihms-1889687.pdf,https://pmc.ncbi.nlm.nih.gov/articles/PMC10112046/,,,,NIH NLM PubMed Central public article page,author_manuscript,,upstream_metadata,pmc_acquisition_manifest,not_established,False,browser_supplied_unverified,The loopback bridge verifies the PDF's DOI/title identity but cannot independently prove that browser-supplied bytes came from the recorded source URL.,,public PMC browser session with same-origin cookies,data/papers/2022/10.1021__acssynbio.2c00001/versions/pmc_author_manuscript/pmc_manifest__451f77f7cfc6.json,451f77f7cfc60c23e96b47bc88362f2ca1efd6c199ba54bdd137e65ecf0ce724,data/papers/2022/10.1021__acssynbio.2c00001/pmc.json,data/papers/2022/10.1021__acssynbio.2c00001/versions/pmc_author_manuscript/pmc_package_metadata__ea526be710d3.json,ea526be710d33094794c3064d7162ccadc296efa034015a535d43ab169291421,628,data/papers/2022/10.1021__acssynbio.2c00001/pmc/PMC10112046.1.xml,data/papers/2022/10.1021__acssynbio.2c00001/versions/pmc_author_manuscript/pmc_article_xml__6ae1ae2b7852.xml,6ae1ae2b78528c4fe747fdde433713f92d8fd452fa56b9f3131aea865994eb87,118395,1431491,b2e6abed41f1bc98cefed98a24290b9a7d38264774603546a702d2c30b9a323a,20,article_pdf,doi,1.0,
doi:10.1021/acssynbio.2c00017,10.1021/acssynbio.2c00017,2022,Temporal Expression of Transcription FactorID2Improves Natural Killer Cell Differentiation from Human Pluripotent Stem Cells,already_present,PMC9673365,PMC9673365.1,data/papers/2022/10.1021__acssynbio.2c00017/versions/pmc_author_manuscript/paper__bbc059499bb4.pdf,2026-09-03T06:08:03+00:00,https://pmc.ncbi.nlm.nih.gov/articles/PMC9673365/pdf/nihms-1849675.pdf,https://pmc.ncbi.nlm.nih.gov/articles/PMC9673365/pdf/nihms-1849675.pdf,https://pmc.ncbi.nlm.nih.gov/articles/PMC9673365/,,,,NIH NLM PubMed Central public article page,author_manuscript,,upstream_metadata,pmc_acquisition_manifest,not_established,False,browser_supplied_unverified,The loopback bridge verifies the PDF's DOI/title identity but cannot independently prove that browser-supplied bytes came from the recorded source URL.,,public PMC browser session with same-origin cookies,data/papers/2022/10.1021__acssynbio.2c00017/versions/pmc_author_manuscript/pmc_manifest__909544a25300.json,909544a2530065bce87e1bd4fb0dfd4d077dfa2125c2c391e78d7b3758f56e76,data/papers/2022/10.1021__acssynbio.2c00017/pmc.json,data/papers/2022/10.1021__acssynbio.2c00017/versions/pmc_author_manuscript/pmc_package_metadata__e0e85aecd432.json,e0e85aecd432d88efa17242b178ff0146704fddd4fb926899b41cb3f2cb6cc2a,663,data/papers/2022/10.1021__acssynbio.2c00017/pmc/PMC9673365.1.xml,data/papers/2022/10.1021__acssynbio.2c00017/versions/pmc_author_manuscript/pmc_article_xml__091ed195e343.xml,091ed195e34304ad78c0936847b6a43e38ac99de0cfa6790e60d843bb2feaab6,88722,1334838,bbc059499bb4392020f130bcee2c970380e581aaf1515a419f409b9aad982468,15,article_pdf,doi,1.0,
doi:10.1021/acssynbio.2c00033,10.1021/acssynbio.2c00033,2022,Coupling a Live Cell Directed Evolution Assay with Coevolutionary Landscapes to Engineer an Improved Fluorescent Rhodopsin Chloride Sensor,already_present,PMC9184236,PMC9184236.1,data/papers/2022/10.1021__acssynbio.2c00033/versions/pmc_author_manuscript/paper__a754398463ef.pdf,2026-09-03T06:07:55+00:00,https://pmc.ncbi.nlm.nih.gov/articles/PMC9184236/pdf/nihms-1812841.pdf,https://pmc.ncbi.nlm.nih.gov/articles/PMC9184236/pdf/nihms-1812841.pdf,https://pmc.ncbi.nlm.nih.gov/articles/PMC9184236/,,,,NIH NLM PubMed Central public article page,author_manuscript,,upstream_metadata,pmc_acquisition_manifest,not_established,False,browser_supplied_unverified,The loopback bridge verifies the PDF's DOI/title identity but cannot independently prove that browser-supplied bytes came from the recorded source URL.,,public PMC browser session with same-origin cookies,data/papers/2022/10.1021__acssynbio.2c00033/versions/pmc_author_manuscript/pmc_manifest__67bb04f61a6e.json,67bb04f61a6e0b7c04441f7acd7e9b66c3bb2dd4123fcd2811a9f5cf6aa68925,data/papers/2022/10.1021__acssynbio.2c00033/pmc.json,data/papers/2022/10.1021__acssynbio.2c00033/versions/pmc_author_manuscript/pmc_package_metadata__f0099a6a3251.json,f0099a6a32515e22a6cc280289d2822e964244e717441cfd5262a3f90fdaa62a,675,data/papers/2022/10.1021__acssynbio.2c00033/pmc/PMC9184236.1.xml,data/papers/2022/10.1021__acssynbio.2c00033/versions/pmc_author_manuscript/pmc_article_xml__fca1dc194c72.xml,fca1dc194c722c74084d97ce5d449804212d8b1419717485bd6e6c4a48ebc5c1,139455,870161,a754398463ef5b6dedb2b63aa4b8d6e2094414a5dfef6e22f297098cffff14ee,25,article_pdf,doi,1.0,
doi:10.1021/acssynbio.2c00037,10.1021/acssynbio.2c00037,2022,Engineered Production of Strictosidine and Analogues in Yeast,already_present,PMC9171786,PMC9171786.1,data/papers/2022/10.1021__acssynbio.2c00037/versions/pmc_author_manuscript/paper__6c4321742a83.pdf,2026-09-03T06:07:58+00:00,https://pmc.ncbi.nlm.nih.gov/articles/PMC9171786/pdf/nihms-1804798.pdf,https://pmc.ncbi.nlm.nih.gov/articles/PMC9171786/pdf/nihms-1804798.pdf,https://pmc.ncbi.nlm.nih.gov/articles/PMC9171786/,,,,NIH NLM PubMed Central public article page,author_manuscript,,upstream_metadata,pmc_acquisition_manifest,not_established,False,browser_supplied_unverified,The loopback bridge verifies the PDF's DOI/title identity but cannot independently prove that browser-supplied bytes came from the recorded source URL.,,public PMC browser session with same-origin cookies,data/papers/2022/10.1021__acssynbio.2c00037/versions/pmc_author_manuscript/pmc_manifest__7008798f5bc5.json,7008798f5bc569d5512d67845ac04a1c807d77364675aef698ddfc3f503b9adf,data/papers/2022/10.1021__acssynbio.2c00037/pmc.json,data/papers/2022/10.1021__acssynbio.2c00037/versions/pmc_author_manuscript/pmc_package_metadata__d22c9acbc543.json,d22c9acbc5436426fb70e7b4737a9bfd519df2c99527bf4e8fff53284e424eb6,596,data/papers/2022/10.1021__acssynbio.2c00037/pmc/PMC9171786.1.xml,data/papers/2022/10.1021__acssynbio.2c00037/versions/pmc_author_manuscript/pmc_article_xml__b8338ddee1d8.xml,b8338ddee1d8ada7017fe4653597c0f9fade7276c0bf6215994b32c4fff065c2,123177,1422504,6c4321742a83009401ae4c4e6a438e93b8d72caf4318b6c1384a78ac9de33083,22,article_pdf,doi,0.981132,
doi:10.1021/acssynbio.2c00099,10.1021/acssynbio.2c00099,2022,Mobile Translation Systems Generate Genomically Engineered Escherichia coli Cells with Improved Growth Phenotypes,already_present,PMC9990117,PMC9990117.1,data/papers/2022/10.1021__acssynbio.2c00099/versions/pmc_author_manuscript/paper__843296050a7b.pdf,2026-09-03T06:08:27+00:00,https://pmc.ncbi.nlm.nih.gov/articles/PMC9990117/pdf/nihms-1872558.pdf,https://pmc.ncbi.nlm.nih.gov/articles/PMC9990117/pdf/nihms-1872558.pdf,https://pmc.ncbi.nlm.nih.gov/articles/PMC9990117/,,,,NIH NLM PubMed Central public article page,author_manuscript,,upstream_metadata,pmc_acquisition_manifest,not_established,False,browser_supplied_unverified,The loopback bridge verifies the PDF's DOI/title identity but cannot independently prove that browser-supplied bytes came from the recorded source URL.,,public PMC browser session with same-origin cookies,data/papers/2022/10.1021__acssynbio.2c00099/versions/pmc_author_manuscript/pmc_manifest__7068f0556633.json,7068f0556633ef1cf82ccd14b8a335d16d1643d9a6f99aa108015ca020f0ab31,data/papers/2022/10.1021__acssynbio.2c00099/pmc.json,data/papers/2022/10.1021__acssynbio.2c00099/versions/pmc_author_manuscript/pmc_package_metadata__bc6ef214131e.json,bc6ef214131e75694a7c60011ca0fa4ddab167ad5443c781b4f28a21c3a55c00,649,data/papers/2022/10.1021__acssynbio.2c00099/pmc/PMC9990117.1.xml,data/papers/2022/10.1021__acssynbio.2c00099/versions/pmc_author_manuscript/pmc_article_xml__505c6ea3a28b.xml,505c6ea3a28b92db9e1beb1a32362b1f8e2364a694078ef91458a533dad81f2e,113211,1691743,843296050a7b1a282b0d8d999bc444a90205a6d1eccd922faa7ccc0c6a8e2831,20,article_pdf,doi,1.0,
doi:10.1021/acssynbio.2c00101,10.1021/acssynbio.2c00101,2022,Proteome-Scale Screening to Identify High-Expression Signal Peptides with Minimal N-Terminus Biases via Yeast Display,already_present,PMC9473667,PMC9473667.1,data/papers/2022/10.1021__acssynbio.2c00101/versions/pmc_author_manuscript/paper__b024efaa5e50.pdf,2026-09-03T06:08:19+00:00,https://pmc.ncbi.nlm.nih.gov/articles/PMC9473667/pdf/nihms-1825125.pdf,https://pmc.ncbi.nlm.nih.gov/articles/PMC9473667/pdf/nihms-1825125.pdf,https://pmc.ncbi.nlm.nih.gov/articles/PMC9473667/,,,,NIH NLM PubMed Central public article page,author_manuscript,,upstream_metadata,pmc_acquisition_manifest,not_established,False,browser_supplied_unverified,The loopback bridge verifies the PDF's DOI/title identity but cannot independently prove that browser-supplied bytes came from the recorded source URL.,,public PMC browser session with same-origin cookies,data/papers/2022/10.1021__acssynbio.2c00101/versions/pmc_author_manuscript/pmc_manifest__ca8ce8fe86ba.json,ca8ce8fe86ba8c13f794d31504ced791295161c2424638f8f6122b69defb49eb,data/papers/2022/10.1021__acssynbio.2c00101/pmc.json,data/papers/2022/10.1021__acssynbio.2c00101/versions/pmc_author_manuscript/pmc_package_metadata__44b33f477903.json,44b33f477903e144974bad70daca805f2b314bf465ad2d36dd72bd97147a597f,653,data/papers/2022/10.1021__acssynbio.2c00101/pmc/PMC9473667.1.xml,data/papers/2022/10.1021__acssynbio.2c00101/versions/pmc_author_manuscript/pmc_article_xml__a8e23af28876.xml,a8e23af28876238366b3d0484c748f3f08ce0cff047e53bdb885191c9480b3b9,124473,2279863,b024efaa5e5032cafa0f1a7febcfec4a1467f54ecf6ed9f0d42231768ab55181,23,article_pdf,doi,0.985075,
doi:10.1021/acssynbio.2c00116,10.1021/acssynbio.2c00116,2022,"High-Titer Production of the Fungal Anhydrotetracycline, TAN-1612, in Engineered Yeasts",already_present,PMC9480237,PMC9480237.1,data/papers/2022/10.1021__acssynbio.2c00116/versions/pmc_author_manuscript/paper__2e7a7fd9b772.pdf,2026-09-03T06:08:22+00:00,https://pmc.ncbi.nlm.nih.gov/articles/PMC9480237/pdf/nihms-1825588.pdf,https://pmc.ncbi.nlm.nih.gov/articles/PMC9480237/pdf/nihms-1825588.pdf,https://pmc.ncbi.nlm.nih.gov/articles/PMC9480237/,,,,NIH NLM PubMed Central public article page,author_manuscript,,upstream_metadata,pmc_acquisition_manifest,not_established,False,browser_supplied_unverified,The loopback bridge verifies the PDF's DOI/title identity but cannot independently prove that browser-supplied bytes came from the recorded source URL.,,public PMC browser session with same-origin cookies,data/papers/2022/10.1021__acssynbio.2c00116/versions/pmc_author_manuscript/pmc_manifest__41342e7971ec.json,41342e7971ec33a7dbe537f7a62bda18a823141e201767c74501885c86318f69,data/papers/2022/10.1021__acssynbio.2c00116/pmc.json,data/papers/2022/10.1021__acssynbio.2c00116/versions/pmc_author_manuscript/pmc_package_metadata__56b802db7278.json,56b802db72783a575e7f7e7b32d4f3a9530c2f15857f42e4c24e1d418b511c6d,624,data/papers/2022/10.1021__acssynbio.2c00116/pmc/PMC9480237.1.xml,data/papers/2022/10.1021__acssynbio.2c00116/versions/pmc_author_manuscript/pmc_article_xml__3838b12fa702.xml,3838b12fa702d5fe895a99a3123573956f6cadeb3476c1eb4897932f05e04c54,194030,985809,2e7a7fd9b7722f13ea4f9dd378f055eff84ec80d0bf131f134c5be67aaa7a7d9,34,article_pdf,doi,1.0,
doi:10.1021/acssynbio.2c00134,10.1021/acssynbio.2c00134,2022,Engineering of a TrpR-Based Biosensor for Altered Dynamic Range and Ligand Preference,already_present,PMC10947557,PMC10947557.1,data/papers/2022/10.1021__acssynbio.2c00134/versions/pmc_author_manuscript/paper__63489aa75062.pdf,2026-09-03T06:08:06+00:00,https://pmc.ncbi.nlm.nih.gov/articles/PMC10947557/pdf/nihms-1968673.pdf,https://pmc.ncbi.nlm.nih.gov/articles/PMC10947557/pdf/nihms-1968673.pdf,https://pmc.ncbi.nlm.nih.gov/articles/PMC10947557/,,,,NIH NLM PubMed Central public article page,author_manuscript,,upstream_metadata,pmc_acquisition_manifest,not_established,False,browser_supplied_unverified,The loopback bridge verifies the PDF's DOI/title identity but cannot independently prove that browser-supplied bytes came from the recorded source URL.,,public PMC browser session with same-origin cookies,data/papers/2022/10.1021__acssynbio.2c00134/versions/pmc_author_manuscript/pmc_manifest__b3a599185f31.json,b3a599185f31df83a7d010500e840a6643f3ac4427af865d8cc7b492566e0d48,data/papers/2022/10.1021__acssynbio.2c00134/pmc.json,data/papers/2022/10.1021__acssynbio.2c00134/versions/pmc_author_manuscript/pmc_package_metadata__da3a2638ceb5.json,da3a2638ceb538bec7cea1767496c848ef74156b4158215ffabb4650b5ab79cd,627,data/papers/2022/10.1021__acssynbio.2c00134/pmc/PMC10947557.1.xml,data/papers/2022/10.1021__acssynbio.2c00134/versions/pmc_author_manuscript/pmc_article_xml__f7d71ca71d8e.xml,f7d71ca71d8e7cadb709820d0637e7136e80d238846aab4f48dc1a83f2dc7187,84367,834332,63489aa75062887ddd81f0f224a940575f8420bb639f0e3968582d07d752d527,17,article_pdf,doi,1.0,
doi:10.1021/acssynbio.2c00135,10.1021/acssynbio.2c00135,2022,"MULTI-SCULPT: Multiplex Integration via Selective, CRISPR-Mediated, Ultralong Pathway Transformation in Yeast for Plant Natural Product Synthesis",already_present,PMC9288493,PMC9288493.1,data/papers/2022/10.1021__acssynbio.2c00135/versions/pmc_author_manuscript/paper__f5ca8b249743.pdf,2026-09-03T06:08:24+00:00,https://pmc.ncbi.nlm.nih.gov/articles/PMC9288493/pdf/nihms-1821724.pdf,https://pmc.ncbi.nlm.nih.gov/articles/PMC9288493/pdf/nihms-1821724.pdf,https://pmc.ncbi.nlm.nih.gov/articles/PMC9288493/,,,,NIH NLM PubMed Central public article page,author_manuscript,,upstream_metadata,pmc_acquisition_manifest,not_established,False,browser_supplied_unverified,The loopback bridge verifies the PDF's DOI/title identity but cannot independently prove that browser-supplied bytes came from the recorded source URL.,,public PMC browser session with same-origin cookies,data/papers/2022/10.1021__acssynbio.2c00135/versions/pmc_author_manuscript/pmc_manifest__e250aa7f1732.json,e250aa7f17328adf8a164518402409964e21b420bd6a3dce3e148af1b74a12df,data/papers/2022/10.1021__acssynbio.2c00135/pmc.json,data/papers/2022/10.1021__acssynbio.2c00135/versions/pmc_author_manuscript/pmc_package_metadata__d89db2b8e404.json,d89db2b8e4044d63a3093a6a7c7878ab7af3459e03acdafe33d63fc3b0aa5ea2,682,data/papers/2022/10.1021__acssynbio.2c00135/pmc/PMC9288493.1.xml,data/papers/2022/10.1021__acssynbio.2c00135/versions/pmc_author_manuscript/pmc_article_xml__4d71f858f2ab.xml,4d71f858f2abc446930e20998e545450b98c945a7617b9174c0ae51452aa6f02,120578,1128690,f5ca8b24974361d7532f67865001dfd4b7d42a9e74219363bb51ba02c93148c6,24,article_pdf,doi,1.0,
doi:10.1021/acssynbio.2c00143,10.1021/acssynbio.2c00143,2022,The Growth Dependent Design Constraints of Transcription-Factor-Based Metabolite Biosensors,already_present,PMC9994378,PMC9994378.1,data/papers/2022/10.1021__acssynbio.2c00143/versions/pmc_author_manuscript/paper__4d26d7583789.pdf,2026-09-03T06:08:11+00:00,https://pmc.ncbi.nlm.nih.gov/articles/PMC9994378/pdf/nihms-1877503.pdf,https://pmc.ncbi.nlm.nih.gov/articles/PMC9994378/pdf/nihms-1877503.pdf,https://pmc.ncbi.nlm.nih.gov/articles/PMC9994378/,,,,NIH NLM PubMed Central public article page,author_manuscript,,upstream_metadata,pmc_acquisition_manifest,not_established,False,browser_supplied_unverified,The loopback bridge verifies the PDF's DOI/title identity but cannot independently prove that browser-supplied bytes came from the recorded source URL.,,public PMC browser session with same-origin cookies,data/papers/2022/10.1021__acssynbio.2c00143/versions/pmc_author_manuscript/pmc_manifest__655fda2dcaad.json,655fda2dcaadc02c550d5f058882b0e5f0b915865ba04ce2ad741e2fc3af14ef,data/papers/2022/10.1021__acssynbio.2c00143/pmc.json,data/papers/2022/10.1021__acssynbio.2c00143/versions/pmc_author_manuscript/pmc_package_metadata__75156f009f8e.json,75156f009f8ebfcadcc788bd4044a8ad08d3b343c9a19dc51e596389fc782286,627,data/papers/2022/10.1021__acssynbio.2c00143/pmc/PMC9994378.1.xml,data/papers/2022/10.1021__acssynbio.2c00143/versions/pmc_author_manuscript/pmc_article_xml__cc418d15917b.xml,cc418d15917b1564c8e9b624b5fa82e31ecf3909c6e66462b9a7a973bbfab440,140597,1404169,4d26d75837892978f434a08ce35df319cec31c84e1c09c406bfb5962883c4e52,22,article_pdf,doi,1.0,
doi:10.1021/acssynbio.2c00150,10.1021/acssynbio.2c00150,2022,Hyperaccurate Ribosomes for Improved Genetic Code Reprogramming,already_present,PMC10100576,PMC10100576.1,data/papers/2022/10.1021__acssynbio.2c00150/versions/pmc_author_manuscript/paper__ad6487854e95.pdf,2026-09-03T06:08:09+00:00,https://pmc.ncbi.nlm.nih.gov/articles/PMC10100576/pdf/nihms-1849800.pdf,https://pmc.ncbi.nlm.nih.gov/articles/PMC10100576/pdf/nihms-1849800.pdf,https://pmc.ncbi.nlm.nih.gov/articles/PMC10100576/,,,,NIH NLM PubMed Central public article page,author_manuscript,,upstream_metadata,pmc_acquisition_manifest,not_established,False,browser_supplied_unverified,The loopback bridge verifies the PDF's DOI/title identity but cannot independently prove that browser-supplied bytes came from the recorded source URL.,,public PMC browser session with same-origin cookies,data/papers/2022/10.1021__acssynbio.2c00150/versions/pmc_author_manuscript/pmc_manifest__f88ae9e1b159.json,f88ae9e1b1599e9a4f09e3d5b70802b87e3b23e667c9678f3e46781d6c2f18b7,data/papers/2022/10.1021__acssynbio.2c00150/pmc.json,data/papers/2022/10.1021__acssynbio.2c00150/versions/pmc_author_manuscript/pmc_package_metadata__b4a915405bab.json,b4a915405bab2da6f2ce7de0edea182e02657cf31efdda2313dc2595f7fcaa91,605,data/papers/2022/10.1021__acssynbio.2c00150/pmc/PMC10100576.1.xml,data/papers/2022/10.1021__acssynbio.2c00150/versions/pmc_author_manuscript/pmc_article_xml__1c481e4a571d.xml,1c481e4a571dd40c1662a044076780f41add14554c243d03effbb2aaab6678af,99648,1374180,ad6487854e95012033ff61556ff3a1ba87d70a26a12f84ecc34ca78a4b88f104,18,article_pdf,doi,1.0,
doi:10.1021/acssynbio.2c00152,10.1021/acssynbio.2c00152,2022,Optimal LentiCRISPR-Based System for Sequential CRISPR/Cas9 Screens,already_present,PMC9802680,PMC9802680.1,data/papers/2022/10.1021__acssynbio.2c00152/versions/pmc_author_manuscript/paper__e2b1221dfe09.pdf,2026-09-03T06:08:14+00:00,https://pmc.ncbi.nlm.nih.gov/articles/PMC9802680/pdf/nihms-1856032.pdf,https://pmc.ncbi.nlm.nih.gov/articles/PMC9802680/pdf/nihms-1856032.pdf,https://pmc.ncbi.nlm.nih.gov/articles/PMC9802680/,,,,NIH NLM PubMed Central public article page,author_manuscript,,upstream_metadata,pmc_acquisition_manifest,not_established,False,browser_supplied_unverified,The loopback bridge verifies the PDF's DOI/title identity but cannot independently prove that browser-supplied bytes came from the recorded source URL.,,public PMC browser session with same-origin cookies,data/papers/2022/10.1021__acssynbio.2c00152/versions/pmc_author_manuscript/pmc_manifest__f51e0f184225.json,f51e0f1842256fe24c745f8505238936cf8fd488794560ac3029c973f552abd2,data/papers/2022/10.1021__acssynbio.2c00152/pmc.json,data/papers/2022/10.1021__acssynbio.2c00152/versions/pmc_author_manuscript/pmc_package_metadata__3d569b516424.json,3d569b516424297b64c5d43e56493ebdaac5809e7e0c22506b44404069b8dab8,607,data/papers/2022/10.1021__acssynbio.2c00152/pmc/PMC9802680.1.xml,data/papers/2022/10.1021__acssynbio.2c00152/versions/pmc_author_manuscript/pmc_article_xml__244705ec5018.xml,244705ec5018c2ff27cb4d150df0e4951fb6918b03cd803a41f7491ccbe79df6,61672,1260163,e2b1221dfe092f0e5056c0b7d429e62616a336106d75c47af368ed81ecff930c,15,article_pdf,doi,1.0,
doi:10.1021/acssynbio.2c00235,10.1021/acssynbio.2c00235,2022,Reprogramming the Cleavage Specificity of Botulinum Neurotoxin Serotype B1,already_present,PMC9907380,PMC9907380.1,data/papers/2022/10.1021__acssynbio.2c00235/versions/pmc_author_manuscript/paper__48f37615d4ec.pdf,2026-09-03T06:08:30+00:00,https://pmc.ncbi.nlm.nih.gov/articles/PMC9907380/pdf/nihms-1865968.pdf,https://pmc.ncbi.nlm.nih.gov/articles/PMC9907380/pdf/nihms-1865968.pdf,https://pmc.ncbi.nlm.nih.gov/articles/PMC9907380/,,,,NIH NLM PubMed Central public article page,author_manuscript,,upstream_metadata,pmc_acquisition_manifest,not_established,False,browser_supplied_unverified,The loopback bridge verifies the PDF's DOI/title identity but cannot independently prove that browser-supplied bytes came from the recorded source URL.,,public PMC browser session with same-origin cookies,data/papers/2022/10.1021__acssynbio.2c00235/versions/pmc_author_manuscript/pmc_manifest__26b8f316b553.json,26b8f316b553b0d2596563db7cc9e7a0a59996d8532d7d447ac3b2a51886ee6c,data/papers/2022/10.1021__acssynbio.2c00235/pmc.json,data/papers/2022/10.1021__acssynbio.2c00235/versions/pmc_author_manuscript/pmc_package_metadata__84defe8dd168.json,84defe8dd168e0ace2f3f236816e52dc6352a54015ef393274091f8ce4013e3a,611,data/papers/2022/10.1021__acssynbio.2c00235/pmc/PMC9907380.1.xml,data/papers/2022/10.1021__acssynbio.2c00235/versions/pmc_author_manuscript/pmc_article_xml__5e1d7af5dcd8.xml,5e1d7af5dcd855d6cda24fb5f4f2b6480c9edcccf317c6896bc979264cd3c6a4,128079,1748244,48f37615d4ec7b65155aaac92231c9b69695ae1075f8940db29d3b06a9ef49ba,25,article_pdf,doi,1.0,
doi:10.1021/acssynbio.2c00267,10.1021/acssynbio.2c00267,2022,Genome-Wide Screen for Enhanced Noncanonical Amino Acid Incorporation in Yeast,already_present,PMC10065164,PMC10065164.1,data/papers/2022/10.1021__acssynbio.2c00267/versions/pmc_author_manuscript/paper__e694f52ebd2d.pdf,2026-09-03T06:08:43+00:00,https://pmc.ncbi.nlm.nih.gov/articles/PMC10065164/pdf/nihms-1881739.pdf,https://pmc.ncbi.nlm.nih.gov/articles/PMC10065164/pdf/nihms-1881739.pdf,https://pmc.ncbi.nlm.nih.gov/articles/PMC10065164/,,,,NIH NLM PubMed Central public article page,author_manuscript,,upstream_metadata,pmc_acquisition_manifest,not_established,False,browser_supplied_unverified,The loopback bridge verifies the PDF's DOI/title identity but cannot independently prove that browser-supplied bytes came from the recorded source URL.,,public PMC browser session with same-origin cookies,data/papers/2022/10.1021__acssynbio.2c00267/versions/pmc_author_manuscript/pmc_manifest__d99cb4c8822e.json,d99cb4c8822e621685e416309ac3bff5ceabf5fb6eecdc23d1510196f9f20ef3,data/papers/2022/10.1021__acssynbio.2c00267/pmc.json,data/papers/2022/10.1021__acssynbio.2c00267/versions/pmc_author_manuscript/pmc_package_metadata__65fe6bae021d.json,65fe6bae021dca35a74e7597093ffd4c91864a9e03644216c485118e14a619cb,620,data/papers/2022/10.1021__acssynbio.2c00267/pmc/PMC10065164.1.xml,data/papers/2022/10.1021__acssynbio.2c00267/versions/pmc_author_manuscript/pmc_article_xml__eb9924b2f39b.xml,eb9924b2f39b4938a9c68b28897537e87c978f823e96aed8eb4752b52b6cc341,164135,948077,e694f52ebd2d8af034046e6e17bcb21097bf24702fce00da91b82d785ff1c93d,23,article_pdf,doi,1.0,
doi:10.1021/acssynbio.2c00312,10.1021/acssynbio.2c00312,2022,"AgeMTPT, a Catalyst for Peptide N-Terminal Modification",already_present,PMC10169287,PMC10169287.1,data/papers/2022/10.1021__acssynbio.2c00312/versions/pmc_author_manuscript/paper__09a0fbee316f.pdf,2026-09-03T06:08:45+00:00,https://pmc.ncbi.nlm.nih.gov/articles/PMC10169287/pdf/nihms-1893897.pdf,https://pmc.ncbi.nlm.nih.gov/articles/PMC10169287/pdf/nihms-1893897.pdf,https://pmc.ncbi.nlm.nih.gov/articles/PMC10169287/,,,,NIH NLM PubMed Central public article page,author_manuscript,,upstream_metadata,pmc_acquisition_manifest,not_established,False,browser_supplied_unverified,The loopback bridge verifies the PDF's DOI/title identity but cannot independently prove that browser-supplied bytes came from the recorded source URL.,,public PMC browser session with same-origin cookies,data/papers/2022/10.1021__acssynbio.2c00312/versions/pmc_author_manuscript/pmc_manifest__073a3ea5aabe.json,073a3ea5aabe371b0d6f634fe5d7516a7d107928854360fda78fb4ffcdc3d2e6,data/papers/2022/10.1021__acssynbio.2c00312/pmc.json,data/papers/2022/10.1021__acssynbio.2c00312/versions/pmc_author_manuscript/pmc_package_metadata__b7f24cd9658d.json,b7f24cd9658d9e00b0b29a5873b7d52427c921e843474b1d904fef9d6c7763d0,597,data/papers/2022/10.1021__acssynbio.2c00312/pmc/PMC10169287.1.xml,data/papers/2022/10.1021__acssynbio.2c00312/versions/pmc_author_manuscript/pmc_article_xml__b7fd290a4646.xml,b7fd290a4646f4677d203ec653a7048e6dc35692acb9b5ee6fc5325fa6976769,69667,1073216,09a0fbee316f0801c0fbc1f4e4e86086ac42e26ba4ef61b6a1133300f7651f7f,16,article_pdf,doi,1.0,
doi:10.1021/acssynbio.2c00318,10.1021/acssynbio.2c00318,2022,Negatively Competitive Incoherent Feedforward Loops Mitigate Winner-Take-All Resource Competition,already_present,PMC10286714,PMC10286714.1,data/papers/2022/10.1021__acssynbio.2c00318/versions/pmc_author_manuscript/paper__0953a62f231e.pdf,2026-09-03T06:08:56+00:00,https://pmc.ncbi.nlm.nih.gov/articles/PMC10286714/pdf/nihms-1906733.pdf,https://pmc.ncbi.nlm.nih.gov/articles/PMC10286714/pdf/nihms-1906733.pdf,https://pmc.ncbi.nlm.nih.gov/articles/PMC10286714/,,,,NIH NLM PubMed Central public article page,author_manuscript,,upstream_metadata,pmc_acquisition_manifest,not_established,False,browser_supplied_unverified,The loopback bridge verifies the PDF's DOI/title identity but cannot independently prove that browser-supplied bytes came from the recorded source URL.,,public PMC browser session with same-origin cookies,data/papers/2022/10.1021__acssynbio.2c00318/versions/pmc_author_manuscript/pmc_manifest__59a2709c69dc.json,59a2709c69dc567c1a9f3d343b52d40e60f36a5996f0a1eb241e08898759a28e,data/papers/2022/10.1021__acssynbio.2c00318/pmc.json,data/papers/2022/10.1021__acssynbio.2c00318/versions/pmc_author_manuscript/pmc_package_metadata__27774ea538c7.json,27774ea538c78eb76a528dd517cdebc20304f7eb00bed68ca712cbbb9aac491d,639,data/papers/2022/10.1021__acssynbio.2c00318/pmc/PMC10286714.1.xml,data/papers/2022/10.1021__acssynbio.2c00318/versions/pmc_author_manuscript/pmc_article_xml__9ff66e65e724.xml,9ff66e65e724524c2624e3a47bd855fd831bb92497f46e673377753793fb0a84,125191,1163863,0953a62f231e8b5e16d95c911daff12a629896cc576cd7bb40150bba084c7b7b,20,article_pdf,doi,1.0,
doi:10.1021/acssynbio.2c00322,10.1021/acssynbio.2c00322,2022,Individual-Based Modeling of Spatial Dynamics of Chemotactic Microbial Populations,already_present,PMC10129442,PMC10129442.1,data/papers/2022/10.1021__acssynbio.2c00322/versions/pmc_author_manuscript/paper__bcc2a26e5cd8.pdf,2026-09-03T06:08:48+00:00,https://pmc.ncbi.nlm.nih.gov/articles/PMC10129442/pdf/nihms-1893105.pdf,https://pmc.ncbi.nlm.nih.gov/articles/PMC10129442/pdf/nihms-1893105.pdf,https://pmc.ncbi.nlm.nih.gov/articles/PMC10129442/,,,,NIH NLM PubMed Central public article page,author_manuscript,,upstream_metadata,pmc_acquisition_manifest,not_established,False,browser_supplied_unverified,The loopback bridge verifies the PDF's DOI/title identity but cannot independently prove that browser-supplied bytes came from the recorded source URL.,,public PMC browser session with same-origin cookies,data/papers/2022/10.1021__acssynbio.2c00322/versions/pmc_author_manuscript/pmc_manifest__715c476fd88d.json,715c476fd88d7977fb6f4b0e7ea576fdecbb29aa2cf078640a3b4c9273a40917,data/papers/2022/10.1021__acssynbio.2c00322/pmc.json,data/papers/2022/10.1021__acssynbio.2c00322/versions/pmc_author_manuscript/pmc_package_metadata__c05bcfed6031.json,c05bcfed6031ddb6c7313d8cdec8a44685b8d861f6dfc1ce732e1ee7602e0856,624,data/papers/2022/10.1021__acssynbio.2c00322/pmc/PMC10129442.1.xml,data/papers/2022/10.1021__acssynbio.2c00322/versions/pmc_author_manuscript/pmc_article_xml__2c82416aa96c.xml,2c82416aa96c267bd30498706a0cb528f1550419541e50e3ec12b29d2c8d1e4f,91315,2262841,bcc2a26e5cd8cf27d07fce092de6cd06aaef2f0a8b7ae17490d91e543126b346,17,article_pdf,doi,1.0,
doi:10.1021/acssynbio.2c00325,10.1021/acssynbio.2c00325,2022,Genetic Code Expansion in Pseudomonas putida KT2440,already_present,PMC10656745,PMC10656745.1,data/papers/2022/10.1021__acssynbio.2c00325/versions/pmc_author_manuscript/paper__cf6fd0742126.pdf,2026-09-03T06:08:50+00:00,https://pmc.ncbi.nlm.nih.gov/articles/PMC10656745/pdf/nihms-1942769.pdf,https://pmc.ncbi.nlm.nih.gov/articles/PMC10656745/pdf/nihms-1942769.pdf,https://pmc.ncbi.nlm.nih.gov/articles/PMC10656745/,,,,NIH NLM PubMed Central public article page,author_manuscript,,upstream_metadata,pmc_acquisition_manifest,not_established,False,browser_supplied_unverified,The loopback bridge verifies the PDF's DOI/title identity but cannot independently prove that browser-supplied bytes came from the recorded source URL.,,public PMC browser session with same-origin cookies,data/papers/2022/10.1021__acssynbio.2c00325/versions/pmc_author_manuscript/pmc_manifest__f9170eba05a6.json,f9170eba05a671f13fc30bdeffbb08643fad9d74e1ae9477042cca0b65d610c2,data/papers/2022/10.1021__acssynbio.2c00325/pmc.json,data/papers/2022/10.1021__acssynbio.2c00325/versions/pmc_author_manuscript/pmc_package_metadata__0b22bd26036b.json,0b22bd26036ba55bf701cf70c33f6d808e95e5c543c04ab4874745a9a02948fe,593,data/papers/2022/10.1021__acssynbio.2c00325/pmc/PMC10656745.1.xml,data/papers/2022/10.1021__acssynbio.2c00325/versions/pmc_author_manuscript/pmc_article_xml__c98e3a2a2a4f.xml,c98e3a2a2a4fbb1ff195cbb6a2d39dc105b4211745f62c99b3ff02f082d618f2,117956,923048,cf6fd07421262a8e5f9c0bef8671ec1b75fcd4ae3eb997478f818713162f87d7,17,article_pdf,doi,1.0,
doi:10.1021/acssynbio.2c00335,10.1021/acssynbio.2c00335,2022,Harnessing Escherichia coli’s Native Machinery for Detection of Vitamin C (Ascorbate) Deficiency,already_present,PMC9807260,PMC9807260.1,data/papers/2022/10.1021__acssynbio.2c00335/versions/pmc_author_manuscript/paper__74f5b31259fa.pdf,2026-09-03T06:08:40+00:00,https://pmc.ncbi.nlm.nih.gov/articles/PMC9807260/pdf/nihms-1860517.pdf,https://pmc.ncbi.nlm.nih.gov/articles/PMC9807260/pdf/nihms-1860517.pdf,https://pmc.ncbi.nlm.nih.gov/articles/PMC9807260/,,,,NIH NLM PubMed Central public article page,author_manuscript,,upstream_metadata,pmc_acquisition_manifest,not_established,False,browser_supplied_unverified,The loopback bridge verifies the PDF's DOI/title identity but cannot independently prove that browser-supplied bytes came from the recorded source URL.,,public PMC browser session with same-origin cookies,data/papers/2022/10.1021__acssynbio.2c00335/versions/pmc_author_manuscript/pmc_manifest__4f5fdd9f7f49.json,4f5fdd9f7f49491e22171316c4a4e1bdd84658deac25321b3ff542afabe30b85,data/papers/2022/10.1021__acssynbio.2c00335/pmc.json,data/papers/2022/10.1021__acssynbio.2c00335/versions/pmc_author_manuscript/pmc_package_metadata__c500c7890eee.json,c500c7890eee1f00c5a98132545f4aeef6f98dcb87bcf9f1cbc6881748376fa3,638,data/papers/2022/10.1021__acssynbio.2c00335/pmc/PMC9807260.1.xml,data/papers/2022/10.1021__acssynbio.2c00335/versions/pmc_author_manuscript/pmc_article_xml__7bf1df8d204b.xml,7bf1df8d204ba1a993f2ab8efb1befa037e83cffa204ee7cf33957c85f3ae3c7,72298,994744,74f5b31259fa374b78e19651e8277c7862e8bd26bcfafa2c87e84520f7571735,18,article_pdf,doi,1.0,
doi:10.1021/acssynbio.2c00359,10.1021/acssynbio.2c00359,2022,Synthetic Platforms for Characterizing and Targeting of SARS-CoV-2 Genome Capping Enzymes,already_present,PMC9662071,PMC9662071.1,data/papers/2022/10.1021__acssynbio.2c00359/versions/pmc_author_manuscript/paper__847ea5e0c05c.pdf,2026-09-03T06:08:53+00:00,https://pmc.ncbi.nlm.nih.gov/articles/PMC9662071/pdf/nihms-1922585.pdf,https://pmc.ncbi.nlm.nih.gov/articles/PMC9662071/pdf/nihms-1922585.pdf,https://pmc.ncbi.nlm.nih.gov/articles/PMC9662071/,,,,NIH NLM PubMed Central public article page,author_manuscript,,upstream_metadata,pmc_acquisition_manifest,not_established,False,browser_supplied_unverified,The loopback bridge verifies the PDF's DOI/title identity but cannot independently prove that browser-supplied bytes came from the recorded source URL.,,public PMC browser session with same-origin cookies,data/papers/2022/10.1021__acssynbio.2c00359/versions/pmc_author_manuscript/pmc_manifest__51a1c993fcfa.json,51a1c993fcfa9f60591eec53e317853b0c98dd06fa2ed0d7cc92a425c6558670,data/papers/2022/10.1021__acssynbio.2c00359/pmc.json,data/papers/2022/10.1021__acssynbio.2c00359/versions/pmc_author_manuscript/pmc_package_metadata__785c71b5cd7e.json,785c71b5cd7ec9fd9071367d6dbd16f97e9e60498b37122c78442f4c437a8889,626,data/papers/2022/10.1021__acssynbio.2c00359/pmc/PMC9662071.1.xml,data/papers/2022/10.1021__acssynbio.2c00359/versions/pmc_author_manuscript/pmc_article_xml__23a56f71b91e.xml,23a56f71b91ea460c5bdbf63aec3a9792eeb22db6c8cf0dacd00aa0c7fcc4a7c,160696,1903489,847ea5e0c05c94da5ccace737b147ce46fff6db28b1580d845179c22e6a26f28,25,article_pdf,doi,1.0,
doi:10.1021/acssynbio.2c00366,10.1021/acssynbio.2c00366,2022,Cell-Free Protein Synthesis of Particulate Methane Monooxygenase into Nanodiscs,already_present,PMC9910172,PMC9910172.1,data/papers/2022/10.1021__acssynbio.2c00366/versions/pmc_author_manuscript/paper__9438de740a02.pdf,2026-09-03T06:08:58+00:00,https://pmc.ncbi.nlm.nih.gov/articles/PMC9910172/pdf/nihms-1867032.pdf,https://pmc.ncbi.nlm.nih.gov/articles/PMC9910172/pdf/nihms-1867032.pdf,https://pmc.ncbi.nlm.nih.gov/articles/PMC9910172/,,,,NIH NLM PubMed Central public article page,author_manuscript,,upstream_metadata,pmc_acquisition_manifest,not_established,False,browser_supplied_unverified,The loopback bridge verifies the PDF's DOI/title identity but cannot independently prove that browser-supplied bytes came from the recorded source URL.,,public PMC browser session with same-origin cookies,data/papers/2022/10.1021__acssynbio.2c00366/versions/pmc_author_manuscript/pmc_manifest__6ca13e11d91b.json,6ca13e11d91b4713c3a792b1a020a1e52a701667e041a97b35d50b81c4b77e5b,data/papers/2022/10.1021__acssynbio.2c00366/pmc.json,data/papers/2022/10.1021__acssynbio.2c00366/versions/pmc_author_manuscript/pmc_package_metadata__58cffe5b0993.json,58cffe5b0993bcfc01d27992263663199ad32c16809fcecdbee55a3d58a3bedc,615,data/papers/2022/10.1021__acssynbio.2c00366/pmc/PMC9910172.1.xml,data/papers/2022/10.1021__acssynbio.2c00366/versions/pmc_author_manuscript/pmc_article_xml__c7da0b0ce64b.xml,c7da0b0ce64b26f80f53ec79e0c5d8b66abf405a7984144b159acdca632a5ba3,109048,1120895,9438de740a02b26d01e1b766caa1bd125ef7db84a5010946e5880f7176445533,19,article_pdf,doi,1.0,
doi:10.1021/acssynbio.2c00382,10.1021/acssynbio.2c00382,2022,GroovDB: A Database of Ligand-Inducible Transcription Factors,already_present,PMC13292809,PMC13292809.1,data/papers/2022/10.1021__acssynbio.2c00382/versions/pmc_author_manuscript/paper__c62b2b441616.pdf,2026-09-03T06:08:35+00:00,https://pmc.ncbi.nlm.nih.gov/articles/PMC13292809/pdf/nihms-2151087.pdf,https://pmc.ncbi.nlm.nih.gov/articles/PMC13292809/pdf/nihms-2151087.pdf,https://pmc.ncbi.nlm.nih.gov/articles/PMC13292809/,,,,NIH NLM PubMed Central public article page,author_manuscript,,upstream_metadata,pmc_acquisition_manifest,not_established,False,browser_supplied_unverified,The loopback bridge verifies the PDF's DOI/title identity but cannot independently prove that browser-supplied bytes came from the recorded source URL.,,public PMC browser session with same-origin cookies,data/papers/2022/10.1021__acssynbio.2c00382/versions/pmc_author_manuscript/pmc_manifest__77b349a91839.json,77b349a91839fc858ee86b37cb10cbbdbd4d104c8dedd87e4a57ca7381c26d0d,data/papers/2022/10.1021__acssynbio.2c00382/pmc.json,data/papers/2022/10.1021__acssynbio.2c00382/versions/pmc_author_manuscript/pmc_package_metadata__2f5f4a6d6283.json,2f5f4a6d6283b51eb417c9cc9b1348377f9cdd7564c4c9d06472737c0220dfb5,603,data/papers/2022/10.1021__acssynbio.2c00382/pmc/PMC13292809.1.xml,data/papers/2022/10.1021__acssynbio.2c00382/versions/pmc_author_manuscript/pmc_article_xml__2bab73f7b172.xml,2bab73f7b1728c7c63229c0cc1305effa2732aa50a678b99e2cf002c87ece568,42273,417468,c62b2b4416162ca149d95e6b964d69d53e5650f3c8b306f9753fabd32c8ad06f,8,article_pdf,doi,1.0,
doi:10.1021/acssynbio.2c00391,10.1021/acssynbio.2c00391,2022,Engineered Protein Nanocages for Concurrent RNA and Protein Packaging In Vivo,already_present,PMC9944510,PMC9944510.1,data/papers/2022/10.1021__acssynbio.2c00391/versions/pmc_author_manuscript/paper__df14e71f6890.pdf,2026-09-03T06:08:32+00:00,https://pmc.ncbi.nlm.nih.gov/articles/PMC9944510/pdf/nihms-1869568.pdf,https://pmc.ncbi.nlm.nih.gov/articles/PMC9944510/pdf/nihms-1869568.pdf,https://pmc.ncbi.nlm.nih.gov/articles/PMC9944510/,,,,NIH NLM PubMed Central public article page,author_manuscript,,upstream_metadata,pmc_acquisition_manifest,not_established,False,browser_supplied_unverified,The loopback bridge verifies the PDF's DOI/title identity but cannot independently prove that browser-supplied bytes came from the recorded source URL.,,public PMC browser session with same-origin cookies,data/papers/2022/10.1021__acssynbio.2c00391/versions/pmc_author_manuscript/pmc_manifest__7015f43cd3dd.json,7015f43cd3dd7d486aea162a11c26a9405b1599b503c084dfaf9c4ca4bf987f3,data/papers/2022/10.1021__acssynbio.2c00391/pmc.json,data/papers/2022/10.1021__acssynbio.2c00391/versions/pmc_author_manuscript/pmc_package_metadata__871fb6047951.json,871fb6047951d97fc9464cdc9d21074d4e95cce9f094812845b683e6d8184591,614,data/papers/2022/10.1021__acssynbio.2c00391/pmc/PMC9944510.1.xml,data/papers/2022/10.1021__acssynbio.2c00391/versions/pmc_author_manuscript/pmc_article_xml__1897fa15d883.xml,1897fa15d8837e5c4cc98e0e05748e9e86c5bc2a59610f2e111ebe3262fcd28e,160989,1166804,df14e71f68909796697611dd2abe01d24a56356963bbe90d418cbb8dacb7a5ba,23,article_pdf,doi,1.0,
doi:10.1021/acssynbio.2c00394,10.1021/acssynbio.2c00394,2022,Hybrid Nucleic Acid-Quantum Dot Assemblies as Multiplexed Reporter Platforms for Cell-Free Transcription Translation-Based Biosensors,already_present,PMC9829448,PMC9829448.1,data/papers/2022/10.1021__acssynbio.2c00394/versions/pmc_author_manuscript/paper__8f6bfe03e73a.pdf,2026-09-03T06:09:01+00:00,https://pmc.ncbi.nlm.nih.gov/articles/PMC9829448/pdf/nihms-1860244.pdf,https://pmc.ncbi.nlm.nih.gov/articles/PMC9829448/pdf/nihms-1860244.pdf,https://pmc.ncbi.nlm.nih.gov/articles/PMC9829448/,,,,NIH NLM PubMed Central public article page,author_manuscript,,upstream_metadata,pmc_acquisition_manifest,not_established,False,browser_supplied_unverified,The loopback bridge verifies the PDF's DOI/title identity but cannot independently prove that browser-supplied bytes came from the recorded source URL.,,public PMC browser session with same-origin cookies,data/papers/2022/10.1021__acssynbio.2c00394/versions/pmc_author_manuscript/pmc_manifest__4067fd93f90c.json,4067fd93f90c3be87f31ccb0a99531908f970d954ee6658226b824a903b09ac7,data/papers/2022/10.1021__acssynbio.2c00394/pmc.json,data/papers/2022/10.1021__acssynbio.2c00394/versions/pmc_author_manuscript/pmc_package_metadata__9af415de022c.json,9af415de022cb0be7f2deeb620f326a37d55d0a7e4b1d273a7d46ea1066fdd75,669,data/papers/2022/10.1021__acssynbio.2c00394/pmc/PMC9829448.1.xml,data/papers/2022/10.1021__acssynbio.2c00394/versions/pmc_author_manuscript/pmc_article_xml__e1127521661b.xml,e1127521661bd76c142919efdc3c382503384c209e3edb0a29a5cc7656146b1b,162734,1072241,8f6bfe03e73a5b216a9b750853c82234594230db7e5f96d114fcb272758cf4d6,27,article_pdf,doi,1.0,
doi:10.1021/acssynbio.2c00405,10.1021/acssynbio.2c00405,2022,Expanding the Scope of Bacterial CRISPR Activation with PAM-Flexible dCas9 Variants,already_present,PMC10516241,PMC10516241.1,data/papers/2022/10.1021__acssynbio.2c00405/versions/pmc_author_manuscript/paper__285829ac95ad.pdf,2026-09-03T06:09:04+00:00,https://pmc.ncbi.nlm.nih.gov/articles/PMC10516241/pdf/nihms-1931111.pdf,https://pmc.ncbi.nlm.nih.gov/articles/PMC10516241/pdf/nihms-1931111.pdf,https://pmc.ncbi.nlm.nih.gov/articles/PMC10516241/,,,,NIH NLM PubMed Central public article page,author_manuscript,,upstream_metadata,pmc_acquisition_manifest,not_established,False,browser_supplied_unverified,The loopback bridge verifies the PDF's DOI/title identity but cannot independently prove that browser-supplied bytes came from the recorded source URL.,,public PMC browser session with same-origin cookies,data/papers/2022/10.1021__acssynbio.2c00405/versions/pmc_author_manuscript/pmc_manifest__59681ef71c69.json,59681ef71c6980d465e7822e218abe5740574dea097744197aa567058b371b41,data/papers/2022/10.1021__acssynbio.2c00405/pmc.json,data/papers/2022/10.1021__acssynbio.2c00405/versions/pmc_author_manuscript/pmc_package_metadata__263955717064.json,263955717064d208aea7665288ffffd641462850015143d71c82d18231e5faaf,625,data/papers/2022/10.1021__acssynbio.2c00405/pmc/PMC10516241.1.xml,data/papers/2022/10.1021__acssynbio.2c00405/versions/pmc_author_manuscript/pmc_article_xml__d846d16c9f3f.xml,d846d16c9f3f48df6b8332cd0dc231cd3a2d19078c8a69e1d59af15b08091649,114606,1131775,285829ac95adce7def2dca8e8249e472611faf9a0e654a036df95b6198515561,19,article_pdf,doi,1.0,
doi:10.1021/acssynbio.2c00411,10.1021/acssynbio.2c00411,2022,Agent-Based Modeling of Microbial Communities,already_present,PMC10129392,PMC10129392.1,data/papers/2022/10.1021__acssynbio.2c00411/versions/pmc_author_manuscript/paper__9d6b0c202185.pdf,2026-09-03T06:08:37+00:00,https://pmc.ncbi.nlm.nih.gov/articles/PMC10129392/pdf/nihms-1893171.pdf,https://pmc.ncbi.nlm.nih.gov/articles/PMC10129392/pdf/nihms-1893171.pdf,https://pmc.ncbi.nlm.nih.gov/articles/PMC10129392/,,,,NIH NLM PubMed Central public article page,author_manuscript,,upstream_metadata,pmc_acquisition_manifest,not_established,False,browser_supplied_unverified,The loopback bridge verifies the PDF's DOI/title identity but cannot independently prove that browser-supplied bytes came from the recorded source URL.,,public PMC browser session with same-origin cookies,data/papers/2022/10.1021__acssynbio.2c00411/versions/pmc_author_manuscript/pmc_manifest__fd8f8ea02f2e.json,fd8f8ea02f2e8ba3febce1041a829909c204dc1e11c9b199907ef1bf94214c21,data/papers/2022/10.1021__acssynbio.2c00411/pmc.json,data/papers/2022/10.1021__acssynbio.2c00411/versions/pmc_author_manuscript/pmc_package_metadata__d8d186b8b592.json,d8d186b8b592fe44229afbc963df1127daed207284d6884569376287cadf20b0,587,data/papers/2022/10.1021__acssynbio.2c00411/pmc/PMC10129392.1.xml,data/papers/2022/10.1021__acssynbio.2c00411/versions/pmc_author_manuscript/pmc_article_xml__cccf03fb7f05.xml,cccf03fb7f0551fe058afcc83762c1b94febd6efa7624c794118c543a81658ba,135714,1815133,9d6b0c2021852d5ba34aa118892afdc012a19dcc3c378871db04e6b727dab77e,21,article_pdf,doi,1.0,
doi:10.1021/acssynbio.2c00384,10.1021/acssynbio.2c00384,2023,Genetically Encoded Detection of Biosynthetic Protease Inhibitors,already_present,PMC10072156,PMC10072156.1,data/papers/2023/10.1021__acssynbio.2c00384/versions/pmc_author_manuscript/paper__2e418f304eb0.pdf,2026-09-03T06:09:06+00:00,https://pmc.ncbi.nlm.nih.gov/articles/PMC10072156/pdf/nihms-1884224.pdf,https://pmc.ncbi.nlm.nih.gov/articles/PMC10072156/pdf/nihms-1884224.pdf,https://pmc.ncbi.nlm.nih.gov/articles/PMC10072156/,,,,NIH NLM PubMed Central public article page,author_manuscript,,upstream_metadata,pmc_acquisition_manifest,not_established,False,browser_supplied_unverified,The loopback bridge verifies the PDF's DOI/title identity but cannot independently prove that browser-supplied bytes came from the recorded source URL.,,public PMC browser session with same-origin cookies,data/papers/2023/10.1021__acssynbio.2c00384/versions/pmc_author_manuscript/pmc_manifest__0b62c9a8983e.json,0b62c9a8983e66163f468522cb8a49ec7dbbda98d065e2434b2363f7b30c425a,data/papers/2023/10.1021__acssynbio.2c00384/pmc.json,data/papers/2023/10.1021__acssynbio.2c00384/versions/pmc_author_manuscript/pmc_package_metadata__ef69eb2f3080.json,ef69eb2f30800cc039f649811fd5758140e8c3e5503277005df1302a3b2ccde8,606,data/papers/2023/10.1021__acssynbio.2c00384/pmc/PMC10072156.1.xml,data/papers/2023/10.1021__acssynbio.2c00384/versions/pmc_author_manuscript/pmc_article_xml__ab6764ce194f.xml,ab6764ce194f0b91d8e05dd4870cc23c146251f845e8f506c562835ed3dc8a1a,155964,1417044,2e418f304eb07002c522cd298633d1610fa6bbe9ff5b441cbf7099fe3165e325,25,article_pdf,doi,1.0,
doi:10.1021/acssynbio.2c00502,10.1021/acssynbio.2c00502,2023,A Genetic Engineering Toolbox for the Lignocellulolytic Anaerobic Gut Fungus Neocallimastix frontalis,already_present,PMC11677189,PMC11677189.1,data/papers/2023/10.1021__acssynbio.2c00502/versions/pmc_author_manuscript/paper__9543b90a1425.pdf,2026-09-03T06:09:22+00:00,https://pmc.ncbi.nlm.nih.gov/articles/PMC11677189/pdf/nihms-2040019.pdf,https://pmc.ncbi.nlm.nih.gov/articles/PMC11677189/pdf/nihms-2040019.pdf,https://pmc.ncbi.nlm.nih.gov/articles/PMC11677189/,,,,NIH NLM PubMed Central public article page,author_manuscript,,upstream_metadata,pmc_acquisition_manifest,not_established,False,browser_supplied_unverified,The loopback bridge verifies the PDF's DOI/title identity but cannot independently prove that browser-supplied bytes came from the recorded source URL.,,public PMC browser session with same-origin cookies,data/papers/2023/10.1021__acssynbio.2c00502/versions/pmc_author_manuscript/pmc_manifest__83c7f8eae99b.json,83c7f8eae99b0ee5a707ed5f505094fe2eec664d321bc29ef6276bffdbd0fe69,data/papers/2023/10.1021__acssynbio.2c00502/pmc.json,data/papers/2023/10.1021__acssynbio.2c00502/versions/pmc_author_manuscript/pmc_package_metadata__5c5682f555d7.json,5c5682f555d7d983601181675774e16be53e812c0d766e0b0cb4b5d9c5ca6163,643,data/papers/2023/10.1021__acssynbio.2c00502/pmc/PMC11677189.1.xml,data/papers/2023/10.1021__acssynbio.2c00502/versions/pmc_author_manuscript/pmc_article_xml__95d10aea2219.xml,95d10aea22192679967663fd4641247c039fcecc8f9291e4138ac358d47aca41,138113,1931473,9543b90a1425615a50a4db2090b133a52d5f48c146ede981de98569fab13c77d,24,article_pdf,doi,1.0,
doi:10.1021/acssynbio.2c00509,10.1021/acssynbio.2c00509,2023,Deep Antimicrobial Activity and Stability Analysis Inform Lysin Sequence–Function Mapping,already_present,PMC10822705,PMC10822705.1,data/papers/2023/10.1021__acssynbio.2c00509/versions/pmc_author_manuscript/paper__15cadb35ede9.pdf,2026-09-03T06:09:09+00:00,https://pmc.ncbi.nlm.nih.gov/articles/PMC10822705/pdf/nihms-1960752.pdf,https://pmc.ncbi.nlm.nih.gov/articles/PMC10822705/pdf/nihms-1960752.pdf,https://pmc.ncbi.nlm.nih.gov/articles/PMC10822705/,,,,NIH NLM PubMed Central public article page,author_manuscript,,upstream_metadata,pmc_acquisition_manifest,not_established,False,browser_supplied_unverified,The loopback bridge verifies the PDF's DOI/title identity but cannot independently prove that browser-supplied bytes came from the recorded source URL.,,public PMC browser session with same-origin cookies,data/papers/2023/10.1021__acssynbio.2c00509/versions/pmc_author_manuscript/pmc_manifest__365cddce6d40.json,365cddce6d40bc81bfcc8d62ebc249dd3b0d7bb05e34057159553f16d3778be1,data/papers/2023/10.1021__acssynbio.2c00509/pmc.json,data/papers/2023/10.1021__acssynbio.2c00509/versions/pmc_author_manuscript/pmc_package_metadata__1ad2379e31a4.json,1ad2379e31a44350b179c0a67426f4a1151740292d6fa2a0410cf2f0f079877d,631,data/papers/2023/10.1021__acssynbio.2c00509/pmc/PMC10822705.1.xml,data/papers/2023/10.1021__acssynbio.2c00509/versions/pmc_author_manuscript/pmc_article_xml__c4c72c701fcc.xml,c4c72c701fcc1a9d513cb4cda47b3c9c5f95757c6182c95fcec8d2754b6d3588,154310,2180134,15cadb35ede9e92b84e3d72dffbb2d7aa1e227a5fd7548b400191518a51f028a,32,article_pdf,doi,1.0,
doi:10.1021/acssynbio.2c00531,10.1021/acssynbio.2c00531,2023,Cell-Free Synthesis Goes Electric: Dual Optical and Electronic Biosensor via Direct Channel Integration into a Supported Membrane Electrode,already_present,PMC11364431,PMC11364431.1,data/papers/2023/10.1021__acssynbio.2c00531/versions/pmc_author_manuscript/paper__cb447026017c.pdf,2026-09-03T06:09:11+00:00,https://pmc.ncbi.nlm.nih.gov/articles/PMC11364431/pdf/nihms-2014665.pdf,https://pmc.ncbi.nlm.nih.gov/articles/PMC11364431/pdf/nihms-2014665.pdf,https://pmc.ncbi.nlm.nih.gov/articles/PMC11364431/,,,,NIH NLM PubMed Central public article page,author_manuscript,,upstream_metadata,pmc_acquisition_manifest,not_established,False,browser_supplied_unverified,The loopback bridge verifies the PDF's DOI/title identity but cannot independently prove that browser-supplied bytes came from the recorded source URL.,,public PMC browser session with same-origin cookies,data/papers/2023/10.1021__acssynbio.2c00531/versions/pmc_author_manuscript/pmc_manifest__43147b047642.json,43147b047642ba8babda8fdac075b772e13fd9222fef949035d6060896918837,data/papers/2023/10.1021__acssynbio.2c00531/pmc.json,data/papers/2023/10.1021__acssynbio.2c00531/versions/pmc_author_manuscript/pmc_package_metadata__8e00f6689526.json,8e00f6689526b0a0f1256f325171d3ae9e7151f2bed9c7b85cdabbe00f07a1b2,681,data/papers/2023/10.1021__acssynbio.2c00531/pmc/PMC11364431.1.xml,data/papers/2023/10.1021__acssynbio.2c00531/versions/pmc_author_manuscript/pmc_article_xml__205eaae2e857.xml,205eaae2e857c463ac7ea6d67b4854a8b11a330006987e6f21df382b04d99e03,98476,1354271,cb447026017ca71fb1291d4a9839bada6ad86b9b3e5f84cd50079aba005f0bf7,19,article_pdf,doi,1.0,
doi:10.1021/acssynbio.2c00547,10.1021/acssynbio.2c00547,2023,A Suite of New Strain Construction Vectors for Gene Expression Knockdown in Budding Yeast,already_present,PMC10406437,PMC10406437.1,data/papers/2023/10.1021__acssynbio.2c00547/versions/pmc_author_manuscript/paper__ea4c92bb1e65.pdf,2026-09-03T06:09:14+00:00,https://pmc.ncbi.nlm.nih.gov/articles/PMC10406437/pdf/nihms-1921851.pdf,https://pmc.ncbi.nlm.nih.gov/articles/PMC10406437/pdf/nihms-1921851.pdf,https://pmc.ncbi.nlm.nih.gov/articles/PMC10406437/,,,,NIH NLM PubMed Central public article page,author_manuscript,,upstream_metadata,pmc_acquisition_manifest,not_established,False,browser_supplied_unverified,The loopback bridge verifies the PDF's DOI/title identity but cannot independently prove that browser-supplied bytes came from the recorded source URL.,,public PMC browser session with same-origin cookies,data/papers/2023/10.1021__acssynbio.2c00547/versions/pmc_author_manuscript/pmc_manifest__cc239ac6238d.json,cc239ac6238de9145b1915b738c9c6d882e5ef1a13318e2bee91f634bd16a092,data/papers/2023/10.1021__acssynbio.2c00547/pmc.json,data/papers/2023/10.1021__acssynbio.2c00547/versions/pmc_author_manuscript/pmc_package_metadata__78a9f2273eaf.json,78a9f2273eaff92ffcd55ca8292c8a30a4e1e06336bcff69b71a7b4e316f807f,630,data/papers/2023/10.1021__acssynbio.2c00547/pmc/PMC10406437.1.xml,data/papers/2023/10.1021__acssynbio.2c00547/versions/pmc_author_manuscript/pmc_article_xml__a9fd91d12496.xml,a9fd91d12496f3c05041ad217ef0a004f1ad96732b68e7daf7b6cb459a6e33d2,86497,1730364,ea4c92bb1e6560b543ba6ed6bf28b7cc42c9ef15993d73bd257544cb3b455c36,17,article_pdf,doi,1.0,
doi:10.1021/acssynbio.2c00563,10.1021/acssynbio.2c00563,2023,Facile Display of Homomultivalent Proteins for In Vitro Selections,already_present,PMC9985468,PMC9985468.1,data/papers/2023/10.1021__acssynbio.2c00563/versions/pmc_author_manuscript/paper__ecfcf13fafdf.pdf,2026-09-03T06:09:17+00:00,https://pmc.ncbi.nlm.nih.gov/articles/PMC9985468/pdf/nihms-1871854.pdf,https://pmc.ncbi.nlm.nih.gov/articles/PMC9985468/pdf/nihms-1871854.pdf,https://pmc.ncbi.nlm.nih.gov/articles/PMC9985468/,,,,NIH NLM PubMed Central public article page,author_manuscript,,upstream_metadata,pmc_acquisition_manifest,not_established,False,browser_supplied_unverified,The loopback bridge verifies the PDF's DOI/title identity but cannot independently prove that browser-supplied bytes came from the recorded source URL.,,public PMC browser session with same-origin cookies,data/papers/2023/10.1021__acssynbio.2c00563/versions/pmc_author_manuscript/pmc_manifest__aae018809af8.json,aae018809af8fd455cb15396bb00650f10be42bcf5c3212275165e996fac75b4,data/papers/2023/10.1021__acssynbio.2c00563/pmc.json,data/papers/2023/10.1021__acssynbio.2c00563/versions/pmc_author_manuscript/pmc_package_metadata__fe047f0fb765.json,fe047f0fb765af3aa58b5d2c38b22070c99e1bc4e79717d83d49eb4695537aaa,603,data/papers/2023/10.1021__acssynbio.2c00563/pmc/PMC9985468.1.xml,data/papers/2023/10.1021__acssynbio.2c00563/versions/pmc_author_manuscript/pmc_article_xml__4dd5c506b8a0.xml,4dd5c506b8a0265360ec49e08ff3701bc13509377196de448ab86aeb51cb40f1,53103,578357,ecfcf13fafdfaa2d1bc6249934e73d40ebb54f015083e1188d2eb58acd2fc7d1,9,article_pdf,doi,1.0,
doi:10.1021/acssynbio.2c00599,10.1021/acssynbio.2c00599,2023,Optimization of Campesterol-Producing Yeast Strains as a Feasible Platform for the Functional Reconstitution of Plant Membrane-Bound Enzymes,already_present,PMC11531777,PMC11531777.1,data/papers/2023/10.1021__acssynbio.2c00599/versions/pmc_author_manuscript/paper__392ddfe61e2a.pdf,2026-09-03T06:09:25+00:00,https://pmc.ncbi.nlm.nih.gov/articles/PMC11531777/pdf/nihms-2024490.pdf,https://pmc.ncbi.nlm.nih.gov/articles/PMC11531777/pdf/nihms-2024490.pdf,https://pmc.ncbi.nlm.nih.gov/articles/PMC11531777/,,,,NIH NLM PubMed Central public article page,author_manuscript,,upstream_metadata,pmc_acquisition_manifest,not_established,False,browser_supplied_unverified,The loopback bridge verifies the PDF's DOI/title identity but cannot independently prove that browser-supplied bytes came from the recorded source URL.,,public PMC browser session with same-origin cookies,data/papers/2023/10.1021__acssynbio.2c00599/versions/pmc_author_manuscript/pmc_manifest__fc4cd6f5839e.json,fc4cd6f5839e9bcb9ebbb2fb736bacc19a9b044b592cf5b93ddf5c9f1d07af47,data/papers/2023/10.1021__acssynbio.2c00599/pmc.json,data/papers/2023/10.1021__acssynbio.2c00599/versions/pmc_author_manuscript/pmc_package_metadata__2685c520091e.json,2685c520091eceb12f8fa903277875b816ca7a938db7572573ff3d8b8894186a,681,data/papers/2023/10.1021__acssynbio.2c00599/pmc/PMC11531777.1.xml,data/papers/2023/10.1021__acssynbio.2c00599/versions/pmc_author_manuscript/pmc_article_xml__ae6828613af4.xml,ae6828613af42fee6b03b9faec18920e9c6cd9423347c690e61919955ef2c2b2,86324,1805573,392ddfe61e2a7b1f1ece0da540a5ffe2dddff2d54a96eec1c31908e820158097,20,article_pdf,doi,1.0,
doi:10.1021/acssynbio.2c00649,10.1021/acssynbio.2c00649,2023,"Encoding, Decoding, and Rendering Information in DNA Nanoswitch Libraries",already_present,PMC10121895,PMC10121895.1,data/papers/2023/10.1021__acssynbio.2c00649/versions/pmc_author_manuscript/paper__6949e681bde3.pdf,2026-09-03T06:09:19+00:00,https://pmc.ncbi.nlm.nih.gov/articles/PMC10121895/pdf/nihms-1881934.pdf,https://pmc.ncbi.nlm.nih.gov/articles/PMC10121895/pdf/nihms-1881934.pdf,https://pmc.ncbi.nlm.nih.gov/articles/PMC10121895/,,,,NIH NLM PubMed Central public article page,author_manuscript,,upstream_metadata,pmc_acquisition_manifest,not_established,False,browser_supplied_unverified,The loopback bridge verifies the PDF's DOI/title identity but cannot independently prove that browser-supplied bytes came from the recorded source URL.,,public PMC browser session with same-origin cookies,data/papers/2023/10.1021__acssynbio.2c00649/versions/pmc_author_manuscript/pmc_manifest__eeb882f77f7d.json,eeb882f77f7df87786b7a460e7227b08742c61c88461d890ead628c1c2f99f9d,data/papers/2023/10.1021__acssynbio.2c00649/pmc.json,data/papers/2023/10.1021__acssynbio.2c00649/versions/pmc_author_manuscript/pmc_package_metadata__3985c89a160c.json,3985c89a160c1c683dcd9a9d51ef1674f83dce21c4997282146a0261e4e12967,615,data/papers/2023/10.1021__acssynbio.2c00649/pmc/PMC10121895.1.xml,data/papers/2023/10.1021__acssynbio.2c00649/versions/pmc_author_manuscript/pmc_article_xml__d0ca0d4e26a8.xml,d0ca0d4e26a85e34d915edeb3fa4219315c0bc152fa4a132a51a3182b510e30d,57959,423959,6949e681bde37ab803f3dd4d399e452eb7787014e179037811bf537fca85ddcb,10,article_pdf,doi,1.0,
doi:10.1021/acssynbio.2c00658,10.1021/acssynbio.2c00658,2023,Investigating and Optimizing the Lysate-Based Expression of Nonribosomal Peptide Synthetases Using a Reporter System,already_present,PMC11236431,PMC11236431.1,data/papers/2023/10.1021__acssynbio.2c00658/versions/pmc_author_manuscript/paper__ee027d2dbbec.pdf,2026-09-03T06:09:35+00:00,https://pmc.ncbi.nlm.nih.gov/articles/PMC11236431/pdf/nihms-2006825.pdf,https://pmc.ncbi.nlm.nih.gov/articles/PMC11236431/pdf/nihms-2006825.pdf,https://pmc.ncbi.nlm.nih.gov/articles/PMC11236431/,,,,NIH NLM PubMed Central public article page,author_manuscript,,upstream_metadata,pmc_acquisition_manifest,not_established,False,browser_supplied_unverified,The loopback bridge verifies the PDF's DOI/title identity but cannot independently prove that browser-supplied bytes came from the recorded source URL.,,public PMC browser session with same-origin cookies,data/papers/2023/10.1021__acssynbio.2c00658/versions/pmc_author_manuscript/pmc_manifest__a724213c5d4a.json,a724213c5d4a3842bf98464e46d63423b94652c0ecab4cd0c172850d6acdc78b,data/papers/2023/10.1021__acssynbio.2c00658/pmc.json,data/papers/2023/10.1021__acssynbio.2c00658/versions/pmc_author_manuscript/pmc_package_metadata__07d4c3233302.json,07d4c3233302943e8f790d89a17812c4a3bd85af8184ea446fd975f234a76124,658,data/papers/2023/10.1021__acssynbio.2c00658/pmc/PMC11236431.1.xml,data/papers/2023/10.1021__acssynbio.2c00658/versions/pmc_author_manuscript/pmc_article_xml__9b060d8f335e.xml,9b060d8f335e41d50096d405b847f214f704523c3effc9dc53d5527be5b3c21c,157664,1170738,ee027d2dbbecc668f0bc394556bdc6a2cca6339fb8720272884c20a627ecf2cc,29,article_pdf,doi,1.0,
doi:10.1021/acssynbio.3c00008,10.1021/acssynbio.3c00008,2023,"Indirect Enrichment of Desirable, but Less Fit Phenotypes, from a Synthetic Microbial Community Using Microdroplet Confinement",already_present,PMC11259032,PMC11259032.1,data/papers/2023/10.1021__acssynbio.3c00008/versions/pmc_author_manuscript/paper__c8998e635c65.pdf,2026-09-03T06:09:27+00:00,https://pmc.ncbi.nlm.nih.gov/articles/PMC11259032/pdf/nihms-2005481.pdf,https://pmc.ncbi.nlm.nih.gov/articles/PMC11259032/pdf/nihms-2005481.pdf,https://pmc.ncbi.nlm.nih.gov/articles/PMC11259032/,,,,NIH NLM PubMed Central public article page,author_manuscript,,upstream_metadata,pmc_acquisition_manifest,not_established,False,browser_supplied_unverified,The loopback bridge verifies the PDF's DOI/title identity but cannot independently prove that browser-supplied bytes came from the recorded source URL.,,public PMC browser session with same-origin cookies,data/papers/2023/10.1021__acssynbio.3c00008/versions/pmc_author_manuscript/pmc_manifest__c00fbda15eda.json,c00fbda15edad46484b1c38d6f5a0cb9b1d756c2345f47b131e0567fef8cbc2a,data/papers/2023/10.1021__acssynbio.3c00008/pmc.json,data/papers/2023/10.1021__acssynbio.3c00008/versions/pmc_author_manuscript/pmc_package_metadata__df0d9f4b5d93.json,df0d9f4b5d93162ba17765ab360e869d51aefacb3e1e5e450e31589685181466,668,data/papers/2023/10.1021__acssynbio.3c00008/pmc/PMC11259032.1.xml,data/papers/2023/10.1021__acssynbio.3c00008/versions/pmc_author_manuscript/pmc_article_xml__38049c64f981.xml,38049c64f9812e1b0077e0cdb04e5e8ed667b435452f491590fd7a50df299f1b,139115,1892862,c8998e635c65b9e0171ef413adc48ebb95163c400b63c3c4986b32da0a9d8e7d,28,article_pdf,doi,1.0,
doi:10.1021/acssynbio.3c00017,10.1021/acssynbio.3c00017,2023,"GlycoCAP: A Cell-Free, Bacterial Glycosylation Platform for Building Clickable Azido-Sialoglycoproteins",already_present,PMC10758250,PMC10758250.1,data/papers/2023/10.1021__acssynbio.3c00017/versions/pmc_author_manuscript/paper__1ac51991cd09.pdf,2026-09-03T06:09:30+00:00,https://pmc.ncbi.nlm.nih.gov/articles/PMC10758250/pdf/nihms-1954509.pdf,https://pmc.ncbi.nlm.nih.gov/articles/PMC10758250/pdf/nihms-1954509.pdf,https://pmc.ncbi.nlm.nih.gov/articles/PMC10758250/,,,,NIH NLM PubMed Central public article page,author_manuscript,,upstream_metadata,pmc_acquisition_manifest,not_established,False,browser_supplied_unverified,The loopback bridge verifies the PDF's DOI/title identity but cannot independently prove that browser-supplied bytes came from the recorded source URL.,,public PMC browser session with same-origin cookies,data/papers/2023/10.1021__acssynbio.3c00017/versions/pmc_author_manuscript/pmc_manifest__15420462b737.json,15420462b737001a95256ab93342fd83c771446039fed805b54f1d276807c402,data/papers/2023/10.1021__acssynbio.3c00017/pmc.json,data/papers/2023/10.1021__acssynbio.3c00017/versions/pmc_author_manuscript/pmc_package_metadata__c5679fac25a9.json,c5679fac25a9b05755fe724d9ea17fa9aed762930e4ed4fd7e1c52b81636875c,645,data/papers/2023/10.1021__acssynbio.3c00017/pmc/PMC10758250.1.xml,data/papers/2023/10.1021__acssynbio.3c00017/versions/pmc_author_manuscript/pmc_article_xml__362aa8cec8b2.xml,362aa8cec8b246da9e42f7a4f6c8c75a4b181809aa1316f3257f532c83208a16,145216,1507684,1ac51991cd09f86394273b3adc5c1fb64194bd83e0af88128970d4dcb77389cf,23,article_pdf,doi,1.0,
doi:10.1021/acssynbio.3c00060,10.1021/acssynbio.3c00060,2023,Synthetic Biology Pathway to Nucleoside Triphosphates for Expanded Genetic Alphabets,already_present,PMC10911313,PMC10911313.1,data/papers/2023/10.1021__acssynbio.3c00060/versions/pmc_author_manuscript/paper__7c6ffb9a2ff5.pdf,2026-09-03T06:09:38+00:00,https://pmc.ncbi.nlm.nih.gov/articles/PMC10911313/pdf/nihms-1963652.pdf,https://pmc.ncbi.nlm.nih.gov/articles/PMC10911313/pdf/nihms-1963652.pdf,https://pmc.ncbi.nlm.nih.gov/articles/PMC10911313/,,,,NIH NLM PubMed Central public article page,author_manuscript,,upstream_metadata,pmc_acquisition_manifest,not_established,False,browser_supplied_unverified,The loopback bridge verifies the PDF's DOI/title identity but cannot independently prove that browser-supplied bytes came from the recorded source URL.,,public PMC browser session with same-origin cookies,data/papers/2023/10.1021__acssynbio.3c00060/versions/pmc_author_manuscript/pmc_manifest__a2c7411417ca.json,a2c7411417ca3ac1bf803d023c44f02d3137318585ba6219393be2ff48c99f70,data/papers/2023/10.1021__acssynbio.3c00060/pmc.json,data/papers/2023/10.1021__acssynbio.3c00060/versions/pmc_author_manuscript/pmc_package_metadata__f6bc4fc12908.json,f6bc4fc129081e62038c10835bb7783ad885a90af6a35fe805495d032be3c6d7,627,data/papers/2023/10.1021__acssynbio.3c00060/pmc/PMC10911313.1.xml,data/papers/2023/10.1021__acssynbio.3c00060/versions/pmc_author_manuscript/pmc_article_xml__2028a16e3291.xml,2028a16e32913e2359bf73b4c8744fed4123a355c452eb8d5f620e543e19c8ea,84704,1109827,7c6ffb9a2ff5743a08c09ad8aadde7f42ea7469ce0c8c64442ed1fec1f21acf4,19,article_pdf,doi,1.0,
doi:10.1021/acssynbio.3c00061,10.1021/acssynbio.3c00061,2023,Engineering Tissue-Scale Properties with Synthetic Cells: Forging One from Many,already_present,PMC11017731,PMC11017731.319,data/papers/2023/10.1021__acssynbio.3c00061/versions/pmc_author_manuscript/paper__bda0fe55cfc1.pdf,2026-09-03T06:09:43+00:00,https://pmc.ncbi.nlm.nih.gov/articles/PMC11017731/pdf/nihms-1977460.pdf,https://pmc.ncbi.nlm.nih.gov/articles/PMC11017731/pdf/nihms-1977460.pdf,https://pmc.ncbi.nlm.nih.gov/articles/PMC11017731/,,,,NIH NLM PubMed Central public article page,author_manuscript,,upstream_metadata,pmc_acquisition_manifest,not_established,False,browser_supplied_unverified,The loopback bridge verifies the PDF's DOI/title identity but cannot independently prove that browser-supplied bytes came from the recorded source URL.,,public PMC browser session with same-origin cookies,data/papers/2023/10.1021__acssynbio.3c00061/versions/pmc_author_manuscript/pmc_manifest__8809335516cd.json,8809335516cd053cf383579460410c69b7b0db66b6a3f305e594d63d96dba9d3,data/papers/2023/10.1021__acssynbio.3c00061/pmc.json,data/papers/2023/10.1021__acssynbio.3c00061/versions/pmc_author_manuscript/pmc_package_metadata__10e55e7ae81e.json,10e55e7ae81e4c32225d55da51e982715ab52fa31048dafb51a058028c6fd2da,631,data/papers/2023/10.1021__acssynbio.3c00061/pmc/PMC11017731.319.xml,data/papers/2023/10.1021__acssynbio.3c00061/versions/pmc_author_manuscript/pmc_article_xml__6e2853877736.xml,6e285387773600550a119c90388d0ccb8a4138d84ec3ff530633fecdfc0a5a3e,307810,3036886,bda0fe55cfc12cc82be475703d65860c880a752a5540d4b2952a693c84fea037,39,article_pdf,doi,1.0,
doi:10.1021/acssynbio.3c00105,10.1021/acssynbio.3c00105,2023,Amplification-Free COVID-19 Detection by Digital Droplet REVEALR,already_present,PMC10042143,PMC10042143.1,data/papers/2023/10.1021__acssynbio.3c00105/versions/pmc_author_manuscript/paper__55e8621afacb.pdf,2026-09-03T06:09:32+00:00,https://pmc.ncbi.nlm.nih.gov/articles/PMC10042143/pdf/nihms-1922668.pdf,https://pmc.ncbi.nlm.nih.gov/articles/PMC10042143/pdf/nihms-1922668.pdf,https://pmc.ncbi.nlm.nih.gov/articles/PMC10042143/,,,,NIH NLM PubMed Central public article page,author_manuscript,,upstream_metadata,pmc_acquisition_manifest,not_established,False,browser_supplied_unverified,The loopback bridge verifies the PDF's DOI/title identity but cannot independently prove that browser-supplied bytes came from the recorded source URL.,,public PMC browser session with same-origin cookies,data/papers/2023/10.1021__acssynbio.3c00105/versions/pmc_author_manuscript/pmc_manifest__69ca1721792c.json,69ca1721792cfa48f0d716e7162807502a38fd9cbda0120bb202f5a72b9362e2,data/papers/2023/10.1021__acssynbio.3c00105/pmc.json,data/papers/2023/10.1021__acssynbio.3c00105/versions/pmc_author_manuscript/pmc_package_metadata__4f04ecb7a9cf.json,4f04ecb7a9cf84a4d7d0e0e5a41d2506d4573b393f990db449c9a9a1c98a273d,606,data/papers/2023/10.1021__acssynbio.3c00105/pmc/PMC10042143.1.xml,data/papers/2023/10.1021__acssynbio.3c00105/versions/pmc_author_manuscript/pmc_article_xml__615090a29efe.xml,615090a29efe65d3c6cf5698667ddbc6923de97ce953c3949c35b4b3292c8979,75097,641326,55e8621afacb47ce3a8af8149e69fa85d1a2f27236d06bc2acf344d0cbaead95,15,article_pdf,doi,1.0,
doi:10.1021/acssynbio.3c00138,10.1021/acssynbio.3c00138,2023,Characterizing a Propionate Sensor in E. coli Nissle 1917,already_present,PMC10865894,PMC10865894.319,data/papers/2023/10.1021__acssynbio.3c00138/versions/pmc_author_manuscript/paper__ba27e5e65d58.pdf,2026-09-03T06:09:40+00:00,https://pmc.ncbi.nlm.nih.gov/articles/PMC10865894/pdf/nihms-1963496.pdf,https://pmc.ncbi.nlm.nih.gov/articles/PMC10865894/pdf/nihms-1963496.pdf,https://pmc.ncbi.nlm.nih.gov/articles/PMC10865894/,,,,NIH NLM PubMed Central public article page,author_manuscript,,upstream_metadata,pmc_acquisition_manifest,not_established,False,browser_supplied_unverified,The loopback bridge verifies the PDF's DOI/title identity but cannot independently prove that browser-supplied bytes came from the recorded source URL.,,public PMC browser session with same-origin cookies,data/papers/2023/10.1021__acssynbio.3c00138/versions/pmc_author_manuscript/pmc_manifest__22a2d80c6299.json,22a2d80c62999393a7d75e72e801ada93591b00a49f8698e4e5e3d9143b92800,data/papers/2023/10.1021__acssynbio.3c00138/pmc.json,data/papers/2023/10.1021__acssynbio.3c00138/versions/pmc_author_manuscript/pmc_package_metadata__4e85479d9c81.json,4e85479d9c81fb32b058c951d69585c7d4ddb7e0169586d884c3b27fa1a10651,609,data/papers/2023/10.1021__acssynbio.3c00138/pmc/PMC10865894.319.xml,data/papers/2023/10.1021__acssynbio.3c00138/versions/pmc_author_manuscript/pmc_article_xml__08d62ce8f485.xml,08d62ce8f485fdb7c953d79632526b2bf84308a0b1d7f5e42433fff59bff246e,59436,1051458,ba27e5e65d58accb3252fcc2a4b438f0a1c44516157ffeb00060dbdfed6ca62a,11,article_pdf,doi,1.0,
doi:10.1021/acssynbio.3c00196,10.1021/acssynbio.3c00196,2023,Predicting and Interpreting Protein Developability Via Transfer of Convolutional Sequence Representation,already_present,PMC10829850,PMC10829850.319,data/papers/2023/10.1021__acssynbio.3c00196/versions/pmc_author_manuscript/paper__a0019b33a44b.pdf,2026-09-03T06:09:59+00:00,https://pmc.ncbi.nlm.nih.gov/articles/PMC10829850/pdf/nihms-1960705.pdf,https://pmc.ncbi.nlm.nih.gov/articles/PMC10829850/pdf/nihms-1960705.pdf,https://pmc.ncbi.nlm.nih.gov/articles/PMC10829850/,,,,NIH NLM PubMed Central public article page,author_manuscript,,upstream_metadata,pmc_acquisition_manifest,not_established,False,browser_supplied_unverified,The loopback bridge verifies the PDF's DOI/title identity but cannot independently prove that browser-supplied bytes came from the recorded source URL.,,public PMC browser session with same-origin cookies,data/papers/2023/10.1021__acssynbio.3c00196/versions/pmc_author_manuscript/pmc_manifest__21387d41bfad.json,21387d41bfad6b262c4dbe2e777a3c575717015d9c6086261babab27d1d0d6ac,data/papers/2023/10.1021__acssynbio.3c00196/pmc.json,data/papers/2023/10.1021__acssynbio.3c00196/versions/pmc_author_manuscript/pmc_package_metadata__374ae2f1c573.json,374ae2f1c573d8d1e5a6f8b08a54114810fa9966c054d2bc9c0fada2556da1e7,656,data/papers/2023/10.1021__acssynbio.3c00196/pmc/PMC10829850.319.xml,data/papers/2023/10.1021__acssynbio.3c00196/versions/pmc_author_manuscript/pmc_article_xml__d888651e1b07.xml,d888651e1b07de25ee165d45c535b59619c231553ca5a2015172ce39f88fdebd,138878,3162006,a0019b33a44b61901760168614e9e81a4abd70a0bc8e336f1de783138a14f0ed,33,article_pdf,doi,1.0,
doi:10.1021/acssynbio.3c00203,10.1021/acssynbio.3c00203,2023,Deep Neural Networks for Predicting Single-Cell Responses and Probability Landscapes,already_present,PMC11976981,PMC11976981.1,data/papers/2023/10.1021__acssynbio.3c00203/versions/pmc_author_manuscript/paper__890bcdffcf79.pdf,2026-09-03T06:09:54+00:00,https://pmc.ncbi.nlm.nih.gov/articles/PMC11976981/pdf/nihms-2067267.pdf,https://pmc.ncbi.nlm.nih.gov/articles/PMC11976981/pdf/nihms-2067267.pdf,https://pmc.ncbi.nlm.nih.gov/articles/PMC11976981/,,,,NIH NLM PubMed Central public article page,author_manuscript,,upstream_metadata,pmc_acquisition_manifest,not_established,False,browser_supplied_unverified,The loopback bridge verifies the PDF's DOI/title identity but cannot independently prove that browser-supplied bytes came from the recorded source URL.,,public PMC browser session with same-origin cookies,data/papers/2023/10.1021__acssynbio.3c00203/versions/pmc_author_manuscript/pmc_manifest__cf8c8842cde8.json,cf8c8842cde8cbe1f6deddca4f16ee05202491acf2aa2fb8f2dfbce401e7688b,data/papers/2023/10.1021__acssynbio.3c00203/pmc.json,data/papers/2023/10.1021__acssynbio.3c00203/versions/pmc_author_manuscript/pmc_package_metadata__5d283481ff03.json,5d283481ff03ed89c8b0d83b790bd4ddb02418782697db24ac896af4fb9788e4,625,data/papers/2023/10.1021__acssynbio.3c00203/pmc/PMC11976981.1.xml,data/papers/2023/10.1021__acssynbio.3c00203/versions/pmc_author_manuscript/pmc_article_xml__a72ac6dd3a88.xml,a72ac6dd3a888f5f2ad3ce38b557fe2407d4f842516418b2629f4e46e0e53581,171415,1953772,890bcdffcf79c5f37287b5a8c0bf4aa441dcd075726824145ee17fe8d90c84dd,31,article_pdf,doi,1.0,
doi:10.1021/acssynbio.3c00223,10.1021/acssynbio.3c00223,2023,"At-Home, Cell-Free Synthetic Biology Education Modules for Transcriptional Regulation and Environmental Water Quality Monitoring",already_present,PMC11577157,PMC11577157.1,data/papers/2023/10.1021__acssynbio.3c00223/versions/pmc_author_manuscript/paper__37c331e2836a.pdf,2026-09-03T06:10:07+00:00,https://pmc.ncbi.nlm.nih.gov/articles/PMC11577157/pdf/nihms-2032348.pdf,https://pmc.ncbi.nlm.nih.gov/articles/PMC11577157/pdf/nihms-2032348.pdf,https://pmc.ncbi.nlm.nih.gov/articles/PMC11577157/,,,,NIH NLM PubMed Central public article page,author_manuscript,,upstream_metadata,pmc_acquisition_manifest,not_established,False,browser_supplied_unverified,The loopback bridge verifies the PDF's DOI/title identity but cannot independently prove that browser-supplied bytes came from the recorded source URL.,,public PMC browser session with same-origin cookies,data/papers/2023/10.1021__acssynbio.3c00223/versions/pmc_author_manuscript/pmc_manifest__18a8914025b9.json,18a8914025b96a6c674bd127cee39019d6071f3c1b6ed2523fd6212e7b645e75,data/papers/2023/10.1021__acssynbio.3c00223/pmc.json,data/papers/2023/10.1021__acssynbio.3c00223/versions/pmc_author_manuscript/pmc_package_metadata__d8f7b975a2fa.json,d8f7b975a2faa1fb0b22cb8abfd07da18a2145b26cc86d246ad513286aebc120,670,data/papers/2023/10.1021__acssynbio.3c00223/pmc/PMC11577157.1.xml,data/papers/2023/10.1021__acssynbio.3c00223/versions/pmc_author_manuscript/pmc_article_xml__d238a452b1a5.xml,d238a452b1a5225bb98e78b95597c0726f0b87e4ba6ed4c84b23e3b796266f26,164933,1899820,37c331e2836add1242b220ef02ffb132493abab0c08c4f50baf532c497087a7a,26,article_pdf,doi,1.0,
doi:10.1021/acssynbio.3c00228,10.1021/acssynbio.3c00228,2023,Understanding Autologous Spliceostatin Transcriptional Regulation to Derive Parts for Heterologous Expression in a Burkholderia Bacterial Host,already_present,PMC10527236,PMC10527236.319,data/papers/2023/10.1021__acssynbio.3c00228/versions/pmc_author_manuscript/paper__6b9039b9882e.pdf,2026-09-03T06:09:46+00:00,https://pmc.ncbi.nlm.nih.gov/articles/PMC10527236/pdf/nihms-1910980.pdf,https://pmc.ncbi.nlm.nih.gov/articles/PMC10527236/pdf/nihms-1910980.pdf,https://pmc.ncbi.nlm.nih.gov/articles/PMC10527236/,,,,NIH NLM PubMed Central public article page,author_manuscript,,upstream_metadata,pmc_acquisition_manifest,not_established,False,browser_supplied_unverified,The loopback bridge verifies the PDF's DOI/title identity but cannot independently prove that browser-supplied bytes came from the recorded source URL.,,public PMC browser session with same-origin cookies,data/papers/2023/10.1021__acssynbio.3c00228/versions/pmc_author_manuscript/pmc_manifest__c33c27b99154.json,c33c27b991540653a5cbe775980979e4571aac26df60295e46618ad283ec4cb8,data/papers/2023/10.1021__acssynbio.3c00228/pmc.json,data/papers/2023/10.1021__acssynbio.3c00228/versions/pmc_author_manuscript/pmc_package_metadata__cdb28368cc40.json,cdb28368cc406c494a69d5ed6ed1f695936f202dd2551beff2f980e7ce2dff73,694,data/papers/2023/10.1021__acssynbio.3c00228/pmc/PMC10527236.319.xml,data/papers/2023/10.1021__acssynbio.3c00228/versions/pmc_author_manuscript/pmc_article_xml__c4cae60c934d.xml,c4cae60c934dd14dcf2b63d7b519c30eaffe3916bc3a50e59bc959f3ea9a4d6d,105663,1175520,6b9039b9882eefd942bdff140c2fb2d32559069dfa6708a194440c1ecebccbad,16,article_pdf,doi,1.0,
doi:10.1021/acssynbio.3c00234,10.1021/acssynbio.3c00234,2023,Machine Learning-Enabled Genome Mining and Bioactivity Prediction of Natural Products,already_present,PMC10615616,PMC10615616.1,data/papers/2023/10.1021__acssynbio.3c00234/versions/pmc_author_manuscript/paper__4cb73b7ef4d1.pdf,2026-09-03T06:10:01+00:00,https://pmc.ncbi.nlm.nih.gov/articles/PMC10615616/pdf/nihms-1940792.pdf,https://pmc.ncbi.nlm.nih.gov/articles/PMC10615616/pdf/nihms-1940792.pdf,https://pmc.ncbi.nlm.nih.gov/articles/PMC10615616/,,,,NIH NLM PubMed Central public article page,author_manuscript,,upstream_metadata,pmc_acquisition_manifest,not_established,False,browser_supplied_unverified,The loopback bridge verifies the PDF's DOI/title identity but cannot independently prove that browser-supplied bytes came from the recorded source URL.,,public PMC browser session with same-origin cookies,data/papers/2023/10.1021__acssynbio.3c00234/versions/pmc_author_manuscript/pmc_manifest__a030c58a8267.json,a030c58a8267a1f36f88d68babe28df543ea83df86fe70dc478860fb3071e938,data/papers/2023/10.1021__acssynbio.3c00234/pmc.json,data/papers/2023/10.1021__acssynbio.3c00234/versions/pmc_author_manuscript/pmc_package_metadata__4d790b9dc605.json,4d790b9dc6056fa8a4ccc7d0dbfce9b720a31d78e72087694bf9e3b15ff70def,627,data/papers/2023/10.1021__acssynbio.3c00234/pmc/PMC10615616.1.xml,data/papers/2023/10.1021__acssynbio.3c00234/versions/pmc_author_manuscript/pmc_article_xml__e2b4486e53bb.xml,e2b4486e53bba2859101d01f51afeebd18f7d7bf2d708323f8e9e884d538410f,210563,955290,4cb73b7ef4d16e87fd22a550209e9a3f72669532b81e13763c03a19cf46bbc8d,25,article_pdf,doi,1.0,
doi:10.1021/acssynbio.3c00261,10.1021/acssynbio.3c00261,2023,ProtWave-VAE: Integrating Autoregressive Sampling with Latent-Based Inference for Data-Driven Protein Design,already_present,PMC10911954,PMC10911954.1,data/papers/2023/10.1021__acssynbio.3c00261/versions/pmc_author_manuscript/paper__3072c82d0097.pdf,2026-09-03T06:10:14+00:00,https://pmc.ncbi.nlm.nih.gov/articles/PMC10911954/pdf/nihms-1966774.pdf,https://pmc.ncbi.nlm.nih.gov/articles/PMC10911954/pdf/nihms-1966774.pdf,https://pmc.ncbi.nlm.nih.gov/articles/PMC10911954/,,,,NIH NLM PubMed Central public article page,author_manuscript,,upstream_metadata,pmc_acquisition_manifest,not_established,False,browser_supplied_unverified,The loopback bridge verifies the PDF's DOI/title identity but cannot independently prove that browser-supplied bytes came from the recorded source URL.,,public PMC browser session with same-origin cookies,data/papers/2023/10.1021__acssynbio.3c00261/versions/pmc_author_manuscript/pmc_manifest__2306392eaec5.json,2306392eaec5f393766706e5bb2e858f995ee8b1b622471e1f9901c9867a5ad2,data/papers/2023/10.1021__acssynbio.3c00261/pmc.json,data/papers/2023/10.1021__acssynbio.3c00261/versions/pmc_author_manuscript/pmc_package_metadata__3fa6ea743bd6.json,3fa6ea743bd60c24252fb91e6e699bb1c58d53d29201a60530007c9981dc9c16,649,data/papers/2023/10.1021__acssynbio.3c00261/pmc/PMC10911954.1.xml,data/papers/2023/10.1021__acssynbio.3c00261/versions/pmc_author_manuscript/pmc_article_xml__907b1e4e812b.xml,907b1e4e812bb960b65ba130dafdbc17b8cf6bc47ad058cf9ae70c3c285b54c1,201509,2257025,3072c82d0097b769facb0e8e456905fab7824364c2454a30c25413435fb14e0e,37,article_pdf,doi,1.0,
doi:10.1021/acssynbio.3c00269,10.1021/acssynbio.3c00269,2023,A Cell-Free Protein Synthesis Platform to Produce a Clinically Relevant Allergen Panel,already_present,PMC10768853,PMC10768853.319,data/papers/2023/10.1021__acssynbio.3c00269/versions/pmc_author_manuscript/paper__4f650ff4414d.pdf,2026-09-03T06:09:48+00:00,https://pmc.ncbi.nlm.nih.gov/articles/PMC10768853/pdf/nihms-1952288.pdf,https://pmc.ncbi.nlm.nih.gov/articles/PMC10768853/pdf/nihms-1952288.pdf,https://pmc.ncbi.nlm.nih.gov/articles/PMC10768853/,,,,NIH NLM PubMed Central public article page,author_manuscript,,upstream_metadata,pmc_acquisition_manifest,not_established,False,browser_supplied_unverified,The loopback bridge verifies the PDF's DOI/title identity but cannot independently prove that browser-supplied bytes came from the recorded source URL.,,public PMC browser session with same-origin cookies,data/papers/2023/10.1021__acssynbio.3c00269/versions/pmc_author_manuscript/pmc_manifest__8fd047be0f63.json,8fd047be0f638d2f7fed7445c4f38ac44d3b01a4e86ef439867e4c84ccc3ab3b,data/papers/2023/10.1021__acssynbio.3c00269/pmc.json,data/papers/2023/10.1021__acssynbio.3c00269/versions/pmc_author_manuscript/pmc_package_metadata__b6998eeb8e17.json,b6998eeb8e175d9bb6b944a227f8a0a9516e6fb297100f02d05e8d7790b56152,638,data/papers/2023/10.1021__acssynbio.3c00269/pmc/PMC10768853.319.xml,data/papers/2023/10.1021__acssynbio.3c00269/versions/pmc_author_manuscript/pmc_article_xml__ca519df37fd9.xml,ca519df37fd9e23d988594c86b164bf097cc7237c348a8c5900ef427d51c1024,148018,1032352,4f650ff4414dc118900148eaf0cb5f2edb823a4da8fda067e3b886e7fdfa996d,21,article_pdf,doi,1.0,
doi:10.1021/acssynbio.3c00309,10.1021/acssynbio.3c00309,2023,Engineered Artificial Human Neutrophils Exhibit Mature Functional Performance,already_present,PMC11070884,PMC11070884.1,data/papers/2023/10.1021__acssynbio.3c00309/versions/pmc_author_manuscript/paper__368989c9e228.pdf,2026-09-03T06:09:51+00:00,https://pmc.ncbi.nlm.nih.gov/articles/PMC11070884/pdf/nihms-1987955.pdf,https://pmc.ncbi.nlm.nih.gov/articles/PMC11070884/pdf/nihms-1987955.pdf,https://pmc.ncbi.nlm.nih.gov/articles/PMC11070884/,,,,NIH NLM PubMed Central public article page,author_manuscript,,upstream_metadata,pmc_acquisition_manifest,not_established,False,browser_supplied_unverified,The loopback bridge verifies the PDF's DOI/title identity but cannot independently prove that browser-supplied bytes came from the recorded source URL.,,public PMC browser session with same-origin cookies,data/papers/2023/10.1021__acssynbio.3c00309/versions/pmc_author_manuscript/pmc_manifest__507c3751130a.json,507c3751130a70e655b9db048f917142a990c521f9665533ebf185185fc125a9,data/papers/2023/10.1021__acssynbio.3c00309/pmc.json,data/papers/2023/10.1021__acssynbio.3c00309/versions/pmc_author_manuscript/pmc_package_metadata__6688191fb874.json,6688191fb874e073cb71538cd85a021d6aa8dbdd3691ca4dbfdf3dc1cd2db2fd,618,data/papers/2023/10.1021__acssynbio.3c00309/pmc/PMC11070884.1.xml,data/papers/2023/10.1021__acssynbio.3c00309/versions/pmc_author_manuscript/pmc_article_xml__359e68944e02.xml,359e68944e0265d688155d1cd5d3c2c6a7673bc6f745ffb657c2a10309239477,87786,1658221,368989c9e228db233a82d4ec51ccf4667c3885775f43a8ad7f1b6554e8a6c04e,16,article_pdf,doi,1.0,
doi:10.1021/acssynbio.3c00328,10.1021/acssynbio.3c00328,2023,Comprehensive Screening of a Light-Inducible Split Cre Recombinase with Domain Insertion Profiling,already_present,PMC13221725,PMC13221725.1,data/papers/2023/10.1021__acssynbio.3c00328/versions/pmc_author_manuscript/paper__49b4202afe22.pdf,2026-09-03T06:10:04+00:00,https://pmc.ncbi.nlm.nih.gov/articles/PMC13221725/pdf/nihms-2113862.pdf,https://pmc.ncbi.nlm.nih.gov/articles/PMC13221725/pdf/nihms-2113862.pdf,https://pmc.ncbi.nlm.nih.gov/articles/PMC13221725/,,,,NIH NLM PubMed Central public article page,author_manuscript,,upstream_metadata,pmc_acquisition_manifest,not_established,False,browser_supplied_unverified,The loopback bridge verifies the PDF's DOI/title identity but cannot independently prove that browser-supplied bytes came from the recorded source URL.,,public PMC browser session with same-origin cookies,data/papers/2023/10.1021__acssynbio.3c00328/versions/pmc_author_manuscript/pmc_manifest__c179a2a2ecdd.json,c179a2a2ecddf54f7cd62bf3c29400975cf1c00d755b03e2d161d2540dd2a666,data/papers/2023/10.1021__acssynbio.3c00328/pmc.json,data/papers/2023/10.1021__acssynbio.3c00328/versions/pmc_author_manuscript/pmc_package_metadata__348ba5354e1c.json,348ba5354e1c971ff1a7b7136af62a59aefdaf0db85a37d091b8861db2226303,640,data/papers/2023/10.1021__acssynbio.3c00328/pmc/PMC13221725.1.xml,data/papers/2023/10.1021__acssynbio.3c00328/versions/pmc_author_manuscript/pmc_article_xml__5566df5735db.xml,5566df5735dbf390043ab1866de6f2dc9ae08148531e0baa3c01be8d729e591c,99554,1347312,49b4202afe221d3e9f3eadc9f34497addba17b3a513362e0daa0fad3ff94b8b4,18,article_pdf,doi,1.0,
doi:10.1021/acssynbio.3c00349,10.1021/acssynbio.3c00349,2023,A High-Throughput Colocalization Pipeline for Quantification of Mitochondrial Targeting across Different Protein Types,already_present,PMC10561668,PMC10561668.319,data/papers/2023/10.1021__acssynbio.3c00349/versions/pmc_author_manuscript/paper__0b9b5235aaf8.pdf,2026-09-03T06:09:56+00:00,https://pmc.ncbi.nlm.nih.gov/articles/PMC10561668/pdf/nihms-1932545.pdf,https://pmc.ncbi.nlm.nih.gov/articles/PMC10561668/pdf/nihms-1932545.pdf,https://pmc.ncbi.nlm.nih.gov/articles/PMC10561668/,,,,NIH NLM PubMed Central public article page,author_manuscript,,upstream_metadata,pmc_acquisition_manifest,not_established,False,browser_supplied_unverified,The loopback bridge verifies the PDF's DOI/title identity but cannot independently prove that browser-supplied bytes came from the recorded source URL.,,public PMC browser session with same-origin cookies,data/papers/2023/10.1021__acssynbio.3c00349/versions/pmc_author_manuscript/pmc_manifest__90264c431f1a.json,90264c431f1a6a7ccb17bf65c41f805631e23313e90a7deda31153302fd38696,data/papers/2023/10.1021__acssynbio.3c00349/pmc.json,data/papers/2023/10.1021__acssynbio.3c00349/versions/pmc_author_manuscript/pmc_package_metadata__f5d06825e75f.json,f5d06825e75fa30189757d13ef8c2982a13521117d40c0e7ca36b836c9911b69,670,data/papers/2023/10.1021__acssynbio.3c00349/pmc/PMC10561668.319.xml,data/papers/2023/10.1021__acssynbio.3c00349/versions/pmc_author_manuscript/pmc_article_xml__15d58d1f3084.xml,15d58d1f3084ec6d779a45db6b0abc6d6ec45553f3efb1f4e0264b01d28fd647,84286,612295,0b9b5235aaf8d553541333abbee3dd27f9ccc633c91e162c02184e46e3530915,14,article_pdf,doi,1.0,
doi:10.1021/acssynbio.3c00372,10.1021/acssynbio.3c00372,2023,Molecular Imaging with Aquaporin-Based Reporter Genes: Quantitative Considerations from Monte Carlo Diffusion Simulations,already_present,PMC11604347,PMC11604347.1,data/papers/2023/10.1021__acssynbio.3c00372/versions/pmc_author_manuscript/paper__8df513624a73.pdf,2026-09-03T06:10:09+00:00,https://pmc.ncbi.nlm.nih.gov/articles/PMC11604347/pdf/nihms-2033390.pdf,https://pmc.ncbi.nlm.nih.gov/articles/PMC11604347/pdf/nihms-2033390.pdf,https://pmc.ncbi.nlm.nih.gov/articles/PMC11604347/,,,,NIH NLM PubMed Central public article page,author_manuscript,,upstream_metadata,pmc_acquisition_manifest,not_established,False,browser_supplied_unverified,The loopback bridge verifies the PDF's DOI/title identity but cannot independently prove that browser-supplied bytes came from the recorded source URL.,,public PMC browser session with same-origin cookies,data/papers/2023/10.1021__acssynbio.3c00372/versions/pmc_author_manuscript/pmc_manifest__df37131a454f.json,df37131a454f7725aaee43ad5db9590f381b06076569ce550d86145c6dac8c12,data/papers/2023/10.1021__acssynbio.3c00372/pmc.json,data/papers/2023/10.1021__acssynbio.3c00372/versions/pmc_author_manuscript/pmc_package_metadata__f51205e4e100.json,f51205e4e100dcbd3834fc0df68ce7e79b4f350b9d01a0091fc6cc5aa6b664e7,663,data/papers/2023/10.1021__acssynbio.3c00372/pmc/PMC11604347.1.xml,data/papers/2023/10.1021__acssynbio.3c00372/versions/pmc_author_manuscript/pmc_article_xml__92fdd1a855c8.xml,92fdd1a855c862760e5fabe96ff7be4f665248fe745e76ddd4931903a8378593,150767,1010587,8df513624a73a64d7f620ea63f4b7a21b7b5d7b7f3c82b60a3b2bf7557cac17b,20,article_pdf,doi,1.0,
doi:10.1021/acssynbio.3c00409,10.1021/acssynbio.3c00409,2023,Hyperstable Synthetic Mini-Proteins as Effective Ligand Scaffolds,already_present,PMC10822706,PMC10822706.319,data/papers/2023/10.1021__acssynbio.3c00409/versions/pmc_author_manuscript/paper__60d8f03643b8.pdf,2026-09-03T06:10:17+00:00,https://pmc.ncbi.nlm.nih.gov/articles/PMC10822706/pdf/nihms-1960700.pdf,https://pmc.ncbi.nlm.nih.gov/articles/PMC10822706/pdf/nihms-1960700.pdf,https://pmc.ncbi.nlm.nih.gov/articles/PMC10822706/,,,,NIH NLM PubMed Central public article page,author_manuscript,,upstream_metadata,pmc_acquisition_manifest,not_established,False,browser_supplied_unverified,The loopback bridge verifies the PDF's DOI/title identity but cannot independently prove that browser-supplied bytes came from the recorded source URL.,,public PMC browser session with same-origin cookies,data/papers/2023/10.1021__acssynbio.3c00409/versions/pmc_author_manuscript/pmc_manifest__48fc429346e9.json,48fc429346e9cbedb903988b487f0ec0b91d12af4fa9b282704d8095327ad684,data/papers/2023/10.1021__acssynbio.3c00409/pmc.json,data/papers/2023/10.1021__acssynbio.3c00409/versions/pmc_author_manuscript/pmc_package_metadata__798f1ff98f97.json,798f1ff98f9706cf26a1ca0e83dc57d0480a7e69ac4ad05152036512ac2fc780,617,data/papers/2023/10.1021__acssynbio.3c00409/pmc/PMC10822706.319.xml,data/papers/2023/10.1021__acssynbio.3c00409/versions/pmc_author_manuscript/pmc_article_xml__b65432a941b1.xml,b65432a941b1c8253397c90f47aa3cc3b2c652fe9c4fc0751b93ecb037266db6,156754,2273518,60d8f03643b8e6a384098c4150916b017ca4db29d0a1b6a2ff5995589c5384e3,31,article_pdf,doi,1.0,
doi:10.1021/acssynbio.3c00414,10.1021/acssynbio.3c00414,2023,Synthetic Biology Toolbox for Nitrogen-Fixing Soil Microbes,already_present,PMC10754042,PMC10754042.319,data/papers/2023/10.1021__acssynbio.3c00414/versions/pmc_author_manuscript/paper__390c01519147.pdf,2026-09-03T06:10:20+00:00,https://pmc.ncbi.nlm.nih.gov/articles/PMC10754042/pdf/nihms-1952641.pdf,https://pmc.ncbi.nlm.nih.gov/articles/PMC10754042/pdf/nihms-1952641.pdf,https://pmc.ncbi.nlm.nih.gov/articles/PMC10754042/,,,,NIH NLM PubMed Central public article page,author_manuscript,,upstream_metadata,pmc_acquisition_manifest,not_established,False,browser_supplied_unverified,The loopback bridge verifies the PDF's DOI/title identity but cannot independently prove that browser-supplied bytes came from the recorded source URL.,,public PMC browser session with same-origin cookies,data/papers/2023/10.1021__acssynbio.3c00414/versions/pmc_author_manuscript/pmc_manifest__1f69bd4001de.json,1f69bd4001de5f11b778050ca68e7de41ad547b3e0e7092d9460238c1c85afa0,data/papers/2023/10.1021__acssynbio.3c00414/pmc.json,data/papers/2023/10.1021__acssynbio.3c00414/versions/pmc_author_manuscript/pmc_package_metadata__928116f8d034.json,928116f8d034a9436b878657941ab4ce516fe86a41b28664d93aff0b1996a1d4,613,data/papers/2023/10.1021__acssynbio.3c00414/pmc/PMC10754042.319.xml,data/papers/2023/10.1021__acssynbio.3c00414/versions/pmc_author_manuscript/pmc_article_xml__2e1d58dbfe38.xml,2e1d58dbfe3845c487ba94a419ea39da98fc3f6b57d9645ac49c6c830efb815c,137891,923345,390c0151914786e9377451db7a2eea76eaad81c9fcbd717e2e96952874315792,24,article_pdf,doi,1.0,
doi:10.1021/acssynbio.3c00435,10.1021/acssynbio.3c00435,2023,High-Efficiency Multiplexed Cytosine Base Editors for Natural Product Synthesis in Yarrowia lipolytica,already_present,PMC12478548,PMC12478548.1,data/papers/2023/10.1021__acssynbio.3c00435/versions/pmc_author_manuscript/paper__550b25e797e4.pdf,2026-09-03T06:10:12+00:00,https://pmc.ncbi.nlm.nih.gov/articles/PMC12478548/pdf/nihms-2113112.pdf,https://pmc.ncbi.nlm.nih.gov/articles/PMC12478548/pdf/nihms-2113112.pdf,https://pmc.ncbi.nlm.nih.gov/articles/PMC12478548/,,,,NIH NLM PubMed Central public article page,author_manuscript,,upstream_metadata,pmc_acquisition_manifest,not_established,False,browser_supplied_unverified,The loopback bridge verifies the PDF's DOI/title identity but cannot independently prove that browser-supplied bytes came from the recorded source URL.,,public PMC browser session with same-origin cookies,data/papers/2023/10.1021__acssynbio.3c00435/versions/pmc_author_manuscript/pmc_manifest__c892980e6347.json,c892980e63470d4626ff7106852dddeab80cb3b9fed1ff9f0f52d267e35f6a4e,data/papers/2023/10.1021__acssynbio.3c00435/pmc.json,data/papers/2023/10.1021__acssynbio.3c00435/versions/pmc_author_manuscript/pmc_package_metadata__78658d58471b.json,78658d58471b289391ea93ec7a13095394dc4acbedbcb80136df6b65a4c9720b,644,data/papers/2023/10.1021__acssynbio.3c00435/pmc/PMC12478548.1.xml,data/papers/2023/10.1021__acssynbio.3c00435/versions/pmc_author_manuscript/pmc_article_xml__268c73860541.xml,268c73860541e25a68e4eb6f7f705e6eebc29bd433770b96d5b158b1be70ace3,113234,1614377,550b25e797e40757e06b6b1a3cf91f55d9f915c5992973210005a079abd42886,22,article_pdf,doi,1.0,
