record_id,doi,year,title,status,local_path,retrieved_at,source_url,resolved_url,source_name,source_version,requested_version,retrieved_version_scope,version_assertion_method,historical_evaluated_edition_relation,source_access,bytes,sha256,page_count,artifact_type,identity_check,title_similarity,error
doi:10.1021/sb200001q,10.1021/sb200001q,2012,Engineering Artificial Small RNAs for Conditional Gene Silencing in Escherichia coli,already_present,data/papers/2012/10.1021__sb200001q/publisher/paper.pdf,2026-09-03T02:43:01+00:00,https://pubs-acs-org.colorado.idm.oclc.org/doi/pdf/10.1021/sb200001q,https://pubs-acs-org.colorado.idm.oclc.org/asbcd6/article-pdf/1/1/6/12626555/sb200001q.pdf,ACS Publications via CU Boulder EZproxy,publishedVersion,,current_version_of_record_at_retrieval,authenticated_acs_version_of_record_pdf_endpoint,not_established,CU Boulder EZproxy authenticated browser,2966420,b54895d5bccb05b6663bfc638c170a6c3cf464c3d94585482bb15bbd5ba71af4,8,article_pdf,doi,1.0,
doi:10.1021/sb200002m,10.1021/sb200002m,2012,A Comparison of Two Strategies for Affinity Maturation of a BH3 Peptide toward Pro-Survival Bcl-2 Proteins,already_present,data/papers/2012/10.1021__sb200002m/publisher/paper.pdf,2026-09-03T02:43:54+00:00,https://pubs-acs-org.colorado.idm.oclc.org/doi/pdf/10.1021/sb200002m,https://pubs-acs-org.colorado.idm.oclc.org/asbcd6/article-pdf/1/3/89/16749449/sb200002m.pdf,ACS Publications via CU Boulder EZproxy,publishedVersion,,current_version_of_record_at_retrieval,authenticated_acs_version_of_record_pdf_endpoint,not_established,CU Boulder EZproxy authenticated browser,4505240,5b7cd48ab074b1af53309dbc304054622b0fe9fa9f61d63b206ce4ac21caf95c,10,article_pdf,doi,1.0,
doi:10.1021/sb200003v,10.1021/sb200003v,2012,Assembly of MreB Filaments on Liposome Membranes: A Synthetic Biology Approach,already_present,data/papers/2012/10.1021__sb200003v/publisher/paper.pdf,2026-09-03T02:43:32+00:00,https://pubs-acs-org.colorado.idm.oclc.org/doi/pdf/10.1021/sb200003v,https://pubs-acs-org.colorado.idm.oclc.org/asbcd6/article-pdf/1/2/53/12747617/sb200003v.pdf,ACS Publications via CU Boulder EZproxy,publishedVersion,,current_version_of_record_at_retrieval,authenticated_acs_version_of_record_pdf_endpoint,not_established,CU Boulder EZproxy authenticated browser,5888018,30edf8db526d7cdc8fd48e13d3ec0c59e53dfa18efda483f7f1504099cee3fb4,7,article_pdf,doi,1.0,
doi:10.1021/sb200005w,10.1021/sb200005w,2012,Feedback Control of Protein Expression in Mammalian Cells by Tunable Synthetic Translational Inhibition,already_present,data/papers/2012/10.1021__sb200005w/publisher/paper.pdf,2026-09-03T02:43:49+00:00,https://pubs-acs-org.colorado.idm.oclc.org/doi/pdf/10.1021/sb200005w,https://pubs-acs-org.colorado.idm.oclc.org/asbcd6/article-pdf/1/3/83/16749562/sb200005w.pdf,ACS Publications via CU Boulder EZproxy,publishedVersion,,current_version_of_record_at_retrieval,authenticated_acs_version_of_record_pdf_endpoint,not_established,CU Boulder EZproxy authenticated browser,2377115,fb17c3aa59feb703ba8a59682892168828b576fabd90e9e203d7d44751e2533c,6,article_pdf,doi,1.0,
doi:10.1021/sb2000066,10.1021/sb2000066,2012,Monitoring Alkane Degradation by Single BioBrick Integration to an Optimal Cellular Framework,already_present,data/papers/2012/10.1021__sb2000066/publisher/paper.pdf,2026-09-03T02:43:36+00:00,https://pubs-acs-org.colorado.idm.oclc.org/doi/pdf/10.1021/sb2000066,https://pubs-acs-org.colorado.idm.oclc.org/asbcd6/article-pdf/1/2/60/12747190/sb2000066.pdf,ACS Publications via CU Boulder EZproxy,publishedVersion,,current_version_of_record_at_retrieval,authenticated_acs_version_of_record_pdf_endpoint,not_established,CU Boulder EZproxy authenticated browser,1657343,a405027a5ec45e6769dfb351fb7a8b4877dbe30b8ba3da4377e1b1bb7238386c,5,article_pdf,doi,1.0,
doi:10.1021/sb200007r,10.1021/sb200007r,2012,Parts-Based Assembly of Synthetic Transmembrane Proteins in Mammalian Cells,already_present,data/papers/2012/10.1021__sb200007r/publisher/paper.pdf,2026-09-03T02:44:03+00:00,https://pubs-acs-org.colorado.idm.oclc.org/doi/pdf/10.1021/sb200007r,https://pubs-acs-org.colorado.idm.oclc.org/asbcd6/article-pdf/1/4/111/17125579/sb200007r.pdf,ACS Publications via CU Boulder EZproxy,publishedVersion,,current_version_of_record_at_retrieval,authenticated_acs_version_of_record_pdf_endpoint,not_established,CU Boulder EZproxy authenticated browser,7948413,cda1f028af6b25633427532d7e8e580ad80e456c92310d00effd6ff4bfc6d755,7,article_pdf,doi,1.0,
doi:10.1021/sb200008j,10.1021/sb200008j,2012,Engineering a Photoactivated Caspase-7 for Rapid Induction of Apoptosis,already_present,data/papers/2012/10.1021__sb200008j/publisher/paper.pdf,2026-09-03T02:43:44+00:00,https://pubs-acs-org.colorado.idm.oclc.org/doi/pdf/10.1021/sb200008j,https://pubs-acs-org.colorado.idm.oclc.org/asbcd6/article-pdf/1/3/75/16749759/sb200008j.pdf,ACS Publications via CU Boulder EZproxy,publishedVersion,,current_version_of_record_at_retrieval,authenticated_acs_version_of_record_pdf_endpoint,not_established,CU Boulder EZproxy authenticated browser,3251924,af65e08964bad88d7e509c754ff3bde01e054c7115d631daecb40b2a7c687b50,8,article_pdf,doi,1.0,
doi:10.1021/sb200010w,10.1021/sb200010w,2012,Ultrasensitive Synthetic Protein Regulatory Networks Using Mixed Decoys,already_present,data/papers/2012/10.1021__sb200010w/publisher/paper.pdf,2026-09-03T02:43:40+00:00,https://pubs-acs-org.colorado.idm.oclc.org/doi/pdf/10.1021/sb200010w,https://pubs-acs-org.colorado.idm.oclc.org/asbcd6/article-pdf/1/2/65/12746696/sb200010w.pdf,ACS Publications via CU Boulder EZproxy,publishedVersion,,current_version_of_record_at_retrieval,authenticated_acs_version_of_record_pdf_endpoint,not_established,CU Boulder EZproxy authenticated browser,1530043,a15a3e4b9e48ad2b2753a620ab6a7a73d53541ed854123f1d5e1f17fbca2b57c,8,article_pdf,doi,1.0,
doi:10.1021/sb2000116,10.1021/sb2000116,2012,j5 DNA Assembly Design Automation Software,already_present,data/papers/2012/10.1021__sb2000116/publisher/paper.pdf,2026-09-03T02:43:05+00:00,https://pubs-acs-org.colorado.idm.oclc.org/doi/pdf/10.1021/sb2000116,https://pubs-acs-org.colorado.idm.oclc.org/asbcd6/article-pdf/1/1/14/12626153/sb2000116.pdf,ACS Publications via CU Boulder EZproxy,publishedVersion,,current_version_of_record_at_retrieval,authenticated_acs_version_of_record_pdf_endpoint,not_established,CU Boulder EZproxy authenticated browser,2531490,7c7306962c59df7bc4d4d23166888757a7df9514f04c93a0a8e30f91f755e583,8,article_pdf,doi,1.0,
doi:10.1021/sb200013j,10.1021/sb200013j,2012,Cloning the Acholeplasma laidlawii PG-8A Genome in Saccharomyces cerevisiae as a Yeast Centromeric Plasmid,already_present,data/papers/2012/10.1021__sb200013j/publisher/paper.pdf,2026-09-03T02:43:09+00:00,https://pubs-acs-org.colorado.idm.oclc.org/doi/pdf/10.1021/sb200013j,https://pubs-acs-org.colorado.idm.oclc.org/asbcd6/article-pdf/1/1/22/12626337/sb200013j.pdf,ACS Publications via CU Boulder EZproxy,publishedVersion,,current_version_of_record_at_retrieval,authenticated_acs_version_of_record_pdf_endpoint,not_established,CU Boulder EZproxy authenticated browser,3433543,5a6f46cae15ff7689ddd4070414ad52cbb8cedae6b44fa76d03f53046ff76e1e,7,article_pdf,doi,1.0,
doi:10.1021/sb200015u,10.1021/sb200015u,2012,SYNZIP Protein Interaction Toolbox: in Vitro and in Vivo Specifications of Heterospecific Coiled-Coil Interaction Domains,already_present,data/papers/2012/10.1021__sb200015u/publisher/paper.pdf,2026-09-03T02:44:34+00:00,https://pubs-acs-org.colorado.idm.oclc.org/doi/pdf/10.1021/sb200015u,https://pubs-acs-org.colorado.idm.oclc.org/asbcd6/article-pdf/1/4/118/17125601/sb200015u.pdf,ACS Publications via CU Boulder EZproxy,publishedVersion,,current_version_of_record_at_retrieval,authenticated_acs_version_of_record_pdf_endpoint,not_established,CU Boulder EZproxy authenticated browser,7503748,9c2afac9009cde53255bf5ae427866c66bff64b980df62bc56ddef293269afec,12,article_pdf,doi,1.0,
doi:10.1021/sb200016s,10.1021/sb200016s,2012,An E. coli Cell-Free Expression Toolbox: Application to Synthetic Gene Circuits and Artificial Cells,already_present,data/papers/2012/10.1021__sb200016s/publisher/paper.pdf,2026-09-03T02:43:18+00:00,https://pubs-acs-org.colorado.idm.oclc.org/doi/pdf/10.1021/sb200016s,https://pubs-acs-org.colorado.idm.oclc.org/asbcd6/article-pdf/1/1/29/12626760/sb200016s.pdf,ACS Publications via CU Boulder EZproxy,publishedVersion,,current_version_of_record_at_retrieval,authenticated_acs_version_of_record_pdf_endpoint,not_established,CU Boulder EZproxy authenticated browser,3870147,35cd5c5eebc5493d329d8292c37c28643b16920cfd9ee7d39240722abad3cf96,13,article_pdf,doi,1.0,
doi:10.1021/sb200017p,10.1021/sb200017p,2012,A Modified Cre-lox Genetic Switch To Dynamically Control Metabolic Flow in Saccharomyces cerevisiae,already_present,data/papers/2012/10.1021__sb200017p/publisher/paper.pdf,2026-09-03T02:44:38+00:00,https://pubs-acs-org.colorado.idm.oclc.org/doi/pdf/10.1021/sb200017p,https://pubs-acs-org.colorado.idm.oclc.org/asbcd6/article-pdf/1/5/172/17567681/sb200017p.pdf,ACS Publications via CU Boulder EZproxy,publishedVersion,,current_version_of_record_at_retrieval,authenticated_acs_version_of_record_pdf_endpoint,not_established,CU Boulder EZproxy authenticated browser,4042168,5f54800bb4501485055d3cd0799685d46959ea7a9482ea1c16d7e101cacd9e6c,9,article_pdf,doi,1.0,
doi:10.1021/sb200018e,10.1021/sb200018e,2012,Proteins from an Unevolved Library of de novo Designed Sequences Bind a Range of Small Molecules,already_present,data/papers/2012/10.1021__sb200018e/publisher/paper.pdf,2026-09-03T02:44:30+00:00,https://pubs-acs-org.colorado.idm.oclc.org/doi/pdf/10.1021/sb200018e,https://pubs-acs-org.colorado.idm.oclc.org/asbcd6/article-pdf/1/4/130/17125590/sb200018e.pdf,ACS Publications via CU Boulder EZproxy,publishedVersion,,current_version_of_record_at_retrieval,authenticated_acs_version_of_record_pdf_endpoint,not_established,CU Boulder EZproxy authenticated browser,3233591,f104c50d9e2b0149596ba4b1504ca31e576f5a20133e2d1508c573b109de2234,9,article_pdf,doi,1.0,
doi:10.1021/sb200019x,10.1021/sb200019x,2012,MAP2.03D: A Sequence/Structure Based Server for Protein Engineering,already_present,data/papers/2012/10.1021__sb200019x/publisher/paper.pdf,2026-09-03T02:44:31+00:00,https://pubs-acs-org.colorado.idm.oclc.org/doi/pdf/10.1021/sb200019x,https://pubs-acs-org.colorado.idm.oclc.org/asbcd6/article-pdf/1/4/139/17125618/sb200019x.pdf,ACS Publications via CU Boulder EZproxy,publishedVersion,,current_version_of_record_at_retrieval,authenticated_acs_version_of_record_pdf_endpoint,not_established,CU Boulder EZproxy authenticated browser,10264658,72b49ff59c9e476efd1053104686f58cddd5fed6b80f17ab629aebf178fc0aae,12,article_pdf,doi,1.0,
doi:10.1021/sb200021s,10.1021/sb200021s,2012,A Synthetic Post-transcriptional Controller To Explore the Modular Design of Gene Circuits,already_present,data/papers/2012/10.1021__sb200021s/publisher/paper.pdf,2026-09-03T02:44:37+00:00,https://pubs-acs-org.colorado.idm.oclc.org/doi/pdf/10.1021/sb200021s,https://pubs-acs-org.colorado.idm.oclc.org/asbcd6/article-pdf/1/5/163/17567445/sb200021s.pdf,ACS Publications via CU Boulder EZproxy,publishedVersion,,current_version_of_record_at_retrieval,authenticated_acs_version_of_record_pdf_endpoint,not_established,CU Boulder EZproxy authenticated browser,1343110,0646e6fc98966b039aecac849b379b16fd9ff3951f10fdbdffd5a3610de4392f,9,article_pdf,doi,1.0,
doi:10.1021/sb2000275,10.1021/sb2000275,2012,Elucidation of Small RNAs That Activate Transcription in Bacteria,already_present,data/papers/2012/10.1021__sb2000275/publisher/paper.pdf,2026-09-03T02:44:39+00:00,https://pubs-acs-org.colorado.idm.oclc.org/doi/pdf/10.1021/sb2000275,https://pubs-acs-org.colorado.idm.oclc.org/asbcd6/article-pdf/1/5/181/17567386/sb2000275.pdf,ACS Publications via CU Boulder EZproxy,publishedVersion,,current_version_of_record_at_retrieval,authenticated_acs_version_of_record_pdf_endpoint,not_established,CU Boulder EZproxy authenticated browser,2235634,6306e266727b54ecb0ce6a48136bb71c031ae12d439a4912b1bb0cef3e735b23,9,article_pdf,doi,1.0,
doi:10.1021/sb2000287,10.1021/sb2000287,2012,The Organism Is the Product,already_present,data/papers/2012/10.1021__sb2000287/publisher/paper.pdf,2026-09-03T02:42:36+00:00,https://pubs-acs-org.colorado.idm.oclc.org/doi/pdf/10.1021/sb2000287,https://pubs-acs-org.colorado.idm.oclc.org/asbcd6/article-pdf/1/1/4/12626008/sb2000287.pdf,ACS Publications via CU Boulder EZproxy,publishedVersion,,current_version_of_record_at_retrieval,authenticated_acs_version_of_record_pdf_endpoint,not_established,CU Boulder EZproxy authenticated browser,147747,45a852a99bd40b27422ad0e0e29dee27441c45c5ef4e97e5f842c3d22fa24f76,2,article_pdf,doi,1.0,
doi:10.1021/sb200029a,10.1021/sb200029a,2012,Tetracycline-Regulated Expression Implemented through Transcriptional Activation Combined with Proximal and Distal Repression,already_present,data/papers/2012/10.1021__sb200029a/publisher/paper.pdf,2026-09-03T02:44:41+00:00,https://pubs-acs-org.colorado.idm.oclc.org/doi/pdf/10.1021/sb200029a,https://pubs-acs-org.colorado.idm.oclc.org/asbcd6/article-pdf/1/5/156/17567604/sb200029a.pdf,ACS Publications via CU Boulder EZproxy,publishedVersion,,current_version_of_record_at_retrieval,authenticated_acs_version_of_record_pdf_endpoint,not_established,CU Boulder EZproxy authenticated browser,1488512,9c9036a971a310726f8b007beb779131c36517052a63df4d34c16969772b8de0,7,article_pdf,doi,1.0,
doi:10.1021/sb3000029,10.1021/sb3000029,2012,Multiplexed in Vivo His-Tagging of Enzyme Pathways for in Vitro Single-Pot Multienzyme Catalysis,already_present,data/papers/2012/10.1021__sb3000029/publisher/paper.pdf,2026-09-03T02:43:24+00:00,https://pubs-acs-org.colorado.idm.oclc.org/doi/pdf/10.1021/sb3000029,https://pubs-acs-org.colorado.idm.oclc.org/asbcd6/article-pdf/1/2/43/12747503/sb3000029.pdf,ACS Publications via CU Boulder EZproxy,publishedVersion,,current_version_of_record_at_retrieval,authenticated_acs_version_of_record_pdf_endpoint,not_established,CU Boulder EZproxy authenticated browser,5017248,bffc230699c22e944214b34dea18609a18962dc6bae7a4295d3f5d4251aad53a,10,article_pdf,doi,1.0,
doi:10.1021/sb3000035,10.1021/sb3000035,2012,A Sensitive Switch for Visualizing Natural Gene Silencing in Single Cells,already_present,data/papers/2012/10.1021__sb3000035/publisher/paper.pdf,2026-09-03T02:43:58+00:00,https://pubs-acs-org.colorado.idm.oclc.org/doi/pdf/10.1021/sb3000035,https://pubs-acs-org.colorado.idm.oclc.org/asbcd6/article-pdf/1/3/99/16749666/sb3000035.pdf,ACS Publications via CU Boulder EZproxy,publishedVersion,,current_version_of_record_at_retrieval,authenticated_acs_version_of_record_pdf_endpoint,not_established,CU Boulder EZproxy authenticated browser,5941072,43d83726c26397db712998c056436c86928ba3e7684c8ce85492d922b4327cb1,8,article_pdf,doi,1.0,
doi:10.1021/sb3000063,10.1021/sb3000063,2012,Efficient Orthogonal Integration of the Bacteriophage ϕ29 DNA-Portal Connector Protein in Engineered Lipid Bilayers,already_present,data/papers/2012/10.1021__sb3000063/publisher/paper.pdf,2026-09-03T02:45:22+00:00,https://pubs-acs-org.colorado.idm.oclc.org/doi/pdf/10.1021/sb3000063,https://pubs-acs-org.colorado.idm.oclc.org/asbcd6/article-pdf/1/9/414/15258687/sb3000063.pdf,ACS Publications via CU Boulder EZproxy,publishedVersion,,current_version_of_record_at_retrieval,authenticated_acs_version_of_record_pdf_endpoint,not_established,CU Boulder EZproxy authenticated browser,10783426,2b137093ce08ffe54bd588ab7600e1bafdae113ac72e3905a0a8dbb6f6671ec1,11,article_pdf,doi,1.0,
doi:10.1021/sb300009t,10.1021/sb300009t,2012,A Data-Driven Framework for Identifying Nonlinear Dynamic Models of Genetic Parts,already_present,data/papers/2012/10.1021__sb300009t/publisher/paper.pdf,2026-09-03T02:45:12+00:00,https://pubs-acs-org.colorado.idm.oclc.org/doi/pdf/10.1021/sb300009t,https://pubs-acs-org.colorado.idm.oclc.org/asbcd6/article-pdf/1/8/375/17212420/sb300009t.pdf,ACS Publications via CU Boulder EZproxy,publishedVersion,,current_version_of_record_at_retrieval,authenticated_acs_version_of_record_pdf_endpoint,not_established,CU Boulder EZproxy authenticated browser,2806603,6fcf3378d315e40ecec1a09aa8992402192e83da56f17fa989785e84f58804be,10,article_pdf,doi,1.0,
doi:10.1021/sb300010a,10.1021/sb300010a,2012,Modification-Free Photocontrol of β-Lactam Conversion with Spatiotemporal Resolution,already_present,data/papers/2012/10.1021__sb300010a/publisher/paper.pdf,2026-09-03T02:46:00+00:00,https://pubs-acs-org.colorado.idm.oclc.org/doi/pdf/10.1021/sb300010a,https://pubs-acs-org.colorado.idm.oclc.org/asbcd6/article-pdf/1/11/526/12189942/sb300010a.pdf,ACS Publications via CU Boulder EZproxy,publishedVersion,,current_version_of_record_at_retrieval,authenticated_acs_version_of_record_pdf_endpoint,not_established,CU Boulder EZproxy authenticated browser,2815747,c2605c3ff823ed80bc5cce027b85f34f7867cf70f23c77c82e6fa7a8fcc366be,6,article_pdf,doi,1.0,
doi:10.1021/sb3000113,10.1021/sb3000113,2012,An in vitro Autogene,already_present,data/papers/2012/10.1021__sb3000113/publisher/paper.pdf,2026-09-03T02:44:45+00:00,https://pubs-acs-org.colorado.idm.oclc.org/doi/pdf/10.1021/sb3000113,https://pubs-acs-org.colorado.idm.oclc.org/asbcd6/article-pdf/1/5/190/17567511/sb3000113.pdf,ACS Publications via CU Boulder EZproxy,publishedVersion,,current_version_of_record_at_retrieval,authenticated_acs_version_of_record_pdf_endpoint,not_established,CU Boulder EZproxy authenticated browser,3774092,069be441a329e428a23987ed73d5d9b3339f533dd6fd616d89bc5528ccf4bc1f,7,article_pdf,doi,1.0,
doi:10.1021/sb300012g,10.1021/sb300012g,2012,Evolutionary Synthetic Biology,already_present,data/papers/2012/10.1021__sb300012g/publisher/paper.pdf,2026-09-03T02:44:48+00:00,https://pubs-acs-org.colorado.idm.oclc.org/doi/pdf/10.1021/sb300012g,https://pubs-acs-org.colorado.idm.oclc.org/asbcd6/article-pdf/1/6/199/17144572/sb300012g.pdf,ACS Publications via CU Boulder EZproxy,publishedVersion,,current_version_of_record_at_retrieval,authenticated_acs_version_of_record_pdf_endpoint,not_established,CU Boulder EZproxy authenticated browser,4150234,81ef401debf3b0b345f106d951669dc756027e33935f842b48955867d77d1bdb,12,article_pdf,doi,1.0,
doi:10.1021/sb300014t,10.1021/sb300014t,2012,SCHEMA-Designed Variants of Human Arginase I and II Reveal Sequence Elements Important to Stability and Catalysis,already_present,data/papers/2012/10.1021__sb300014t/publisher/paper.pdf,2026-09-03T02:44:43+00:00,https://pubs-acs-org.colorado.idm.oclc.org/doi/pdf/10.1021/sb300014t,https://pubs-acs-org.colorado.idm.oclc.org/asbcd6/article-pdf/1/6/221/17144552/sb300014t.pdf,ACS Publications via CU Boulder EZproxy,publishedVersion,,current_version_of_record_at_retrieval,authenticated_acs_version_of_record_pdf_endpoint,not_established,CU Boulder EZproxy authenticated browser,1934213,e9b098922bb8697808a3be86e8b4ecdfd7d521b79be3ccdfc78e68a4109adfb0,8,article_pdf,doi,1.0,
doi:10.1021/sb300016b,10.1021/sb300016b,2012,ePathBrick: A Synthetic Biology Platform for Engineering Metabolic Pathways in E. coli,already_present,data/papers/2012/10.1021__sb300016b/publisher/paper.pdf,2026-09-03T02:44:53+00:00,https://pubs-acs-org.colorado.idm.oclc.org/doi/pdf/10.1021/sb300016b,https://pubs-acs-org.colorado.idm.oclc.org/asbcd6/article-pdf/1/7/256/17522705/sb300016b.pdf,ACS Publications via CU Boulder EZproxy,publishedVersion,,current_version_of_record_at_retrieval,authenticated_acs_version_of_record_pdf_endpoint,not_established,CU Boulder EZproxy authenticated browser,3258788,3507d9b252a349e389bacc99e4d901b88341cfcca51cc566223c2384b88dee97,11,article_pdf,doi,1.0,
doi:10.1021/sb3000172,10.1021/sb3000172,2012,Engineered Networks of Synthetic and Natural Proteins To Control Cell Migration,already_present,data/papers/2012/10.1021__sb3000172/publisher/paper.pdf,2026-09-03T02:44:49+00:00,https://pubs-acs-org.colorado.idm.oclc.org/doi/pdf/10.1021/sb3000172,https://pubs-acs-org.colorado.idm.oclc.org/asbcd6/article-pdf/1/6/211/17144609/sb3000172.pdf,ACS Publications via CU Boulder EZproxy,publishedVersion,,current_version_of_record_at_retrieval,authenticated_acs_version_of_record_pdf_endpoint,not_established,CU Boulder EZproxy authenticated browser,10478526,621a299c0b16138867ae4e014ba61e97d58b7e93a2826ed918d9fcfa6ef7e3de,10,article_pdf,doi,1.0,
doi:10.1021/sb300018h,10.1021/sb300018h,2012,Ensemble Bayesian Analysis of Bistability in a Synthetic Transcriptional Switch,already_present,data/papers/2012/10.1021__sb300018h/publisher/paper.pdf,2026-09-03T02:45:01+00:00,https://pubs-acs-org.colorado.idm.oclc.org/doi/pdf/10.1021/sb300018h,https://pubs-acs-org.colorado.idm.oclc.org/asbcd6/article-pdf/1/8/299/17212366/sb300018h.pdf,ACS Publications via CU Boulder EZproxy,publishedVersion,,current_version_of_record_at_retrieval,authenticated_acs_version_of_record_pdf_endpoint,not_established,CU Boulder EZproxy authenticated browser,4244377,04b537127afc4847d370f1e68e151fe4542beeb3800d5c1099320cecda0ddd0d,18,article_pdf,doi,1.0,
doi:10.1021/sb3000194,10.1021/sb3000194,2012,"Assembly of Large, High G+C Bacterial DNA Fragments in Yeast",already_present,data/papers/2012/10.1021__sb3000194/publisher/paper.pdf,2026-09-03T02:44:54+00:00,https://pubs-acs-org.colorado.idm.oclc.org/doi/pdf/10.1021/sb3000194,https://pubs-acs-org.colorado.idm.oclc.org/asbcd6/article-pdf/1/7/267/17522668/sb3000194.pdf,ACS Publications via CU Boulder EZproxy,publishedVersion,,current_version_of_record_at_retrieval,authenticated_acs_version_of_record_pdf_endpoint,not_established,CU Boulder EZproxy authenticated browser,2534202,2d995f52160047446458ecbc698cff7c23cf84584a0e1c8d4dfbb586440df75d,7,article_pdf,doi,1.0,
doi:10.1021/sb300020f,10.1021/sb300020f,2012,Landscape Topography Determines Global Stability and Robustness of a Metabolic Network,already_present,data/papers/2012/10.1021__sb300020f/publisher/paper.pdf,2026-09-03T02:44:55+00:00,https://pubs-acs-org.colorado.idm.oclc.org/doi/pdf/10.1021/sb300020f,https://pubs-acs-org.colorado.idm.oclc.org/asbcd6/article-pdf/1/6/229/17144580/sb300020f.pdf,ACS Publications via CU Boulder EZproxy,publishedVersion,,current_version_of_record_at_retrieval,authenticated_acs_version_of_record_pdf_endpoint,not_established,CU Boulder EZproxy authenticated browser,1253551,838d2e05e9bbf3cf6651f5b25725801ef0964602bd2337812b3b41b317f2af44,11,article_pdf,doi,1.0,
doi:10.1021/sb300023h,10.1021/sb300023h,2012,A Combinatorial Library of Unsaturated Lipidoids for Efficient Intracellular Gene Delivery,already_present,data/papers/2012/10.1021__sb300023h/publisher/paper.pdf,2026-09-03T02:45:15+00:00,https://pubs-acs-org.colorado.idm.oclc.org/doi/pdf/10.1021/sb300023h,https://pubs-acs-org.colorado.idm.oclc.org/asbcd6/article-pdf/1/9/403/15258363/sb300023h.pdf,ACS Publications via CU Boulder EZproxy,publishedVersion,,current_version_of_record_at_retrieval,authenticated_acs_version_of_record_pdf_endpoint,not_established,CU Boulder EZproxy authenticated browser,2873535,8142237010df5127e351a45d010bfe97482dc3e8c683b158a33ff148ac05c0a6,5,article_pdf,doi,1.0,
doi:10.1021/sb3000244,10.1021/sb3000244,2012,Characterization and Modeling of Transcriptional Cross-Regulation in Acinetobacter baylyi ADP1,already_present,data/papers/2012/10.1021__sb3000244/publisher/paper.pdf,2026-09-03T02:44:59+00:00,https://pubs-acs-org.colorado.idm.oclc.org/doi/pdf/10.1021/sb3000244,https://pubs-acs-org.colorado.idm.oclc.org/asbcd6/article-pdf/1/7/274/17522695/sb3000244.pdf,ACS Publications via CU Boulder EZproxy,publishedVersion,,current_version_of_record_at_retrieval,authenticated_acs_version_of_record_pdf_endpoint,not_established,CU Boulder EZproxy authenticated browser,3652385,3f19caceac07abdd36078193c1ef435109e016967252188a2e0f745c0045e380,10,article_pdf,doi,1.0,
doi:10.1021/sb300025d,10.1021/sb300025d,2012,Cloning Large Gene Clusters from E. coli Using in Vitro Single-Strand Overlapping Annealing,already_present,data/papers/2012/10.1021__sb300025d/publisher/paper.pdf,2026-09-03T02:44:57+00:00,https://pubs-acs-org.colorado.idm.oclc.org/doi/pdf/10.1021/sb300025d,https://pubs-acs-org.colorado.idm.oclc.org/asbcd6/article-pdf/1/7/291/17522689/sb300025d.pdf,ACS Publications via CU Boulder EZproxy,publishedVersion,,current_version_of_record_at_retrieval,authenticated_acs_version_of_record_pdf_endpoint,not_established,CU Boulder EZproxy authenticated browser,3062669,3bd7610a0b5e71eadb28f4e60fdfab5ad24572719dd9c042faa8f0ee9174a9b9,5,article_pdf,doi,1.0,
doi:10.1021/sb300027y,10.1021/sb300027y,2012,Automated Design of Genetic Toggle Switches with Predetermined Bistability,already_present,data/papers/2012/10.1021__sb300027y/publisher/paper.pdf,2026-09-03T02:45:00+00:00,https://pubs-acs-org.colorado.idm.oclc.org/doi/pdf/10.1021/sb300027y,https://pubs-acs-org.colorado.idm.oclc.org/asbcd6/article-pdf/1/7/284/17522717/sb300027y.pdf,ACS Publications via CU Boulder EZproxy,publishedVersion,,current_version_of_record_at_retrieval,authenticated_acs_version_of_record_pdf_endpoint,not_established,CU Boulder EZproxy authenticated browser,4380499,9a573e3164b0e0306dd927c4986f9b84ff4ab7042883e62303ff1dfb87143f5a,7,article_pdf,doi,1.0,
doi:10.1021/sb300028q,10.1021/sb300028q,2012,A Basis Set of de Novo Coiled-Coil Peptide Oligomers for Rational Protein Design and Synthetic Biology,already_present,data/papers/2012/10.1021__sb300028q/publisher/paper.pdf,2026-09-03T02:44:52+00:00,https://pubs-acs-org.colorado.idm.oclc.org/doi/pdf/10.1021/sb300028q,https://pubs-acs-org.colorado.idm.oclc.org/asbcd6/article-pdf/1/6/240/17144562/sb300028q.pdf,ACS Publications via CU Boulder EZproxy,publishedVersion,,current_version_of_record_at_retrieval,authenticated_acs_version_of_record_pdf_endpoint,not_established,CU Boulder EZproxy authenticated browser,4746380,d26d984f9b9281eba550e2007f48b79a1bc1a0e432e1ca3e1f691ce0c503dc59,11,article_pdf,doi,1.0,
doi:10.1021/sb300030d,10.1021/sb300030d,2012,An End-to-End Workflow for Engineering of Biological Networks from High-Level Specifications,already_present,data/papers/2012/10.1021__sb300030d/publisher/paper.pdf,2026-09-03T02:45:07+00:00,https://pubs-acs-org.colorado.idm.oclc.org/doi/pdf/10.1021/sb300030d,https://pubs-acs-org.colorado.idm.oclc.org/asbcd6/article-pdf/1/8/317/17212385/sb300030d.pdf,ACS Publications via CU Boulder EZproxy,publishedVersion,,current_version_of_record_at_retrieval,authenticated_acs_version_of_record_pdf_endpoint,not_established,CU Boulder EZproxy authenticated browser,6104197,706fe0f8bb5b2bf5e31879ee566045fbb6beff8f49a60823d21ecd8bba511612,15,article_pdf,doi,1.0,
doi:10.1021/sb300031n,10.1021/sb300031n,2012,Computational Modeling of Synthetic Microbial Biofilms,already_present,data/papers/2012/10.1021__sb300031n/publisher/paper.pdf,2026-09-03T02:45:05+00:00,https://pubs-acs-org.colorado.idm.oclc.org/doi/pdf/10.1021/sb300031n,https://pubs-acs-org.colorado.idm.oclc.org/asbcd6/article-pdf/1/8/345/17212318/sb300031n.pdf,ACS Publications via CU Boulder EZproxy,publishedVersion,,current_version_of_record_at_retrieval,authenticated_acs_version_of_record_pdf_endpoint,not_established,CU Boulder EZproxy authenticated browser,4987194,a1471ade7b7f3249a2e84514f21f4b064508dddf8772ed234d9fb66b0791efc4,8,article_pdf,doi,1.0,
doi:10.1021/sb300032y,10.1021/sb300032y,2012,Automated Selection of Synthetic Biology Parts for Genetic Regulatory Networks,already_present,data/papers/2012/10.1021__sb300032y/publisher/paper.pdf,2026-09-03T02:45:05+00:00,https://pubs-acs-org.colorado.idm.oclc.org/doi/pdf/10.1021/sb300032y,https://pubs-acs-org.colorado.idm.oclc.org/asbcd6/article-pdf/1/8/332/17212347/sb300032y.pdf,ACS Publications via CU Boulder EZproxy,publishedVersion,,current_version_of_record_at_retrieval,authenticated_acs_version_of_record_pdf_endpoint,not_established,CU Boulder EZproxy authenticated browser,3125208,be0f14eeb8cc46c04ecdf4e9a96a6e7510d52ff32a4d84fadabfe23f9aac5492,13,article_pdf,doi,1.0,
doi:10.1021/sb300033q,10.1021/sb300033q,2012,Hierarchical Modeling for Synthetic Biology,already_present,data/papers/2012/10.1021__sb300033q/publisher/paper.pdf,2026-09-03T02:45:08+00:00,https://pubs-acs-org.colorado.idm.oclc.org/doi/pdf/10.1021/sb300033q,https://pubs-acs-org.colorado.idm.oclc.org/asbcd6/article-pdf/1/8/353/17212404/sb300033q.pdf,ACS Publications via CU Boulder EZproxy,publishedVersion,,current_version_of_record_at_retrieval,authenticated_acs_version_of_record_pdf_endpoint,not_established,CU Boulder EZproxy authenticated browser,3445946,ef8f9f62db16548c09736941eef458b27f5edc2821c9d83b636ce9c3d61ddf63,12,article_pdf,doi,1.0,
doi:10.1021/sb300034m,10.1021/sb300034m,2012,Specification and Simulation of Synthetic Multicelled Behaviors,already_present,data/papers/2012/10.1021__sb300034m/publisher/paper.pdf,2026-09-03T02:45:12+00:00,https://pubs-acs-org.colorado.idm.oclc.org/doi/pdf/10.1021/sb300034m,https://pubs-acs-org.colorado.idm.oclc.org/asbcd6/article-pdf/1/8/365/17212332/sb300034m.pdf,ACS Publications via CU Boulder EZproxy,publishedVersion,,current_version_of_record_at_retrieval,authenticated_acs_version_of_record_pdf_endpoint,not_established,CU Boulder EZproxy authenticated browser,6159053,35b54f074e6762d667df06c7059d3f16a988aae34d19afe034f079c49090f952,10,article_pdf,doi,1.0,
doi:10.1021/sb300036z,10.1021/sb300036z,2012,Promoting Collaborative Interdisciplinary Research at the Duke Center for Systems Biology,already_present,data/papers/2012/10.1021__sb300036z/publisher/paper.pdf,2026-09-03T02:44:31+00:00,https://pubs-acs-org.colorado.idm.oclc.org/doi/pdf/10.1021/sb300036z,https://pubs-acs-org.colorado.idm.oclc.org/asbcd6/article-pdf/1/5/153/17567321/sb300036z.pdf,ACS Publications via CU Boulder EZproxy,publishedVersion,,current_version_of_record_at_retrieval,authenticated_acs_version_of_record_pdf_endpoint,not_established,CU Boulder EZproxy authenticated browser,577889,d33f0e9211534965e02bb12a4de38ed40739f8058eba31de6b81b30a40321d30,3,article_pdf,doi,1.0,
doi:10.1021/sb300040v,10.1021/sb300040v,2012,Evolutionary Stability of a Refactored Phage Genome,already_present,data/papers/2012/10.1021__sb300040v/publisher/paper.pdf,2026-09-03T02:45:20+00:00,https://pubs-acs-org.colorado.idm.oclc.org/doi/pdf/10.1021/sb300040v,https://pubs-acs-org.colorado.idm.oclc.org/asbcd6/article-pdf/1/9/425/15258161/sb300040v.pdf,ACS Publications via CU Boulder EZproxy,publishedVersion,,current_version_of_record_at_retrieval,authenticated_acs_version_of_record_pdf_endpoint,not_established,CU Boulder EZproxy authenticated browser,361283,689b636ffb75f07bf34aa8b51227fc14388925fe5ac1caf56e010bd1da4be463,6,article_pdf,doi,1.0,
doi:10.1021/sb300041z,10.1021/sb300041z,2012,Effects of Compartment Size on the Kinetics of Intracompartmental Multimeric Protein Synthesis,already_present,data/papers/2012/10.1021__sb300041z/publisher/paper.pdf,2026-09-03T02:45:19+00:00,https://pubs-acs-org.colorado.idm.oclc.org/doi/pdf/10.1021/sb300041z,https://pubs-acs-org.colorado.idm.oclc.org/asbcd6/article-pdf/1/9/431/15258195/sb300041z.pdf,ACS Publications via CU Boulder EZproxy,publishedVersion,,current_version_of_record_at_retrieval,authenticated_acs_version_of_record_pdf_endpoint,not_established,CU Boulder EZproxy authenticated browser,1357947,f0bf41c06c6958fcec3e7bc98d92fb005f64cfbd993ee687a84e49472597db85,7,article_pdf,doi,1.0,
doi:10.1021/sb3000436,10.1021/sb3000436,2012,Organization of Synthetic Alphoid DNA Array in Human Artificial Chromosome (HAC) with a Conditional Centromere,already_present,data/papers/2012/10.1021__sb3000436/publisher/paper.pdf,2026-09-03T02:46:00+00:00,https://pubs-acs-org.colorado.idm.oclc.org/doi/pdf/10.1021/sb3000436,https://pubs-acs-org.colorado.idm.oclc.org/asbcd6/article-pdf/1/12/590/15258513/sb3000436.pdf,ACS Publications via CU Boulder EZproxy,publishedVersion,,current_version_of_record_at_retrieval,authenticated_acs_version_of_record_pdf_endpoint,not_established,CU Boulder EZproxy authenticated browser,4280896,46b2a0c6b039b1c174947c4039dce4bc010cbde06c6bd16ac4f47d7ac2ce3d4e,12,article_pdf,doi,1.0,
doi:10.1021/sb300044r,10.1021/sb300044r,2012,A Synthetic Biology Approach to Understanding Cellular Information Processing,already_present,data/papers/2012/10.1021__sb300044r/publisher/paper.pdf,2026-09-03T02:45:13+00:00,https://pubs-acs-org.colorado.idm.oclc.org/doi/pdf/10.1021/sb300044r,https://pubs-acs-org.colorado.idm.oclc.org/asbcd6/article-pdf/1/9/389/15258415/sb300044r.pdf,ACS Publications via CU Boulder EZproxy,publishedVersion,,current_version_of_record_at_retrieval,authenticated_acs_version_of_record_pdf_endpoint,not_established,CU Boulder EZproxy authenticated browser,5366913,15a1825844b4d002edbc846af9bf0a9cfe9f32ad81c229c28f49096113018088,14,article_pdf,doi,1.0,
doi:10.1021/sb300045j,10.1021/sb300045j,2012,Rapid Synthesis of Defined Eukaryotic Promoter Libraries,already_present,data/papers/2012/10.1021__sb300045j/publisher/paper.pdf,2026-09-03T02:45:53+00:00,https://pubs-acs-org.colorado.idm.oclc.org/doi/pdf/10.1021/sb300045j,https://pubs-acs-org.colorado.idm.oclc.org/asbcd6/article-pdf/1/10/483/15213627/sb300045j.pdf,ACS Publications via CU Boulder EZproxy,publishedVersion,,current_version_of_record_at_retrieval,authenticated_acs_version_of_record_pdf_endpoint,not_established,CU Boulder EZproxy authenticated browser,3709301,6ef3e96bd94b2312a43d92678695a547c29867c7ee83a22380bb765ae8ac254a,8,article_pdf,doi,1.0,
doi:10.1021/sb300049p,10.1021/sb300049p,2012,"Genome Replication, Synthesis, and Assembly of the Bacteriophage T7 in a Single Cell-Free Reaction",already_present,data/papers/2012/10.1021__sb300049p/publisher/paper.pdf,2026-09-03T02:45:18+00:00,https://pubs-acs-org.colorado.idm.oclc.org/doi/pdf/10.1021/sb300049p,https://pubs-acs-org.colorado.idm.oclc.org/asbcd6/article-pdf/1/9/408/15258305/sb300049p.pdf,ACS Publications via CU Boulder EZproxy,publishedVersion,,current_version_of_record_at_retrieval,authenticated_acs_version_of_record_pdf_endpoint,not_established,CU Boulder EZproxy authenticated browser,4134615,b523664ecb3493dd47740654faef2b022f0d85b29d5811218112853fdf4fce6f,6,article_pdf,doi,1.0,
doi:10.1021/sb300050j,10.1021/sb300050j,2012,Dimerization-Dependent Green and Yellow Fluorescent Proteins,already_present,data/papers/2012/10.1021__sb300050j/publisher/paper.pdf,2026-09-03T02:45:57+00:00,https://pubs-acs-org.colorado.idm.oclc.org/doi/pdf/10.1021/sb300050j,https://pubs-acs-org.colorado.idm.oclc.org/asbcd6/article-pdf/1/12/569/15258340/sb300050j.pdf,ACS Publications via CU Boulder EZproxy,publishedVersion,,current_version_of_record_at_retrieval,authenticated_acs_version_of_record_pdf_endpoint,not_established,CU Boulder EZproxy authenticated browser,3795853,133f4300eecd6facb43f1e8dfd96a8bccb25fa20fc404bae88f817ffcc4c9c7d,7,article_pdf,doi,1.0,
doi:10.1021/sb300052u,10.1021/sb300052u,2012,Refactored M13 Bacteriophage as a Platform for Tumor Cell Imaging and Drug Delivery,already_present,data/papers/2012/10.1021__sb300052u/publisher/paper.pdf,2026-09-03T02:45:56+00:00,https://pubs-acs-org.colorado.idm.oclc.org/doi/pdf/10.1021/sb300052u,https://pubs-acs-org.colorado.idm.oclc.org/asbcd6/article-pdf/1/12/576/15258223/sb300052u.pdf,ACS Publications via CU Boulder EZproxy,publishedVersion,,current_version_of_record_at_retrieval,authenticated_acs_version_of_record_pdf_endpoint,not_established,CU Boulder EZproxy authenticated browser,2386492,3cc8ae02ddce16476efe1b68e91b5a9342226d8f7f3552e7dc59c23ceb7f2cd1,7,article_pdf,doi,1.0,
doi:10.1021/sb300053s,10.1021/sb300053s,2012,Engineering Integrated Digital Circuits with Allosteric Ribozymes for Scaling up Molecular Computation and Diagnostics,already_present,data/papers/2012/10.1021__sb300053s/publisher/paper.pdf,2026-09-03T02:45:52+00:00,https://pubs-acs-org.colorado.idm.oclc.org/doi/pdf/10.1021/sb300053s,https://pubs-acs-org.colorado.idm.oclc.org/asbcd6/article-pdf/1/10/471/15213807/sb300053s.pdf,ACS Publications via CU Boulder EZproxy,publishedVersion,,current_version_of_record_at_retrieval,authenticated_acs_version_of_record_pdf_endpoint,not_established,CU Boulder EZproxy authenticated browser,4250373,9b1655fc3360f8d7a12ee753e0e383f6982dd236fde1b0e135deb9d6b8bdb723,12,article_pdf,doi,1.0,
doi:10.1021/sb300054p,10.1021/sb300054p,2012,Scalable Plasmid Transfer using Engineered P1-based Phagemids,already_present,data/papers/2012/10.1021__sb300054p/publisher/paper.pdf,2026-09-03T02:45:58+00:00,https://pubs-acs-org.colorado.idm.oclc.org/doi/pdf/10.1021/sb300054p,https://pubs-acs-org.colorado.idm.oclc.org/asbcd6/article-pdf/1/12/583/15258295/sb300054p.pdf,ACS Publications via CU Boulder EZproxy,publishedVersion,,current_version_of_record_at_retrieval,authenticated_acs_version_of_record_pdf_endpoint,not_established,CU Boulder EZproxy authenticated browser,2583725,846918f624a676e9f975ee961dbafce52d703c6cd0c64606d8c1ea87b3da7a1c,7,article_pdf,doi,1.0,
doi:10.1021/sb3000589,10.1021/sb3000589,2012,Stable Maintenance of Multiple Plasmids in E. coli Using a Single Selective Marker,already_present,data/papers/2012/10.1021__sb3000589/publisher/paper.pdf,2026-09-03T02:45:46+00:00,https://pubs-acs-org.colorado.idm.oclc.org/doi/pdf/10.1021/sb3000589,https://pubs-acs-org.colorado.idm.oclc.org/asbcd6/article-pdf/1/10/445/15213686/sb3000589.pdf,ACS Publications via CU Boulder EZproxy,publishedVersion,,current_version_of_record_at_retrieval,authenticated_acs_version_of_record_pdf_endpoint,not_established,CU Boulder EZproxy authenticated browser,1571299,7eed43f343185be9caecc493761b6b0b48be0622f47f0069c8bbd75639f53360,6,article_pdf,doi,1.0,
doi:10.1021/sb3000595,10.1021/sb3000595,2012,Engineered E. coli That Detect and Respond to Gut Inflammation through Nitric Oxide Sensing,already_present,data/papers/2012/10.1021__sb3000595/publisher/paper.pdf,2026-09-03T02:45:47+00:00,https://pubs-acs-org.colorado.idm.oclc.org/doi/pdf/10.1021/sb3000595,https://pubs-acs-org.colorado.idm.oclc.org/asbcd6/article-pdf/1/10/451/15213472/sb3000595.pdf,ACS Publications via CU Boulder EZproxy,publishedVersion,,current_version_of_record_at_retrieval,authenticated_acs_version_of_record_pdf_endpoint,not_established,CU Boulder EZproxy authenticated browser,1607190,656c137c5f0aade8ca57d7eac3a5b9d409a0e691b0412379bec0d53797181b6e,7,article_pdf,doi,1.0,
doi:10.1021/sb300060e,10.1021/sb300060e,2012,Genetic Circuits in Salmonella typhimurium,already_present,data/papers/2012/10.1021__sb300060e/publisher/paper.pdf,2026-09-03T02:45:51+00:00,https://pubs-acs-org.colorado.idm.oclc.org/doi/pdf/10.1021/sb300060e,https://pubs-acs-org.colorado.idm.oclc.org/asbcd6/article-pdf/1/10/458/15213966/sb300060e.pdf,ACS Publications via CU Boulder EZproxy,publishedVersion,,current_version_of_record_at_retrieval,authenticated_acs_version_of_record_pdf_endpoint,not_established,CU Boulder EZproxy authenticated browser,5332262,19908be5d8eec334bb5feb36d52627dc40c5d035d4fb0cc027dffefb92f37734,7,article_pdf,doi,1.0,
doi:10.1021/sb3000639,10.1021/sb3000639,2012,In Vivo Gene Expression Dynamics of Tumor-Targeted Bacteria,already_present,data/papers/2012/10.1021__sb3000639/publisher/paper.pdf,2026-09-03T02:45:46+00:00,https://pubs-acs-org.colorado.idm.oclc.org/doi/pdf/10.1021/sb3000639,https://pubs-acs-org.colorado.idm.oclc.org/asbcd6/article-pdf/1/10/465/15213564/sb3000639.pdf,ACS Publications via CU Boulder EZproxy,publishedVersion,,current_version_of_record_at_retrieval,authenticated_acs_version_of_record_pdf_endpoint,not_established,CU Boulder EZproxy authenticated browser,3978952,dc51302facfe757681e97478e7c3e34f35a54b93a1b034414977e456be825d0b,6,article_pdf,doi,1.0,
doi:10.1021/sb300071a,10.1021/sb300071a,2012,Rational Design ofEscherichia coliforl-Isoleucine Production,already_present,data/papers/2012/10.1021__sb300071a/publisher/paper.pdf,2026-09-03T02:45:56+00:00,https://pubs-acs-org.colorado.idm.oclc.org/doi/pdf/10.1021/sb300071a,https://pubs-acs-org.colorado.idm.oclc.org/asbcd6/article-pdf/1/11/532/12190442/sb300071a.pdf,ACS Publications via CU Boulder EZproxy,publishedVersion,,current_version_of_record_at_retrieval,authenticated_acs_version_of_record_pdf_endpoint,not_established,CU Boulder EZproxy authenticated browser,2199064,da6574a4b7c44372905cbb4054b96d46ee96590e2f789ebdb3e6e889c209b8d5,9,article_pdf,doi,1.0,
doi:10.1021/sb300074k,10.1021/sb300074k,2012,From Fields to Fuels: Recent Advances in the Microbial Production of Biofuels,already_present,data/papers/2012/10.1021__sb300074k/publisher/paper.pdf,2026-09-03T02:45:48+00:00,https://pubs-acs-org.colorado.idm.oclc.org/doi/pdf/10.1021/sb300074k,https://pubs-acs-org.colorado.idm.oclc.org/asbcd6/article-pdf/1/11/498/12190521/sb300074k.pdf,ACS Publications via CU Boulder EZproxy,publishedVersion,,current_version_of_record_at_retrieval,authenticated_acs_version_of_record_pdf_endpoint,not_established,CU Boulder EZproxy authenticated browser,3730587,26956971f6fbc356f979c549ceba7f9ea2d0a57fa713ab2eccedb641025ec251,16,article_pdf,doi,1.0,
doi:10.1021/sb3000782,10.1021/sb3000782,2012,A Synthetic Biology Approach to Engineer a Functional Reversal of the β-Oxidation Cycle,already_present,data/papers/2012/10.1021__sb3000782/publisher/paper.pdf,2026-09-03T02:46:01+00:00,https://pubs-acs-org.colorado.idm.oclc.org/doi/pdf/10.1021/sb3000782,https://pubs-acs-org.colorado.idm.oclc.org/asbcd6/article-pdf/1/11/541/12190736/sb3000782.pdf,ACS Publications via CU Boulder EZproxy,publishedVersion,,current_version_of_record_at_retrieval,authenticated_acs_version_of_record_pdf_endpoint,not_established,CU Boulder EZproxy authenticated browser,2476230,fd72b1622dfd2fe9aeb08edacd2fd9b8ca47581c75cb519987cadfeb01f194b6,14,article_pdf,doi,1.0,
doi:10.1021/sb3000832,10.1021/sb3000832,2012,Genetic Circuit Performance under Conditions Relevant for Industrial Bioreactors,already_present,data/papers/2012/10.1021__sb3000832/publisher/paper.pdf,2026-09-03T02:45:58+00:00,https://pubs-acs-org.colorado.idm.oclc.org/doi/pdf/10.1021/sb3000832,https://pubs-acs-org.colorado.idm.oclc.org/asbcd6/article-pdf/1/11/555/12190078/sb3000832.pdf,ACS Publications via CU Boulder EZproxy,publishedVersion,,current_version_of_record_at_retrieval,authenticated_acs_version_of_record_pdf_endpoint,not_established,CU Boulder EZproxy authenticated browser,1193647,711874a3a3c3af651e78e69ae0fdb08a7fb522102265b19394c4795d7f28c84b,10,article_pdf,doi,1.0,
doi:10.1021/sb3000904,10.1021/sb3000904,2012,A Heritable Recombination System for Synthetic Darwinian Evolution in Yeast,already_present,data/papers/2012/10.1021__sb3000904/publisher/paper.pdf,2026-09-03T02:46:05+00:00,https://pubs-acs-org.colorado.idm.oclc.org/doi/pdf/10.1021/sb3000904,https://pubs-acs-org.colorado.idm.oclc.org/asbcd6/article-pdf/1/12/602/15258400/sb3000904.pdf,ACS Publications via CU Boulder EZproxy,publishedVersion,,current_version_of_record_at_retrieval,authenticated_acs_version_of_record_pdf_endpoint,not_established,CU Boulder EZproxy authenticated browser,5033973,3c1541e53bf8af005a00b4170874ee1f9a5794a611703ebad9481534ad07270e,8,article_pdf,doi,1.0,
doi:10.1021/sb300094q,10.1021/sb300094q,2012,Synthetic Biology and Metabolic Engineering,already_present,data/papers/2012/10.1021__sb300094q/publisher/paper.pdf,2026-09-03T02:45:50+00:00,https://pubs-acs-org.colorado.idm.oclc.org/doi/pdf/10.1021/sb300094q,https://pubs-acs-org.colorado.idm.oclc.org/asbcd6/article-pdf/1/11/514/12190301/sb300094q.pdf,ACS Publications via CU Boulder EZproxy,publishedVersion,,current_version_of_record_at_retrieval,authenticated_acs_version_of_record_pdf_endpoint,not_established,CU Boulder EZproxy authenticated browser,4185402,556b0d65dff7a75222c9786d930694ea2cf9200e5fccec0963dec8be64a3156e,12,article_pdf,doi,1.0,
doi:10.1021/sb300029m,10.1021/sb300029m,2013,Scaffold Diversification Enhances Effectiveness of a Superlibrary of Hyperthermophilic Proteins,already_present,data/papers/2013/10.1021__sb300029m/publisher/paper.pdf,2026-09-03T02:46:07+00:00,https://pubs-acs-org.colorado.idm.oclc.org/doi/pdf/10.1021/sb300029m,https://pubs-acs-org.colorado.idm.oclc.org/asbcd6/article-pdf/2/1/6/16823398/sb300029m.pdf,ACS Publications via CU Boulder EZproxy,publishedVersion,,current_version_of_record_at_retrieval,authenticated_acs_version_of_record_pdf_endpoint,not_established,CU Boulder EZproxy authenticated browser,3079547,3d0ed7578025d57ffc5e9899a916e5a0acb00f3070df7d108106b5bb4625d75e,8,article_pdf,doi,1.0,
doi:10.1021/sb300037w,10.1021/sb300037w,2013,Reducing Codon Redundancy and Screening Effort of Combinatorial Protein Libraries Created by Saturation Mutagenesis,already_present,data/papers/2013/10.1021__sb300037w/publisher/paper.pdf,2026-09-03T02:46:16+00:00,https://pubs-acs-org.colorado.idm.oclc.org/doi/pdf/10.1021/sb300037w,https://pubs-acs-org.colorado.idm.oclc.org/asbcd6/article-pdf/2/2/83/16874580/sb300037w.pdf,ACS Publications via CU Boulder EZproxy,publishedVersion,,current_version_of_record_at_retrieval,authenticated_acs_version_of_record_pdf_endpoint,not_established,CU Boulder EZproxy authenticated browser,1590718,cbe065a2190ebb902d793f1d2eef04ce0af806f7c5618e21c0f23d1de591c432,10,article_pdf,doi,1.0,
doi:10.1021/sb300042w,10.1021/sb300042w,2013,Electrochemical Analysis of Shewanella oneidensis Engineered To Bind Gold Electrodes,already_present,data/papers/2013/10.1021__sb300042w/publisher/paper.pdf,2026-09-03T02:46:18+00:00,https://pubs-acs-org.colorado.idm.oclc.org/doi/pdf/10.1021/sb300042w,https://pubs-acs-org.colorado.idm.oclc.org/asbcd6/article-pdf/2/2/93/16874686/sb300042w.pdf,ACS Publications via CU Boulder EZproxy,publishedVersion,,current_version_of_record_at_retrieval,authenticated_acs_version_of_record_pdf_endpoint,not_established,CU Boulder EZproxy authenticated browser,4239317,4d9249b97eaa1d6846c89090b136736881f87d922176e30831024cc8251fbf83,9,article_pdf,doi,1.0,
doi:10.1021/sb3000468,10.1021/sb3000468,2013,Programming Membrane Fusion and Subsequent Apoptosis into Mammalian Cells,already_present,data/papers/2013/10.1021__sb3000468/publisher/paper.pdf,2026-09-03T02:46:24+00:00,https://pubs-acs-org.colorado.idm.oclc.org/doi/pdf/10.1021/sb3000468,https://pubs-acs-org.colorado.idm.oclc.org/asbcd6/article-pdf/2/4/173/12636318/sb3000468.pdf,ACS Publications via CU Boulder EZproxy,publishedVersion,,current_version_of_record_at_retrieval,authenticated_acs_version_of_record_pdf_endpoint,not_established,CU Boulder EZproxy authenticated browser,5080921,069df36634144fed12427e253b68625209d9dd68eeddb29e901fcbcdf457bcee,7,article_pdf,doi,1.0,
doi:10.1021/sb300047u,10.1021/sb300047u,2013,Functional Display of Complex Cellulosomes on the Yeast Surface via Adaptive Assembly,already_present,data/papers/2013/10.1021__sb300047u/publisher/paper.pdf,2026-09-03T02:46:07+00:00,https://pubs-acs-org.colorado.idm.oclc.org/doi/pdf/10.1021/sb300047u,https://pubs-acs-org.colorado.idm.oclc.org/asbcd6/article-pdf/2/1/14/16823359/sb300047u.pdf,ACS Publications via CU Boulder EZproxy,publishedVersion,,current_version_of_record_at_retrieval,authenticated_acs_version_of_record_pdf_endpoint,not_established,CU Boulder EZproxy authenticated browser,2159665,8cd0aad0cbf845240ade0b45836804546b9f0e36e8f90e9dbde01105117f56ff,8,article_pdf,doi,1.0,
doi:10.1021/sb3000518,10.1021/sb3000518,2013,Complex DNA Nanostructures from Oligonucleotide Ensembles,already_present,data/papers/2013/10.1021__sb3000518/publisher/paper.pdf,2026-09-03T02:46:23+00:00,https://pubs-acs-org.colorado.idm.oclc.org/doi/pdf/10.1021/sb3000518,https://pubs-acs-org.colorado.idm.oclc.org/asbcd6/article-pdf/2/4/180/12636711/sb3000518.pdf,ACS Publications via CU Boulder EZproxy,publishedVersion,,current_version_of_record_at_retrieval,authenticated_acs_version_of_record_pdf_endpoint,not_established,CU Boulder EZproxy authenticated browser,8367606,f753d6caab0aaa2999722b56c4448f3f565e717ca6caaa43bcac085d82c2fb7e,6,article_pdf,doi,1.0,
doi:10.1021/sb300055e,10.1021/sb300055e,2013,Tuning Primary Metabolism for Heterologous Pathway Productivity,already_present,data/papers/2013/10.1021__sb300055e/publisher/paper.pdf,2026-09-03T02:46:13+00:00,https://pubs-acs-org.colorado.idm.oclc.org/doi/pdf/10.1021/sb300055e,https://pubs-acs-org.colorado.idm.oclc.org/asbcd6/article-pdf/2/3/126/12748751/sb300055e.pdf,ACS Publications via CU Boulder EZproxy,publishedVersion,,current_version_of_record_at_retrieval,authenticated_acs_version_of_record_pdf_endpoint,not_established,CU Boulder EZproxy authenticated browser,1499347,2008560afb62d0f4a90bf11a7594389a9e8c87c26dd303c80466579701903067,10,article_pdf,doi,1.0,
doi:10.1021/sb300061x,10.1021/sb300061x,2013,Expanding the Product Profile of a Microbial Alkane Biosynthetic Pathway,already_present,data/papers/2013/10.1021__sb300061x/publisher/paper.pdf,2026-09-03T02:46:06+00:00,https://pubs-acs-org.colorado.idm.oclc.org/doi/pdf/10.1021/sb300061x,https://pubs-acs-org.colorado.idm.oclc.org/asbcd6/article-pdf/2/1/59/16823344/sb300061x.pdf,ACS Publications via CU Boulder EZproxy,publishedVersion,,current_version_of_record_at_retrieval,authenticated_acs_version_of_record_pdf_endpoint,not_established,CU Boulder EZproxy authenticated browser,522401,c2bedde46580df8853e3c5d1367b1c89b2173e20a6264a27b605ac89b80b66f1,4,article_pdf,doi,1.0,
doi:10.1021/sb3000657,10.1021/sb3000657,2013,TREX: A Universal Tool for the Transfer and Expression of Biosynthetic Pathways in Bacteria,already_present,data/papers/2013/10.1021__sb3000657/publisher/paper.pdf,2026-09-03T02:46:09+00:00,https://pubs-acs-org.colorado.idm.oclc.org/doi/pdf/10.1021/sb3000657,https://pubs-acs-org.colorado.idm.oclc.org/asbcd6/article-pdf/2/1/22/16823439/sb3000657.pdf,ACS Publications via CU Boulder EZproxy,publishedVersion,,current_version_of_record_at_retrieval,authenticated_acs_version_of_record_pdf_endpoint,not_established,CU Boulder EZproxy authenticated browser,4821810,c9b71282946516b4a0978f3d0f9d211dee29bfa728c466a63bfdd381994f0b95,12,article_pdf,doi,1.0,
doi:10.1021/sb300068g,10.1021/sb300068g,2013,"Self-Assembly of Synthetic Metabolons through Synthetic Protein Scaffolds: One-Step Purification, Co-immobilization, and Substrate Channeling",already_present,data/papers/2013/10.1021__sb300068g/publisher/paper.pdf,2026-09-03T02:46:19+00:00,https://pubs-acs-org.colorado.idm.oclc.org/doi/pdf/10.1021/sb300068g,https://pubs-acs-org.colorado.idm.oclc.org/asbcd6/article-pdf/2/2/102/16874604/sb300068g.pdf,ACS Publications via CU Boulder EZproxy,publishedVersion,,current_version_of_record_at_retrieval,authenticated_acs_version_of_record_pdf_endpoint,not_established,CU Boulder EZproxy authenticated browser,3141151,e6a957ec47aaa8f338e124f2cd131253945a3734da2c1f0111228836eced899a,9,article_pdf,doi,1.0,
doi:10.1021/sb300069k,10.1021/sb300069k,2013,Synthetic Oligonucleotide Libraries Reveal Novel Regulatory Elements in Chlamydomonas Chloroplast mRNAs,already_present,data/papers/2013/10.1021__sb300069k/publisher/paper.pdf,2026-09-03T02:46:06+00:00,https://pubs-acs-org.colorado.idm.oclc.org/doi/pdf/10.1021/sb300069k,https://pubs-acs-org.colorado.idm.oclc.org/asbcd6/article-pdf/2/1/34/16823418/sb300069k.pdf,ACS Publications via CU Boulder EZproxy,publishedVersion,,current_version_of_record_at_retrieval,authenticated_acs_version_of_record_pdf_endpoint,not_established,CU Boulder EZproxy authenticated browser,3036454,683de298644aea6919ab53413a7d396f1d89fffe356667add6b0fca0ebb83bf1,13,article_pdf,doi,1.0,
doi:10.1021/sb300075t,10.1021/sb300075t,2013,PaR-PaR Laboratory Automation Platform,already_present,data/papers/2013/10.1021__sb300075t/publisher/paper.pdf,2026-09-03T02:46:25+00:00,https://pubs-acs-org.colorado.idm.oclc.org/doi/pdf/10.1021/sb300075t,https://pubs-acs-org.colorado.idm.oclc.org/asbcd6/article-pdf/2/5/216/15258379/sb300075t.pdf,ACS Publications via CU Boulder EZproxy,publishedVersion,,current_version_of_record_at_retrieval,authenticated_acs_version_of_record_pdf_endpoint,not_established,CU Boulder EZproxy authenticated browser,1399919,c48142077471eef84b98381fd8404182ad719eb491c515b0035535dc7ab54175,7,article_pdf,doi,1.0,
doi:10.1021/sb300082b,10.1021/sb300082b,2013,Dynamic Modeling of Cellular Populations within iBioSim,already_present,data/papers/2013/10.1021__sb300082b/publisher/paper.pdf,2026-09-03T02:46:34+00:00,https://pubs-acs-org.colorado.idm.oclc.org/doi/pdf/10.1021/sb300082b,https://pubs-acs-org.colorado.idm.oclc.org/asbcd6/article-pdf/2/5/223/15258728/sb300082b.pdf,ACS Publications via CU Boulder EZproxy,publishedVersion,,current_version_of_record_at_retrieval,authenticated_acs_version_of_record_pdf_endpoint,not_established,CU Boulder EZproxy authenticated browser,3578998,6fabc2a5270af70474e0ac8d87c8d23a962837f64878f24e69959a6d34732a71,7,article_pdf,doi,1.0,
doi:10.1021/sb300084h,10.1021/sb300084h,2013,AutoBioCAD: Full Biodesign Automation of Genetic Circuits,already_present,data/papers/2013/10.1021__sb300084h/publisher/paper.pdf,2026-09-03T02:46:32+00:00,https://pubs-acs-org.colorado.idm.oclc.org/doi/pdf/10.1021/sb300084h,https://pubs-acs-org.colorado.idm.oclc.org/asbcd6/article-pdf/2/5/230/15258495/sb300084h.pdf,ACS Publications via CU Boulder EZproxy,publishedVersion,,current_version_of_record_at_retrieval,authenticated_acs_version_of_record_pdf_endpoint,not_established,CU Boulder EZproxy authenticated browser,3711992,9a6a18a9d1a06ed95ee278dae05607613cd36ff10ac080f686803d0e06fd5c9b,7,article_pdf,doi,1.0,
doi:10.1021/sb300086d,10.1021/sb300086d,2013,Rational Design of Orthogonal Libraries of Protein Coding Genes,already_present,data/papers/2013/10.1021__sb300086d/publisher/paper.pdf,2026-09-03T02:46:30+00:00,https://pubs-acs-org.colorado.idm.oclc.org/doi/pdf/10.1021/sb300086d,https://pubs-acs-org.colorado.idm.oclc.org/asbcd6/article-pdf/2/5/237/15258427/sb300086d.pdf,ACS Publications via CU Boulder EZproxy,publishedVersion,,current_version_of_record_at_retrieval,authenticated_acs_version_of_record_pdf_endpoint,not_established,CU Boulder EZproxy authenticated browser,486556,e6dedc83322fcaa9c430f4b8ad21a64d7c782938357bc3fb2af58be028d696a5,8,article_pdf,doi,1.0,
doi:10.1021/sb300087n,10.1021/sb300087n,2013,Discrete-Time Signal Processing with DNA,already_present,data/papers/2013/10.1021__sb300087n/publisher/paper.pdf,2026-09-03T02:46:35+00:00,https://pubs-acs-org.colorado.idm.oclc.org/doi/pdf/10.1021/sb300087n,https://pubs-acs-org.colorado.idm.oclc.org/asbcd6/article-pdf/2/5/245/15259005/sb300087n.pdf,ACS Publications via CU Boulder EZproxy,publishedVersion,,current_version_of_record_at_retrieval,authenticated_acs_version_of_record_pdf_endpoint,not_established,CU Boulder EZproxy authenticated browser,2844643,e7b4663e7ec0424f8fc5b6269e9db37178d41a63a53345811b0705f8c18ab2e5,10,article_pdf,doi,1.0,
doi:10.1021/sb300091d,10.1021/sb300091d,2013,Transcription Factor-Based Screens and Synthetic Selections for Microbial Small-Molecule Biosynthesis,already_present,data/papers/2013/10.1021__sb300091d/publisher/paper.pdf,2026-09-03T02:46:05+00:00,https://pubs-acs-org.colorado.idm.oclc.org/doi/pdf/10.1021/sb300091d,https://pubs-acs-org.colorado.idm.oclc.org/asbcd6/article-pdf/2/1/47/16823370/sb300091d.pdf,ACS Publications via CU Boulder EZproxy,publishedVersion,,current_version_of_record_at_retrieval,authenticated_acs_version_of_record_pdf_endpoint,not_established,CU Boulder EZproxy authenticated browser,1700385,a318b1e9968b8f159cb465bc40880a92b53aebac4a3070a86edb84eff2ebb964,12,article_pdf,doi,1.0,
doi:10.1021/sb300093y,10.1021/sb300093y,2013,Reverse Engineering Validation using a Benchmark Synthetic Gene Circuit in Human Cells,already_present,data/papers/2013/10.1021__sb300093y/publisher/paper.pdf,2026-09-03T02:46:30+00:00,https://pubs-acs-org.colorado.idm.oclc.org/doi/pdf/10.1021/sb300093y,https://pubs-acs-org.colorado.idm.oclc.org/asbcd6/article-pdf/2/5/255/15258314/sb300093y.pdf,ACS Publications via CU Boulder EZproxy,publishedVersion,,current_version_of_record_at_retrieval,authenticated_acs_version_of_record_pdf_endpoint,not_established,CU Boulder EZproxy authenticated browser,2060598,83610e24c3f5729b86ff3b4230953301808ae72f9acf28148698d090b01163ea,8,article_pdf,doi,1.0,
doi:10.1021/sb300095m,10.1021/sb300095m,2013,SBROME: A Scalable Optimization and Module Matching Framework for Automated Biosystems Design,already_present,data/papers/2013/10.1021__sb300095m/publisher/paper.pdf,2026-09-03T02:46:33+00:00,https://pubs-acs-org.colorado.idm.oclc.org/doi/pdf/10.1021/sb300095m,https://pubs-acs-org.colorado.idm.oclc.org/asbcd6/article-pdf/2/5/263/15258828/sb300095m.pdf,ACS Publications via CU Boulder EZproxy,publishedVersion,,current_version_of_record_at_retrieval,authenticated_acs_version_of_record_pdf_endpoint,not_established,CU Boulder EZproxy authenticated browser,2472063,a014b6a6a89d700d0e0beea3f9eeaed1937a51183af9d99632c0a2524686115d,11,article_pdf,doi,1.0,
doi:10.1021/sb300098w,10.1021/sb300098w,2013,Retroactivity Controls the Temporal Dynamics of Gene Transcription,already_present,data/papers/2013/10.1021__sb300098w/publisher/paper.pdf,2026-09-03T02:46:54+00:00,https://pubs-acs-org.colorado.idm.oclc.org/doi/pdf/10.1021/sb300098w,https://pubs-acs-org.colorado.idm.oclc.org/asbcd6/article-pdf/2/8/431/12753382/sb300098w.pdf,ACS Publications via CU Boulder EZproxy,publishedVersion,,current_version_of_record_at_retrieval,authenticated_acs_version_of_record_pdf_endpoint,not_established,CU Boulder EZproxy authenticated browser,3842338,670c823146e7af0bb3dcf38248ec904113b51f81f68d3f376cfe64122ee0eff9,11,article_pdf,doi,1.0,
doi:10.1021/sb3001003,10.1021/sb3001003,2013,EngineeredStreptomyces avermitilisHost for Heterologous Expression of Biosynthetic Gene Cluster for Secondary Metabolites,already_present,data/papers/2013/10.1021__sb3001003/publisher/paper.pdf,2026-09-03T02:46:50+00:00,https://pubs-acs-org.colorado.idm.oclc.org/doi/pdf/10.1021/sb3001003,https://pubs-acs-org.colorado.idm.oclc.org/asbcd6/article-pdf/2/7/384/15221445/sb3001003.pdf,ACS Publications via CU Boulder EZproxy,publishedVersion,,current_version_of_record_at_retrieval,authenticated_acs_version_of_record_pdf_endpoint,not_established,CU Boulder EZproxy authenticated browser,4411247,62e6bd6f2d9e4f49beada1b5aa807fe48e08f6f66301de26d1d2eecef61b893b,13,article_pdf,doi,1.0,
doi:10.1021/sb300101g,10.1021/sb300101g,2013,Synthetic Biology of Antimicrobial Discovery,already_present,data/papers/2013/10.1021__sb300101g/publisher/paper.pdf,2026-09-03T02:46:42+00:00,https://pubs-acs-org.colorado.idm.oclc.org/doi/pdf/10.1021/sb300101g,https://pubs-acs-org.colorado.idm.oclc.org/asbcd6/article-pdf/2/7/358/15221624/sb300101g.pdf,ACS Publications via CU Boulder EZproxy,publishedVersion,,current_version_of_record_at_retrieval,authenticated_acs_version_of_record_pdf_endpoint,not_established,CU Boulder EZproxy authenticated browser,3928966,5de8eea8235eec4923cd223c5b1be5fe1c9664894999e246631ebeb7eea5add8,15,article_pdf,doi,1.0,
doi:10.1021/sb300102k,10.1021/sb300102k,2013,"Efficient Behavior of Photosynthetic Organelles via Pareto Optimality, Identifiability, and Sensitivity Analysis",already_present,data/papers/2013/10.1021__sb300102k/publisher/paper.pdf,2026-09-03T02:46:33+00:00,https://pubs-acs-org.colorado.idm.oclc.org/doi/pdf/10.1021/sb300102k,https://pubs-acs-org.colorado.idm.oclc.org/asbcd6/article-pdf/2/5/274/15258599/sb300102k.pdf,ACS Publications via CU Boulder EZproxy,publishedVersion,,current_version_of_record_at_retrieval,authenticated_acs_version_of_record_pdf_endpoint,not_established,CU Boulder EZproxy authenticated browser,2092656,99fe393ae94f6b49df7aa256eff0fb3ce4d63b9e0479a02ac4872ffe8be75a00,15,article_pdf,doi,1.0,
doi:10.1021/sb300104f,10.1021/sb300104f,2013,Real-Time mRNA Measurement during an in Vitro Transcription and Translation Reaction Using Binary Probes,already_present,data/papers/2013/10.1021__sb300104f/publisher/paper.pdf,2026-09-03T02:46:51+00:00,https://pubs-acs-org.colorado.idm.oclc.org/doi/pdf/10.1021/sb300104f,https://pubs-acs-org.colorado.idm.oclc.org/asbcd6/article-pdf/2/8/411/12751935/sb300104f.pdf,ACS Publications via CU Boulder EZproxy,publishedVersion,,current_version_of_record_at_retrieval,authenticated_acs_version_of_record_pdf_endpoint,not_established,CU Boulder EZproxy authenticated browser,1900041,4a0be9795baae8663f0c11ab3e72e9053991258516f09277185caf0e141ebef1,7,article_pdf,doi,1.0,
doi:10.1021/sb3001062,10.1021/sb3001062,2013,Designed Biosynthesis of 36-Methyl-FK506 by Polyketide Precursor Pathway Engineering,already_present,data/papers/2013/10.1021__sb3001062/publisher/paper.pdf,2026-09-03T02:46:48+00:00,https://pubs-acs-org.colorado.idm.oclc.org/doi/pdf/10.1021/sb3001062,https://pubs-acs-org.colorado.idm.oclc.org/asbcd6/article-pdf/2/7/379/15221222/sb3001062.pdf,ACS Publications via CU Boulder EZproxy,publishedVersion,,current_version_of_record_at_retrieval,authenticated_acs_version_of_record_pdf_endpoint,not_established,CU Boulder EZproxy authenticated browser,961016,ec1b3db88651d1c86d93741bdea57674faa911f5b5f3cdc17119885921db4cc0,5,article_pdf,doi,1.0,
doi:10.1021/sb300107h,10.1021/sb300107h,2013,Modular Design of a Synthetic Payload Delivery Device,already_present,data/papers/2013/10.1021__sb300107h/publisher/paper.pdf,2026-09-03T02:46:55+00:00,https://pubs-acs-org.colorado.idm.oclc.org/doi/pdf/10.1021/sb300107h,https://pubs-acs-org.colorado.idm.oclc.org/asbcd6/article-pdf/2/8/418/12752576/sb300107h.pdf,ACS Publications via CU Boulder EZproxy,publishedVersion,,current_version_of_record_at_retrieval,authenticated_acs_version_of_record_pdf_endpoint,not_established,CU Boulder EZproxy authenticated browser,2685535,785b24d953a1479cf13b56bd804c6fe5ca19ded77749f7657ea2490afd2d34fd,7,article_pdf,doi,1.0,
doi:10.1021/sb3001084,10.1021/sb3001084,2013,"Designing and Producing Modified, New-to-Nature Peptides with Antimicrobial Activity by Use of a Combination of Various Lantibiotic Modification Enzymes",already_present,data/papers/2013/10.1021__sb3001084/publisher/paper.pdf,2026-09-03T02:46:49+00:00,https://pubs-acs-org.colorado.idm.oclc.org/doi/pdf/10.1021/sb3001084,https://pubs-acs-org.colorado.idm.oclc.org/asbcd6/article-pdf/2/7/397/15221345/sb3001084.pdf,ACS Publications via CU Boulder EZproxy,publishedVersion,,current_version_of_record_at_retrieval,authenticated_acs_version_of_record_pdf_endpoint,not_established,CU Boulder EZproxy authenticated browser,2074408,2069b58fdc58858b017017eb6de86410df773cb84f2f1f321c3ab85095ac7445,8,article_pdf,doi,1.0,
doi:10.1021/sb300110b,10.1021/sb300110b,2013,Engineered Quorum Sensing Using Pheromone-Mediated Cell-to-Cell Communication in Saccharomyces cerevisiae,already_present,data/papers/2013/10.1021__sb300110b/publisher/paper.pdf,2026-09-03T02:46:18+00:00,https://pubs-acs-org.colorado.idm.oclc.org/doi/pdf/10.1021/sb300110b,https://pubs-acs-org.colorado.idm.oclc.org/asbcd6/article-pdf/2/3/136/12749551/sb300110b.pdf,ACS Publications via CU Boulder EZproxy,publishedVersion,,current_version_of_record_at_retrieval,authenticated_acs_version_of_record_pdf_endpoint,not_established,CU Boulder EZproxy authenticated browser,2126943,c32a186106c0e4a03dfb3436be05a8e552e0165fd37a2b70b6cd5defe7988a9e,14,article_pdf,doi,1.0,
doi:10.1021/sb3001112,10.1021/sb3001112,2013,Synthesizing Biomolecule-Based Boolean Logic Gates,already_present,data/papers/2013/10.1021__sb3001112/publisher/paper.pdf,2026-09-03T02:46:14+00:00,https://pubs-acs-org.colorado.idm.oclc.org/doi/pdf/10.1021/sb3001112,https://pubs-acs-org.colorado.idm.oclc.org/asbcd6/article-pdf/2/2/72/16874632/sb3001112.pdf,ACS Publications via CU Boulder EZproxy,publishedVersion,,current_version_of_record_at_retrieval,authenticated_acs_version_of_record_pdf_endpoint,not_established,CU Boulder EZproxy authenticated browser,1797952,bd0e155ca8545cc73d64437fe4858157293cf6d4b44c00de37ac48e6c1e49bf9,11,article_pdf,doi,1.0,
doi:10.1021/sb300114d,10.1021/sb300114d,2013,Promoter Element Arising from the Fusion of Standard BioBrick Parts,already_present,data/papers/2013/10.1021__sb300114d/publisher/paper.pdf,2026-09-03T02:46:18+00:00,https://pubs-acs-org.colorado.idm.oclc.org/doi/pdf/10.1021/sb300114d,https://pubs-acs-org.colorado.idm.oclc.org/asbcd6/article-pdf/2/2/111/16874655/sb300114d.pdf,ACS Publications via CU Boulder EZproxy,publishedVersion,,current_version_of_record_at_retrieval,authenticated_acs_version_of_record_pdf_endpoint,not_established,CU Boulder EZproxy authenticated browser,1682557,afe658b89df2243574bf4bf0b7e94f51d10b28ad71ad6561c6c968443bf79efc,10,article_pdf,doi,1.0,
doi:10.1021/sb300115n,10.1021/sb300115n,2013,Synthetic Gene Circuit-Mediated Monitoring of Endogenous Metabolites: Identification of GAL11 as a Novel Multicopy Enhancer of S-Adenosylmethionine Level in Yeast,already_present,data/papers/2013/10.1021__sb300115n/publisher/paper.pdf,2026-09-03T02:46:52+00:00,https://pubs-acs-org.colorado.idm.oclc.org/doi/pdf/10.1021/sb300115n,https://pubs-acs-org.colorado.idm.oclc.org/asbcd6/article-pdf/2/8/425/12751511/sb300115n.pdf,ACS Publications via CU Boulder EZproxy,publishedVersion,,current_version_of_record_at_retrieval,authenticated_acs_version_of_record_pdf_endpoint,not_established,CU Boulder EZproxy authenticated browser,1174323,3734bcce320d3d0bb1f821d2c8f9a2a6973783d53b274e7b149b53437c7cdd23,6,article_pdf,doi,1.0,
doi:10.1021/sb300116y,10.1021/sb300116y,2013,A Genome-Wide Activity Assessment of Terminator Regions in Saccharomyces cerevisiae Provides a ″Terminatome″ Toolbox,already_present,data/papers/2013/10.1021__sb300116y/publisher/paper.pdf,2026-09-03T02:46:41+00:00,https://pubs-acs-org.colorado.idm.oclc.org/doi/pdf/10.1021/sb300116y,https://pubs-acs-org.colorado.idm.oclc.org/asbcd6/article-pdf/2/6/337/12751259/sb300116y.pdf,ACS Publications via CU Boulder EZproxy,publishedVersion,,current_version_of_record_at_retrieval,authenticated_acs_version_of_record_pdf_endpoint,not_established,CU Boulder EZproxy authenticated browser,1577049,44ea7969b74f897bdbc9b8dcf7cab1f4f73b01226177ae22f9d3608d089d9bcc,11,article_pdf,doi,1.0,
doi:10.1021/sb300119v,10.1021/sb300119v,2013,Tuning Promoter Strengths for Improved Synthesis and Function of Electron Conduits in Escherichia coli,already_present,data/papers/2013/10.1021__sb300119v/publisher/paper.pdf,2026-09-03T02:46:19+00:00,https://pubs-acs-org.colorado.idm.oclc.org/doi/pdf/10.1021/sb300119v,https://pubs-acs-org.colorado.idm.oclc.org/asbcd6/article-pdf/2/3/150/12749143/sb300119v.pdf,ACS Publications via CU Boulder EZproxy,publishedVersion,,current_version_of_record_at_retrieval,authenticated_acs_version_of_record_pdf_endpoint,not_established,CU Boulder EZproxy authenticated browser,2182295,ed05ec190f0b74c51eaec2701cf495cf7e35e0b557b7d3ea247c407845acc5a4,10,article_pdf,doi,1.0,
doi:10.1021/sb300120n,10.1021/sb300120n,2013,Photoswitch Nucleic Acid Catalytic Activity by Regulating Topological Structure with a Universal Supraphotoswitch,already_present,data/papers/2013/10.1021__sb300120n/publisher/paper.pdf,2026-09-03T02:46:25+00:00,https://pubs-acs-org.colorado.idm.oclc.org/doi/pdf/10.1021/sb300120n,https://pubs-acs-org.colorado.idm.oclc.org/asbcd6/article-pdf/2/4/194/12635903/sb300120n.pdf,ACS Publications via CU Boulder EZproxy,publishedVersion,,current_version_of_record_at_retrieval,authenticated_acs_version_of_record_pdf_endpoint,not_established,CU Boulder EZproxy authenticated browser,2040672,55cd925e117682223d90232b9cfecbbd1380df442f36f3691b3fab3a71040bda,9,article_pdf,doi,1.0,
doi:10.1021/sb300122q,10.1021/sb300122q,2013,A Solid-Phase Platform for Combinatorial and Scarless Multipart Gene Assembly,already_present,data/papers/2013/10.1021__sb300122q/publisher/paper.pdf,2026-09-03T02:46:46+00:00,https://pubs-acs-org.colorado.idm.oclc.org/doi/pdf/10.1021/sb300122q,https://pubs-acs-org.colorado.idm.oclc.org/asbcd6/article-pdf/2/6/316/12752105/sb300122q.pdf,ACS Publications via CU Boulder EZproxy,publishedVersion,,current_version_of_record_at_retrieval,authenticated_acs_version_of_record_pdf_endpoint,not_established,CU Boulder EZproxy authenticated browser,8899856,7232372ffac7d989cd35217980696ec4e93892e4b2c6bb54a9298f8db2b4098e,11,article_pdf,doi,1.0,
doi:10.1021/sb300123m,10.1021/sb300123m,2013,Engineered Female-Specific Lethality for Control of Pest Lepidoptera,already_present,data/papers/2013/10.1021__sb300123m/publisher/paper.pdf,2026-09-03T02:46:25+00:00,https://pubs-acs-org.colorado.idm.oclc.org/doi/pdf/10.1021/sb300123m,https://pubs-acs-org.colorado.idm.oclc.org/asbcd6/article-pdf/2/3/160/12749705/sb300123m.pdf,ACS Publications via CU Boulder EZproxy,publishedVersion,,current_version_of_record_at_retrieval,authenticated_acs_version_of_record_pdf_endpoint,not_established,CU Boulder EZproxy authenticated browser,2604974,06939278a39b54bbd279ba16ef86645646db9557bfe91270717e5d92c908562f,7,article_pdf,doi,1.0,
doi:10.1021/sb300125z,10.1021/sb300125z,2013,Linking Genotype and Phenotype in Protein Synthesizing Liposomes with External Supply of Resources,already_present,data/papers/2013/10.1021__sb300125z/publisher/paper.pdf,2026-09-03T02:46:27+00:00,https://pubs-acs-org.colorado.idm.oclc.org/doi/pdf/10.1021/sb300125z,https://pubs-acs-org.colorado.idm.oclc.org/asbcd6/article-pdf/2/4/186/12636281/sb300125z.pdf,ACS Publications via CU Boulder EZproxy,publishedVersion,,current_version_of_record_at_retrieval,authenticated_acs_version_of_record_pdf_endpoint,not_established,CU Boulder EZproxy authenticated browser,4732832,f9f3443a980c4bd58a7aaf024682aa1c611520989e5707d82723b685e06a80c5,8,article_pdf,doi,1.0,
doi:10.1021/sb300128r,10.1021/sb300128r,2013,Redirecting Photosynthetic Reducing Power toward Bioactive Natural Product Synthesis,already_present,data/papers/2013/10.1021__sb300128r/publisher/paper.pdf,2026-09-03T02:46:39+00:00,https://pubs-acs-org.colorado.idm.oclc.org/doi/pdf/10.1021/sb300128r,https://pubs-acs-org.colorado.idm.oclc.org/asbcd6/article-pdf/2/6/308/12751910/sb300128r.pdf,ACS Publications via CU Boulder EZproxy,publishedVersion,,current_version_of_record_at_retrieval,authenticated_acs_version_of_record_pdf_endpoint,not_established,CU Boulder EZproxy authenticated browser,3288526,23510455658cbfce74a2a0be3761fdb6759bb729387738fd29c3bc494fbfe10c,8,article_pdf,doi,1.0,
doi:10.1021/sb300129j,10.1021/sb300129j,2013,Analysis and Design of a Genetic Circuit for Dynamic Metabolic Engineering,already_present,data/papers/2013/10.1021__sb300129j/publisher/paper.pdf,2026-09-03T02:46:59+00:00,https://pubs-acs-org.colorado.idm.oclc.org/doi/pdf/10.1021/sb300129j,https://pubs-acs-org.colorado.idm.oclc.org/asbcd6/article-pdf/2/8/442/12752255/sb300129j.pdf,ACS Publications via CU Boulder EZproxy,publishedVersion,,current_version_of_record_at_retrieval,authenticated_acs_version_of_record_pdf_endpoint,not_established,CU Boulder EZproxy authenticated browser,3408427,8ae9f1266993951937e0209b3f6957c47b07311d682b93c3730618f5466166c1,11,article_pdf,doi,1.0,
doi:10.1021/sb300131w,10.1021/sb300131w,2013,Multichange Isothermal Mutagenesis: A New Strategy for Multiple Site-Directed Mutations in Plasmid DNA,already_present,data/papers/2013/10.1021__sb300131w/publisher/paper.pdf,2026-09-03T02:47:01+00:00,https://pubs-acs-org.colorado.idm.oclc.org/doi/pdf/10.1021/sb300131w,https://pubs-acs-org.colorado.idm.oclc.org/asbcd6/article-pdf/2/8/473/12751281/sb300131w.pdf,ACS Publications via CU Boulder EZproxy,publishedVersion,,current_version_of_record_at_retrieval,authenticated_acs_version_of_record_pdf_endpoint,not_established,CU Boulder EZproxy authenticated browser,909147,32a3a2c2e1808158e3a285826e044b33da5c5d7d1204850d6a63351599d87603,5,article_pdf,doi,1.0,
doi:10.1021/sb3001326,10.1021/sb3001326,2013,Elimination of Redundant and Stop Codons during the Chemical Synthesis of Degenerate Oligonucleotides. Combinatorial Testing on the Chromophore Region of the Red Fluorescent Protein mKate,already_present,data/papers/2013/10.1021__sb3001326/publisher/paper.pdf,2026-09-03T02:47:03+00:00,https://pubs-acs-org.colorado.idm.oclc.org/doi/pdf/10.1021/sb3001326,https://pubs-acs-org.colorado.idm.oclc.org/asbcd6/article-pdf/2/8/453/12753221/sb3001326.pdf,ACS Publications via CU Boulder EZproxy,publishedVersion,,current_version_of_record_at_retrieval,authenticated_acs_version_of_record_pdf_endpoint,not_established,CU Boulder EZproxy authenticated browser,5485079,737326b30bbb526115b0cba14b3d757f02dc7e2c0bfd9c897fab95ca36f176bd,10,article_pdf,doi,1.0,
doi:10.1021/sb400002n,10.1021/sb400002n,2013,Quantifying Translational Coupling in E. coli Synthetic Operons Using RBS Modulation and Fluorescent Reporters,already_present,data/papers/2013/10.1021__sb400002n/publisher/paper.pdf,2026-09-03T02:46:37+00:00,https://pubs-acs-org.colorado.idm.oclc.org/doi/pdf/10.1021/sb400002n,https://pubs-acs-org.colorado.idm.oclc.org/asbcd6/article-pdf/2/6/327/12750957/sb400002n.pdf,ACS Publications via CU Boulder EZproxy,publishedVersion,,current_version_of_record_at_retrieval,authenticated_acs_version_of_record_pdf_endpoint,not_established,CU Boulder EZproxy authenticated browser,1853401,90690c9d264c2d2752cc97145f90a177b86db429b4138dce7aa1cd8b59c2e754,10,article_pdf,doi,1.0,
doi:10.1021/sb400003y,10.1021/sb400003y,2013,Fluorescent Proteins and in Vitro Genetic Organization for Cell-Free Synthetic Biology,already_present,data/papers/2013/10.1021__sb400003y/publisher/paper.pdf,2026-09-03T02:46:59+00:00,https://pubs-acs-org.colorado.idm.oclc.org/doi/pdf/10.1021/sb400003y,https://pubs-acs-org.colorado.idm.oclc.org/asbcd6/article-pdf/2/9/482/15258868/sb400003y.pdf,ACS Publications via CU Boulder EZproxy,publishedVersion,,current_version_of_record_at_retrieval,authenticated_acs_version_of_record_pdf_endpoint,not_established,CU Boulder EZproxy authenticated browser,1601345,c1d4b198b9c29d065511501aa15b0cc8f7e3ade08475a60766664303b58f76f7,8,article_pdf,doi,1.0,
doi:10.1021/sb400007z,10.1021/sb400007z,2013,4th International Conference on Biomolecular Engineering Tackles New Challenges with Synthetic Biology,already_present,data/papers/2013/10.1021__sb400007z/publisher/paper.pdf,2026-09-03T02:46:09+00:00,https://pubs-acs-org.colorado.idm.oclc.org/doi/pdf/10.1021/sb400007z,https://pubs-acs-org.colorado.idm.oclc.org/asbcd6/article-pdf/2/2/68/16874571/sb400007z.pdf,ACS Publications via CU Boulder EZproxy,publishedVersion,,current_version_of_record_at_retrieval,authenticated_acs_version_of_record_pdf_endpoint,not_established,CU Boulder EZproxy authenticated browser,187270,6960bc8e93cff3fcf8a951c1189b7f0c84ebc5951da3207a196322c9040c6027,4,article_pdf,doi,1.0,
doi:10.1021/sb4000096,10.1021/sb4000096,2013,Modularity of Select Riboswitch Expression Platforms Enables Facile Engineering of Novel Genetic Regulatory Devices,already_present,data/papers/2013/10.1021__sb4000096/publisher/paper.pdf,2026-09-03T02:46:58+00:00,https://pubs-acs-org.colorado.idm.oclc.org/doi/pdf/10.1021/sb4000096,https://pubs-acs-org.colorado.idm.oclc.org/asbcd6/article-pdf/2/8/463/12752930/sb4000096.pdf,ACS Publications via CU Boulder EZproxy,publishedVersion,,current_version_of_record_at_retrieval,authenticated_acs_version_of_record_pdf_endpoint,not_established,CU Boulder EZproxy authenticated browser,3276669,7da29f48893642c68e26e4e712ac83757dceccc56f7599e3ce2183ed7d9999d4,10,article_pdf,doi,1.0,
doi:10.1021/sb400010m,10.1021/sb400010m,2013,Hypocrea jecorina Cellobiohydrolase I Stabilizing Mutations Identified Using Noncontiguous Recombination,already_present,data/papers/2013/10.1021__sb400010m/publisher/paper.pdf,2026-09-03T02:47:19+00:00,https://pubs-acs-org.colorado.idm.oclc.org/doi/pdf/10.1021/sb400010m,https://pubs-acs-org.colorado.idm.oclc.org/asbcd6/article-pdf/2/12/690/12753990/sb400010m.pdf,ACS Publications via CU Boulder EZproxy,publishedVersion,,current_version_of_record_at_retrieval,authenticated_acs_version_of_record_pdf_endpoint,not_established,CU Boulder EZproxy authenticated browser,3335122,99183d4a932e1b57c455f1bf38731618850bd7fe4c87dece8e8549e52364dfcf,7,article_pdf,doi,1.0,
doi:10.1021/sb400013w,10.1021/sb400013w,2013,Reliable Prediction of Complex Phenotypes from a Modular Design in Free Energy Space: An Extensive Exploration of thelacOperon,already_present,data/papers/2013/10.1021__sb400013w/publisher/paper.pdf,2026-09-03T02:47:08+00:00,https://pubs-acs-org.colorado.idm.oclc.org/doi/pdf/10.1021/sb400013w,https://pubs-acs-org.colorado.idm.oclc.org/asbcd6/article-pdf/2/10/576/12753281/sb400013w.pdf,ACS Publications via CU Boulder EZproxy,publishedVersion,,current_version_of_record_at_retrieval,authenticated_acs_version_of_record_pdf_endpoint,not_established,CU Boulder EZproxy authenticated browser,2601842,5e2b4990b46fefe235c4513bf5d46e290373958ad3bece514ca1ca7ff9e2089c,11,article_pdf,doi,1.0,
doi:10.1021/sb4000146,10.1021/sb4000146,2013,Decaffeination and Measurement of Caffeine Content by AddictedEscherichia coliwith a RefactoredN-Demethylation Operon fromPseudomonas putidaCBB5,already_present,data/papers/2013/10.1021__sb4000146/publisher/paper.pdf,2026-09-03T02:46:44+00:00,https://pubs-acs-org.colorado.idm.oclc.org/doi/pdf/10.1021/sb4000146,https://pubs-acs-org.colorado.idm.oclc.org/asbcd6/article-pdf/2/6/301/12751746/sb4000146.pdf,ACS Publications via CU Boulder EZproxy,publishedVersion,,current_version_of_record_at_retrieval,authenticated_acs_version_of_record_pdf_endpoint,not_established,CU Boulder EZproxy authenticated browser,3524830,f69ec2b68290735b0769c63d076fceed06eff7d3cd2acf7d185c9760b23f650f,7,article_pdf,doi,1.0,
doi:10.1021/sb400016j,10.1021/sb400016j,2013,Artificial Conversion of the Mating-Type of Saccharomyces cerevisiae without Autopolyploidization,already_present,data/papers/2013/10.1021__sb400016j/publisher/paper.pdf,2026-09-03T02:47:29+00:00,https://pubs-acs-org.colorado.idm.oclc.org/doi/pdf/10.1021/sb400016j,https://pubs-acs-org.colorado.idm.oclc.org/asbcd6/article-pdf/2/12/697/12753869/sb400016j.pdf,ACS Publications via CU Boulder EZproxy,publishedVersion,,current_version_of_record_at_retrieval,authenticated_acs_version_of_record_pdf_endpoint,not_established,CU Boulder EZproxy authenticated browser,2487718,ec89d31c63d0ca08bf4e3ad847c038a9aef87bdbce7cc72701bdf059ecd5d8a9,8,article_pdf,doi,1.0,
doi:10.1021/sb400019s,10.1021/sb400019s,2013,Orthogonal Labeling of M13 Minor Capsid Proteins with DNA to Self-Assemble End-to-End Multiphage Structures,already_present,data/papers/2013/10.1021__sb400019s/publisher/paper.pdf,2026-09-03T02:47:01+00:00,https://pubs-acs-org.colorado.idm.oclc.org/doi/pdf/10.1021/sb400019s,https://pubs-acs-org.colorado.idm.oclc.org/asbcd6/article-pdf/2/9/490/15258480/sb400019s.pdf,ACS Publications via CU Boulder EZproxy,publishedVersion,,current_version_of_record_at_retrieval,authenticated_acs_version_of_record_pdf_endpoint,not_established,CU Boulder EZproxy authenticated browser,2277441,952ba42d37ee9bf2cd01f1e7c51cf08ed79930356ea4c5c69c7d148df056450d,7,article_pdf,doi,1.0,
doi:10.1021/sb400021j,10.1021/sb400021j,2013,One-Step Cloning and Chromosomal Integration of DNA,already_present,data/papers/2013/10.1021__sb400021j/publisher/paper.pdf,2026-09-03T02:47:03+00:00,https://pubs-acs-org.colorado.idm.oclc.org/doi/pdf/10.1021/sb400021j,https://pubs-acs-org.colorado.idm.oclc.org/asbcd6/article-pdf/2/9/537/15258281/sb400021j.pdf,ACS Publications via CU Boulder EZproxy,publishedVersion,,current_version_of_record_at_retrieval,authenticated_acs_version_of_record_pdf_endpoint,not_established,CU Boulder EZproxy authenticated browser,1631882,1affe226f16617dda39ca2ca1aefb8dc0e02f1cf016c093e5706f5a97b93b3c6,5,article_pdf,doi,1.0,
doi:10.1021/sb4000228,10.1021/sb4000228,2013,Modeling Challenges in the Synthetic Biology of Secondary Metabolism,already_present,data/papers/2013/10.1021__sb4000228/publisher/paper.pdf,2026-09-03T02:46:52+00:00,https://pubs-acs-org.colorado.idm.oclc.org/doi/pdf/10.1021/sb4000228,https://pubs-acs-org.colorado.idm.oclc.org/asbcd6/article-pdf/2/7/373/15222312/sb4000228.pdf,ACS Publications via CU Boulder EZproxy,publishedVersion,,current_version_of_record_at_retrieval,authenticated_acs_version_of_record_pdf_endpoint,not_established,CU Boulder EZproxy authenticated browser,1178408,46129ebb8210dd5111557f8217ef1a9767334c57111ccfdc8bac94a3fb2209e1,6,article_pdf,doi,1.0,
doi:10.1021/sb400024s,10.1021/sb400024s,2013,Pigeon: A Design Visualizer for Synthetic Biology,already_present,data/papers/2013/10.1021__sb400024s/publisher/paper.pdf,2026-09-03T02:46:39+00:00,https://pubs-acs-org.colorado.idm.oclc.org/doi/pdf/10.1021/sb400024s,https://pubs-acs-org.colorado.idm.oclc.org/asbcd6/article-pdf/2/6/348/12750626/sb400024s.pdf,ACS Publications via CU Boulder EZproxy,publishedVersion,,current_version_of_record_at_retrieval,authenticated_acs_version_of_record_pdf_endpoint,not_established,CU Boulder EZproxy authenticated browser,376752,3700f9d70e67f494993ff0a6b19bff9586efbc9b441230a7832d374eefd76dfa,3,article_pdf,doi,1.0,
doi:10.1021/sb400027x,10.1021/sb400027x,2013,The Impact of Synthetic Biology,already_present,data/papers/2013/10.1021__sb400027x/publisher/paper.pdf,2026-09-03T02:46:24+00:00,https://pubs-acs-org.colorado.idm.oclc.org/doi/pdf/10.1021/sb400027x,https://pubs-acs-org.colorado.idm.oclc.org/asbcd6/article-pdf/2/5/210/15258271/sb400027x.pdf,ACS Publications via CU Boulder EZproxy,publishedVersion,,current_version_of_record_at_retrieval,authenticated_acs_version_of_record_pdf_endpoint,not_established,CU Boulder EZproxy authenticated browser,936889,7a3ed8895fe35b07c5c69f3d7b9c69f47c1120726049ccef9089f2a80afe802d,3,article_pdf,doi,1.0,
doi:10.1021/sb400028c,10.1021/sb400028c,2013,Probing Cell-Free Gene Expression Noise in Femtoliter Volumes,already_present,data/papers/2013/10.1021__sb400028c/publisher/paper.pdf,2026-09-03T02:47:00+00:00,https://pubs-acs-org.colorado.idm.oclc.org/doi/pdf/10.1021/sb400028c,https://pubs-acs-org.colorado.idm.oclc.org/asbcd6/article-pdf/2/9/497/15258657/sb400028c.pdf,ACS Publications via CU Boulder EZproxy,publishedVersion,,current_version_of_record_at_retrieval,authenticated_acs_version_of_record_pdf_endpoint,not_established,CU Boulder EZproxy authenticated browser,4157158,9bfab8bebe1817844af0b2525d1eaed8b849dc003db9de7526f624a7e7748a40,9,article_pdf,doi,1.0,
doi:10.1021/sb400030p,10.1021/sb400030p,2013,"Cell Polarity-Driven Instability Generates Self-Organized, Fractal Patterning of Cell Layers",already_present,data/papers/2013/10.1021__sb400030p/publisher/paper.pdf,2026-09-03T02:47:27+00:00,https://pubs-acs-org.colorado.idm.oclc.org/doi/pdf/10.1021/sb400030p,https://pubs-acs-org.colorado.idm.oclc.org/asbcd6/article-pdf/2/12/705/12754267/sb400030p.pdf,ACS Publications via CU Boulder EZproxy,publishedVersion,,current_version_of_record_at_retrieval,authenticated_acs_version_of_record_pdf_endpoint,not_established,CU Boulder EZproxy authenticated browser,20909324,11f722a5d68ac64226b8c75d2731cdfed4edf462c4f910dda9659df66c436b27,10,article_pdf,doi,1.0,
doi:10.1021/sb4000355,10.1021/sb4000355,2013,"Sequence, Cloning, and Analysis of the Fluvirucin B1 Polyketide Synthase from Actinomadura vulgaris",already_present,data/papers/2013/10.1021__sb4000355/publisher/paper.pdf,2026-09-03T02:47:12+00:00,https://pubs-acs-org.colorado.idm.oclc.org/doi/pdf/10.1021/sb4000355,https://pubs-acs-org.colorado.idm.oclc.org/asbcd6/article-pdf/2/11/635/15222142/sb4000355.pdf,ACS Publications via CU Boulder EZproxy,publishedVersion,,current_version_of_record_at_retrieval,authenticated_acs_version_of_record_pdf_endpoint,not_established,CU Boulder EZproxy authenticated browser,2602527,56d9d975e2ab1b2dc66b39c801483b20c3c57babc7e530445a2cb0ae66879c46,8,article_pdf,doi,1.0,
doi:10.1021/sb4000367,10.1021/sb4000367,2013,"Antimicrobial Peptides Targeting Gram-negative Pathogens, Produced and Delivered by Lactic Acid Bacteria",already_present,data/papers/2013/10.1021__sb4000367/publisher/paper.pdf,2026-09-03T02:47:15+00:00,https://pubs-acs-org.colorado.idm.oclc.org/doi/pdf/10.1021/sb4000367,https://pubs-acs-org.colorado.idm.oclc.org/asbcd6/article-pdf/2/11/643/15221602/sb4000367.pdf,ACS Publications via CU Boulder EZproxy,publishedVersion,,current_version_of_record_at_retrieval,authenticated_acs_version_of_record_pdf_endpoint,not_established,CU Boulder EZproxy authenticated browser,1234113,994e50afe2264c89fcf000865f92ebfb6b6fdd51936afb6897cb730826a88199,8,article_pdf,doi,1.0,
doi:10.1021/sb400037a,10.1021/sb400037a,2013,Controlling Mammalian Gene Expression by Allosteric Hepatitis Delta Virus Ribozymes,already_present,data/papers/2013/10.1021__sb400037a/publisher/paper.pdf,2026-09-03T02:47:17+00:00,https://pubs-acs-org.colorado.idm.oclc.org/doi/pdf/10.1021/sb400037a,https://pubs-acs-org.colorado.idm.oclc.org/asbcd6/article-pdf/2/12/684/12753511/sb400037a.pdf,ACS Publications via CU Boulder EZproxy,publishedVersion,,current_version_of_record_at_retrieval,authenticated_acs_version_of_record_pdf_endpoint,not_established,CU Boulder EZproxy authenticated browser,847143,98f359076cf58d421b451ab571850ca903ba6129dc68b36553f4566aca597122,6,article_pdf,doi,1.0,
doi:10.1021/sb400039g,10.1021/sb400039g,2013,Engineering for the 21st Century: Synthetic Biology,already_present,data/papers/2013/10.1021__sb400039g/publisher/paper.pdf,2026-09-03T02:46:27+00:00,https://pubs-acs-org.colorado.idm.oclc.org/doi/pdf/10.1021/sb400039g,https://pubs-acs-org.colorado.idm.oclc.org/asbcd6/article-pdf/2/5/213/15258236/sb400039g.pdf,ACS Publications via CU Boulder EZproxy,publishedVersion,,current_version_of_record_at_retrieval,authenticated_acs_version_of_record_pdf_endpoint,not_established,CU Boulder EZproxy authenticated browser,159034,e01afc4cb5304d4515fb2ffca3fda6a91dc20e3babaf01bef0bd9dd61d94a344,3,article_pdf,doi,1.0,
doi:10.1021/sb4000417,10.1021/sb4000417,2013,Genetically Programmable Pathogen Sense and Destroy,already_present,data/papers/2013/10.1021__sb4000417/publisher/paper.pdf,2026-09-03T02:47:21+00:00,https://pubs-acs-org.colorado.idm.oclc.org/doi/pdf/10.1021/sb4000417,https://pubs-acs-org.colorado.idm.oclc.org/asbcd6/article-pdf/2/12/715/12754147/sb4000417.pdf,ACS Publications via CU Boulder EZproxy,publishedVersion,,current_version_of_record_at_retrieval,authenticated_acs_version_of_record_pdf_endpoint,not_established,CU Boulder EZproxy authenticated browser,4590758,9d6d3129527da02c2c5286648b4c766f04cc648fe4c8b733af462decb36dfbeb,9,article_pdf,doi,1.0,
doi:10.1021/sb4000433,10.1021/sb4000433,2013,Engineering the esaR Promoter for Tunable Quorum Sensing-Dependent Gene Expression,already_present,data/papers/2013/10.1021__sb4000433/publisher/paper.pdf,2026-09-03T02:47:09+00:00,https://pubs-acs-org.colorado.idm.oclc.org/doi/pdf/10.1021/sb4000433,https://pubs-acs-org.colorado.idm.oclc.org/asbcd6/article-pdf/2/10/568/12751721/sb4000433.pdf,ACS Publications via CU Boulder EZproxy,publishedVersion,,current_version_of_record_at_retrieval,authenticated_acs_version_of_record_pdf_endpoint,not_established,CU Boulder EZproxy authenticated browser,1627483,9891a67c4ae48ed09abf218849353dda88571fb6d4b0588d6f89765a4f12ac87,8,article_pdf,doi,1.0,
doi:10.1021/sb400044g,10.1021/sb400044g,2013,Noise Attenuation in the ON and OFF States of Biological Switches,already_present,data/papers/2013/10.1021__sb400044g/publisher/paper.pdf,2026-09-03T02:47:10+00:00,https://pubs-acs-org.colorado.idm.oclc.org/doi/pdf/10.1021/sb400044g,https://pubs-acs-org.colorado.idm.oclc.org/asbcd6/article-pdf/2/10/587/12753844/sb400044g.pdf,ACS Publications via CU Boulder EZproxy,publishedVersion,,current_version_of_record_at_retrieval,authenticated_acs_version_of_record_pdf_endpoint,not_established,CU Boulder EZproxy authenticated browser,2852768,9d1098d9a6998831da6ba312e9418e653bef5d7f8a848c580e14d45c371d2631,7,article_pdf,doi,1.0,
doi:10.1021/sb400045k,10.1021/sb400045k,2013,Keystone Symposia Conference on Precision Genome Engineering and Synthetic Biology Brings Together Players from Both Disciplines,already_present,data/papers/2013/10.1021__sb400045k/publisher/paper.pdf,2026-09-03T02:46:37+00:00,https://pubs-acs-org.colorado.idm.oclc.org/doi/pdf/10.1021/sb400045k,https://pubs-acs-org.colorado.idm.oclc.org/asbcd6/article-pdf/2/6/296/12750350/sb400045k.pdf,ACS Publications via CU Boulder EZproxy,publishedVersion,,current_version_of_record_at_retrieval,authenticated_acs_version_of_record_pdf_endpoint,not_established,CU Boulder EZproxy authenticated browser,209802,d1ec8337b636544a7c1cc32fa560c054937889d882bfc01ebb08c642441e1c5e,5,article_pdf,doi,1.0,
doi:10.1021/sb400046t,10.1021/sb400046t,2013,Synthetic Biologists Spring into Action at the 245th American Chemical Society National Meeting,already_present,data/papers/2013/10.1021__sb400046t/publisher/paper.pdf,2026-09-03T02:46:31+00:00,https://pubs-acs-org.colorado.idm.oclc.org/doi/pdf/10.1021/sb400046t,https://pubs-acs-org.colorado.idm.oclc.org/asbcd6/article-pdf/2/6/293/12750045/sb400046t.pdf,ACS Publications via CU Boulder EZproxy,publishedVersion,,current_version_of_record_at_retrieval,authenticated_acs_version_of_record_pdf_endpoint,not_established,CU Boulder EZproxy authenticated browser,187658,f6a2060ef39a13fb7951412ad724c361c3e492ff5af015301b638975c1d20f7e,3,article_pdf,doi,1.0,
doi:10.1021/sb400048b,10.1021/sb400048b,2013,Discovery of Cryptic Polyketide Metabolites from Dermatophytes Using Heterologous Expression in Aspergillus nidulans,already_present,data/papers/2013/10.1021__sb400048b/publisher/paper.pdf,2026-09-03T02:47:13+00:00,https://pubs-acs-org.colorado.idm.oclc.org/doi/pdf/10.1021/sb400048b,https://pubs-acs-org.colorado.idm.oclc.org/asbcd6/article-pdf/2/11/629/15221917/sb400048b.pdf,ACS Publications via CU Boulder EZproxy,publishedVersion,,current_version_of_record_at_retrieval,authenticated_acs_version_of_record_pdf_endpoint,not_established,CU Boulder EZproxy authenticated browser,1921037,74ab041b454e4507070a2c118a7e9fa0602e5561f73ec7aefe0868af1713fa02,6,article_pdf,doi,1.0,
doi:10.1021/sb400050k,10.1021/sb400050k,2013,Expanding the Boolean Logic of the Prokaryotic Transcription Factor XylR by Functionalization of Permissive Sites with a Protease-Target Sequence,already_present,data/papers/2013/10.1021__sb400050k/publisher/paper.pdf,2026-09-03T02:47:10+00:00,https://pubs-acs-org.colorado.idm.oclc.org/doi/pdf/10.1021/sb400050k,https://pubs-acs-org.colorado.idm.oclc.org/asbcd6/article-pdf/2/10/594/12752577/sb400050k.pdf,ACS Publications via CU Boulder EZproxy,publishedVersion,,current_version_of_record_at_retrieval,authenticated_acs_version_of_record_pdf_endpoint,not_established,CU Boulder EZproxy authenticated browser,2008936,3fdf1069ff9637dd46a23ffe3ff12eacb3eaf246e712446adae6a3ca796bde72,10,article_pdf,doi,1.0,
doi:10.1021/sb400051t,10.1021/sb400051t,2013,Multiplex Iterative Plasmid Engineering for Combinatorial Optimization of Metabolic Pathways and Diversification of Protein Coding Sequences,already_present,data/papers/2013/10.1021__sb400051t/publisher/paper.pdf,2026-09-03T02:47:15+00:00,https://pubs-acs-org.colorado.idm.oclc.org/doi/pdf/10.1021/sb400051t,https://pubs-acs-org.colorado.idm.oclc.org/asbcd6/article-pdf/2/11/651/15222623/sb400051t.pdf,ACS Publications via CU Boulder EZproxy,publishedVersion,,current_version_of_record_at_retrieval,authenticated_acs_version_of_record_pdf_endpoint,not_established,CU Boulder EZproxy authenticated browser,2104057,bdd7c12fecdf88f48ac449744a4c2f89e90aa6355570ff8347ec5495ee2dc20a,11,article_pdf,doi,1.0,
doi:10.1021/sb4000542,10.1021/sb4000542,2013,Randomized BioBrick Assembly: A Novel DNA Assembly Method for Randomizing and Optimizing Genetic Circuits and Metabolic Pathways,already_present,data/papers/2013/10.1021__sb4000542/publisher/paper.pdf,2026-09-03T02:47:07+00:00,https://pubs-acs-org.colorado.idm.oclc.org/doi/pdf/10.1021/sb4000542,https://pubs-acs-org.colorado.idm.oclc.org/asbcd6/article-pdf/2/9/506/15258976/sb4000542.pdf,ACS Publications via CU Boulder EZproxy,publishedVersion,,current_version_of_record_at_retrieval,authenticated_acs_version_of_record_pdf_endpoint,not_established,CU Boulder EZproxy authenticated browser,4703169,fc06ade9a83d5b0522c82de9acb367cb438d3c64e2f4393d4752c07244e82a8b,13,article_pdf,doi,1.0,
doi:10.1021/sb400055h,10.1021/sb400055h,2013,Visualization of Evolutionary Stability Dynamics and Competitive Fitness of Escherichia coli Engineered with Randomized Multigene Circuits,already_present,data/papers/2013/10.1021__sb400055h/publisher/paper.pdf,2026-09-03T02:47:07+00:00,https://pubs-acs-org.colorado.idm.oclc.org/doi/pdf/10.1021/sb400055h,https://pubs-acs-org.colorado.idm.oclc.org/asbcd6/article-pdf/2/9/519/15258345/sb400055h.pdf,ACS Publications via CU Boulder EZproxy,publishedVersion,,current_version_of_record_at_retrieval,authenticated_acs_version_of_record_pdf_endpoint,not_established,CU Boulder EZproxy authenticated browser,3276173,46eb587a83ff8e5bb833f718d04c3c6466d1bcdbbe1deac15794d7e347f07ac8,10,article_pdf,doi,1.0,
doi:10.1021/sb4000564,10.1021/sb4000564,2013,Tuning Response Curves for Synthetic Biology,already_present,data/papers/2013/10.1021__sb4000564/publisher/paper.pdf,2026-09-03T02:47:05+00:00,https://pubs-acs-org.colorado.idm.oclc.org/doi/pdf/10.1021/sb4000564,https://pubs-acs-org.colorado.idm.oclc.org/asbcd6/article-pdf/2/10/547/12753417/sb4000564.pdf,ACS Publications via CU Boulder EZproxy,publishedVersion,,current_version_of_record_at_retrieval,authenticated_acs_version_of_record_pdf_endpoint,not_established,CU Boulder EZproxy authenticated browser,2810166,367124369256d99f6e56018ad96df1b1be46175ba0529bfa91f61b92d3c18218,21,article_pdf,doi,1.0,
doi:10.1021/sb400058n,10.1021/sb400058n,2013,Refactoring the Silent Spectinabilin Gene Cluster Using a Plug-and-Play Scaffold,already_present,data/papers/2013/10.1021__sb400058n/publisher/paper.pdf,2026-09-03T02:47:14+00:00,https://pubs-acs-org.colorado.idm.oclc.org/doi/pdf/10.1021/sb400058n,https://pubs-acs-org.colorado.idm.oclc.org/asbcd6/article-pdf/2/11/662/15222327/sb400058n.pdf,ACS Publications via CU Boulder EZproxy,publishedVersion,,current_version_of_record_at_retrieval,authenticated_acs_version_of_record_pdf_endpoint,not_established,CU Boulder EZproxy authenticated browser,1105672,ed5e38007153f40d4b625e54aebc3fd5fee04ddb1bd70f4c768de773d03ff87d,8,article_pdf,doi,1.0,
doi:10.1021/sb400067v,10.1021/sb400067v,2013,In Situ Overlap and Sequence Synthesis During DNA Assembly,already_present,data/papers/2013/10.1021__sb400067v/publisher/paper.pdf,2026-09-03T02:47:31+00:00,https://pubs-acs-org.colorado.idm.oclc.org/doi/pdf/10.1021/sb400067v,https://pubs-acs-org.colorado.idm.oclc.org/asbcd6/article-pdf/2/12/750/12753428/sb400067v.pdf,ACS Publications via CU Boulder EZproxy,publishedVersion,,current_version_of_record_at_retrieval,authenticated_acs_version_of_record_pdf_endpoint,not_established,CU Boulder EZproxy authenticated browser,755372,32e8ea95cea8d2f71b9ec4953dcffa8d2dc7aceb55946f61935c80a23f46c27d,6,article_pdf,doi,1.0,
doi:10.1021/sb400074w,10.1021/sb400074w,2013,PCR Amplification of 4′-ThioDNA Using 2′-Deoxy-4′-thionucleoside 5′-Triphosphates,already_present,data/papers/2013/10.1021__sb400074w/publisher/paper.pdf,2026-09-03T02:47:08+00:00,https://pubs-acs-org.colorado.idm.oclc.org/doi/pdf/10.1021/sb400074w,https://pubs-acs-org.colorado.idm.oclc.org/asbcd6/article-pdf/2/9/529/15258530/sb400074w.pdf,ACS Publications via CU Boulder EZproxy,publishedVersion,,current_version_of_record_at_retrieval,authenticated_acs_version_of_record_pdf_endpoint,not_established,CU Boulder EZproxy authenticated browser,1869742,99cd4e687f2c983237f7a8f83606607b0be518e8963e57cc7225420819cdeeec,8,article_pdf,doi,1.0,
doi:10.1021/sb400076r,10.1021/sb400076r,2013,"SCHEMA Computational Design of Virus Capsid Chimeras: Calibrating How Genome Packaging, Protection, and Transduction Correlate with Calculated Structural Disruption",already_present,data/papers/2013/10.1021__sb400076r/publisher/paper.pdf,2026-09-03T02:47:21+00:00,https://pubs-acs-org.colorado.idm.oclc.org/doi/pdf/10.1021/sb400076r,https://pubs-acs-org.colorado.idm.oclc.org/asbcd6/article-pdf/2/12/724/12754066/sb400076r.pdf,ACS Publications via CU Boulder EZproxy,publishedVersion,,current_version_of_record_at_retrieval,authenticated_acs_version_of_record_pdf_endpoint,not_established,CU Boulder EZproxy authenticated browser,4537023,35b1d816cc959a60b3e4e6c187237f50fb88207ad3d16b22f107461e9470122f,10,article_pdf,doi,1.0,
doi:10.1021/sb400079u,10.1021/sb400079u,2013,Escherichia coli with Two Linear Chromosomes,already_present,data/papers/2013/10.1021__sb400079u/publisher/paper.pdf,2026-09-03T02:47:24+00:00,https://pubs-acs-org.colorado.idm.oclc.org/doi/pdf/10.1021/sb400079u,https://pubs-acs-org.colorado.idm.oclc.org/asbcd6/article-pdf/2/12/734/12753709/sb400079u.pdf,ACS Publications via CU Boulder EZproxy,publishedVersion,,current_version_of_record_at_retrieval,authenticated_acs_version_of_record_pdf_endpoint,not_established,CU Boulder EZproxy authenticated browser,1829720,b034d78cfeda82ab33bb9f599410b3e0ff6266fc96230906485f5c307cb7ad37,7,article_pdf,doi,1.0,
doi:10.1021/sb4000806,10.1021/sb4000806,2013,Facile Method for Site-specific Gene Integration in Lysobacter enzymogenes for Yield Improvement of the Anti-MRSA Antibiotics WAP-8294A and the Antifungal Antibiotic HSAF,already_present,data/papers/2013/10.1021__sb4000806/publisher/paper.pdf,2026-09-03T02:47:18+00:00,https://pubs-acs-org.colorado.idm.oclc.org/doi/pdf/10.1021/sb4000806,https://pubs-acs-org.colorado.idm.oclc.org/asbcd6/article-pdf/2/11/670/15222939/sb4000806.pdf,ACS Publications via CU Boulder EZproxy,publishedVersion,,current_version_of_record_at_retrieval,authenticated_acs_version_of_record_pdf_endpoint,not_established,CU Boulder EZproxy authenticated browser,5069222,5fac9ec19e6337e2b3c8822afd60f02ad0ff0fec0bfaf3c0a4d13fdf2b9c7475,9,article_pdf,doi,1.0,
doi:10.1021/sb400081r,10.1021/sb400081r,2013,Tunable and Multifunctional Eukaryotic Transcription Factors Based on CRISPR/Cas,already_present,data/papers/2013/10.1021__sb400081r/publisher/paper.pdf,2026-09-03T02:47:13+00:00,https://pubs-acs-org.colorado.idm.oclc.org/doi/pdf/10.1021/sb400081r,https://pubs-acs-org.colorado.idm.oclc.org/asbcd6/article-pdf/2/10/604/12752048/sb400081r.pdf,ACS Publications via CU Boulder EZproxy,publishedVersion,,current_version_of_record_at_retrieval,authenticated_acs_version_of_record_pdf_endpoint,not_established,CU Boulder EZproxy authenticated browser,1665672,3ce9b58970309c1bcb0107d4d06ac2d1fb89dbdf985a510f84dae55943a4b7ff,10,article_pdf,doi,1.0,
doi:10.1021/sb400086p,10.1021/sb400086p,2013,Genetic Sensor for Strong Methylating Compounds,already_present,data/papers/2013/10.1021__sb400086p/publisher/paper.pdf,2026-09-03T02:47:11+00:00,https://pubs-acs-org.colorado.idm.oclc.org/doi/pdf/10.1021/sb400086p,https://pubs-acs-org.colorado.idm.oclc.org/asbcd6/article-pdf/2/10/614/12752869/sb400086p.pdf,ACS Publications via CU Boulder EZproxy,publishedVersion,,current_version_of_record_at_retrieval,authenticated_acs_version_of_record_pdf_endpoint,not_established,CU Boulder EZproxy authenticated browser,1829344,01f1a05c0ba557ff3d7f1722a89bebc6105117ccb4a61c3efddddcca5466ee30,11,article_pdf,doi,1.0,
doi:10.1021/sb400117c,10.1021/sb400117c,2013,Yeast Oligo-Mediated Genome Engineering (YOGE),already_present,data/papers/2013/10.1021__sb400117c/publisher/paper.pdf,2026-09-03T02:47:25+00:00,https://pubs-acs-org.colorado.idm.oclc.org/doi/pdf/10.1021/sb400117c,https://pubs-acs-org.colorado.idm.oclc.org/asbcd6/article-pdf/2/12/741/12753593/sb400117c.pdf,ACS Publications via CU Boulder EZproxy,publishedVersion,,current_version_of_record_at_retrieval,authenticated_acs_version_of_record_pdf_endpoint,not_established,CU Boulder EZproxy authenticated browser,1671086,efa4cfbb6c4fe0a93f922e4254cc8fa9bbd7acdd73b23cea6708cbb1ac34b697,9,article_pdf,doi,1.0,
doi:10.1021/sb3000673,10.1021/sb3000673,2014,Combinatorial Biosynthesis of Cyclic Lipopeptide Antibiotics: A Model for Synthetic Biology To Accelerate the Evolution of Secondary Metabolite Biosynthetic Pathways,already_present,data/papers/2014/10.1021__sb3000673/publisher/paper.pdf,2026-09-03T03:07:02+00:00,https://pubs-acs-org.colorado.idm.oclc.org/doi/pdf/10.1021/sb3000673,https://pubs-acs-org.colorado.idm.oclc.org/asbcd6/article-pdf/3/10/748/12761123/sb3000673.pdf,ACS Publications via CU Boulder EZproxy,publishedVersion,,current_version_of_record_at_retrieval,authenticated_acs_version_of_record_pdf_endpoint,not_established,CU Boulder EZproxy authenticated session (curl-cffi),1260414,6205132c528a25a2d789be5b8969578f6f1220a9cfec7cef66e812bbe14dac3c,11,article_pdf,doi,1.0,
doi:10.1021/sb3000723,10.1021/sb3000723,2014,A Novel and Stable Mouse Artificial Chromosome Vector,already_present,data/papers/2014/10.1021__sb3000723/publisher/paper.pdf,2026-09-03T03:07:40+00:00,https://pubs-acs-org.colorado.idm.oclc.org/doi/pdf/10.1021/sb3000723,https://pubs-acs-org.colorado.idm.oclc.org/asbcd6/article-pdf/3/12/903/16832257/sb3000723.pdf,ACS Publications via CU Boulder EZproxy,publishedVersion,,current_version_of_record_at_retrieval,authenticated_acs_version_of_record_pdf_endpoint,not_established,CU Boulder EZproxy authenticated session (curl-cffi),6557952,b6d619d2dea2bf43486fc7daf611e0c78b78fff0942d94e300a186e3626ba436,12,article_pdf,doi,1.0,
doi:10.1021/sb300079h,10.1021/sb300079h,2014,Novel SyntheticMedeaSelfish Genetic Elements Drive Population Replacement inDrosophila; a Theoretical Exploration ofMedea-Dependent Population Suppression,already_present,data/papers/2014/10.1021__sb300079h/publisher/paper.pdf,2026-09-03T03:07:40+00:00,https://pubs-acs-org.colorado.idm.oclc.org/doi/pdf/10.1021/sb300079h,https://pubs-acs-org.colorado.idm.oclc.org/asbcd6/article-pdf/3/12/915/16832302/sb300079h.pdf,ACS Publications via CU Boulder EZproxy,publishedVersion,,current_version_of_record_at_retrieval,authenticated_acs_version_of_record_pdf_endpoint,not_established,CU Boulder EZproxy authenticated session (curl-cffi),1714533,9a5eb78b7f41edfd26e1bfc7370c803f2bcd079c31c6adb6a814fc802d1eebbf,14,article_pdf,doi,1.0,
doi:10.1021/sb300080t,10.1021/sb300080t,2014,Modular Construction of a Functional Artificial Epothilone Polyketide Pathway,already_present,data/papers/2014/10.1021__sb300080t/publisher/paper.pdf,2026-09-03T03:07:07+00:00,https://pubs-acs-org.colorado.idm.oclc.org/doi/pdf/10.1021/sb300080t,https://pubs-acs-org.colorado.idm.oclc.org/asbcd6/article-pdf/3/10/759/12762191/sb300080t.pdf,ACS Publications via CU Boulder EZproxy,publishedVersion,,current_version_of_record_at_retrieval,authenticated_acs_version_of_record_pdf_endpoint,not_established,CU Boulder EZproxy authenticated session (curl-cffi),2013633,75eed1f60b549832d6c718210ddbc5ffaf6e57269291028df08810171686c359,14,article_pdf,doi,1.0,
doi:10.1021/sb400052f,10.1021/sb400052f,2014,Biological Noise Abatement: Coordinating the Responses of Autonomous Bacteria in a Synthetic Biofilm to a Fluctuating Environment Using a Stochastic Bistable Switch,already_present,data/papers/2014/10.1021__sb400052f/publisher/paper.pdf,2026-09-03T02:57:41+00:00,https://pubs-acs-org.colorado.idm.oclc.org/doi/pdf/10.1021/sb400052f,https://pubs-acs-org.colorado.idm.oclc.org/asbcd6/article-pdf/3/5/286/15258985/sb400052f.pdf,ACS Publications via CU Boulder EZproxy,publishedVersion,,current_version_of_record_at_retrieval,authenticated_acs_version_of_record_pdf_endpoint,not_established,CU Boulder EZproxy authenticated session (curl-cffi),4559492,b90f1e5c6b91b68bb99037de3d0c4dae30bf9446eec26823cc21f61f80b39d3f,12,article_pdf,doi,1.0,
doi:10.1021/sb400053b,10.1021/sb400053b,2014,Genetically Encoded Sender–Receiver System in 3D Mammalian Cell Culture,already_present,data/papers/2014/10.1021__sb400053b/publisher/paper.pdf,2026-09-03T02:57:31+00:00,https://pubs-acs-org.colorado.idm.oclc.org/doi/pdf/10.1021/sb400053b,https://pubs-acs-org.colorado.idm.oclc.org/asbcd6/article-pdf/3/5/264/15259083/sb400053b.pdf,ACS Publications via CU Boulder EZproxy,publishedVersion,,current_version_of_record_at_retrieval,authenticated_acs_version_of_record_pdf_endpoint,not_established,CU Boulder EZproxy authenticated session (curl-cffi),4225679,3de39408a5e1d6adda195463e28976ed9bd5ac49ae0588c7229ed41461776942,9,article_pdf,doi,1.0,
doi:10.1021/sb400059y,10.1021/sb400059y,2014,Taking Control over Control: Use of Product Sensing in Single Cells to Remove Flux Control at Key Enzymes in Biosynthesis Pathways,already_present,data/papers/2014/10.1021__sb400059y/publisher/paper.pdf,2026-09-03T02:47:28+00:00,https://pubs-acs-org.colorado.idm.oclc.org/doi/pdf/10.1021/sb400059y,https://pubs-acs-org.colorado.idm.oclc.org/asbcd6/article-pdf/3/1/21/15258663/sb400059y.pdf,ACS Publications via CU Boulder EZproxy,publishedVersion,,current_version_of_record_at_retrieval,authenticated_acs_version_of_record_pdf_endpoint,not_established,CU Boulder EZproxy authenticated browser,1981426,0b718e6ae767a4b0a1579d0a151591508eda90f93e6ff980d0f63b324402a284,9,article_pdf,doi,1.0,
doi:10.1021/sb400064y,10.1021/sb400064y,2014,Engineering Multicellular Logic in Bacteria with Metabolic Wires,already_present,data/papers/2014/10.1021__sb400064y/publisher/paper.pdf,2026-09-03T02:57:11+00:00,https://pubs-acs-org.colorado.idm.oclc.org/doi/pdf/10.1021/sb400064y,https://pubs-acs-org.colorado.idm.oclc.org/asbcd6/article-pdf/3/4/204/12750760/sb400064y.pdf,ACS Publications via CU Boulder EZproxy,publishedVersion,,current_version_of_record_at_retrieval,authenticated_acs_version_of_record_pdf_endpoint,not_established,CU Boulder EZproxy authenticated session (curl-cffi),1797595,f405ffb91584655b8556fac5899efaa6cc04a189a00dfadc0239158af53d1366,6,article_pdf,doi,1.0,
doi:10.1021/sb400065q,10.1021/sb400065q,2014,Enhancing Tolerance to Short-Chain Alcohols by Engineering the Escherichia coli AcrB Efflux Pump to Secrete the Non-native Substrate n-Butanol,already_present,data/papers/2014/10.1021__sb400065q/publisher/paper.pdf,2026-09-03T02:47:30+00:00,https://pubs-acs-org.colorado.idm.oclc.org/doi/pdf/10.1021/sb400065q,https://pubs-acs-org.colorado.idm.oclc.org/asbcd6/article-pdf/3/1/30/15258911/sb400065q.pdf,ACS Publications via CU Boulder EZproxy,publishedVersion,,current_version_of_record_at_retrieval,authenticated_acs_version_of_record_pdf_endpoint,not_established,CU Boulder EZproxy authenticated browser,3864237,bd579e5bc87f7f804b636a907f4ab06c85e61f7fffae8d52c204850e533e5ed7,11,article_pdf,doi,1.0,
doi:10.1021/sb400066m,10.1021/sb400066m,2014,A Methodology to Annotate Systems Biology Markup Language Models with the Synthetic Biology Open Language,already_present,data/papers/2014/10.1021__sb400066m/publisher/paper.pdf,2026-09-03T02:47:30+00:00,https://pubs-acs-org.colorado.idm.oclc.org/doi/pdf/10.1021/sb400066m,https://pubs-acs-org.colorado.idm.oclc.org/asbcd6/article-pdf/3/2/57/16683603/sb400066m.pdf,ACS Publications via CU Boulder EZproxy,publishedVersion,,current_version_of_record_at_retrieval,authenticated_acs_version_of_record_pdf_endpoint,not_established,CU Boulder EZproxy authenticated browser,2031748,efbd3e085d76884bb326de526d908f03224376b0a696050952c967d903dd62ed,10,article_pdf,doi,1.0,
doi:10.1021/sb400068z,10.1021/sb400068z,2014,"Evolved Quorum Sensing Regulator, LsrR, for Altered Switching Functions",already_present,data/papers/2014/10.1021__sb400068z/publisher/paper.pdf,2026-09-03T02:57:14+00:00,https://pubs-acs-org.colorado.idm.oclc.org/doi/pdf/10.1021/sb400068z,https://pubs-acs-org.colorado.idm.oclc.org/asbcd6/article-pdf/3/4/210/12752331/sb400068z.pdf,ACS Publications via CU Boulder EZproxy,publishedVersion,,current_version_of_record_at_retrieval,authenticated_acs_version_of_record_pdf_endpoint,not_established,CU Boulder EZproxy authenticated session (curl-cffi),3573507,acdcac5a0b1b8af60ef2020dc4aab09ec32554cd995aeb2f0b8473378cee4dfd,10,article_pdf,doi,1.0,
doi:10.1021/sb400069w,10.1021/sb400069w,2014,Generic Metric to Quantify Quorum Sensing Activation Dynamics,already_present,data/papers/2014/10.1021__sb400069w/publisher/paper.pdf,2026-09-03T02:57:18+00:00,https://pubs-acs-org.colorado.idm.oclc.org/doi/pdf/10.1021/sb400069w,https://pubs-acs-org.colorado.idm.oclc.org/asbcd6/article-pdf/3/4/220/12751079/sb400069w.pdf,ACS Publications via CU Boulder EZproxy,publishedVersion,,current_version_of_record_at_retrieval,authenticated_acs_version_of_record_pdf_endpoint,not_established,CU Boulder EZproxy authenticated session (curl-cffi),2114920,154e727f64aa79168e840d19d63af32e3cf62574103d72d74bf81e95613f2984,8,article_pdf,doi,1.0,
doi:10.1021/sb400070q,10.1021/sb400070q,2014,Creation of Cellobiose and Xylooligosaccharides-Coutilizing Escherichia coli Displaying both β-Glucosidase and β-Xylosidase on Its Cell Surface,already_present,data/papers/2014/10.1021__sb400070q/publisher/paper.pdf,2026-09-03T03:06:02+00:00,https://pubs-acs-org.colorado.idm.oclc.org/doi/pdf/10.1021/sb400070q,https://pubs-acs-org.colorado.idm.oclc.org/asbcd6/article-pdf/3/7/446/15223086/sb400070q.pdf,ACS Publications via CU Boulder EZproxy,publishedVersion,,current_version_of_record_at_retrieval,authenticated_acs_version_of_record_pdf_endpoint,not_established,CU Boulder EZproxy authenticated session (curl-cffi),2102757,0f1c287aa891e5361bf88303c7da64afbe7b364e8e3e53ca316d7f63527e120c,8,article_pdf,doi,1.0,
doi:10.1021/sb4000756,10.1021/sb4000756,2014,Thrombin-Mediated Transcriptional Regulation Using DNA Aptamers in DNA-Based Cell-Free Protein Synthesis,already_present,data/papers/2014/10.1021__sb4000756/publisher/paper.pdf,2026-09-03T02:58:07+00:00,https://pubs-acs-org.colorado.idm.oclc.org/doi/pdf/10.1021/sb4000756,https://pubs-acs-org.colorado.idm.oclc.org/asbcd6/article-pdf/3/6/340/12764135/sb4000756.pdf,ACS Publications via CU Boulder EZproxy,publishedVersion,,current_version_of_record_at_retrieval,authenticated_acs_version_of_record_pdf_endpoint,not_established,CU Boulder EZproxy authenticated session (curl-cffi),755745,0c24cd194dce400300c7a9d5d513aec7d99289765ddbfa3e976019a1de624000,7,article_pdf,doi,1.0,
doi:10.1021/sb400077j,10.1021/sb400077j,2014,Reprogramming Microbes to Be Pathogen-Seeking Killers,already_present,data/papers/2014/10.1021__sb400077j/publisher/paper.pdf,2026-09-03T02:57:21+00:00,https://pubs-acs-org.colorado.idm.oclc.org/doi/pdf/10.1021/sb400077j,https://pubs-acs-org.colorado.idm.oclc.org/asbcd6/article-pdf/3/4/228/12752539/sb400077j.pdf,ACS Publications via CU Boulder EZproxy,publishedVersion,,current_version_of_record_at_retrieval,authenticated_acs_version_of_record_pdf_endpoint,not_established,CU Boulder EZproxy authenticated session (curl-cffi),4257601,9e8529eefaa5a4ede69fe69feb64e02fbfb77d2ba4f6ff1d842a9a616a782bcd,10,article_pdf,doi,1.0,
doi:10.1021/sb4000788,10.1021/sb4000788,2014,Rewiring the Wax Ester Production Pathway of Acinetobacter baylyi ADP1,already_present,data/papers/2014/10.1021__sb4000788/publisher/paper.pdf,2026-09-03T02:47:38+00:00,https://pubs-acs-org.colorado.idm.oclc.org/doi/pdf/10.1021/sb4000788,https://pubs-acs-org.colorado.idm.oclc.org/asbcd6/article-pdf/3/3/145/15222883/sb4000788.pdf,ACS Publications via CU Boulder EZproxy,publishedVersion,,current_version_of_record_at_retrieval,authenticated_acs_version_of_record_pdf_endpoint,not_established,CU Boulder EZproxy authenticated browser,1351100,721a4c2a5b7d5ee75ad79ce7bfd92344a4621952a9edca0fbca04b8b832ed3d3,7,article_pdf,doi,1.0,
doi:10.1021/sb400082j,10.1021/sb400082j,2014,Reconstituted Biosynthesis of the Nonribosomal Macrolactone Antibiotic Valinomycin in Escherichia coli,already_present,data/papers/2014/10.1021__sb400082j/publisher/paper.pdf,2026-09-03T03:05:28+00:00,https://pubs-acs-org.colorado.idm.oclc.org/doi/pdf/10.1021/sb400082j,https://pubs-acs-org.colorado.idm.oclc.org/asbcd6/article-pdf/3/7/432/15221603/sb400082j.pdf,ACS Publications via CU Boulder EZproxy,publishedVersion,,current_version_of_record_at_retrieval,authenticated_acs_version_of_record_pdf_endpoint,not_established,CU Boulder EZproxy authenticated session (curl-cffi),2478052,487d4a30277c1857c0b4d8df1ca467e9baf634b1435d99042c0e9188fe150c47,7,article_pdf,doi,1.0,
doi:10.1021/sb4000838,10.1021/sb4000838,2014,Heat-Inducible Gene Expression System by Applying Alternating Magnetic Field to Magnetic Nanoparticles,already_present,data/papers/2014/10.1021__sb4000838/publisher/paper.pdf,2026-09-03T02:57:34+00:00,https://pubs-acs-org.colorado.idm.oclc.org/doi/pdf/10.1021/sb4000838,https://pubs-acs-org.colorado.idm.oclc.org/asbcd6/article-pdf/3/5/273/15258547/sb4000838.pdf,ACS Publications via CU Boulder EZproxy,publishedVersion,,current_version_of_record_at_retrieval,authenticated_acs_version_of_record_pdf_endpoint,not_established,CU Boulder EZproxy authenticated session (curl-cffi),2350580,3ed6b87be7c89e7a53a9412a058243ed6e4283653cd182e59c39ff1ead919330,7,article_pdf,doi,1.0,
doi:10.1021/sb400087e,10.1021/sb400087e,2014,Cell-free Protein Synthesis in a Microchamber Revealed the Presence of an Optimum Compartment Volume for High-order Reactions,already_present,data/papers/2014/10.1021__sb400087e/publisher/paper.pdf,2026-09-03T03:05:09+00:00,https://pubs-acs-org.colorado.idm.oclc.org/doi/pdf/10.1021/sb400087e,https://pubs-acs-org.colorado.idm.oclc.org/asbcd6/article-pdf/3/6/347/12763106/sb400087e.pdf,ACS Publications via CU Boulder EZproxy,publishedVersion,,current_version_of_record_at_retrieval,authenticated_acs_version_of_record_pdf_endpoint,not_established,CU Boulder EZproxy authenticated session (curl-cffi),797733,200aacc2cab2a0d49d1a7045bea0af37e3da828fd1ad9b0b7ff2d6f23b8ae7fc,6,article_pdf,doi,1.0,
doi:10.1021/sb400089c,10.1021/sb400089c,2014,The Spinach RNA Aptamer as a Characterization Tool for Synthetic Biology,already_present,data/papers/2014/10.1021__sb400089c/publisher/paper.pdf,2026-09-03T02:57:02+00:00,https://pubs-acs-org.colorado.idm.oclc.org/doi/pdf/10.1021/sb400089c,https://pubs-acs-org.colorado.idm.oclc.org/asbcd6/article-pdf/3/3/182/15222513/sb400089c.pdf,ACS Publications via CU Boulder EZproxy,publishedVersion,,current_version_of_record_at_retrieval,authenticated_acs_version_of_record_pdf_endpoint,not_established,CU Boulder EZproxy authenticated session (curl-cffi),2352136,aeb8676ccd47715780bf2da0efc356be82d1258a3531b9c2e7b9a8e836400293,6,article_pdf,doi,1.0,
doi:10.1021/sb400090s,10.1021/sb400090s,2014,Optogenetic Control of Protein Kinase Activity in Mammalian Cells,already_present,data/papers/2014/10.1021__sb400090s/publisher/paper.pdf,2026-09-03T02:57:37+00:00,https://pubs-acs-org.colorado.idm.oclc.org/doi/pdf/10.1021/sb400090s,https://pubs-acs-org.colorado.idm.oclc.org/asbcd6/article-pdf/3/5/280/15259374/sb400090s.pdf,ACS Publications via CU Boulder EZproxy,publishedVersion,,current_version_of_record_at_retrieval,authenticated_acs_version_of_record_pdf_endpoint,not_established,CU Boulder EZproxy authenticated session (curl-cffi),3270700,f713cb64a42dd1731feec92c916329362e4343be6728a056b7dcd7eadc56eb0a,6,article_pdf,doi,1.0,
doi:10.1021/sb400091p,10.1021/sb400091p,2014,Synthetic Core Promoters for Pichia pastoris,already_present,data/papers/2014/10.1021__sb400091p/publisher/paper.pdf,2026-09-03T02:57:05+00:00,https://pubs-acs-org.colorado.idm.oclc.org/doi/pdf/10.1021/sb400091p,https://pubs-acs-org.colorado.idm.oclc.org/asbcd6/article-pdf/3/3/188/15223316/sb400091p.pdf,ACS Publications via CU Boulder EZproxy,publishedVersion,,current_version_of_record_at_retrieval,authenticated_acs_version_of_record_pdf_endpoint,not_established,CU Boulder EZproxy authenticated session (curl-cffi),951981,24145f5c38ea8b265b6f421a2e687f35edfeb9b36a238bdb6e62f6dd603a0ec9,4,article_pdf,doi,1.0,
doi:10.1021/sb400093x,10.1021/sb400093x,2014,Development of an NADPH-Dependent Homophenylalanine Dehydrogenase by Protein Engineering,already_present,data/papers/2014/10.1021__sb400093x/publisher/paper.pdf,2026-09-03T02:47:28+00:00,https://pubs-acs-org.colorado.idm.oclc.org/doi/pdf/10.1021/sb400093x,https://pubs-acs-org.colorado.idm.oclc.org/asbcd6/article-pdf/3/1/13/15258798/sb400093x.pdf,ACS Publications via CU Boulder EZproxy,publishedVersion,,current_version_of_record_at_retrieval,authenticated_acs_version_of_record_pdf_endpoint,not_established,CU Boulder EZproxy authenticated browser,1749562,fc07d798083c9dfd15b3a7967c0b3a142cd67d6788074a5c9fea9f53830dbc70,8,article_pdf,doi,1.0,
doi:10.1021/sb400094c,10.1021/sb400094c,2014,In Vitro Membrane Protein Synthesis Inside Cell-Sized Vesicles Reveals the Dependence of Membrane Protein Integration on Vesicle Volume,already_present,data/papers/2014/10.1021__sb400094c/publisher/paper.pdf,2026-09-03T03:05:14+00:00,https://pubs-acs-org.colorado.idm.oclc.org/doi/pdf/10.1021/sb400094c,https://pubs-acs-org.colorado.idm.oclc.org/asbcd6/article-pdf/3/6/372/12763469/sb400094c.pdf,ACS Publications via CU Boulder EZproxy,publishedVersion,,current_version_of_record_at_retrieval,authenticated_acs_version_of_record_pdf_endpoint,not_established,CU Boulder EZproxy authenticated session (curl-cffi),2735214,29fe80c52abe51cc29c8dc5eb914bfc35610dbf181156f7602c3a997db76fc0f,8,article_pdf,doi,1.0,
doi:10.1021/sb4000959,10.1021/sb4000959,2014,Improving the Gene-Regulation Ability of Small RNAs by Scaffold Engineering in Escherichia coli,already_present,data/papers/2014/10.1021__sb4000959/publisher/paper.pdf,2026-09-03T02:47:40+00:00,https://pubs-acs-org.colorado.idm.oclc.org/doi/pdf/10.1021/sb4000959,https://pubs-acs-org.colorado.idm.oclc.org/asbcd6/article-pdf/3/3/152/15223401/sb4000959.pdf,ACS Publications via CU Boulder EZproxy,publishedVersion,,current_version_of_record_at_retrieval,authenticated_acs_version_of_record_pdf_endpoint,not_established,CU Boulder EZproxy authenticated browser,3884533,3228cc56a4c0266d1e6194b3667b36c47c424419bef31059628c1dd81266b2bc,11,article_pdf,doi,1.0,
doi:10.1021/sb4000965,10.1021/sb4000965,2014,Quorum Sensing-Modulated AND-Gate Promoters Control Gene Expression in Response to a Combination of Endogenous and Exogenous Signals,already_present,data/papers/2014/10.1021__sb4000965/publisher/paper.pdf,2026-09-03T02:57:25+00:00,https://pubs-acs-org.colorado.idm.oclc.org/doi/pdf/10.1021/sb4000965,https://pubs-acs-org.colorado.idm.oclc.org/asbcd6/article-pdf/3/4/238/12752039/sb4000965.pdf,ACS Publications via CU Boulder EZproxy,publishedVersion,,current_version_of_record_at_retrieval,authenticated_acs_version_of_record_pdf_endpoint,not_established,CU Boulder EZproxy authenticated session (curl-cffi),2853145,b1cf17bdd5b6f715ad2a6e5f30c464263713cc8b0b178ccb05dce17f8cb7ac04,9,article_pdf,doi,1.0,
doi:10.1021/sb4000977,10.1021/sb4000977,2014,Gene Position More Strongly Influences Cell-Free Protein Expression from Operons than T7 Transcriptional Promoter Strength,already_present,data/papers/2014/10.1021__sb4000977/publisher/paper.pdf,2026-09-03T03:05:15+00:00,https://pubs-acs-org.colorado.idm.oclc.org/doi/pdf/10.1021/sb4000977,https://pubs-acs-org.colorado.idm.oclc.org/asbcd6/article-pdf/3/6/363/12764626/sb4000977.pdf,ACS Publications via CU Boulder EZproxy,publishedVersion,,current_version_of_record_at_retrieval,authenticated_acs_version_of_record_pdf_endpoint,not_established,CU Boulder EZproxy authenticated session (curl-cffi),1831366,de62f1c6df6ecd0d2295404025c2bb9fc25534764b7a51008b82ab407e8004f1,9,article_pdf,doi,1.0,
doi:10.1021/sb4000993,10.1021/sb4000993,2014,Annexation of a High-Activity Enzyme in a Synthetic Three-Enzyme Complex Greatly Decreases the Degree of Substrate Channeling,already_present,data/papers/2014/10.1021__sb4000993/publisher/paper.pdf,2026-09-03T03:05:18+00:00,https://pubs-acs-org.colorado.idm.oclc.org/doi/pdf/10.1021/sb4000993,https://pubs-acs-org.colorado.idm.oclc.org/asbcd6/article-pdf/3/6/380/12764400/sb4000993.pdf,ACS Publications via CU Boulder EZproxy,publishedVersion,,current_version_of_record_at_retrieval,authenticated_acs_version_of_record_pdf_endpoint,not_established,CU Boulder EZproxy authenticated session (curl-cffi),2820514,549a0900322e4b4fc0e0a480085b24bb070fbc154c4613f6f9c83d81df49c229,7,article_pdf,doi,1.0,
doi:10.1021/sb400102w,10.1021/sb400102w,2014,General Applicability of Synthetic Gene-Overexpression for Cell-Type Ratio Control via Reprogramming,already_present,data/papers/2014/10.1021__sb400102w/publisher/paper.pdf,2026-09-03T03:06:40+00:00,https://pubs-acs-org.colorado.idm.oclc.org/doi/pdf/10.1021/sb400102w,https://pubs-acs-org.colorado.idm.oclc.org/asbcd6/article-pdf/3/9/638/15258725/sb400102w.pdf,ACS Publications via CU Boulder EZproxy,publishedVersion,,current_version_of_record_at_retrieval,authenticated_acs_version_of_record_pdf_endpoint,not_established,CU Boulder EZproxy authenticated session (curl-cffi),2120643,78ab661c7de821028062ccddce9d9e3b71267639bd92e5564da932bfd6dd2906,7,article_pdf,doi,1.0,
doi:10.1021/sb4001068,10.1021/sb4001068,2014,Designing Synthetic Biology,already_present,data/papers/2014/10.1021__sb4001068/publisher/paper.pdf,2026-09-03T02:47:35+00:00,https://pubs-acs-org.colorado.idm.oclc.org/doi/pdf/10.1021/sb4001068,https://pubs-acs-org.colorado.idm.oclc.org/asbcd6/article-pdf/3/3/121/15221881/sb4001068.pdf,ACS Publications via CU Boulder EZproxy,publishedVersion,,current_version_of_record_at_retrieval,authenticated_acs_version_of_record_pdf_endpoint,not_established,CU Boulder EZproxy authenticated browser,323936,6051f5ea81a65c77b14362f312c665d517d64847e2cefd03b2cec218ba2d8421,8,article_pdf,doi,1.0,
doi:10.1021/sb400109p,10.1021/sb400109p,2014,FairyTALE: A High-Throughput TAL Effector Synthesis Platform,already_present,data/papers/2014/10.1021__sb400109p/publisher/paper.pdf,2026-09-03T02:47:31+00:00,https://pubs-acs-org.colorado.idm.oclc.org/doi/pdf/10.1021/sb400109p,https://pubs-acs-org.colorado.idm.oclc.org/asbcd6/article-pdf/3/2/67/16683563/sb400109p.pdf,ACS Publications via CU Boulder EZproxy,publishedVersion,,current_version_of_record_at_retrieval,authenticated_acs_version_of_record_pdf_endpoint,not_established,CU Boulder EZproxy authenticated browser,1583114,2321958cd492e0d4c5c1b806fee2bce9d4862601d9e3f9df89ae3c03108b36d1,7,article_pdf,doi,1.0,
doi:10.1021/sb400110j,10.1021/sb400110j,2014,SoxR as a Single-Cell Biosensor for NADPH-Consuming Enzymes in Escherichia coli,already_present,data/papers/2014/10.1021__sb400110j/publisher/paper.pdf,2026-09-03T02:47:33+00:00,https://pubs-acs-org.colorado.idm.oclc.org/doi/pdf/10.1021/sb400110j,https://pubs-acs-org.colorado.idm.oclc.org/asbcd6/article-pdf/3/1/41/15258274/sb400110j.pdf,ACS Publications via CU Boulder EZproxy,publishedVersion,,current_version_of_record_at_retrieval,authenticated_acs_version_of_record_pdf_endpoint,not_established,CU Boulder EZproxy authenticated browser,1486911,c5ee42cd907fed41928c02d3e8b182d537698c51e2b6139c331b0a2a1a833a2a,7,article_pdf,doi,1.0,
doi:10.1021/sb4001118,10.1021/sb4001118,2014,Solution Structure of a Bacterial Microcompartment Targeting Peptide and Its Application in the Construction of an Ethanol Bioreactor,already_present,data/papers/2014/10.1021__sb4001118/publisher/paper.pdf,2026-09-03T03:06:09+00:00,https://pubs-acs-org.colorado.idm.oclc.org/doi/pdf/10.1021/sb4001118,https://pubs-acs-org.colorado.idm.oclc.org/asbcd6/article-pdf/3/7/454/15223260/sb4001118.pdf,ACS Publications via CU Boulder EZproxy,publishedVersion,,current_version_of_record_at_retrieval,authenticated_acs_version_of_record_pdf_endpoint,not_established,CU Boulder EZproxy authenticated session (curl-cffi),8674646,606f4ccdf3b5a04cbbbc9c58749271c27d9ea4f62ca7d583165c34467975d193,12,article_pdf,doi,1.0,
doi:10.1021/sb400112u,10.1021/sb400112u,2014,Toward a Generalized and High-throughput Enzyme Screening System Based on Artificial Genetic Circuits,already_present,data/papers/2014/10.1021__sb400112u/publisher/paper.pdf,2026-09-03T02:56:21+00:00,https://pubs-acs-org.colorado.idm.oclc.org/doi/pdf/10.1021/sb400112u,https://pubs-acs-org.colorado.idm.oclc.org/asbcd6/article-pdf/3/3/163/15223090/sb400112u.pdf,ACS Publications via CU Boulder EZproxy,publishedVersion,,current_version_of_record_at_retrieval,authenticated_acs_version_of_record_pdf_endpoint,not_established,CU Boulder EZproxy authenticated session (curl-cffi),2146400,9299e53bd8e78ec0ad857611763febf1c1c640200ab0f6525917aa5e5bad18a2,9,article_pdf,doi,1.0,
doi:10.1021/sb400114p,10.1021/sb400114p,2014,Regulation of Endogenous Human Gene Expression by Ligand-Inducible TALE Transcription Factors,already_present,data/papers/2014/10.1021__sb400114p/publisher/paper.pdf,2026-09-03T03:06:57+00:00,https://pubs-acs-org.colorado.idm.oclc.org/doi/pdf/10.1021/sb400114p,https://pubs-acs-org.colorado.idm.oclc.org/asbcd6/article-pdf/3/10/723/12761590/sb400114p.pdf,ACS Publications via CU Boulder EZproxy,publishedVersion,,current_version_of_record_at_retrieval,authenticated_acs_version_of_record_pdf_endpoint,not_established,CU Boulder EZproxy authenticated session (curl-cffi),1820124,24372e57feacd60e8264cf78af4d729566e2153915d20c13ea1aeacf9934e7de,8,article_pdf,doi,1.0,
doi:10.1021/sb400115e,10.1021/sb400115e,2014,Engineering Monoterpene Production in Yeast Using a Synthetic Dominant Negative Geranyl Diphosphate Synthase,already_present,data/papers/2014/10.1021__sb400115e/publisher/paper.pdf,2026-09-03T02:57:43+00:00,https://pubs-acs-org.colorado.idm.oclc.org/doi/pdf/10.1021/sb400115e,https://pubs-acs-org.colorado.idm.oclc.org/asbcd6/article-pdf/3/5/298/15258620/sb400115e.pdf,ACS Publications via CU Boulder EZproxy,publishedVersion,,current_version_of_record_at_retrieval,authenticated_acs_version_of_record_pdf_endpoint,not_established,CU Boulder EZproxy authenticated session (curl-cffi),1761244,b0cf2284126bc201b9f9679216fe09cde4eb164dd17b776587fbcc0c3be77a40,9,article_pdf,doi,1.0,
doi:10.1021/sb400116x,10.1021/sb400116x,2014,Direct Polymerization of Proteins,already_present,data/papers/2014/10.1021__sb400116x/publisher/paper.pdf,2026-09-03T03:05:11+00:00,https://pubs-acs-org.colorado.idm.oclc.org/doi/pdf/10.1021/sb400116x,https://pubs-acs-org.colorado.idm.oclc.org/asbcd6/article-pdf/3/6/353/12765339/sb400116x.pdf,ACS Publications via CU Boulder EZproxy,publishedVersion,,current_version_of_record_at_retrieval,authenticated_acs_version_of_record_pdf_endpoint,not_established,CU Boulder EZproxy authenticated session (curl-cffi),8947655,fed96591d8c3187a3e53c76b1df03441a5ca83fab330fcf725cd84654d588148,10,article_pdf,doi,1.0,
doi:10.1021/sb4001245,10.1021/sb4001245,2014,Using Synthetic Biological Parts and Microbioreactors to Explore the Protein Expression Characteristics of Escherichia coli,already_present,data/papers/2014/10.1021__sb4001245/publisher/paper.pdf,2026-09-03T02:47:35+00:00,https://pubs-acs-org.colorado.idm.oclc.org/doi/pdf/10.1021/sb4001245,https://pubs-acs-org.colorado.idm.oclc.org/asbcd6/article-pdf/3/3/129/15223203/sb4001245.pdf,ACS Publications via CU Boulder EZproxy,publishedVersion,,current_version_of_record_at_retrieval,authenticated_acs_version_of_record_pdf_endpoint,not_established,CU Boulder EZproxy authenticated browser,3409641,aaa1d3611e2a6b9d9f8cc8fa5f6a5b4e1fe09e2d5bcbf334a5a9dc4211ffe016,11,article_pdf,doi,1.0,
doi:10.1021/sb4001273,10.1021/sb4001273,2014,Retropath: Automated Pipeline for Embedded Metabolic Circuits,already_present,data/papers/2014/10.1021__sb4001273/publisher/paper.pdf,2026-09-03T03:06:28+00:00,https://pubs-acs-org.colorado.idm.oclc.org/doi/pdf/10.1021/sb4001273,https://pubs-acs-org.colorado.idm.oclc.org/asbcd6/article-pdf/3/8/565/16685344/sb4001273.pdf,ACS Publications via CU Boulder EZproxy,publishedVersion,,current_version_of_record_at_retrieval,authenticated_acs_version_of_record_pdf_endpoint,not_established,CU Boulder EZproxy authenticated session (curl-cffi),2458233,72f313e46c0716849aef4d830922429d18b8bcec9f9d15e58e141f57a2f0404f,13,article_pdf,doi,1.0,
doi:10.1021/sb400128g,10.1021/sb400128g,2014,Modular Extracellular Sensor Architecture for Engineering Mammalian Cell-based Devices,already_present,data/papers/2014/10.1021__sb400128g/publisher/paper.pdf,2026-09-03T03:07:35+00:00,https://pubs-acs-org.colorado.idm.oclc.org/doi/pdf/10.1021/sb400128g,https://pubs-acs-org.colorado.idm.oclc.org/asbcd6/article-pdf/3/12/892/16832223/sb400128g.pdf,ACS Publications via CU Boulder EZproxy,publishedVersion,,current_version_of_record_at_retrieval,authenticated_acs_version_of_record_pdf_endpoint,not_established,CU Boulder EZproxy authenticated session (curl-cffi),2701380,0eeb83a6c96bc8849498c7a9a59b215964cfafc119c4644ccdbc98ee8c42c94a,11,article_pdf,doi,1.0,
doi:10.1021/sb4001307,10.1021/sb4001307,2014,d-OptCom: Dynamic Multi-level and Multi-objective Metabolic Modeling of Microbial Communities,already_present,data/papers/2014/10.1021__sb4001307/publisher/paper.pdf,2026-09-03T02:57:27+00:00,https://pubs-acs-org.colorado.idm.oclc.org/doi/pdf/10.1021/sb4001307,https://pubs-acs-org.colorado.idm.oclc.org/asbcd6/article-pdf/3/4/247/12751762/sb4001307.pdf,ACS Publications via CU Boulder EZproxy,publishedVersion,,current_version_of_record_at_retrieval,authenticated_acs_version_of_record_pdf_endpoint,not_established,CU Boulder EZproxy authenticated session (curl-cffi),1829491,668a2d212fed25839c7d97282ab6ac2ee05dee604b1cc9384ce670921ab39573,11,article_pdf,doi,1.0,
doi:10.1021/sb400131a,10.1021/sb400131a,2014,Linear DNA for Rapid Prototyping of Synthetic Biological Circuits in an Escherichia coli Based TX-TL Cell-Free System,already_present,data/papers/2014/10.1021__sb400131a/publisher/paper.pdf,2026-09-03T03:05:17+00:00,https://pubs-acs-org.colorado.idm.oclc.org/doi/pdf/10.1021/sb400131a,https://pubs-acs-org.colorado.idm.oclc.org/asbcd6/article-pdf/3/6/387/12763745/sb400131a.pdf,ACS Publications via CU Boulder EZproxy,publishedVersion,,current_version_of_record_at_retrieval,authenticated_acs_version_of_record_pdf_endpoint,not_established,CU Boulder EZproxy authenticated session (curl-cffi),1197155,685ba438f21f342c6b2c28db03606aa6841fd98e5084b3a0984ce4e2225ccb18,11,article_pdf,doi,1.0,
doi:10.1021/sb4001323,10.1021/sb4001323,2014,R2oDNA Designer: Computational Design of Biologically Neutral Synthetic DNA Sequences,already_present,data/papers/2014/10.1021__sb4001323/publisher/paper.pdf,2026-09-03T03:06:20+00:00,https://pubs-acs-org.colorado.idm.oclc.org/doi/pdf/10.1021/sb4001323,https://pubs-acs-org.colorado.idm.oclc.org/asbcd6/article-pdf/3/8/525/16684898/sb4001323.pdf,ACS Publications via CU Boulder EZproxy,publishedVersion,,current_version_of_record_at_retrieval,authenticated_acs_version_of_record_pdf_endpoint,not_established,CU Boulder EZproxy authenticated session (curl-cffi),698795,5aa46d29a31b1bff00cf2dbd8495e11d643e53b6ec2f0fd60f2c2425bfb3cc7e,4,article_pdf,doi,1.0,
doi:10.1021/sb400134k,10.1021/sb400134k,2014,Rule-Based Design of Synthetic Transcription Factors in Eukaryotes,already_present,data/papers/2014/10.1021__sb400134k/publisher/paper.pdf,2026-09-03T03:07:02+00:00,https://pubs-acs-org.colorado.idm.oclc.org/doi/pdf/10.1021/sb400134k,https://pubs-acs-org.colorado.idm.oclc.org/asbcd6/article-pdf/3/10/737/12760980/sb400134k.pdf,ACS Publications via CU Boulder EZproxy,publishedVersion,,current_version_of_record_at_retrieval,authenticated_acs_version_of_record_pdf_endpoint,not_established,CU Boulder EZproxy authenticated session (curl-cffi),496960,ea54fd0ee34b97869b16680aa4115ec2709cf47ab371fd880eee1d79b9760d5d,8,article_pdf,doi,1.0,
doi:10.1021/sb400135t,10.1021/sb400135t,2014,Directed Acyclic Graph-Based Technology Mapping of Genetic Circuit Models,already_present,data/papers/2014/10.1021__sb400135t/publisher/paper.pdf,2026-09-03T03:06:23+00:00,https://pubs-acs-org.colorado.idm.oclc.org/doi/pdf/10.1021/sb400135t,https://pubs-acs-org.colorado.idm.oclc.org/asbcd6/article-pdf/3/8/543/16685066/sb400135t.pdf,ACS Publications via CU Boulder EZproxy,publishedVersion,,current_version_of_record_at_retrieval,authenticated_acs_version_of_record_pdf_endpoint,not_established,CU Boulder EZproxy authenticated session (curl-cffi),2268348,352bee32831efb6dce721e5d79a4f91474317ac07fe9b3254705425054ec771b,13,article_pdf,doi,1.0,
doi:10.1021/sb400136f,10.1021/sb400136f,2014,Redirecting Photosynthetic Electron Flow into Light-Driven Synthesis of Alternative Products Including High-Value Bioactive Natural Compounds,already_present,data/papers/2014/10.1021__sb400136f/publisher/paper.pdf,2026-09-03T02:47:27+00:00,https://pubs-acs-org.colorado.idm.oclc.org/doi/pdf/10.1021/sb400136f,https://pubs-acs-org.colorado.idm.oclc.org/asbcd6/article-pdf/3/1/1/15258397/sb400136f.pdf,ACS Publications via CU Boulder EZproxy,publishedVersion,,current_version_of_record_at_retrieval,authenticated_acs_version_of_record_pdf_endpoint,not_established,CU Boulder EZproxy authenticated browser,2660990,c8039161c510ef5e463aa0408d57c40c37f0012993d2eb33aad05a6000076c6b,12,article_pdf,doi,1.0,
doi:10.1021/sb400137b,10.1021/sb400137b,2014,Transcription Activator-like Effectors: A Toolkit for Synthetic Biology,already_present,data/papers/2014/10.1021__sb400137b/publisher/paper.pdf,2026-09-03T03:06:53+00:00,https://pubs-acs-org.colorado.idm.oclc.org/doi/pdf/10.1021/sb400137b,https://pubs-acs-org.colorado.idm.oclc.org/asbcd6/article-pdf/3/10/708/12761798/sb400137b.pdf,ACS Publications via CU Boulder EZproxy,publishedVersion,,current_version_of_record_at_retrieval,authenticated_acs_version_of_record_pdf_endpoint,not_established,CU Boulder EZproxy authenticated session (curl-cffi),1319403,6883b5c03960e7b08c89ae476ddd601b8122b1d90974ea704435eec3f26d4388,9,article_pdf,doi,1.0,
doi:10.1021/sb4001382,10.1021/sb4001382,2014,Microbial Synthesis of Pinene,already_present,data/papers/2014/10.1021__sb4001382/publisher/paper.pdf,2026-09-03T03:06:06+00:00,https://pubs-acs-org.colorado.idm.oclc.org/doi/pdf/10.1021/sb4001382,https://pubs-acs-org.colorado.idm.oclc.org/asbcd6/article-pdf/3/7/466/15222515/sb4001382.pdf,ACS Publications via CU Boulder EZproxy,publishedVersion,,current_version_of_record_at_retrieval,authenticated_acs_version_of_record_pdf_endpoint,not_established,CU Boulder EZproxy authenticated session (curl-cffi),1968223,c76e6ed555b728915ace17f33fd343b5c1acd8cbaaeb60b13a63a08d2c6043ee,10,article_pdf,doi,1.0,
doi:10.1021/sb400139h,10.1021/sb400139h,2014,Optimal Part and Module Selection for Synthetic Gene Circuit Design Automation,already_present,data/papers/2014/10.1021__sb400139h/publisher/paper.pdf,2026-09-03T03:06:24+00:00,https://pubs-acs-org.colorado.idm.oclc.org/doi/pdf/10.1021/sb400139h,https://pubs-acs-org.colorado.idm.oclc.org/asbcd6/article-pdf/3/8/556/16684934/sb400139h.pdf,ACS Publications via CU Boulder EZproxy,publishedVersion,,current_version_of_record_at_retrieval,authenticated_acs_version_of_record_pdf_endpoint,not_established,CU Boulder EZproxy authenticated session (curl-cffi),1272495,372b0534398317d8700edf03bfbd70e0fd92e0f9ca128288fd3fdcb6a8dddb7b,9,article_pdf,doi,1.0,
doi:10.1021/sb400140t,10.1021/sb400140t,2014,Cell-free Protein Synthesis from a Release Factor 1 Deficient Escherichia coli Activates Efficient and Multiple Site-specific Nonstandard Amino Acid Incorporation,already_present,data/papers/2014/10.1021__sb400140t/publisher/paper.pdf,2026-09-03T03:05:22+00:00,https://pubs-acs-org.colorado.idm.oclc.org/doi/pdf/10.1021/sb400140t,https://pubs-acs-org.colorado.idm.oclc.org/asbcd6/article-pdf/3/6/398/12765090/sb400140t.pdf,ACS Publications via CU Boulder EZproxy,publishedVersion,,current_version_of_record_at_retrieval,authenticated_acs_version_of_record_pdf_endpoint,not_established,CU Boulder EZproxy authenticated session (curl-cffi),4325335,e3b526e940541bd4770cdf8aaf9ec5eefad5170c0f0ee6c0349d76b8fd5b4581,12,article_pdf,doi,1.0,
doi:10.1021/sb400142b,10.1021/sb400142b,2014,Universal Genetic Assay for Engineering Extracellular Protein Expression,already_present,data/papers/2014/10.1021__sb400142b/publisher/paper.pdf,2026-09-03T02:47:36+00:00,https://pubs-acs-org.colorado.idm.oclc.org/doi/pdf/10.1021/sb400142b,https://pubs-acs-org.colorado.idm.oclc.org/asbcd6/article-pdf/3/2/74/16683570/sb400142b.pdf,ACS Publications via CU Boulder EZproxy,publishedVersion,,current_version_of_record_at_retrieval,authenticated_acs_version_of_record_pdf_endpoint,not_established,CU Boulder EZproxy authenticated browser,2477985,fa9ff96d727908a41f27948d9ffffdcba03c1d0d66732debee0480a38d823cb9,9,article_pdf,doi,1.0,
doi:10.1021/sb4001432,10.1021/sb4001432,2014,Optimization of a Yeast RNA Interference System for Controlling Gene Expression and Enabling Rapid Metabolic Engineering,already_present,data/papers/2014/10.1021__sb4001432/publisher/paper.pdf,2026-09-03T02:57:46+00:00,https://pubs-acs-org.colorado.idm.oclc.org/doi/pdf/10.1021/sb4001432,https://pubs-acs-org.colorado.idm.oclc.org/asbcd6/article-pdf/3/5/307/15259278/sb4001432.pdf,ACS Publications via CU Boulder EZproxy,publishedVersion,,current_version_of_record_at_retrieval,authenticated_acs_version_of_record_pdf_endpoint,not_established,CU Boulder EZproxy authenticated session (curl-cffi),996120,32d4be273aca3512b0a1eec25ffa758e6c9a16ae3a2a645c60b59384903d72d4,7,article_pdf,doi,1.0,
doi:10.1021/sb400144h,10.1021/sb400144h,2014,Multiple Amino Acid-Excluded Genetic Codes for Protein Engineering Using Multiple Sets of tRNA Variants,already_present,data/papers/2014/10.1021__sb400144h/publisher/paper.pdf,2026-09-03T02:47:40+00:00,https://pubs-acs-org.colorado.idm.oclc.org/doi/pdf/10.1021/sb400144h,https://pubs-acs-org.colorado.idm.oclc.org/asbcd6/article-pdf/3/3/140/15222715/sb400144h.pdf,ACS Publications via CU Boulder EZproxy,publishedVersion,,current_version_of_record_at_retrieval,authenticated_acs_version_of_record_pdf_endpoint,not_established,CU Boulder EZproxy authenticated browser,3256013,6a17b2473366e2b828e3f88831a884f2f39386d9a4a3c337c5f2f3a3c57b420e,5,article_pdf,doi,1.0,
doi:10.1021/sb400147n,10.1021/sb400147n,2014,Computer-Assisted Engineering of the Synthetic Pathway for Biodegradation of a Toxic Persistent Pollutant,already_present,data/papers/2014/10.1021__sb400147n/publisher/paper.pdf,2026-09-03T02:56:59+00:00,https://pubs-acs-org.colorado.idm.oclc.org/doi/pdf/10.1021/sb400147n,https://pubs-acs-org.colorado.idm.oclc.org/asbcd6/article-pdf/3/3/172/15222220/sb400147n.pdf,ACS Publications via CU Boulder EZproxy,publishedVersion,,current_version_of_record_at_retrieval,authenticated_acs_version_of_record_pdf_endpoint,not_established,CU Boulder EZproxy authenticated session (curl-cffi),1839602,5c8e824ae6b8f1a9ae6e648e8e195f824623c6f5ed83f4a8adf0a9aac6f17e2c,10,article_pdf,doi,1.0,
doi:10.1021/sb4001504,10.1021/sb4001504,2014,A Golden Gate Modular Cloning Toolbox for Plants,already_present,data/papers/2014/10.1021__sb4001504/publisher/paper.pdf,2026-09-03T03:07:24+00:00,https://pubs-acs-org.colorado.idm.oclc.org/doi/pdf/10.1021/sb4001504,https://pubs-acs-org.colorado.idm.oclc.org/asbcd6/article-pdf/3/11/839/15222720/sb4001504.pdf,ACS Publications via CU Boulder EZproxy,publishedVersion,,current_version_of_record_at_retrieval,authenticated_acs_version_of_record_pdf_endpoint,not_established,CU Boulder EZproxy authenticated session (curl-cffi),3634565,8247f016b93d93ccfe00745115d6d6d4e71b74c75eee381ae9a0bc5261aaaa56,5,article_pdf,doi,1.0,
doi:10.1021/sb400152n,10.1021/sb400152n,2014,A Computational Method for Automated Characterization of Genetic Components,already_present,data/papers/2014/10.1021__sb400152n/publisher/paper.pdf,2026-09-03T03:06:27+00:00,https://pubs-acs-org.colorado.idm.oclc.org/doi/pdf/10.1021/sb400152n,https://pubs-acs-org.colorado.idm.oclc.org/asbcd6/article-pdf/3/8/578/16685286/sb400152n.pdf,ACS Publications via CU Boulder EZproxy,publishedVersion,,current_version_of_record_at_retrieval,authenticated_acs_version_of_record_pdf_endpoint,not_established,CU Boulder EZproxy authenticated session (curl-cffi),1909505,7028059aaf2b4efe3ee469d4423125d8dd2c29b39ec6646e46893de05db39d3e,11,article_pdf,doi,1.0,
doi:10.1021/sb400156v,10.1021/sb400156v,2014,"Exploring the Heterologous Genomic Space for Building, Stepwise, Complex, Multicomponent Tolerance to Toxic Chemicals",already_present,data/papers/2014/10.1021__sb400156v/publisher/paper.pdf,2026-09-03T03:06:13+00:00,https://pubs-acs-org.colorado.idm.oclc.org/doi/pdf/10.1021/sb400156v,https://pubs-acs-org.colorado.idm.oclc.org/asbcd6/article-pdf/3/7/476/15221928/sb400156v.pdf,ACS Publications via CU Boulder EZproxy,publishedVersion,,current_version_of_record_at_retrieval,authenticated_acs_version_of_record_pdf_endpoint,not_established,CU Boulder EZproxy authenticated session (curl-cffi),1925123,9929700aedfe70ff131d03817948517a276439aef6f3bb0dd588addb6ca47750,11,article_pdf,doi,1.0,
doi:10.1021/sb400157z,10.1021/sb400157z,2014,Negative Autoregulation Matches Production and Demand in Synthetic Transcriptional Networks,already_present,data/papers/2014/10.1021__sb400157z/publisher/paper.pdf,2026-09-03T03:06:31+00:00,https://pubs-acs-org.colorado.idm.oclc.org/doi/pdf/10.1021/sb400157z,https://pubs-acs-org.colorado.idm.oclc.org/asbcd6/article-pdf/3/8/589/16685151/sb400157z.pdf,ACS Publications via CU Boulder EZproxy,publishedVersion,,current_version_of_record_at_retrieval,authenticated_acs_version_of_record_pdf_endpoint,not_established,CU Boulder EZproxy authenticated session (curl-cffi),2191814,a6ac85597dfe24fbe0a2d94d51130d2bdcaeae0b465ae2d1b7d7ae698e533511,11,article_pdf,doi,1.0,
doi:10.1021/sb4001596,10.1021/sb4001596,2014,Biological 2-Input Decoder Circuit in Human Cells,already_present,data/papers/2014/10.1021__sb4001596/publisher/paper.pdf,2026-09-03T03:06:37+00:00,https://pubs-acs-org.colorado.idm.oclc.org/doi/pdf/10.1021/sb4001596,https://pubs-acs-org.colorado.idm.oclc.org/asbcd6/article-pdf/3/8/627/16684978/sb4001596.pdf,ACS Publications via CU Boulder EZproxy,publishedVersion,,current_version_of_record_at_retrieval,authenticated_acs_version_of_record_pdf_endpoint,not_established,CU Boulder EZproxy authenticated session (curl-cffi),3720059,1176754ce1576b26aacecd2ace7bb1d48132bc5f0a6627e9eeb915b80aeb73ad,7,article_pdf,doi,1.0,
doi:10.1021/sb400160m,10.1021/sb400160m,2014,Design and Selection of a Synthetic Operon,already_present,data/papers/2014/10.1021__sb400160m/publisher/paper.pdf,2026-09-03T03:05:23+00:00,https://pubs-acs-org.colorado.idm.oclc.org/doi/pdf/10.1021/sb400160m,https://pubs-acs-org.colorado.idm.oclc.org/asbcd6/article-pdf/3/6/410/12764928/sb400160m.pdf,ACS Publications via CU Boulder EZproxy,publishedVersion,,current_version_of_record_at_retrieval,authenticated_acs_version_of_record_pdf_endpoint,not_established,CU Boulder EZproxy authenticated session (curl-cffi),3551291,2c2ec05a41a3de00928517722bf219d5453b7aae3bb5f8f83be3089056346a38,6,article_pdf,doi,1.0,
doi:10.1021/sb400161v,10.1021/sb400161v,2014,Heuristic for Maximizing DNA Reuse in Synthetic DNA Library Assembly,already_present,data/papers/2014/10.1021__sb400161v/publisher/paper.pdf,2026-09-03T03:06:20+00:00,https://pubs-acs-org.colorado.idm.oclc.org/doi/pdf/10.1021/sb400161v,https://pubs-acs-org.colorado.idm.oclc.org/asbcd6/article-pdf/3/8/529/16685477/sb400161v.pdf,ACS Publications via CU Boulder EZproxy,publishedVersion,,current_version_of_record_at_retrieval,authenticated_acs_version_of_record_pdf_endpoint,not_established,CU Boulder EZproxy authenticated session (curl-cffi),5078729,16a2f12cd540cec0295a352b6eea50e04fff3657064b2ce4df59649b801252d3,14,article_pdf,doi,1.0,
doi:10.1021/sb400166j,10.1021/sb400166j,2014,Bi-HAC Vector System toward Gene and Cell Therapy,already_present,data/papers/2014/10.1021__sb400166j/publisher/paper.pdf,2026-09-03T02:47:35+00:00,https://pubs-acs-org.colorado.idm.oclc.org/doi/pdf/10.1021/sb400166j,https://pubs-acs-org.colorado.idm.oclc.org/asbcd6/article-pdf/3/2/83/16683596/sb400166j.pdf,ACS Publications via CU Boulder EZproxy,publishedVersion,,current_version_of_record_at_retrieval,authenticated_acs_version_of_record_pdf_endpoint,not_established,CU Boulder EZproxy authenticated browser,4314347,5bb0bfcf7890c46fc34307283cbda927bc88cfb59ca47ea6ce113e3ec1032ce2,8,article_pdf,doi,1.0,
doi:10.1021/sb400168u,10.1021/sb400168u,2014,Forcefield_NCAA: Ab Initio Charge Parameters to Aid in the Discovery and Design of Therapeutic Proteins and Peptides with Unnatural Amino Acids and Their Application to Complement Inhibitors of the Compstatin Family,already_present,data/papers/2014/10.1021__sb400168u/publisher/paper.pdf,2026-09-03T03:07:29+00:00,https://pubs-acs-org.colorado.idm.oclc.org/doi/pdf/10.1021/sb400168u,https://pubs-acs-org.colorado.idm.oclc.org/asbcd6/article-pdf/3/12/855/16832401/sb400168u.pdf,ACS Publications via CU Boulder EZproxy,publishedVersion,,current_version_of_record_at_retrieval,authenticated_acs_version_of_record_pdf_endpoint,not_established,CU Boulder EZproxy authenticated session (curl-cffi),6090508,6e3033133d28bf3b59a493bb1034e1b48968c78a36dd0f30d34919f9101507d2,15,article_pdf,doi,1.0,
doi:10.1021/sb400169s,10.1021/sb400169s,2014,Computational Design of Nucleic Acid Feedback Control Circuits,already_present,data/papers/2014/10.1021__sb400169s/publisher/paper.pdf,2026-09-03T03:06:33+00:00,https://pubs-acs-org.colorado.idm.oclc.org/doi/pdf/10.1021/sb400169s,https://pubs-acs-org.colorado.idm.oclc.org/asbcd6/article-pdf/3/8/600/16685553/sb400169s.pdf,ACS Publications via CU Boulder EZproxy,publishedVersion,,current_version_of_record_at_retrieval,authenticated_acs_version_of_record_pdf_endpoint,not_established,CU Boulder EZproxy authenticated session (curl-cffi),5012888,877e147c8d1e5e6ca041c65973cc2e20b3fa823815c0461062bde584d7172795,17,article_pdf,doi,1.0,
doi:10.1021/sb4001728,10.1021/sb4001728,2014,PR-PR: Cross-Platform Laboratory Automation System,already_present,data/papers/2014/10.1021__sb4001728/publisher/paper.pdf,2026-09-03T03:06:16+00:00,https://pubs-acs-org.colorado.idm.oclc.org/doi/pdf/10.1021/sb4001728,https://pubs-acs-org.colorado.idm.oclc.org/asbcd6/article-pdf/3/8/515/16685244/sb4001728.pdf,ACS Publications via CU Boulder EZproxy,publishedVersion,,current_version_of_record_at_retrieval,authenticated_acs_version_of_record_pdf_endpoint,not_established,CU Boulder EZproxy authenticated session (curl-cffi),2734360,bd095c3e20d566c2e2781e1e9e0b2567034d40877c34cf938dfbe1ad035d0c6b,10,article_pdf,doi,1.0,
doi:10.1021/sb400174s,10.1021/sb400174s,2014,Engineering Escherichia coli for Light-Activated Cytolysis of Mammalian Cells,already_present,data/papers/2014/10.1021__sb400174s/publisher/paper.pdf,2026-09-03T03:07:52+00:00,https://pubs-acs-org.colorado.idm.oclc.org/doi/pdf/10.1021/sb400174s,https://pubs-acs-org.colorado.idm.oclc.org/asbcd6/article-pdf/3/12/944/16832092/sb400174s.pdf,ACS Publications via CU Boulder EZproxy,publishedVersion,,current_version_of_record_at_retrieval,authenticated_acs_version_of_record_pdf_endpoint,not_established,CU Boulder EZproxy authenticated session (curl-cffi),5870954,772f95a3b3eeaf76a13cb3c3bb1a197b196ab76b7cc2722c5d68d696b8254016,5,article_pdf,doi,1.0,
doi:10.1021/sb400176e,10.1021/sb400176e,2014,Engineered DNA Sequence Syntax Inspector,already_present,data/papers/2014/10.1021__sb400176e/publisher/paper.pdf,2026-09-03T02:47:32+00:00,https://pubs-acs-org.colorado.idm.oclc.org/doi/pdf/10.1021/sb400176e,https://pubs-acs-org.colorado.idm.oclc.org/asbcd6/article-pdf/3/2/91/16683557/sb400176e.pdf,ACS Publications via CU Boulder EZproxy,publishedVersion,,current_version_of_record_at_retrieval,authenticated_acs_version_of_record_pdf_endpoint,not_established,CU Boulder EZproxy authenticated browser,1353899,89bdbf124d1ef3aa86ac6126e2eda4bb83c673f58802da6830ffa4243070bc94,6,article_pdf,doi,1.0,
doi:10.1021/sb400177x,10.1021/sb400177x,2014,Yeast Synthetic Biology Platform Generates Novel Chemical Structures as Scaffolds for Drug Discovery,already_present,data/papers/2014/10.1021__sb400177x/publisher/paper.pdf,2026-09-03T02:57:49+00:00,https://pubs-acs-org.colorado.idm.oclc.org/doi/pdf/10.1021/sb400177x,https://pubs-acs-org.colorado.idm.oclc.org/asbcd6/article-pdf/3/5/314/15259177/sb400177x.pdf,ACS Publications via CU Boulder EZproxy,publishedVersion,,current_version_of_record_at_retrieval,authenticated_acs_version_of_record_pdf_endpoint,not_established,CU Boulder EZproxy authenticated session (curl-cffi),3322644,6273c7e5bd3634bb2bc9ee5c85d3ecaa26adff2df82740932959f03e70417fef,10,article_pdf,doi,1.0,
doi:10.1021/sb400178c,10.1021/sb400178c,2014,Database Construction for PromoterCAD: Synthetic Promoter Design for Mammals and Plants,already_present,data/papers/2014/10.1021__sb400178c/publisher/paper.pdf,2026-09-03T02:57:08+00:00,https://pubs-acs-org.colorado.idm.oclc.org/doi/pdf/10.1021/sb400178c,https://pubs-acs-org.colorado.idm.oclc.org/asbcd6/article-pdf/3/3/192/15223572/sb400178c.pdf,ACS Publications via CU Boulder EZproxy,publishedVersion,,current_version_of_record_at_retrieval,authenticated_acs_version_of_record_pdf_endpoint,not_established,CU Boulder EZproxy authenticated session (curl-cffi),1561241,6472c193909186e0e92be3e7c43dc5b9015e9683b7f59020ff9a6b31e71e9ca5,5,article_pdf,doi,1.0,
doi:10.1021/sb4001799,10.1021/sb4001799,2014,Framework for Engineering Finite State Machines in Gene Regulatory Networks,already_present,data/papers/2014/10.1021__sb4001799/publisher/paper.pdf,2026-09-03T03:06:44+00:00,https://pubs-acs-org.colorado.idm.oclc.org/doi/pdf/10.1021/sb4001799,https://pubs-acs-org.colorado.idm.oclc.org/asbcd6/article-pdf/3/9/652/15259082/sb4001799.pdf,ACS Publications via CU Boulder EZproxy,publishedVersion,,current_version_of_record_at_retrieval,authenticated_acs_version_of_record_pdf_endpoint,not_established,CU Boulder EZproxy authenticated session (curl-cffi),3427004,296b50b3669f0d4af24cf429851980b175e4f6ebc0d82db33df92cd6b7767e35,14,article_pdf,doi,1.0,
doi:10.1021/sb400182x,10.1021/sb400182x,2014,Near-infrared Light Responsive Synthetic c-di-GMP Module for Optogenetic Applications,already_present,data/papers/2014/10.1021__sb400182x/publisher/paper.pdf,2026-09-03T03:07:14+00:00,https://pubs-acs-org.colorado.idm.oclc.org/doi/pdf/10.1021/sb400182x,https://pubs-acs-org.colorado.idm.oclc.org/asbcd6/article-pdf/3/11/802/15222065/sb400182x.pdf,ACS Publications via CU Boulder EZproxy,publishedVersion,,current_version_of_record_at_retrieval,authenticated_acs_version_of_record_pdf_endpoint,not_established,CU Boulder EZproxy authenticated session (curl-cffi),2097977,c7d110f1aa308cea34c1ded7fe87ead143fd52ca8f5148789bdc83f5cabee879,9,article_pdf,doi,1.0,
doi:10.1021/sb4001867,10.1021/sb4001867,2014,MicroRNA-Based Single-Gene Circuits Buffer Protein Synthesis Rates against Perturbations,already_present,data/papers/2014/10.1021__sb4001867/publisher/paper.pdf,2026-09-03T02:57:52+00:00,https://pubs-acs-org.colorado.idm.oclc.org/doi/pdf/10.1021/sb4001867,https://pubs-acs-org.colorado.idm.oclc.org/asbcd6/article-pdf/3/5/324/15258789/sb4001867.pdf,ACS Publications via CU Boulder EZproxy,publishedVersion,,current_version_of_record_at_retrieval,authenticated_acs_version_of_record_pdf_endpoint,not_established,CU Boulder EZproxy authenticated session (curl-cffi),1752439,713af485ae33401cc9706e029fd7bb87923e16dd07504f489137b3f06bdcd651,8,article_pdf,doi,1.0,
doi:10.1021/sb4001883,10.1021/sb4001883,2014,Engineering Bacteria to Form a Biofilm and Induce Clumping in Caenorhabditis elegans,already_present,data/papers/2014/10.1021__sb4001883/publisher/paper.pdf,2026-09-03T03:07:51+00:00,https://pubs-acs-org.colorado.idm.oclc.org/doi/pdf/10.1021/sb4001883,https://pubs-acs-org.colorado.idm.oclc.org/asbcd6/article-pdf/3/12/941/16831996/sb4001883.pdf,ACS Publications via CU Boulder EZproxy,publishedVersion,,current_version_of_record_at_retrieval,authenticated_acs_version_of_record_pdf_endpoint,not_established,CU Boulder EZproxy authenticated session (curl-cffi),7464367,677cf93b5be0358d0ba1e8a9847a44a49b26fbd9298bfb5467793bd6416aff15,3,article_pdf,doi,1.0,
doi:10.1021/sb4001917,10.1021/sb4001917,2014,Generation of Giant Unilamellar Liposomes Containing Biomacromolecules at Physiological Intracellular Concentrations using Hypertonic Conditions,already_present,data/papers/2014/10.1021__sb4001917/publisher/paper.pdf,2026-09-03T03:07:27+00:00,https://pubs-acs-org.colorado.idm.oclc.org/doi/pdf/10.1021/sb4001917,https://pubs-acs-org.colorado.idm.oclc.org/asbcd6/article-pdf/3/12/870/16832189/sb4001917.pdf,ACS Publications via CU Boulder EZproxy,publishedVersion,,current_version_of_record_at_retrieval,authenticated_acs_version_of_record_pdf_endpoint,not_established,CU Boulder EZproxy authenticated session (curl-cffi),1649159,5a81f20459f635384bd53e9edbc87a1cd777ae8385e52d043ede8b774c9dc31e,5,article_pdf,doi,1.0,
doi:10.1021/sb400192a,10.1021/sb400192a,2014,Control of Protein Function through Optochemical Translocation,already_present,data/papers/2014/10.1021__sb400192a/publisher/paper.pdf,2026-09-03T03:06:59+00:00,https://pubs-acs-org.colorado.idm.oclc.org/doi/pdf/10.1021/sb400192a,https://pubs-acs-org.colorado.idm.oclc.org/asbcd6/article-pdf/3/10/731/12762560/sb400192a.pdf,ACS Publications via CU Boulder EZproxy,publishedVersion,,current_version_of_record_at_retrieval,authenticated_acs_version_of_record_pdf_endpoint,not_established,CU Boulder EZproxy authenticated session (curl-cffi),4212554,60ac95a9c09792923c3a93ae242779781d0e9e115d6ee293b21bfa7532388ad2,6,article_pdf,doi,1.0,
doi:10.1021/sb400194g,10.1021/sb400194g,2014,Enhanced Triterpene Accumulation in Panax ginseng Hairy Roots Overexpressing Mevalonate-5-pyrophosphate Decarboxylase and Farnesyl Pyrophosphate Synthase,already_present,data/papers/2014/10.1021__sb400194g/publisher/paper.pdf,2026-09-03T03:07:06+00:00,https://pubs-acs-org.colorado.idm.oclc.org/doi/pdf/10.1021/sb400194g,https://pubs-acs-org.colorado.idm.oclc.org/asbcd6/article-pdf/3/10/773/12762358/sb400194g.pdf,ACS Publications via CU Boulder EZproxy,publishedVersion,,current_version_of_record_at_retrieval,authenticated_acs_version_of_record_pdf_endpoint,not_established,CU Boulder EZproxy authenticated session (curl-cffi),3129351,a85cbbb1406f3cceaba089860a40c31678956fc3f32ebb943bea642a8bddf3fe,7,article_pdf,doi,1.0,
doi:10.1021/sb400197f,10.1021/sb400197f,2014,Engineered Platform for Bioethylene Production by a Cyanobacterium Expressing a Chimeric Complex of Plant Enzymes,already_present,data/papers/2014/10.1021__sb400197f/publisher/paper.pdf,2026-09-03T03:06:12+00:00,https://pubs-acs-org.colorado.idm.oclc.org/doi/pdf/10.1021/sb400197f,https://pubs-acs-org.colorado.idm.oclc.org/asbcd6/article-pdf/3/7/487/15222250/sb400197f.pdf,ACS Publications via CU Boulder EZproxy,publishedVersion,,current_version_of_record_at_retrieval,authenticated_acs_version_of_record_pdf_endpoint,not_established,CU Boulder EZproxy authenticated session (curl-cffi),3427832,9c19fe80232d4809b95a8da600f52698e806ab36cace8de436026d2be294a246,10,article_pdf,doi,1.0,
doi:10.1021/sb4001992,10.1021/sb4001992,2014,Rapid and Reliable DNA Assembly via Ligase Cycling Reaction,already_present,data/papers/2014/10.1021__sb4001992/publisher/paper.pdf,2026-09-03T02:47:34+00:00,https://pubs-acs-org.colorado.idm.oclc.org/doi/pdf/10.1021/sb4001992,https://pubs-acs-org.colorado.idm.oclc.org/asbcd6/article-pdf/3/2/97/16683578/sb4001992.pdf,ACS Publications via CU Boulder EZproxy,publishedVersion,,current_version_of_record_at_retrieval,authenticated_acs_version_of_record_pdf_endpoint,not_established,CU Boulder EZproxy authenticated browser,1895918,604f6903d076a5cd5554e6ae8930592f50d69737ccd04d7bbb03fba59c7d6682,10,article_pdf,doi,1.0,
doi:10.1021/sb400202s,10.1021/sb400202s,2014,Genetic Manipulation of Outer Membrane Permeability: Generating Porous Heterogeneous Catalyst Analogs in Escherichia coli,already_present,data/papers/2014/10.1021__sb400202s/publisher/paper.pdf,2026-09-03T03:07:22+00:00,https://pubs-acs-org.colorado.idm.oclc.org/doi/pdf/10.1021/sb400202s,https://pubs-acs-org.colorado.idm.oclc.org/asbcd6/article-pdf/3/12/848/16832114/sb400202s.pdf,ACS Publications via CU Boulder EZproxy,publishedVersion,,current_version_of_record_at_retrieval,authenticated_acs_version_of_record_pdf_endpoint,not_established,CU Boulder EZproxy authenticated session (curl-cffi),623951,d9ce44ae2612f0e26f932a2616c39154030bc5d138cbacbb294e99d72c102c76,7,article_pdf,doi,1.0,
doi:10.1021/sb400203p,10.1021/sb400203p,2014,Gene Circuit Performance Characterization and Resource Usage in a Cell-Free “Breadboard”,already_present,data/papers/2014/10.1021__sb400203p/publisher/paper.pdf,2026-09-03T03:05:26+00:00,https://pubs-acs-org.colorado.idm.oclc.org/doi/pdf/10.1021/sb400203p,https://pubs-acs-org.colorado.idm.oclc.org/asbcd6/article-pdf/3/6/416/12764775/sb400203p.pdf,ACS Publications via CU Boulder EZproxy,publishedVersion,,current_version_of_record_at_retrieval,authenticated_acs_version_of_record_pdf_endpoint,not_established,CU Boulder EZproxy authenticated session (curl-cffi),1383133,e9f904041aaf20323e3df3b746fb97947fd526ecdd50c9175335794277866621,10,article_pdf,doi,1.0,
doi:10.1021/sb400205x,10.1021/sb400205x,2014,"Biophysical, Mutational, and Functional Investigation of the Chromophore-Binding Pocket of Light-Oxygen-Voltage Photoreceptors",already_present,data/papers/2014/10.1021__sb400205x/publisher/paper.pdf,2026-09-03T03:07:14+00:00,https://pubs-acs-org.colorado.idm.oclc.org/doi/pdf/10.1021/sb400205x,https://pubs-acs-org.colorado.idm.oclc.org/asbcd6/article-pdf/3/11/811/15222514/sb400205x.pdf,ACS Publications via CU Boulder EZproxy,publishedVersion,,current_version_of_record_at_retrieval,authenticated_acs_version_of_record_pdf_endpoint,not_established,CU Boulder EZproxy authenticated session (curl-cffi),2156857,8a26524f6003c372380e5c5ab61b209c5dec211d204ec4ba723da01ea3984c6b,9,article_pdf,doi,1.0,
doi:10.1021/sb5000077,10.1021/sb5000077,2014,Ethylene-Producing Bacteria That Ripen Fruit,already_present,data/papers/2014/10.1021__sb5000077/publisher/paper.pdf,2026-09-03T03:07:47+00:00,https://pubs-acs-org.colorado.idm.oclc.org/doi/pdf/10.1021/sb5000077,https://pubs-acs-org.colorado.idm.oclc.org/asbcd6/article-pdf/3/12/935/16831897/sb5000077.pdf,ACS Publications via CU Boulder EZproxy,publishedVersion,,current_version_of_record_at_retrieval,authenticated_acs_version_of_record_pdf_endpoint,not_established,CU Boulder EZproxy authenticated session (curl-cffi),2771609,140509eb4cb70aab6fc5fd9e811faf22f0fdfcf7731c95b224d56e2da155fdf0,4,article_pdf,doi,1.0,
doi:10.1021/sb5000143,10.1021/sb5000143,2014,Standardization of Functional Reporter and Antibiotic Resistance Cassettes to Facilitate the Genetic Engineering of Filamentous Fungi,already_present,data/papers/2014/10.1021__sb5000143/publisher/paper.pdf,2026-09-03T03:07:58+00:00,https://pubs-acs-org.colorado.idm.oclc.org/doi/pdf/10.1021/sb5000143,https://pubs-acs-org.colorado.idm.oclc.org/asbcd6/article-pdf/3/12/960/16831959/sb5000143.pdf,ACS Publications via CU Boulder EZproxy,publishedVersion,,current_version_of_record_at_retrieval,authenticated_acs_version_of_record_pdf_endpoint,not_established,CU Boulder EZproxy authenticated session (curl-cffi),2649646,560ed9ae62f7a5cd085f3ebbbce0350e738a84db06237d68f484a5a0796b74e9,3,article_pdf,doi,1.0,
doi:10.1021/sb500018f,10.1021/sb500018f,2014,Detection of Thrombin with an Aptamer-Based Macromolecule Biosensor Using Bacterial Ghost System,already_present,data/papers/2014/10.1021__sb500018f/publisher/paper.pdf,2026-09-03T03:08:01+00:00,https://pubs-acs-org.colorado.idm.oclc.org/doi/pdf/10.1021/sb500018f,https://pubs-acs-org.colorado.idm.oclc.org/asbcd6/article-pdf/3/12/963/16831892/sb500018f.pdf,ACS Publications via CU Boulder EZproxy,publishedVersion,,current_version_of_record_at_retrieval,authenticated_acs_version_of_record_pdf_endpoint,not_established,CU Boulder EZproxy authenticated session (curl-cffi),610361,f8b791c4bd7da65aa82d7624660e5e2888ad137dead22bb64bcab7dca26b6fcf,3,article_pdf,doi,1.0,
doi:10.1021/sb500020g,10.1021/sb500020g,2014,Fusion of Pyruvate Decarboxylase and Alcohol Dehydrogenase Increases Ethanol Production in Escherichia coli,already_present,data/papers/2014/10.1021__sb500020g/publisher/paper.pdf,2026-09-03T03:08:10+00:00,https://pubs-acs-org.colorado.idm.oclc.org/doi/pdf/10.1021/sb500020g,https://pubs-acs-org.colorado.idm.oclc.org/asbcd6/article-pdf/3/12/976/16831953/sb500020g.pdf,ACS Publications via CU Boulder EZproxy,publishedVersion,,current_version_of_record_at_retrieval,authenticated_acs_version_of_record_pdf_endpoint,not_established,CU Boulder EZproxy authenticated session (curl-cffi),1658364,cf0cdc4c1d0749b9d75e91a7a4711d2c30274d01c8050eca35f2d5d2d744171e,3,article_pdf,doi,1.0,
doi:10.1021/sb500023f,10.1021/sb500023f,2014,"Design, Construction, and Characterization of a Set of Biosensors for Aromatic Compounds",already_present,data/papers/2014/10.1021__sb500023f/publisher/paper.pdf,2026-09-03T03:08:24+00:00,https://pubs-acs-org.colorado.idm.oclc.org/doi/pdf/10.1021/sb500023f,https://pubs-acs-org.colorado.idm.oclc.org/asbcd6/article-pdf/3/12/1011/16831989/sb500023f.pdf,ACS Publications via CU Boulder EZproxy,publishedVersion,,current_version_of_record_at_retrieval,authenticated_acs_version_of_record_pdf_endpoint,not_established,CU Boulder EZproxy authenticated session (curl-cffi),1494786,cfb3bebfc970cc08ce6c59483e6315320f6332864f0f778edb44db32ef984226,4,article_pdf,doi,1.0,
doi:10.1021/sb5000252,10.1021/sb5000252,2014,Bacillus subtilis Biosensor Engineered To Assess Meat Spoilage,already_present,data/papers/2014/10.1021__sb5000252/publisher/paper.pdf,2026-09-03T03:08:19+00:00,https://pubs-acs-org.colorado.idm.oclc.org/doi/pdf/10.1021/sb5000252,https://pubs-acs-org.colorado.idm.oclc.org/asbcd6/article-pdf/3/12/999/16832077/sb5000252.pdf,ACS Publications via CU Boulder EZproxy,publishedVersion,,current_version_of_record_at_retrieval,authenticated_acs_version_of_record_pdf_endpoint,not_established,CU Boulder EZproxy authenticated session (curl-cffi),523348,367f3885868a30de72bd62a03d855d5cabc6924a554526c96320b57cd8149497,4,article_pdf,doi,1.0,
doi:10.1021/sb500029n,10.1021/sb500029n,2014,Multistage Regulator Based on Tandem Promoters and CRISPR/Cas,already_present,data/papers/2014/10.1021__sb500029n/publisher/paper.pdf,2026-09-03T03:08:23+00:00,https://pubs-acs-org.colorado.idm.oclc.org/doi/pdf/10.1021/sb500029n,https://pubs-acs-org.colorado.idm.oclc.org/asbcd6/article-pdf/3/12/1007/16832098/sb500029n.pdf,ACS Publications via CU Boulder EZproxy,publishedVersion,,current_version_of_record_at_retrieval,authenticated_acs_version_of_record_pdf_endpoint,not_established,CU Boulder EZproxy authenticated session (curl-cffi),2618284,d9f486b5c1b922b600f8a1cd93775fa45df0230d782dda6e6b212ef020b78107,4,article_pdf,doi,1.0,
doi:10.1021/sb5000302,10.1021/sb5000302,2014,Design and Characterization of a Modular Membrane Protein Anchor to Functionalize the Moss Physcomitrella patens with Extracellular Catalytic and/or Binding Activities,already_present,data/papers/2014/10.1021__sb5000302/publisher/paper.pdf,2026-09-03T03:08:17+00:00,https://pubs-acs-org.colorado.idm.oclc.org/doi/pdf/10.1021/sb5000302,https://pubs-acs-org.colorado.idm.oclc.org/asbcd6/article-pdf/3/12/990/16831886/sb5000302.pdf,ACS Publications via CU Boulder EZproxy,publishedVersion,,current_version_of_record_at_retrieval,authenticated_acs_version_of_record_pdf_endpoint,not_established,CU Boulder EZproxy authenticated session (curl-cffi),4246570,9bf6827a7f4c55291f4f45756df97c77ed389119da064f01ab14bf171de12c97,5,article_pdf,doi,1.0,
doi:10.1021/sb500031h,10.1021/sb500031h,2014,Natural LacI from E. coli Yields Faster Response and Higher Level of Expression than the LVA-Tagged LacI,already_present,data/papers/2014/10.1021__sb500031h/publisher/paper.pdf,2026-09-03T03:07:55+00:00,https://pubs-acs-org.colorado.idm.oclc.org/doi/pdf/10.1021/sb500031h,https://pubs-acs-org.colorado.idm.oclc.org/asbcd6/article-pdf/3/12/949/16832181/sb500031h.pdf,ACS Publications via CU Boulder EZproxy,publishedVersion,,current_version_of_record_at_retrieval,authenticated_acs_version_of_record_pdf_endpoint,not_established,CU Boulder EZproxy authenticated session (curl-cffi),521877,0c61263588f0fc87e808ab689d22a5f5567e700f3ffa9b94bd9fedd778916b7d,4,article_pdf,doi,1.0,
doi:10.1021/sb500033d,10.1021/sb500033d,2014,Silencing of Antibiotic Resistance in E. coli with Engineered Phage Bearing Small Regulatory RNAs,already_present,data/papers/2014/10.1021__sb500033d/publisher/paper.pdf,2026-09-03T03:08:20+00:00,https://pubs-acs-org.colorado.idm.oclc.org/doi/pdf/10.1021/sb500033d,https://pubs-acs-org.colorado.idm.oclc.org/asbcd6/article-pdf/3/12/1003/16832070/sb500033d.pdf,ACS Publications via CU Boulder EZproxy,publishedVersion,,current_version_of_record_at_retrieval,authenticated_acs_version_of_record_pdf_endpoint,not_established,CU Boulder EZproxy authenticated session (curl-cffi),556017,c55fe0063273c5025bce8a551e8ccb806feca6e2e8e6e525d9e2d5f5b669907c,4,article_pdf,doi,1.0,
doi:10.1021/sb500035y,10.1021/sb500035y,2014,Modularized CRISPR/dCas9 Effector Toolkit for Target-Specific Gene Regulation,already_present,data/papers/2014/10.1021__sb500035y/publisher/paper.pdf,2026-09-03T03:08:12+00:00,https://pubs-acs-org.colorado.idm.oclc.org/doi/pdf/10.1021/sb500035y,https://pubs-acs-org.colorado.idm.oclc.org/asbcd6/article-pdf/3/12/986/16832174/sb500035y.pdf,ACS Publications via CU Boulder EZproxy,publishedVersion,,current_version_of_record_at_retrieval,authenticated_acs_version_of_record_pdf_endpoint,not_established,CU Boulder EZproxy authenticated session (curl-cffi),728566,353b8f70d365866a56a1205b388fe8801e53ba1c11e0d61b189e0fe6688da187,4,article_pdf,doi,1.0,
doi:10.1021/sb500036q,10.1021/sb500036q,2014,Specific Gene Repression by CRISPRi System Transferred through Bacterial Conjugation,already_present,data/papers/2014/10.1021__sb500036q/publisher/paper.pdf,2026-09-03T03:07:43+00:00,https://pubs-acs-org.colorado.idm.oclc.org/doi/pdf/10.1021/sb500036q,https://pubs-acs-org.colorado.idm.oclc.org/asbcd6/article-pdf/3/12/929/16831938/sb500036q.pdf,ACS Publications via CU Boulder EZproxy,publishedVersion,,current_version_of_record_at_retrieval,authenticated_acs_version_of_record_pdf_endpoint,not_established,CU Boulder EZproxy authenticated session (curl-cffi),549130,a238b36367eceba8b51ff8eda411d61007c947a91f7ce352b63770081d206b69,3,article_pdf,doi,1.0,
doi:10.1021/sb500039z,10.1021/sb500039z,2014,In Situ Characterization of Mycobacterial Growth Inhibition by Lytic Enzymes Expressed in Vectorized E. coli,already_present,data/papers/2014/10.1021__sb500039z/publisher/paper.pdf,2026-09-03T03:07:43+00:00,https://pubs-acs-org.colorado.idm.oclc.org/doi/pdf/10.1021/sb500039z,https://pubs-acs-org.colorado.idm.oclc.org/asbcd6/article-pdf/3/12/932/16832041/sb500039z.pdf,ACS Publications via CU Boulder EZproxy,publishedVersion,,current_version_of_record_at_retrieval,authenticated_acs_version_of_record_pdf_endpoint,not_established,CU Boulder EZproxy authenticated session (curl-cffi),1125167,5635949d4cde70ca9d3b37195a50758da4c44a1c81da4e59ec0cde8248338521,3,article_pdf,doi,1.0,
doi:10.1021/sb500042m,10.1021/sb500042m,2014,Engineered Calcium-Precipitable Restriction Enzyme,already_present,data/papers/2014/10.1021__sb500042m/publisher/paper.pdf,2026-09-03T03:08:06+00:00,https://pubs-acs-org.colorado.idm.oclc.org/doi/pdf/10.1021/sb500042m,https://pubs-acs-org.colorado.idm.oclc.org/asbcd6/article-pdf/3/12/969/16832036/sb500042m.pdf,ACS Publications via CU Boulder EZproxy,publishedVersion,,current_version_of_record_at_retrieval,authenticated_acs_version_of_record_pdf_endpoint,not_established,CU Boulder EZproxy authenticated session (curl-cffi),1820073,6edd744f9b1697ced639a5771704fab6df4c2d4e5cc554f2f22031cc296d3c78,3,article_pdf,doi,1.0,
doi:10.1021/sb500045w,10.1021/sb500045w,2014,A Multiplexed Transcription Activator-like Effector System for Detecting Specific DNA Sequences,already_present,data/papers/2014/10.1021__sb500045w/publisher/paper.pdf,2026-09-03T03:07:55+00:00,https://pubs-acs-org.colorado.idm.oclc.org/doi/pdf/10.1021/sb500045w,https://pubs-acs-org.colorado.idm.oclc.org/asbcd6/article-pdf/3/12/953/16831862/sb500045w.pdf,ACS Publications via CU Boulder EZproxy,publishedVersion,,current_version_of_record_at_retrieval,authenticated_acs_version_of_record_pdf_endpoint,not_established,CU Boulder EZproxy authenticated session (curl-cffi),732529,62b887e13ce90f3d9a29aa79bdd76fe0990b3bfc77fb801769e756aa456b1c04,3,article_pdf,doi,1.0,
doi:10.1021/sb5000466,10.1021/sb5000466,2014,Solving a Four-Destination Traveling Salesman Problem Using Escherichia coli Cells As Biocomputers,already_present,data/papers/2014/10.1021__sb5000466/publisher/paper.pdf,2026-09-03T03:08:07+00:00,https://pubs-acs-org.colorado.idm.oclc.org/doi/pdf/10.1021/sb5000466,https://pubs-acs-org.colorado.idm.oclc.org/asbcd6/article-pdf/3/12/972/16831855/sb5000466.pdf,ACS Publications via CU Boulder EZproxy,publishedVersion,,current_version_of_record_at_retrieval,authenticated_acs_version_of_record_pdf_endpoint,not_established,CU Boulder EZproxy authenticated session (curl-cffi),3970135,422debc52665a65a5fef5f435a6706cc9f788eed7158bc8a58bb5a8c33dca8cc,4,article_pdf,doi,1.0,
doi:10.1021/sb500047r,10.1021/sb500047r,2014,One Primer To Rule Them All: Universal Primer That Adds BBa_B0034 Ribosomal Binding Site to Any Coding Standard 10 BioBrick,already_present,data/papers/2014/10.1021__sb500047r/publisher/paper.pdf,2026-09-03T03:07:58+00:00,https://pubs-acs-org.colorado.idm.oclc.org/doi/pdf/10.1021/sb500047r,https://pubs-acs-org.colorado.idm.oclc.org/asbcd6/article-pdf/3/12/956/16831979/sb500047r.pdf,ACS Publications via CU Boulder EZproxy,publishedVersion,,current_version_of_record_at_retrieval,authenticated_acs_version_of_record_pdf_endpoint,not_established,CU Boulder EZproxy authenticated session (curl-cffi),1264268,1bb07b39000af256e2910220128a11ace32a12e4fae709bc87e134b9815fd28a,4,article_pdf,doi,1.0,
doi:10.1021/sb500053j,10.1021/sb500053j,2014,Owl: Electronic Datasheet Generator,already_present,data/papers/2014/10.1021__sb500053j/publisher/paper.pdf,2026-09-03T03:08:03+00:00,https://pubs-acs-org.colorado.idm.oclc.org/doi/pdf/10.1021/sb500053j,https://pubs-acs-org.colorado.idm.oclc.org/asbcd6/article-pdf/3/12/966/16831965/sb500053j.pdf,ACS Publications via CU Boulder EZproxy,publishedVersion,,current_version_of_record_at_retrieval,authenticated_acs_version_of_record_pdf_endpoint,not_established,CU Boulder EZproxy authenticated session (curl-cffi),1435475,24460f38bef296fa5e8560bda9f3e9b41261bed561e806ff1dc094eab128f5eb,3,article_pdf,doi,1.0,
doi:10.1021/sb500058e,10.1021/sb500058e,2014,Designing Safety Policies to Meet Evolving Needs: iGEM as a Testbed for Proactive and Adaptive Risk Management,already_present,data/papers/2014/10.1021__sb500058e/publisher/paper.pdf,2026-09-03T03:08:13+00:00,https://pubs-acs-org.colorado.idm.oclc.org/doi/pdf/10.1021/sb500058e,https://pubs-acs-org.colorado.idm.oclc.org/asbcd6/article-pdf/3/12/983/16832397/sb500058e.pdf,ACS Publications via CU Boulder EZproxy,publishedVersion,,current_version_of_record_at_retrieval,authenticated_acs_version_of_record_pdf_endpoint,not_established,CU Boulder EZproxy authenticated session (curl-cffi),588515,8b029a62e23fcb14450b4bc3e3df6c5a5f7ca1f49bc658693ea46fd9ae042917,3,article_pdf,doi,1.0,
doi:10.1021/sb500059x,10.1021/sb500059x,2014,Quantitatively Relating Gene Expression to Light Intensity via the Serial Connection of Blue Light Sensor and CRISPRi,already_present,data/papers/2014/10.1021__sb500059x/publisher/paper.pdf,2026-09-03T03:08:10+00:00,https://pubs-acs-org.colorado.idm.oclc.org/doi/pdf/10.1021/sb500059x,https://pubs-acs-org.colorado.idm.oclc.org/asbcd6/article-pdf/3/12/979/16832215/sb500059x.pdf,ACS Publications via CU Boulder EZproxy,publishedVersion,,current_version_of_record_at_retrieval,authenticated_acs_version_of_record_pdf_endpoint,not_established,CU Boulder EZproxy authenticated session (curl-cffi),1821078,1f3c58e0535ee794e64f27daf9cfd1338b6668426b17aa84478b436e0add2e23,4,article_pdf,doi,1.0,
doi:10.1021/sb5000675,10.1021/sb5000675,2014,Load Capacity Improvements in Nucleic Acid Based Systems Using Partially Open Feedback Control,already_present,data/papers/2014/10.1021__sb5000675/publisher/paper.pdf,2026-09-03T03:06:36+00:00,https://pubs-acs-org.colorado.idm.oclc.org/doi/pdf/10.1021/sb5000675,https://pubs-acs-org.colorado.idm.oclc.org/asbcd6/article-pdf/3/8/617/16684835/sb5000675.pdf,ACS Publications via CU Boulder EZproxy,publishedVersion,,current_version_of_record_at_retrieval,authenticated_acs_version_of_record_pdf_endpoint,not_established,CU Boulder EZproxy authenticated session (curl-cffi),3003967,8beb8d41929af53b8276eb2d0cf43cdd0b7ecd9c590cb886e0cc9b38567bac43,10,article_pdf,doi,1.0,
doi:10.1021/sb500070c,10.1021/sb500070c,2014,Development of an Artificial Calcium-Dependent Transcription Factor To Detect Sustained Intracellular Calcium Elevation,already_present,data/papers/2014/10.1021__sb500070c/publisher/paper.pdf,2026-09-03T03:06:54+00:00,https://pubs-acs-org.colorado.idm.oclc.org/doi/pdf/10.1021/sb500070c,https://pubs-acs-org.colorado.idm.oclc.org/asbcd6/article-pdf/3/10/717/12761364/sb500070c.pdf,ACS Publications via CU Boulder EZproxy,publishedVersion,,current_version_of_record_at_retrieval,authenticated_acs_version_of_record_pdf_endpoint,not_established,CU Boulder EZproxy authenticated session (curl-cffi),1086146,6792bba103def7769f2d065f3895d8bbe147d8d219df81907339e7283c7ddb90,6,article_pdf,doi,1.0,
doi:10.1021/sb500084f,10.1021/sb500084f,2014,Expanding the Logic of Bacterial Promoters Using Engineered Overlapping Operators for Global Regulators,already_present,data/papers/2014/10.1021__sb500084f/publisher/paper.pdf,2026-09-03T03:06:45+00:00,https://pubs-acs-org.colorado.idm.oclc.org/doi/pdf/10.1021/sb500084f,https://pubs-acs-org.colorado.idm.oclc.org/asbcd6/article-pdf/3/9/666/15258965/sb500084f.pdf,ACS Publications via CU Boulder EZproxy,publishedVersion,,current_version_of_record_at_retrieval,authenticated_acs_version_of_record_pdf_endpoint,not_established,CU Boulder EZproxy authenticated session (curl-cffi),2448724,2a2728974049cefa6f4b76a1b31edffab56fa7056bde1370e8d4b9885e547a0f,10,article_pdf,doi,1.0,
doi:10.1021/sb5001356,10.1021/sb5001356,2014,Manipulation of Endogenous Kinase Activity in Living Cells Using Photoswitchable Inhibitory Peptides,already_present,data/papers/2014/10.1021__sb5001356/publisher/paper.pdf,2026-09-03T03:07:11+00:00,https://pubs-acs-org.colorado.idm.oclc.org/doi/pdf/10.1021/sb5001356,https://pubs-acs-org.colorado.idm.oclc.org/asbcd6/article-pdf/3/11/788/15223137/sb5001356.pdf,ACS Publications via CU Boulder EZproxy,publishedVersion,,current_version_of_record_at_retrieval,authenticated_acs_version_of_record_pdf_endpoint,not_established,CU Boulder EZproxy authenticated session (curl-cffi),3533657,4b68aa3bd7cb12db1c6b26bd99fbcf3150ef8b6d2b86df5ec143488d2000ebdf,8,article_pdf,doi,1.0,
doi:10.1021/sb500222z,10.1021/sb500222z,2014,"Cellular Signaling Circuits Interfaced with Synthetic, Post-Translational, Negating Boolean Logic Devices",already_present,data/papers/2014/10.1021__sb500222z/publisher/paper.pdf,2026-09-03T03:06:49+00:00,https://pubs-acs-org.colorado.idm.oclc.org/doi/pdf/10.1021/sb500222z,https://pubs-acs-org.colorado.idm.oclc.org/asbcd6/article-pdf/3/9/676/15259214/sb500222z.pdf,ACS Publications via CU Boulder EZproxy,publishedVersion,,current_version_of_record_at_retrieval,authenticated_acs_version_of_record_pdf_endpoint,not_established,CU Boulder EZproxy authenticated session (curl-cffi),4280461,47919b21631269624b319874376e125937e312eb96ec6433a37be01173827d1a,10,article_pdf,doi,1.0,
doi:10.1021/sb500225r,10.1021/sb500225r,2014,Cloning and Optimization of a Nisin Biosynthesis Pathway for Bacteriocin Harvest,already_present,data/papers/2014/10.1021__sb500225r/publisher/paper.pdf,2026-09-03T03:06:03+00:00,https://pubs-acs-org.colorado.idm.oclc.org/doi/pdf/10.1021/sb500225r,https://pubs-acs-org.colorado.idm.oclc.org/asbcd6/article-pdf/3/7/439/15222800/sb500225r.pdf,ACS Publications via CU Boulder EZproxy,publishedVersion,,current_version_of_record_at_retrieval,authenticated_acs_version_of_record_pdf_endpoint,not_established,CU Boulder EZproxy authenticated session (curl-cffi),1703931,ca64107743d02f94a29ad24991d05ceee2a2b7a1aa1fe53ff007d158f344d111,7,article_pdf,doi,1.0,
doi:10.1021/sb500236e,10.1021/sb500236e,2014,Strategy Revealing Phenotypic Differences among Synthetic Oscillator Designs,already_present,data/papers/2014/10.1021__sb500236e/publisher/paper.pdf,2026-09-03T03:06:50+00:00,https://pubs-acs-org.colorado.idm.oclc.org/doi/pdf/10.1021/sb500236e,https://pubs-acs-org.colorado.idm.oclc.org/asbcd6/article-pdf/3/9/686/15259286/sb500236e.pdf,ACS Publications via CU Boulder EZproxy,publishedVersion,,current_version_of_record_at_retrieval,authenticated_acs_version_of_record_pdf_endpoint,not_established,CU Boulder EZproxy authenticated session (curl-cffi),1945684,8185f23d5827cd4de53e4443883e97ba0c78c98045fe0011d7e20dded676bf4a,16,article_pdf,doi,1.0,
doi:10.1021/sb5002505,10.1021/sb5002505,2014,Engineering Bacterial Phenylalanine 4-Hydroxylase for Microbial Synthesis of Human Neurotransmitter Precursor 5-Hydroxytryptophan,already_present,data/papers/2014/10.1021__sb5002505/publisher/paper.pdf,2026-09-03T03:06:15+00:00,https://pubs-acs-org.colorado.idm.oclc.org/doi/pdf/10.1021/sb5002505,https://pubs-acs-org.colorado.idm.oclc.org/asbcd6/article-pdf/3/7/497/15221782/sb5002505.pdf,ACS Publications via CU Boulder EZproxy,publishedVersion,,current_version_of_record_at_retrieval,authenticated_acs_version_of_record_pdf_endpoint,not_established,CU Boulder EZproxy authenticated session (curl-cffi),1476899,1d7bf095edf00866a8420423abcabd1cc81c7aad93f1f1af79dbcf3463029ada,9,article_pdf,doi,1.0,
doi:10.1021/sb500262f,10.1021/sb500262f,2014,"Modular, Multi-Input Transcriptional Logic Gating with Orthogonal LacI/GalR Family Chimeras",already_present,data/papers/2014/10.1021__sb500262f/publisher/paper.pdf,2026-09-03T03:06:40+00:00,https://pubs-acs-org.colorado.idm.oclc.org/doi/pdf/10.1021/sb500262f,https://pubs-acs-org.colorado.idm.oclc.org/asbcd6/article-pdf/3/9/645/15258801/sb500262f.pdf,ACS Publications via CU Boulder EZproxy,publishedVersion,,current_version_of_record_at_retrieval,authenticated_acs_version_of_record_pdf_endpoint,not_established,CU Boulder EZproxy authenticated session (curl-cffi),1158118,3d89ef1e9ba531a3efd0e4d9998bd29925c049c898c7f76f6ecfdbd7e8d9cd44,7,article_pdf,doi,1.0,
doi:10.1021/sb500273n,10.1021/sb500273n,2014,Refactoring and Optimization of Light-SwitchableEscherichia coliTwo-Component Systems,already_present,data/papers/2014/10.1021__sb500273n/publisher/paper.pdf,2026-09-03T03:07:18+00:00,https://pubs-acs-org.colorado.idm.oclc.org/doi/pdf/10.1021/sb500273n,https://pubs-acs-org.colorado.idm.oclc.org/asbcd6/article-pdf/3/11/820/15222824/sb500273n.pdf,ACS Publications via CU Boulder EZproxy,publishedVersion,,current_version_of_record_at_retrieval,authenticated_acs_version_of_record_pdf_endpoint,not_established,CU Boulder EZproxy authenticated session (curl-cffi),2910690,4585462cbf8cefd49f41b2286f2d6c4f82ddc9e233756d517f78e3827aee7536,12,article_pdf,doi,1.0,
doi:10.1021/sb5002856,10.1021/sb5002856,2014,Systematic Transfer of Prokaryotic Sensors and Circuits to Mammalian Cells,already_present,data/papers/2014/10.1021__sb5002856/publisher/paper.pdf,2026-09-03T03:07:36+00:00,https://pubs-acs-org.colorado.idm.oclc.org/doi/pdf/10.1021/sb5002856,https://pubs-acs-org.colorado.idm.oclc.org/asbcd6/article-pdf/3/12/880/16831902/sb5002856.pdf,ACS Publications via CU Boulder EZproxy,publishedVersion,,current_version_of_record_at_retrieval,authenticated_acs_version_of_record_pdf_endpoint,not_established,CU Boulder EZproxy authenticated session (curl-cffi),2416909,ed53635c7d250426f6c196d88db89971fadf91d62e920051bbf299e683920222,12,article_pdf,doi,1.0,
doi:10.1021/sb500291r,10.1021/sb500291r,2014,Benchmarking of Optical Dimerizer Systems,already_present,data/papers/2014/10.1021__sb500291r/publisher/paper.pdf,2026-09-03T03:07:19+00:00,https://pubs-acs-org.colorado.idm.oclc.org/doi/pdf/10.1021/sb500291r,https://pubs-acs-org.colorado.idm.oclc.org/asbcd6/article-pdf/3/11/832/15221908/sb500291r.pdf,ACS Publications via CU Boulder EZproxy,publishedVersion,,current_version_of_record_at_retrieval,authenticated_acs_version_of_record_pdf_endpoint,not_established,CU Boulder EZproxy authenticated session (curl-cffi),1648450,c9694391eb676d9685353b0bffbbf3e1a020fb47ba8dd70d250fb060c0ca6714,7,article_pdf,doi,1.0,
doi:10.1021/sb500304m,10.1021/sb500304m,2014,Toolkit for Visualization of the Cellular Structure and Organelles in Aspergillus niger,already_present,data/papers/2014/10.1021__sb500304m/publisher/paper.pdf,2026-09-03T03:08:16+00:00,https://pubs-acs-org.colorado.idm.oclc.org/doi/pdf/10.1021/sb500304m,https://pubs-acs-org.colorado.idm.oclc.org/asbcd6/article-pdf/3/12/995/16831837/sb500304m.pdf,ACS Publications via CU Boulder EZproxy,publishedVersion,,current_version_of_record_at_retrieval,authenticated_acs_version_of_record_pdf_endpoint,not_established,CU Boulder EZproxy authenticated session (curl-cffi),1663991,3f6df8db14b4e0f6db7ce4af8a47d7dfe4ca5b5ffcc6708a892677b02ab57b4b,4,article_pdf,doi,1.0,
doi:10.1021/sb500305v,10.1021/sb500305v,2014,Orthogonal Optogenetic Triple-Gene Control in Mammalian Cells,already_present,data/papers/2014/10.1021__sb500305v/publisher/paper.pdf,2026-09-03T03:07:11+00:00,https://pubs-acs-org.colorado.idm.oclc.org/doi/pdf/10.1021/sb500305v,https://pubs-acs-org.colorado.idm.oclc.org/asbcd6/article-pdf/3/11/796/15221861/sb500305v.pdf,ACS Publications via CU Boulder EZproxy,publishedVersion,,current_version_of_record_at_retrieval,authenticated_acs_version_of_record_pdf_endpoint,not_established,CU Boulder EZproxy authenticated session (curl-cffi),1073996,b9ab44ea85185812e152b6509b25a562046258bc0daa94b2fb053c70a6d2db3c,6,article_pdf,doi,1.0,
doi:10.1021/sb5003554,10.1021/sb5003554,2014,The Rise of Mammals,already_present,data/papers/2014/10.1021__sb5003554/publisher/paper.pdf,2026-09-03T03:07:32+00:00,https://pubs-acs-org.colorado.idm.oclc.org/doi/pdf/10.1021/sb5003554,https://pubs-acs-org.colorado.idm.oclc.org/asbcd6/article-pdf/3/12/878/16832152/sb5003554.pdf,ACS Publications via CU Boulder EZproxy,publishedVersion,,current_version_of_record_at_retrieval,authenticated_acs_version_of_record_pdf_endpoint,not_established,CU Boulder EZproxy authenticated session (curl-cffi),835032,f0c66158fde633599fe555bed12ed8aa6d04d8cfc03f2b22ea5a1de60dc0c0cc,2,article_pdf,doi,1.0,
doi:10.1021/sb500358y,10.1021/sb500358y,2014,Synthetic Biology of Multicellular Systems: New Platforms and Applications for Animal Cells and Organisms,already_present,data/papers/2014/10.1021__sb500358y/publisher/paper.pdf,2026-09-03T03:07:31+00:00,https://pubs-acs-org.colorado.idm.oclc.org/doi/pdf/10.1021/sb500358y,https://pubs-acs-org.colorado.idm.oclc.org/asbcd6/article-pdf/3/12/875/16832150/sb500358y.pdf,ACS Publications via CU Boulder EZproxy,publishedVersion,,current_version_of_record_at_retrieval,authenticated_acs_version_of_record_pdf_endpoint,not_established,CU Boulder EZproxy authenticated session (curl-cffi),156966,389dea7528f8c75e6505fc99e88bd28e6eecad4d58e7ac989e47c837b743a98b,2,article_pdf,doi,1.0,
doi:10.1021/sb500361d,10.1021/sb500361d,2014,Book Review of Synthetic Biology: A Lab Manual,already_present,data/papers/2014/10.1021__sb500361d/publisher/paper.pdf,2026-09-03T03:07:46+00:00,https://pubs-acs-org.colorado.idm.oclc.org/doi/pdf/10.1021/sb500361d,https://pubs-acs-org.colorado.idm.oclc.org/asbcd6/article-pdf/3/12/939/16831853/sb500361d.pdf,ACS Publications via CU Boulder EZproxy,publishedVersion,,current_version_of_record_at_retrieval,authenticated_acs_version_of_record_pdf_endpoint,not_established,CU Boulder EZproxy authenticated session (curl-cffi),227865,0e63e7750cf8c0d9b9faf483d57054cfc4587a0414cee8b86aa9f4eca1d3a84c,2,article_pdf,doi,1.0,
doi:10.1021/acssynbio.5b00002,10.1021/acssynbio.5b00002,2015,Engineering Escherichia coli into a Protein Delivery System for Mammalian Cells,already_present,data/papers/2015/10.1021__acssynbio.5b00002/publisher/paper.pdf,2026-09-03T03:10:48+00:00,https://pubs-acs-org.colorado.idm.oclc.org/doi/pdf/10.1021/acssynbio.5b00002,https://pubs-acs-org.colorado.idm.oclc.org/asbcd6/article-pdf/4/5/644/67520194/acssynbio.5b00002.pdf,ACS Publications via CU Boulder EZproxy,publishedVersion,,current_version_of_record_at_retrieval,authenticated_acs_version_of_record_pdf_endpoint,not_established,CU Boulder EZproxy authenticated session (curl-cffi),3390254,bc9b6a03eef8226d80b97001d1704fe80ce971e4855d1278683ce8edf5a0bd0c,11,article_pdf,doi,1.0,
doi:10.1021/acssynbio.5b00004,10.1021/acssynbio.5b00004,2015,Red Light-Regulated Reversible Nuclear Localization of Proteins in Mammalian Cells and Zebrafish,already_present,data/papers/2015/10.1021__acssynbio.5b00004/publisher/paper.pdf,2026-09-03T03:11:54+00:00,https://pubs-acs-org.colorado.idm.oclc.org/doi/pdf/10.1021/acssynbio.5b00004,https://pubs-acs-org.colorado.idm.oclc.org/asbcd6/article-pdf/4/9/951/15260364/sb5b00004.pdf,ACS Publications via CU Boulder EZproxy,publishedVersion,,current_version_of_record_at_retrieval,authenticated_acs_version_of_record_pdf_endpoint,not_established,CU Boulder EZproxy authenticated session (curl-cffi),2676583,5772e582dd782cc89a3bb029a57c8ccdb08a9f656b30cbf662e548f116f6d1e4,8,article_pdf,doi,1.0,
doi:10.1021/acssynbio.5b00007,10.1021/acssynbio.5b00007,2015,CasEMBLR: Cas9-Facilitated Multiloci Genomic Integration of in Vivo Assembled DNA Parts in Saccharomyces cerevisiae,already_present,data/papers/2015/10.1021__acssynbio.5b00007/publisher/paper.pdf,2026-09-03T03:12:56+00:00,https://pubs-acs-org.colorado.idm.oclc.org/doi/pdf/10.1021/acssynbio.5b00007,https://pubs-acs-org.colorado.idm.oclc.org/asbcd6/article-pdf/4/11/1226/12846413/sb5b00007.pdf,ACS Publications via CU Boulder EZproxy,publishedVersion,,current_version_of_record_at_retrieval,authenticated_acs_version_of_record_pdf_endpoint,not_established,CU Boulder EZproxy authenticated session (curl-cffi),1507259,2b271c80b9bd24f4bafaeea0554e1f1fc47707a97e32fef875cf0f34fe5d2101,9,article_pdf,doi,1.0,
doi:10.1021/acssynbio.5b00009,10.1021/acssynbio.5b00009,2015,Bacterial Recombineering: Genome Engineering via Phage-Based Homologous Recombination,already_present,data/papers/2015/10.1021__acssynbio.5b00009/publisher/paper.pdf,2026-09-03T03:12:43+00:00,https://pubs-acs-org.colorado.idm.oclc.org/doi/pdf/10.1021/acssynbio.5b00009,https://pubs-acs-org.colorado.idm.oclc.org/asbcd6/article-pdf/4/11/1176/12846640/sb5b00009.pdf,ACS Publications via CU Boulder EZproxy,publishedVersion,,current_version_of_record_at_retrieval,authenticated_acs_version_of_record_pdf_endpoint,not_established,CU Boulder EZproxy authenticated session (curl-cffi),1725384,7b1dad031a188505040c3f036acf976ed44958752c915b1b00f6eac0bd401505,10,article_pdf,doi,1.0,
doi:10.1021/acssynbio.5b00012,10.1021/acssynbio.5b00012,2015,CRISPathBrick: Modular Combinatorial Assembly of Type II-A CRISPR Arrays for dCas9-Mediated Multiplex Transcriptional Repression in E. coli,already_present,data/papers/2015/10.1021__acssynbio.5b00012/publisher/paper.pdf,2026-09-03T03:12:02+00:00,https://pubs-acs-org.colorado.idm.oclc.org/doi/pdf/10.1021/acssynbio.5b00012,https://pubs-acs-org.colorado.idm.oclc.org/asbcd6/article-pdf/4/9/987/15260516/sb5b00012.pdf,ACS Publications via CU Boulder EZproxy,publishedVersion,,current_version_of_record_at_retrieval,authenticated_acs_version_of_record_pdf_endpoint,not_established,CU Boulder EZproxy authenticated session (curl-cffi),4047339,93936c68e8920f5379d6cccbfc2ba9cc6247c595caa90ae0a23ac5c3e2f842cf,14,article_pdf,doi,1.0,
doi:10.1021/acssynbio.5b00016,10.1021/acssynbio.5b00016,2015,Systematic Identification of a Panel of Strong Constitutive Promoters from Streptomyces albus,already_present,data/papers/2015/10.1021__acssynbio.5b00016/publisher/paper.pdf,2026-09-03T03:12:03+00:00,https://pubs-acs-org.colorado.idm.oclc.org/doi/pdf/10.1021/acssynbio.5b00016,https://pubs-acs-org.colorado.idm.oclc.org/asbcd6/article-pdf/4/9/1001/15259950/sb5b00016.pdf,ACS Publications via CU Boulder EZproxy,publishedVersion,,current_version_of_record_at_retrieval,authenticated_acs_version_of_record_pdf_endpoint,not_established,CU Boulder EZproxy authenticated session (curl-cffi),1220738,7cea66612359ff6b83dfc0419b7e8e03c4dc62a3fb63ff09f243939bd3dcdafc,10,article_pdf,doi,1.0,
doi:10.1021/acssynbio.5b00018,10.1021/acssynbio.5b00018,2015,ANT: Software for Generating and Evaluating Degenerate Codons for Natural and Expanded Genetic Codes,already_present,data/papers/2015/10.1021__acssynbio.5b00018/publisher/paper.pdf,2026-09-03T03:11:51+00:00,https://pubs-acs-org.colorado.idm.oclc.org/doi/pdf/10.1021/acssynbio.5b00018,https://pubs-acs-org.colorado.idm.oclc.org/asbcd6/article-pdf/4/8/935/12846422/sb5b00018.pdf,ACS Publications via CU Boulder EZproxy,publishedVersion,,current_version_of_record_at_retrieval,authenticated_acs_version_of_record_pdf_endpoint,not_established,CU Boulder EZproxy authenticated session (curl-cffi),2204168,a55614e4d4211b148b412e390745b02f94dfdbfb27001246dc09f2fde93d0abe,4,article_pdf,doi,1.0,
doi:10.1021/acssynbio.5b00025,10.1021/acssynbio.5b00025,2015,Pterin-Dependent Mono-oxidation for the Microbial Synthesis of a Modified Monoterpene Indole Alkaloid,already_present,data/papers/2015/10.1021__acssynbio.5b00025/publisher/paper.pdf,2026-09-03T03:13:08+00:00,https://pubs-acs-org.colorado.idm.oclc.org/doi/pdf/10.1021/acssynbio.5b00025,https://pubs-acs-org.colorado.idm.oclc.org/asbcd6/article-pdf/4/12/1295/67255016/acssynbio.5b00025.pdf,ACS Publications via CU Boulder EZproxy,publishedVersion,,current_version_of_record_at_retrieval,authenticated_acs_version_of_record_pdf_endpoint,not_established,CU Boulder EZproxy authenticated session (curl-cffi),3538673,08cce1ecd926f6686b9ba51b9fd965ae78958edd9b3eac59eade822062e5e77c,13,article_pdf,doi,1.0,
doi:10.1021/acssynbio.5b00033,10.1021/acssynbio.5b00033,2015,Enhanced Protein Production in Escherichia coli by Optimization of Cloning Scars at the Vector–Coding Sequence Junction,already_present,data/papers/2015/10.1021__acssynbio.5b00033/publisher/paper.pdf,2026-09-03T03:11:55+00:00,https://pubs-acs-org.colorado.idm.oclc.org/doi/pdf/10.1021/acssynbio.5b00033,https://pubs-acs-org.colorado.idm.oclc.org/asbcd6/article-pdf/4/9/959/15260274/sb5b00033.pdf,ACS Publications via CU Boulder EZproxy,publishedVersion,,current_version_of_record_at_retrieval,authenticated_acs_version_of_record_pdf_endpoint,not_established,CU Boulder EZproxy authenticated session (curl-cffi),1629091,612542a46302786948be4eccb8e3866bbcc001e433edc35dc0fc1487898aff40,7,article_pdf,doi,1.0,
doi:10.1021/acssynbio.5b00034,10.1021/acssynbio.5b00034,2015,Polymerase Chain Reaction on a Viral Nanoparticle,already_present,data/papers/2015/10.1021__acssynbio.5b00034/publisher/paper.pdf,2026-09-03T03:13:13+00:00,https://pubs-acs-org.colorado.idm.oclc.org/doi/pdf/10.1021/acssynbio.5b00034,https://pubs-acs-org.colorado.idm.oclc.org/asbcd6/article-pdf/4/12/1316/15260403/sb5b00034.pdf,ACS Publications via CU Boulder EZproxy,publishedVersion,,current_version_of_record_at_retrieval,authenticated_acs_version_of_record_pdf_endpoint,not_established,CU Boulder EZproxy authenticated session (curl-cffi),3164064,124b087d2aca22608a281f33a9432aef0f8e6fb4a4673b60e26493b529437821,10,article_pdf,doi,1.0,
doi:10.1021/acssynbio.5b00037,10.1021/acssynbio.5b00037,2015,Influence of Electrostatics on Small Molecule Flux through a Protein Nanoreactor,already_present,data/papers/2015/10.1021__acssynbio.5b00037/publisher/paper.pdf,2026-09-03T03:12:06+00:00,https://pubs-acs-org.colorado.idm.oclc.org/doi/pdf/10.1021/acssynbio.5b00037,https://pubs-acs-org.colorado.idm.oclc.org/asbcd6/article-pdf/4/9/1011/15259877/sb5b00037.pdf,ACS Publications via CU Boulder EZproxy,publishedVersion,,current_version_of_record_at_retrieval,authenticated_acs_version_of_record_pdf_endpoint,not_established,CU Boulder EZproxy authenticated session (curl-cffi),1898496,00c44715dde773cff4029b506549265197ca203f9f52955291a6234aab03abc2,9,article_pdf,doi,1.0,
doi:10.1021/acssynbio.5b00038,10.1021/acssynbio.5b00038,2015,CRISPR-Cas9 Based Engineering of Actinomycetal Genomes,already_present,data/papers/2015/10.1021__acssynbio.5b00038/publisher/paper.pdf,2026-09-03T03:12:07+00:00,https://pubs-acs-org.colorado.idm.oclc.org/doi/pdf/10.1021/acssynbio.5b00038,https://pubs-acs-org.colorado.idm.oclc.org/asbcd6/article-pdf/4/9/1020/15260450/sb5b00038.pdf,ACS Publications via CU Boulder EZproxy,publishedVersion,,current_version_of_record_at_retrieval,authenticated_acs_version_of_record_pdf_endpoint,not_established,CU Boulder EZproxy authenticated session (curl-cffi),5181284,69518ea99b8195be367c0aba0a3180eefe5d3108a937326d11afa9bb2aef19f4,10,article_pdf,doi,1.0,
doi:10.1021/acssynbio.5b00040,10.1021/acssynbio.5b00040,2015,Rationally Designed MicroRNA-Based Genetic Classifiers Target Specific Neurons in the Brain,already_present,data/papers/2015/10.1021__acssynbio.5b00040/publisher/paper.pdf,2026-09-03T03:11:21+00:00,https://pubs-acs-org.colorado.idm.oclc.org/doi/pdf/10.1021/acssynbio.5b00040,https://pubs-acs-org.colorado.idm.oclc.org/asbcd6/article-pdf/4/7/788/15222436/sb5b00040.pdf,ACS Publications via CU Boulder EZproxy,publishedVersion,,current_version_of_record_at_retrieval,authenticated_acs_version_of_record_pdf_endpoint,not_established,CU Boulder EZproxy authenticated session (curl-cffi),5873019,abb9e6092e0f972612500830e92611474bee5b86dd7d8832a97b2eabab38e1e7,8,article_pdf,doi,1.0,
doi:10.1021/acssynbio.5b00041,10.1021/acssynbio.5b00041,2015,Tunable Riboregulator Switches for Post-transcriptional Control of Gene Expression,already_present,data/papers/2015/10.1021__acssynbio.5b00041/publisher/paper.pdf,2026-09-03T03:13:17+00:00,https://pubs-acs-org.colorado.idm.oclc.org/doi/pdf/10.1021/acssynbio.5b00041,https://pubs-acs-org.colorado.idm.oclc.org/asbcd6/article-pdf/4/12/1326/15260122/sb5b00041.pdf,ACS Publications via CU Boulder EZproxy,publishedVersion,,current_version_of_record_at_retrieval,authenticated_acs_version_of_record_pdf_endpoint,not_established,CU Boulder EZproxy authenticated session (curl-cffi),1791272,b99dc7819306519f213c95281570ae0e9264180959ba9bdd5762a3c96bcc649f,9,article_pdf,doi,1.0,
doi:10.1021/acssynbio.5b00043,10.1021/acssynbio.5b00043,2015,Genome Engineering in Cyanobacteria: Where We Are and Where We Need To Go,already_present,data/papers/2015/10.1021__acssynbio.5b00043/publisher/paper.pdf,2026-09-03T03:12:46+00:00,https://pubs-acs-org.colorado.idm.oclc.org/doi/pdf/10.1021/acssynbio.5b00043,https://pubs-acs-org.colorado.idm.oclc.org/asbcd6/article-pdf/4/11/1186/12845841/sb5b00043.pdf,ACS Publications via CU Boulder EZproxy,publishedVersion,,current_version_of_record_at_retrieval,authenticated_acs_version_of_record_pdf_endpoint,not_established,CU Boulder EZproxy authenticated session (curl-cffi),888634,b861a210a1c10e6fa409c3771f7e8a8a0cc4c3fa854a048723249936fc7a1db5,11,article_pdf,doi,1.0,
doi:10.1021/acssynbio.5b00044,10.1021/acssynbio.5b00044,2015,Probabilistic Analysis of Localized DNA Hybridization Circuits,already_present,data/papers/2015/10.1021__acssynbio.5b00044/publisher/paper.pdf,2026-09-03T03:11:43+00:00,https://pubs-acs-org.colorado.idm.oclc.org/doi/pdf/10.1021/acssynbio.5b00044,https://pubs-acs-org.colorado.idm.oclc.org/asbcd6/article-pdf/4/8/898/12847125/sb5b00044.pdf,ACS Publications via CU Boulder EZproxy,publishedVersion,,current_version_of_record_at_retrieval,authenticated_acs_version_of_record_pdf_endpoint,not_established,CU Boulder EZproxy authenticated session (curl-cffi),3747971,d28da838503cfb81efb6c6b6147eeb447f89148fedb659bb9bfc41ddd9ff0959,16,article_pdf,doi,1.0,
doi:10.1021/acssynbio.5b00048,10.1021/acssynbio.5b00048,2015,"The Dual Characteristics of Light-Induced Cryptochrome 2, Homo-oligomerization and Heterodimerization, for Optogenetic Manipulation in Mammalian Cells",already_present,data/papers/2015/10.1021__acssynbio.5b00048/publisher/paper.pdf,2026-09-03T03:12:32+00:00,https://pubs-acs-org.colorado.idm.oclc.org/doi/pdf/10.1021/acssynbio.5b00048,https://pubs-acs-org.colorado.idm.oclc.org/asbcd6/article-pdf/4/10/1124/15225759/sb5b00048.pdf,ACS Publications via CU Boulder EZproxy,publishedVersion,,current_version_of_record_at_retrieval,authenticated_acs_version_of_record_pdf_endpoint,not_established,CU Boulder EZproxy authenticated session (curl-cffi),12997634,496036317eaf86ce6df3e5a166d0d920a3f42db12439819aeadd15582f4b7f12,12,article_pdf,doi,1.0,
doi:10.1021/acssynbio.5b00051,10.1021/acssynbio.5b00051,2015,Partitioning Variability of a Compartmentalized In Vitro Transcriptional Thresholding Circuit,already_present,data/papers/2015/10.1021__acssynbio.5b00051/publisher/paper.pdf,2026-09-03T03:12:32+00:00,https://pubs-acs-org.colorado.idm.oclc.org/doi/pdf/10.1021/acssynbio.5b00051,https://pubs-acs-org.colorado.idm.oclc.org/asbcd6/article-pdf/4/10/1136/15223873/sb5b00051.pdf,ACS Publications via CU Boulder EZproxy,publishedVersion,,current_version_of_record_at_retrieval,authenticated_acs_version_of_record_pdf_endpoint,not_established,CU Boulder EZproxy authenticated session (curl-cffi),1877332,67d8a9a077eae4c650af625d2588691c1252454518c2c39b063e602681d193ca,8,article_pdf,doi,1.0,
doi:10.1021/acssynbio.5b00053,10.1021/acssynbio.5b00053,2015,"Probing Yeast Polarity with Acute, Reversible, Optogenetic Inhibition of Protein Function",already_present,data/papers/2015/10.1021__acssynbio.5b00053/publisher/paper.pdf,2026-09-03T03:12:23+00:00,https://pubs-acs-org.colorado.idm.oclc.org/doi/pdf/10.1021/acssynbio.5b00053,https://pubs-acs-org.colorado.idm.oclc.org/asbcd6/article-pdf/4/10/1077/15225534/sb5b00053.pdf,ACS Publications via CU Boulder EZproxy,publishedVersion,,current_version_of_record_at_retrieval,authenticated_acs_version_of_record_pdf_endpoint,not_established,CU Boulder EZproxy authenticated session (curl-cffi),2541595,849eb034259b54718637ea0b3607c1fb5747e8f5b7ab2821098f68053c736e56,9,article_pdf,doi,1.0,
doi:10.1021/acssynbio.5b00054,10.1021/acssynbio.5b00054,2015,In Vitro Selection for Small-Molecule-Triggered Strand Displacement and Riboswitch Activity,already_present,data/papers/2015/10.1021__acssynbio.5b00054/publisher/paper.pdf,2026-09-03T03:12:38+00:00,https://pubs-acs-org.colorado.idm.oclc.org/doi/pdf/10.1021/acssynbio.5b00054,https://pubs-acs-org.colorado.idm.oclc.org/asbcd6/article-pdf/4/10/1144/67255002/acssynbio.5b00054.pdf,ACS Publications via CU Boulder EZproxy,publishedVersion,,current_version_of_record_at_retrieval,authenticated_acs_version_of_record_pdf_endpoint,not_established,CU Boulder EZproxy authenticated session (curl-cffi),1366361,f512f021ff1ce6d15a7dd221bdef08547a53701dd61250b56624faabee61f5e0,7,article_pdf,doi,1.0,
doi:10.1021/acssynbio.5b00057,10.1021/acssynbio.5b00057,2015,"Genome Engineering of the 2,3-Butanediol Biosynthetic Pathway for Tight Regulation in Cyanobacteria",already_present,data/papers/2015/10.1021__acssynbio.5b00057/publisher/paper.pdf,2026-09-03T03:12:47+00:00,https://pubs-acs-org.colorado.idm.oclc.org/doi/pdf/10.1021/acssynbio.5b00057,https://pubs-acs-org.colorado.idm.oclc.org/asbcd6/article-pdf/4/11/1197/12846835/sb5b00057.pdf,ACS Publications via CU Boulder EZproxy,publishedVersion,,current_version_of_record_at_retrieval,authenticated_acs_version_of_record_pdf_endpoint,not_established,CU Boulder EZproxy authenticated session (curl-cffi),2082028,3da13560448aaddcc7f48bd960477b957af404994a5a58b71f882aa2d9b9a37f,8,article_pdf,doi,1.0,
doi:10.1021/acssynbio.5b00058,10.1021/acssynbio.5b00058,2015,Tn7-Based Device for Calibrated Heterologous Gene Expression in Pseudomonas putida,already_present,data/papers/2015/10.1021__acssynbio.5b00058/publisher/paper.pdf,2026-09-03T03:13:21+00:00,https://pubs-acs-org.colorado.idm.oclc.org/doi/pdf/10.1021/acssynbio.5b00058,https://pubs-acs-org.colorado.idm.oclc.org/asbcd6/article-pdf/4/12/1341/67361056/acssynbio.5b00058.pdf,ACS Publications via CU Boulder EZproxy,publishedVersion,,current_version_of_record_at_retrieval,authenticated_acs_version_of_record_pdf_endpoint,not_established,CU Boulder EZproxy authenticated session (curl-cffi),1737434,35d700c2185856cc991c6777d53f89fdfce7b1a371b6d8a351e783e9fc491f44,11,article_pdf,doi,1.0,
doi:10.1021/acssynbio.5b00060,10.1021/acssynbio.5b00060,2015,A Barcoding Strategy Enabling Higher-Throughput Library Screening by Microscopy,already_present,data/papers/2015/10.1021__acssynbio.5b00060/publisher/paper.pdf,2026-09-03T03:12:52+00:00,https://pubs-acs-org.colorado.idm.oclc.org/doi/pdf/10.1021/acssynbio.5b00060,https://pubs-acs-org.colorado.idm.oclc.org/asbcd6/article-pdf/4/11/1205/12847255/sb5b00060.pdf,ACS Publications via CU Boulder EZproxy,publishedVersion,,current_version_of_record_at_retrieval,authenticated_acs_version_of_record_pdf_endpoint,not_established,CU Boulder EZproxy authenticated session (curl-cffi),5389643,dcee7fe3870f2ff727901233043b6e8e497959f8bf670873077a4d1a39434c09,12,article_pdf,doi,1.0,
doi:10.1021/acssynbio.5b00062,10.1021/acssynbio.5b00062,2015,A Versatile Microfluidic Device for Automating Synthetic Biology,already_present,data/papers/2015/10.1021__acssynbio.5b00062/publisher/paper.pdf,2026-09-03T03:12:36+00:00,https://pubs-acs-org.colorado.idm.oclc.org/doi/pdf/10.1021/acssynbio.5b00062,https://pubs-acs-org.colorado.idm.oclc.org/asbcd6/article-pdf/4/10/1151/15225074/sb5b00062.pdf,ACS Publications via CU Boulder EZproxy,publishedVersion,,current_version_of_record_at_retrieval,authenticated_acs_version_of_record_pdf_endpoint,not_established,CU Boulder EZproxy authenticated session (curl-cffi),6113370,2e0678ca20d7cd4b8aebad5373592d4084d8192af70b1e20c45dd6fbe1bc2d57,14,article_pdf,doi,1.0,
doi:10.1021/acssynbio.5b00068,10.1021/acssynbio.5b00068,2015,Predicting the Genetic Stability of Engineered DNA Sequences with the EFM Calculator,already_present,data/papers/2015/10.1021__acssynbio.5b00068/publisher/paper.pdf,2026-09-03T03:11:50+00:00,https://pubs-acs-org.colorado.idm.oclc.org/doi/pdf/10.1021/acssynbio.5b00068,https://pubs-acs-org.colorado.idm.oclc.org/asbcd6/article-pdf/4/8/939/12845999/sb5b00068.pdf,ACS Publications via CU Boulder EZproxy,publishedVersion,,current_version_of_record_at_retrieval,authenticated_acs_version_of_record_pdf_endpoint,not_established,CU Boulder EZproxy authenticated session (curl-cffi),961965,8d053cc239d0b21e3d0ef594ff9b03680d21d43e00ace09887f32896d4da1bfa,5,article_pdf,doi,1.0,
doi:10.1021/acssynbio.5b00069,10.1021/acssynbio.5b00069,2015,Development of a Synthetic Malonyl-CoA Sensor in Saccharomyces cerevisiae for Intracellular Metabolite Monitoring and Genetic Screening,already_present,data/papers/2015/10.1021__acssynbio.5b00069/publisher/paper.pdf,2026-09-03T03:13:14+00:00,https://pubs-acs-org.colorado.idm.oclc.org/doi/pdf/10.1021/acssynbio.5b00069,https://pubs-acs-org.colorado.idm.oclc.org/asbcd6/article-pdf/4/12/1308/15260197/sb5b00069.pdf,ACS Publications via CU Boulder EZproxy,publishedVersion,,current_version_of_record_at_retrieval,authenticated_acs_version_of_record_pdf_endpoint,not_established,CU Boulder EZproxy authenticated session (curl-cffi),1890536,701e9f05d19f041415b0a872142586a7865647445bc4a5f1ba90752225088cc8,8,article_pdf,doi,1.0,
doi:10.1021/acssynbio.5b00070,10.1021/acssynbio.5b00070,2015,Metabolic Engineering of Synechocystis sp. PCC 6803 for Production of the Plant Diterpenoid Manoyl Oxide,already_present,data/papers/2015/10.1021__acssynbio.5b00070/publisher/paper.pdf,2026-09-03T03:13:05+00:00,https://pubs-acs-org.colorado.idm.oclc.org/doi/pdf/10.1021/acssynbio.5b00070,https://pubs-acs-org.colorado.idm.oclc.org/asbcd6/article-pdf/4/12/1270/67464033/acssynbio.5b00070.pdf,ACS Publications via CU Boulder EZproxy,publishedVersion,,current_version_of_record_at_retrieval,authenticated_acs_version_of_record_pdf_endpoint,not_established,CU Boulder EZproxy authenticated session (curl-cffi),2837680,661037ef60db01b0964f0eaa9e6957c5759bf49d0b3397d5e0cb29dc21b80b39,9,article_pdf,doi,1.0,
doi:10.1021/acssynbio.5b00074,10.1021/acssynbio.5b00074,2015,TALENs-Assisted Multiplex Editing for Accelerated Genome Evolution To Improve Yeast Phenotypes,already_present,data/papers/2015/10.1021__acssynbio.5b00074/publisher/paper.pdf,2026-09-03T03:12:27+00:00,https://pubs-acs-org.colorado.idm.oclc.org/doi/pdf/10.1021/acssynbio.5b00074,https://pubs-acs-org.colorado.idm.oclc.org/asbcd6/article-pdf/4/10/1101/15226057/sb5b00074.pdf,ACS Publications via CU Boulder EZproxy,publishedVersion,,current_version_of_record_at_retrieval,authenticated_acs_version_of_record_pdf_endpoint,not_established,CU Boulder EZproxy authenticated session (curl-cffi),3864861,c6718b3bb9c96d714a0b0811df6020135aaf7140e81edd827e50cd5c27ffde9b,11,article_pdf,doi,1.0,
doi:10.1021/acssynbio.5b00075,10.1021/acssynbio.5b00075,2015,Engineering a Lysine-ON Riboswitch for Metabolic Control of Lysine Production in Corynebacterium glutamicum,already_present,data/papers/2015/10.1021__acssynbio.5b00075/publisher/paper.pdf,2026-09-03T03:13:18+00:00,https://pubs-acs-org.colorado.idm.oclc.org/doi/pdf/10.1021/acssynbio.5b00075,https://pubs-acs-org.colorado.idm.oclc.org/asbcd6/article-pdf/4/12/1335/15259870/sb5b00075.pdf,ACS Publications via CU Boulder EZproxy,publishedVersion,,current_version_of_record_at_retrieval,authenticated_acs_version_of_record_pdf_endpoint,not_established,CU Boulder EZproxy authenticated session (curl-cffi),781845,808318746ac70cdb20e9a5266963e38927eeb403453bcc8c2b70008a2c6927dc,6,article_pdf,doi,1.0,
doi:10.1021/acssynbio.5b00077,10.1021/acssynbio.5b00077,2015,Generating Effective Models and Parameters for RNA Genetic Circuits,already_present,data/papers/2015/10.1021__acssynbio.5b00077/publisher/paper.pdf,2026-09-03T03:11:46+00:00,https://pubs-acs-org.colorado.idm.oclc.org/doi/pdf/10.1021/acssynbio.5b00077,https://pubs-acs-org.colorado.idm.oclc.org/asbcd6/article-pdf/4/8/914/67117105/acssynbio.5b00077.pdf,ACS Publications via CU Boulder EZproxy,publishedVersion,,current_version_of_record_at_retrieval,authenticated_acs_version_of_record_pdf_endpoint,not_established,CU Boulder EZproxy authenticated session (curl-cffi),1357213,be3f175492086010d0efa5a3f643129570817c2ef11cae68cc7bec24877b3231,13,article_pdf,doi,1.0,
doi:10.1021/acssynbio.5b00080,10.1021/acssynbio.5b00080,2015,Engineering the Controlled Assembly of Filamentous Injectisomes in E. coli K-12 for Protein Translocation into Mammalian Cells,already_present,data/papers/2015/10.1021__acssynbio.5b00080/publisher/paper.pdf,2026-09-03T03:12:13+00:00,https://pubs-acs-org.colorado.idm.oclc.org/doi/pdf/10.1021/acssynbio.5b00080,https://pubs-acs-org.colorado.idm.oclc.org/asbcd6/article-pdf/4/9/1030/67254987/acssynbio.5b00080.pdf,ACS Publications via CU Boulder EZproxy,publishedVersion,,current_version_of_record_at_retrieval,authenticated_acs_version_of_record_pdf_endpoint,not_established,CU Boulder EZproxy authenticated session (curl-cffi),4833878,5d44844471d35d90910c88be8ce6c8b772fb92b8bfca54eb9f2a37f2ab8a099e,12,article_pdf,doi,1.0,
doi:10.1021/acssynbio.5b00085,10.1021/acssynbio.5b00085,2015,Synthetic Auxotrophs with Ligand-Dependent Essential Genes for a BL21(DE3) Biosafety Strain,already_present,data/papers/2015/10.1021__acssynbio.5b00085/publisher/paper.pdf,2026-09-03T03:13:03+00:00,https://pubs-acs-org.colorado.idm.oclc.org/doi/pdf/10.1021/acssynbio.5b00085,https://pubs-acs-org.colorado.idm.oclc.org/asbcd6/article-pdf/4/12/1279/15260040/sb5b00085.pdf,ACS Publications via CU Boulder EZproxy,publishedVersion,,current_version_of_record_at_retrieval,authenticated_acs_version_of_record_pdf_endpoint,not_established,CU Boulder EZproxy authenticated session (curl-cffi),1609725,41914f5b9f9f3e955ab269bef1377e2cd353ed3cbf5d8b34d73617510f59a067,8,article_pdf,doi,1.0,
doi:10.1021/acssynbio.5b00087,10.1021/acssynbio.5b00087,2015,Genome Calligrapher: A Web Tool for Refactoring Bacterial Genome Sequences for de Novo DNA Synthesis,already_present,data/papers/2015/10.1021__acssynbio.5b00087/publisher/paper.pdf,2026-09-03T03:11:48+00:00,https://pubs-acs-org.colorado.idm.oclc.org/doi/pdf/10.1021/acssynbio.5b00087,https://pubs-acs-org.colorado.idm.oclc.org/asbcd6/article-pdf/4/8/927/67254974/acssynbio.5b00087.pdf,ACS Publications via CU Boulder EZproxy,publishedVersion,,current_version_of_record_at_retrieval,authenticated_acs_version_of_record_pdf_endpoint,not_established,CU Boulder EZproxy authenticated session (curl-cffi),4238050,90f13f86edd66ed231c8f1ed6713a746d0590e63bd0555389c9dde58e0cf1c6c,8,article_pdf,doi,1.0,
doi:10.1021/acssynbio.5b00092,10.1021/acssynbio.5b00092,2015,Enzymatic Menthol Production: One-Pot Approach Using Engineered Escherichia coli,already_present,data/papers/2015/10.1021__acssynbio.5b00092/publisher/paper.pdf,2026-09-03T03:12:26+00:00,https://pubs-acs-org.colorado.idm.oclc.org/doi/pdf/10.1021/acssynbio.5b00092,https://pubs-acs-org.colorado.idm.oclc.org/asbcd6/article-pdf/4/10/1112/67361040/acssynbio.5b00092.pdf,ACS Publications via CU Boulder EZproxy,publishedVersion,,current_version_of_record_at_retrieval,authenticated_acs_version_of_record_pdf_endpoint,not_established,CU Boulder EZproxy authenticated session (curl-cffi),2272946,5901c6fe0c18ccddbaac4f56885bb5f012323d33416fdeb12c372f815e5398fa,12,article_pdf,doi,1.0,
doi:10.1021/acssynbio.5b00098,10.1021/acssynbio.5b00098,2015,Engineering Synthetic cis-Regulatory Elements for Simultaneous Recognition of Three Transcriptional Factors in Bacteria,already_present,data/papers/2015/10.1021__acssynbio.5b00098/publisher/paper.pdf,2026-09-03T03:13:08+00:00,https://pubs-acs-org.colorado.idm.oclc.org/doi/pdf/10.1021/acssynbio.5b00098,https://pubs-acs-org.colorado.idm.oclc.org/asbcd6/article-pdf/4/12/1287/15260245/sb5b00098.pdf,ACS Publications via CU Boulder EZproxy,publishedVersion,,current_version_of_record_at_retrieval,authenticated_acs_version_of_record_pdf_endpoint,not_established,CU Boulder EZproxy authenticated session (curl-cffi),1686309,d41ac9b87bf88593e8f6e18abe8db501d902f5724bd6c2da8e815e9e88cd9e77,8,article_pdf,doi,1.0,
doi:10.1021/acssynbio.5b00107,10.1021/acssynbio.5b00107,2015,Evolutionary Design of Choline-Inducible and -Repressible T7-Based Induction Systems,already_present,data/papers/2015/10.1021__acssynbio.5b00107/publisher/paper.pdf,2026-09-03T03:13:20+00:00,https://pubs-acs-org.colorado.idm.oclc.org/doi/pdf/10.1021/acssynbio.5b00107,https://pubs-acs-org.colorado.idm.oclc.org/asbcd6/article-pdf/4/12/1352/15259840/sb5b00107.pdf,ACS Publications via CU Boulder EZproxy,publishedVersion,,current_version_of_record_at_retrieval,authenticated_acs_version_of_record_pdf_endpoint,not_established,CU Boulder EZproxy authenticated session (curl-cffi),2129576,899f468e7ed431d6e62800533b4e5095b2fd60f33dc476735a0b3e8f8c6b6909,9,article_pdf,doi,1.0,
doi:10.1021/acssynbio.5b00113,10.1021/acssynbio.5b00113,2015,Accurate DNA Assembly and Genome Engineering with Optimized Uracil Excision Cloning,already_present,data/papers/2015/10.1021__acssynbio.5b00113/publisher/paper.pdf,2026-09-03T03:12:10+00:00,https://pubs-acs-org.colorado.idm.oclc.org/doi/pdf/10.1021/acssynbio.5b00113,https://pubs-acs-org.colorado.idm.oclc.org/asbcd6/article-pdf/4/9/1042/15259854/sb5b00113.pdf,ACS Publications via CU Boulder EZproxy,publishedVersion,,current_version_of_record_at_retrieval,authenticated_acs_version_of_record_pdf_endpoint,not_established,CU Boulder EZproxy authenticated session (curl-cffi),3327327,2b863a28c600bfcfb38e189abd78590e62fa0971254e1fa02207297dd71709f0,5,article_pdf,doi,1.0,
doi:10.1021/acssynbio.5b00131,10.1021/acssynbio.5b00131,2015,Comprehensive Sequence-Flux Mapping of a Levoglucosan Utilization Pathway in E. coli,already_present,data/papers/2015/10.1021__acssynbio.5b00131/publisher/paper.pdf,2026-09-03T03:12:55+00:00,https://pubs-acs-org.colorado.idm.oclc.org/doi/pdf/10.1021/acssynbio.5b00131,https://pubs-acs-org.colorado.idm.oclc.org/asbcd6/article-pdf/4/11/1235/12847162/sb5b00131.pdf,ACS Publications via CU Boulder EZproxy,publishedVersion,,current_version_of_record_at_retrieval,authenticated_acs_version_of_record_pdf_endpoint,not_established,CU Boulder EZproxy authenticated session (curl-cffi),3071745,e01ff4025cd2eb53ed7be5f9fc44fb24229687fd148f235414e2419ea55ff883,9,article_pdf,doi,1.0,
doi:10.1021/acssynbio.5b00132,10.1021/acssynbio.5b00132,2015,Targeted Large-Scale Deletion of Bacterial Genomes Using CRISPR-Nickases,already_present,data/papers/2015/10.1021__acssynbio.5b00132/publisher/paper.pdf,2026-09-03T03:12:50+00:00,https://pubs-acs-org.colorado.idm.oclc.org/doi/pdf/10.1021/acssynbio.5b00132,https://pubs-acs-org.colorado.idm.oclc.org/asbcd6/article-pdf/4/11/1217/67117216/acssynbio.5b00132.pdf,ACS Publications via CU Boulder EZproxy,publishedVersion,,current_version_of_record_at_retrieval,authenticated_acs_version_of_record_pdf_endpoint,not_established,CU Boulder EZproxy authenticated session (curl-cffi),2139062,ed4fe4eb676067b1adce3d9b4faae5e082ddf83274eb19c934b33ef080ac85b9,9,article_pdf,doi,1.0,
doi:10.1021/acssynbio.5b00133,10.1021/acssynbio.5b00133,2015,Genome-Wide Tuning of Protein Expression Levels to Rapidly Engineer Microbial Traits,already_present,data/papers/2015/10.1021__acssynbio.5b00133/publisher/paper.pdf,2026-09-03T03:13:00+00:00,https://pubs-acs-org.colorado.idm.oclc.org/doi/pdf/10.1021/acssynbio.5b00133,https://pubs-acs-org.colorado.idm.oclc.org/asbcd6/article-pdf/4/11/1244/12847195/sb5b00133.pdf,ACS Publications via CU Boulder EZproxy,publishedVersion,,current_version_of_record_at_retrieval,authenticated_acs_version_of_record_pdf_endpoint,not_established,CU Boulder EZproxy authenticated session (curl-cffi),3912051,57dd20edb204556e07f18f0ddcd4e6c6e9a47b6f5702a2ba4d295a2edb1c4054,10,article_pdf,doi,1.0,
doi:10.1021/acssynbio.5b00170,10.1021/acssynbio.5b00170,2015,Memory and Combinatorial Logic Based on DNA Inversions: Dynamics and Evolutionary Stability,already_present,data/papers/2015/10.1021__acssynbio.5b00170/publisher/paper.pdf,2026-09-03T03:13:25+00:00,https://pubs-acs-org.colorado.idm.oclc.org/doi/pdf/10.1021/acssynbio.5b00170,https://pubs-acs-org.colorado.idm.oclc.org/asbcd6/article-pdf/4/12/1361/15259895/sb5b00170.pdf,ACS Publications via CU Boulder EZproxy,publishedVersion,,current_version_of_record_at_retrieval,authenticated_acs_version_of_record_pdf_endpoint,not_established,CU Boulder EZproxy authenticated session (curl-cffi),2484288,a2fa5c319fbace4a9383d0252b1edab8700d7911f892bde19ad55ddeee8738e1,12,article_pdf,doi,1.0,
doi:10.1021/acssynbio.5b00190,10.1021/acssynbio.5b00190,2015,Industrialization of Biology,already_present,data/papers/2015/10.1021__acssynbio.5b00190/publisher/paper.pdf,2026-09-03T03:12:15+00:00,https://pubs-acs-org.colorado.idm.oclc.org/doi/pdf/10.1021/acssynbio.5b00190,https://pubs-acs-org.colorado.idm.oclc.org/asbcd6/article-pdf/4/10/1053/15224435/sb5b00190.pdf,ACS Publications via CU Boulder EZproxy,publishedVersion,,current_version_of_record_at_retrieval,authenticated_acs_version_of_record_pdf_endpoint,not_established,CU Boulder EZproxy authenticated session (curl-cffi),971638,016f8433ad80c33374b2e9a945eac3d1763002552d4845ef4aa7d80b00230806,3,article_pdf,doi,1.0,
doi:10.1021/acssynbio.5b00218,10.1021/acssynbio.5b00218,2015,"Creating Ribo-T: (Design, Build, Test)n",already_present,data/papers/2015/10.1021__acssynbio.5b00218/publisher/paper.pdf,2026-09-03T03:12:41+00:00,https://pubs-acs-org.colorado.idm.oclc.org/doi/pdf/10.1021/acssynbio.5b00218,https://pubs-acs-org.colorado.idm.oclc.org/asbcd6/article-pdf/4/11/1173/12846258/sb5b00218.pdf,ACS Publications via CU Boulder EZproxy,publishedVersion,,current_version_of_record_at_retrieval,authenticated_acs_version_of_record_pdf_endpoint,not_established,CU Boulder EZproxy authenticated session (curl-cffi),1005603,b51b1eebf01b6bdd37069db41ee0b58549c43157870152d57a10e16c09a71126,3,article_pdf,doi,1.0,
doi:10.1021/sb300092n,10.1021/sb300092n,2015,Opportunities for Synthetic Biology in Antibiotics: Expanding Glycopeptide Chemical Diversity,already_present,data/papers/2015/10.1021__sb300092n/publisher/paper.pdf,2026-09-03T03:09:10+00:00,https://pubs-acs-org.colorado.idm.oclc.org/doi/pdf/10.1021/sb300092n,https://pubs-acs-org.colorado.idm.oclc.org/asbcd6/article-pdf/4/3/195/15226248/sb300092n.pdf,ACS Publications via CU Boulder EZproxy,publishedVersion,,current_version_of_record_at_retrieval,authenticated_acs_version_of_record_pdf_endpoint,not_established,CU Boulder EZproxy authenticated session (curl-cffi),2614844,71c8c05a853f3821f4c5af93994d1bf4a84bbf1ece80bb3096f9a0d18927f474,12,article_pdf,doi,1.0,
doi:10.1021/sb4001189,10.1021/sb4001189,2015,A Synthetic Anhydrotetracycline-Controllable Gene Expression System in Ralstonia eutropha H16,already_present,data/papers/2015/10.1021__sb4001189/publisher/paper.pdf,2026-09-03T03:08:46+00:00,https://pubs-acs-org.colorado.idm.oclc.org/doi/pdf/10.1021/sb4001189,https://pubs-acs-org.colorado.idm.oclc.org/asbcd6/article-pdf/4/2/101/12191088/sb4001189.pdf,ACS Publications via CU Boulder EZproxy,publishedVersion,,current_version_of_record_at_retrieval,authenticated_acs_version_of_record_pdf_endpoint,not_established,CU Boulder EZproxy authenticated session (curl-cffi),1322643,efba89e71a968110675fa1083dfa7c94440f95de3cb0ceb0990c336d028a0873,6,article_pdf,doi,1.0,
doi:10.1021/sb400126a,10.1021/sb400126a,2015,Noise Propagation in Synthetic Gene Circuits for Metabolic Control,already_present,data/papers/2015/10.1021__sb400126a/publisher/paper.pdf,2026-09-03T03:08:49+00:00,https://pubs-acs-org.colorado.idm.oclc.org/doi/pdf/10.1021/sb400126a,https://pubs-acs-org.colorado.idm.oclc.org/asbcd6/article-pdf/4/2/116/12191246/sb400126a.pdf,ACS Publications via CU Boulder EZproxy,publishedVersion,,current_version_of_record_at_retrieval,authenticated_acs_version_of_record_pdf_endpoint,not_established,CU Boulder EZproxy authenticated session (curl-cffi),1287851,d6d9874b261a0de18a7fe9efb2dadcefe98ed5b15d57e9fe32292df59e50912f,10,article_pdf,doi,1.0,
doi:10.1021/sb400133g,10.1021/sb400133g,2015,Rational Design of Allosteric Regulation of Homoserine Dehydrogenase by a Nonnatural Inhibitor l-Lysine,already_present,data/papers/2015/10.1021__sb400133g/publisher/paper.pdf,2026-09-03T03:08:50+00:00,https://pubs-acs-org.colorado.idm.oclc.org/doi/pdf/10.1021/sb400133g,https://pubs-acs-org.colorado.idm.oclc.org/asbcd6/article-pdf/4/2/126/12190272/sb400133g.pdf,ACS Publications via CU Boulder EZproxy,publishedVersion,,current_version_of_record_at_retrieval,authenticated_acs_version_of_record_pdf_endpoint,not_established,CU Boulder EZproxy authenticated session (curl-cffi),2338159,613a01411b5269b7c3b5a99c4b68b1ad20e1008879b1e8ec65a53f7542496e02,6,article_pdf,doi,1.0,
doi:10.1021/sb400158w,10.1021/sb400158w,2015,Negative Feedback Regulation of Fatty Acid Production Based on a Malonyl-CoA Sensor–Actuator,already_present,data/papers/2015/10.1021__sb400158w/publisher/paper.pdf,2026-09-03T03:08:53+00:00,https://pubs-acs-org.colorado.idm.oclc.org/doi/pdf/10.1021/sb400158w,https://pubs-acs-org.colorado.idm.oclc.org/asbcd6/article-pdf/4/2/132/12190487/sb400158w.pdf,ACS Publications via CU Boulder EZproxy,publishedVersion,,current_version_of_record_at_retrieval,authenticated_acs_version_of_record_pdf_endpoint,not_established,CU Boulder EZproxy authenticated session (curl-cffi),2057877,725cf702ba0e76eff0d00f8acbd2331c1d5f9dadeca3f5d93bad77f03a49d0c8,9,article_pdf,doi,1.0,
doi:10.1021/sb400162z,10.1021/sb400162z,2015,Trade-offs in Engineering Sugar Utilization Pathways for Titratable Control,already_present,data/papers/2015/10.1021__sb400162z/publisher/paper.pdf,2026-09-03T03:08:54+00:00,https://pubs-acs-org.colorado.idm.oclc.org/doi/pdf/10.1021/sb400162z,https://pubs-acs-org.colorado.idm.oclc.org/asbcd6/article-pdf/4/2/141/12190626/sb400162z.pdf,ACS Publications via CU Boulder EZproxy,publishedVersion,,current_version_of_record_at_retrieval,authenticated_acs_version_of_record_pdf_endpoint,not_established,CU Boulder EZproxy authenticated session (curl-cffi),1584214,ea6287ebdb95d3009c597e7fb19de32a4653ccc46201833ef4d8b75131915467,9,article_pdf,doi,1.0,
doi:10.1021/sb4002008,10.1021/sb4002008,2015,Slow and Steady Wins the Race: A Bacterial Exploitative Competition Strategy in Fluctuating Environments,already_present,data/papers/2015/10.1021__sb4002008/publisher/paper.pdf,2026-09-03T03:09:20+00:00,https://pubs-acs-org.colorado.idm.oclc.org/doi/pdf/10.1021/sb4002008,https://pubs-acs-org.colorado.idm.oclc.org/asbcd6/article-pdf/4/3/240/15225849/sb4002008.pdf,ACS Publications via CU Boulder EZproxy,publishedVersion,,current_version_of_record_at_retrieval,authenticated_acs_version_of_record_pdf_endpoint,not_established,CU Boulder EZproxy authenticated session (curl-cffi),1795827,8472beb06b0a82a7c437723cd64dad33f213bd4ebfc273e6e41dbec6bd2653ea,9,article_pdf,doi,1.0,
doi:10.1021/sb400201u,10.1021/sb400201u,2015,Designing RNA-Based Genetic Control Systems for Efficient Production from Engineered Metabolic Pathways,already_present,data/papers/2015/10.1021__sb400201u/publisher/paper.pdf,2026-09-03T03:08:47+00:00,https://pubs-acs-org.colorado.idm.oclc.org/doi/pdf/10.1021/sb400201u,https://pubs-acs-org.colorado.idm.oclc.org/asbcd6/article-pdf/4/2/107/12190832/sb400201u.pdf,ACS Publications via CU Boulder EZproxy,publishedVersion,,current_version_of_record_at_retrieval,authenticated_acs_version_of_record_pdf_endpoint,not_established,CU Boulder EZproxy authenticated session (curl-cffi),2031711,e9c5537eb41136caacaa4d3dbe6ced7caba4f722b5aeef9172fef365e87ee8f2,9,article_pdf,doi,1.0,
doi:10.1021/sb400206c,10.1021/sb400206c,2015,Rapidly Characterizing the Fast Dynamics of RNA Genetic Circuitry with Cell-Free Transcription–Translation (TX-TL) Systems,already_present,data/papers/2015/10.1021__sb400206c/publisher/paper.pdf,2026-09-03T03:10:16+00:00,https://pubs-acs-org.colorado.idm.oclc.org/doi/pdf/10.1021/sb400206c,https://pubs-acs-org.colorado.idm.oclc.org/asbcd6/article-pdf/4/5/503/15260768/sb400206c.pdf,ACS Publications via CU Boulder EZproxy,publishedVersion,,current_version_of_record_at_retrieval,authenticated_acs_version_of_record_pdf_endpoint,not_established,CU Boulder EZproxy authenticated session (curl-cffi),1194857,48f1191bc80d9e3beaa5aad800a043f41088f2f9fbcca23e7a65eefdca28e755,13,article_pdf,doi,1.0,
doi:10.1021/sb500003x,10.1021/sb500003x,2015,Avoidance of Truncated Proteins from Unintended Ribosome Binding Sites within Heterologous Protein Coding Sequences,already_present,data/papers/2015/10.1021__sb500003x/publisher/paper.pdf,2026-09-03T03:09:23+00:00,https://pubs-acs-org.colorado.idm.oclc.org/doi/pdf/10.1021/sb500003x,https://pubs-acs-org.colorado.idm.oclc.org/asbcd6/article-pdf/4/3/249/15224015/sb500003x.pdf,ACS Publications via CU Boulder EZproxy,publishedVersion,,current_version_of_record_at_retrieval,authenticated_acs_version_of_record_pdf_endpoint,not_established,CU Boulder EZproxy authenticated session (curl-cffi),2100509,86b34a82c696cbb05f2d17ee0f6b0bee0cebe710ce27c567ae2d1a940d7be737,9,article_pdf,doi,1.0,
doi:10.1021/sb5000059,10.1021/sb5000059,2015,Using Dynamic Noise Propagation to Infer Causal Regulatory Relationships in Biochemical Networks,already_present,data/papers/2015/10.1021__sb5000059/publisher/paper.pdf,2026-09-03T03:09:24+00:00,https://pubs-acs-org.colorado.idm.oclc.org/doi/pdf/10.1021/sb5000059,https://pubs-acs-org.colorado.idm.oclc.org/asbcd6/article-pdf/4/3/258/15225084/sb5000059.pdf,ACS Publications via CU Boulder EZproxy,publishedVersion,,current_version_of_record_at_retrieval,authenticated_acs_version_of_record_pdf_endpoint,not_established,CU Boulder EZproxy authenticated session (curl-cffi),1429293,78529aaf6c95b03393d872cef8406d2db09768cc9b29b3bcf54b62c18d9bc5ab,7,article_pdf,doi,1.0,
doi:10.1021/sb5000115,10.1021/sb5000115,2015,Preventing T7 RNA Polymerase Read-through Transcription—A Synthetic Termination Signal Capable of Improving Bioprocess Stability,already_present,data/papers/2015/10.1021__sb5000115/publisher/paper.pdf,2026-09-03T03:09:27+00:00,https://pubs-acs-org.colorado.idm.oclc.org/doi/pdf/10.1021/sb5000115,https://pubs-acs-org.colorado.idm.oclc.org/asbcd6/article-pdf/4/3/265/15224754/sb5000115.pdf,ACS Publications via CU Boulder EZproxy,publishedVersion,,current_version_of_record_at_retrieval,authenticated_acs_version_of_record_pdf_endpoint,not_established,CU Boulder EZproxy authenticated session (curl-cffi),2174248,179ca7db8b0fff9ad32fc2409a70795882edb32999124f3a8b07d1b9c4e3aedb,9,article_pdf,doi,1.0,
doi:10.1021/sb500019b,10.1021/sb500019b,2015,Recognition Sequences and Substrate Evolution in Cyanobactin Biosynthesis,already_present,data/papers/2015/10.1021__sb500019b/publisher/paper.pdf,2026-09-03T03:09:06+00:00,https://pubs-acs-org.colorado.idm.oclc.org/doi/pdf/10.1021/sb500019b,https://pubs-acs-org.colorado.idm.oclc.org/asbcd6/article-pdf/4/2/167/12190930/sb500019b.pdf,ACS Publications via CU Boulder EZproxy,publishedVersion,,current_version_of_record_at_retrieval,authenticated_acs_version_of_record_pdf_endpoint,not_established,CU Boulder EZproxy authenticated session (curl-cffi),2498198,6c085b694bfb9ff627953b3f0d294f30a2057c3917efc8160785e262ac848f04,10,article_pdf,doi,1.0,
doi:10.1021/sb500024b,10.1021/sb500024b,2015,Design and Implementation of a Biomolecular Concentration Tracker,already_present,data/papers/2015/10.1021__sb500024b/publisher/paper.pdf,2026-09-03T03:09:01+00:00,https://pubs-acs-org.colorado.idm.oclc.org/doi/pdf/10.1021/sb500024b,https://pubs-acs-org.colorado.idm.oclc.org/asbcd6/article-pdf/4/2/150/12191542/sb500024b.pdf,ACS Publications via CU Boulder EZproxy,publishedVersion,,current_version_of_record_at_retrieval,authenticated_acs_version_of_record_pdf_endpoint,not_established,CU Boulder EZproxy authenticated session (curl-cffi),3937843,9788ffbee7bd9e4baef83b8d17352d9829c167bcf96cdb8a8bb12d8255f0d9d8,12,article_pdf,doi,1.0,
doi:10.1021/sb500055u,10.1021/sb500055u,2015,Assembly of Highly Standardized Gene Fragments for High-Level Production of Porphyrins in E. coli,already_present,data/papers/2015/10.1021__sb500055u/publisher/paper.pdf,2026-09-03T03:09:28+00:00,https://pubs-acs-org.colorado.idm.oclc.org/doi/pdf/10.1021/sb500055u,https://pubs-acs-org.colorado.idm.oclc.org/asbcd6/article-pdf/4/3/274/15226125/sb500055u.pdf,ACS Publications via CU Boulder EZproxy,publishedVersion,,current_version_of_record_at_retrieval,authenticated_acs_version_of_record_pdf_endpoint,not_established,CU Boulder EZproxy authenticated session (curl-cffi),2391775,8ded9dfe8043721734d1345ade2d46adc9dfef85b7042889a6a2712cd5252bf4,9,article_pdf,doi,1.0,
doi:10.1021/sb500062p,10.1021/sb500062p,2015,Ribozyme-Based Aminoglycoside Switches of Gene Expression Engineered by Genetic Selection in S. cerevisiae,already_present,data/papers/2015/10.1021__sb500062p/publisher/paper.pdf,2026-09-03T03:10:20+00:00,https://pubs-acs-org.colorado.idm.oclc.org/doi/pdf/10.1021/sb500062p,https://pubs-acs-org.colorado.idm.oclc.org/asbcd6/article-pdf/4/5/516/15260957/sb500062p.pdf,ACS Publications via CU Boulder EZproxy,publishedVersion,,current_version_of_record_at_retrieval,authenticated_acs_version_of_record_pdf_endpoint,not_established,CU Boulder EZproxy authenticated session (curl-cffi),3457734,40a1d69a331b37cc479ee95e50eccab2e74276e525c751c84f6a7d34473a2941,10,article_pdf,doi,1.0,
doi:10.1021/sb5000725,10.1021/sb5000725,2015,Fluorescent Monitoring of RNA Assembly and Processing Using the Split-Spinach Aptamer,already_present,data/papers/2015/10.1021__sb5000725/publisher/paper.pdf,2026-09-03T03:08:57+00:00,https://pubs-acs-org.colorado.idm.oclc.org/doi/pdf/10.1021/sb5000725,https://pubs-acs-org.colorado.idm.oclc.org/asbcd6/article-pdf/4/2/162/12190085/sb5000725.pdf,ACS Publications via CU Boulder EZproxy,publishedVersion,,current_version_of_record_at_retrieval,authenticated_acs_version_of_record_pdf_endpoint,not_established,CU Boulder EZproxy authenticated session (curl-cffi),1761239,9637af9db55857c918ac1d0b4ad98dd1f6d472891c97f22beb545d916cd6333e,5,article_pdf,doi,1.0,
doi:10.1021/sb500074a,10.1021/sb500074a,2015,RNAi-Assisted Genome Evolution in Saccharomyces cerevisiae for Complex Phenotype Engineering,already_present,data/papers/2015/10.1021__sb500074a/publisher/paper.pdf,2026-09-03T03:09:31+00:00,https://pubs-acs-org.colorado.idm.oclc.org/doi/pdf/10.1021/sb500074a,https://pubs-acs-org.colorado.idm.oclc.org/asbcd6/article-pdf/4/3/283/15224323/sb500074a.pdf,ACS Publications via CU Boulder EZproxy,publishedVersion,,current_version_of_record_at_retrieval,authenticated_acs_version_of_record_pdf_endpoint,not_established,CU Boulder EZproxy authenticated session (curl-cffi),1973262,995fec753722e2f46f81019c0085fca36c708e61df01f51c4c06c704abcd80ba,9,article_pdf,doi,1.0,
doi:10.1021/sb500079f,10.1021/sb500079f,2015,Combinatorial Assembly of Large Biochemical Pathways into Yeast Chromosomes for Improved Production of Value-added Compounds,already_present,data/papers/2015/10.1021__sb500079f/publisher/paper.pdf,2026-09-03T03:08:31+00:00,https://pubs-acs-org.colorado.idm.oclc.org/doi/pdf/10.1021/sb500079f,https://pubs-acs-org.colorado.idm.oclc.org/asbcd6/article-pdf/4/1/23/15260484/sb500079f.pdf,ACS Publications via CU Boulder EZproxy,publishedVersion,,current_version_of_record_at_retrieval,authenticated_acs_version_of_record_pdf_endpoint,not_established,CU Boulder EZproxy authenticated session (curl-cffi),2828784,1aae0e28c57c3447aa58c2e15e926061315eb832e03fe1cd9d7227ebd4d158ae,9,article_pdf,doi,1.0,
doi:10.1021/sb500083t,10.1021/sb500083t,2015,Rapid Evaluation of Tyrosine Kinase Activity of Membrane-Integrated Human Epidermal Growth Factor Receptor Using the Yeast Gγ Recruitment System,already_present,data/papers/2015/10.1021__sb500083t/publisher/paper.pdf,2026-09-03T03:10:03+00:00,https://pubs-acs-org.colorado.idm.oclc.org/doi/pdf/10.1021/sb500083t,https://pubs-acs-org.colorado.idm.oclc.org/asbcd6/article-pdf/4/4/421/12769580/sb500083t.pdf,ACS Publications via CU Boulder EZproxy,publishedVersion,,current_version_of_record_at_retrieval,authenticated_acs_version_of_record_pdf_endpoint,not_established,CU Boulder EZproxy authenticated session (curl-cffi),2525712,64be3c8e19b0638c2567644467e7f0cb616147d58d73b4665b93953ffa4f322a,9,article_pdf,doi,1.0,
doi:10.1021/sb5000884,10.1021/sb5000884,2015,Adaptive Evolution of an Artificial RNA Genome to a Reduced Ribosome Environment,already_present,data/papers/2015/10.1021__sb5000884/publisher/paper.pdf,2026-09-03T03:09:31+00:00,https://pubs-acs-org.colorado.idm.oclc.org/doi/pdf/10.1021/sb5000884,https://pubs-acs-org.colorado.idm.oclc.org/asbcd6/article-pdf/4/3/292/15225503/sb5000884.pdf,ACS Publications via CU Boulder EZproxy,publishedVersion,,current_version_of_record_at_retrieval,authenticated_acs_version_of_record_pdf_endpoint,not_established,CU Boulder EZproxy authenticated session (curl-cffi),2338819,e11028d789827a6a4d0969611be23dbecf0f150bcb05a10e74ef50de471aca78,7,article_pdf,doi,1.0,
doi:10.1021/sb500090b,10.1021/sb500090b,2015,Modified Lactic Acid Bacteria Detect and Inhibit Multiresistant Enterococci,already_present,data/papers/2015/10.1021__sb500090b/publisher/paper.pdf,2026-09-03T03:09:35+00:00,https://pubs-acs-org.colorado.idm.oclc.org/doi/pdf/10.1021/sb500090b,https://pubs-acs-org.colorado.idm.oclc.org/asbcd6/article-pdf/4/3/299/15223651/sb500090b.pdf,ACS Publications via CU Boulder EZproxy,publishedVersion,,current_version_of_record_at_retrieval,authenticated_acs_version_of_record_pdf_endpoint,not_established,CU Boulder EZproxy authenticated session (curl-cffi),1947072,d7723ec92d6bf626d6e47a4e70902f8e7b3becc1e790477723b7005d6477df25,8,article_pdf,doi,1.0,
doi:10.1021/sb500096y,10.1021/sb500096y,2015,A Highly Tunable System for the Simultaneous Expression of Multiple Enzymes in Saccharomyces cerevisiae,already_present,data/papers/2015/10.1021__sb500096y/publisher/paper.pdf,2026-09-03T03:08:26+00:00,https://pubs-acs-org.colorado.idm.oclc.org/doi/pdf/10.1021/sb500096y,https://pubs-acs-org.colorado.idm.oclc.org/asbcd6/article-pdf/4/1/12/15260142/sb500096y.pdf,ACS Publications via CU Boulder EZproxy,publishedVersion,,current_version_of_record_at_retrieval,authenticated_acs_version_of_record_pdf_endpoint,not_established,CU Boulder EZproxy authenticated session (curl-cffi),973498,af4ec47596fbb0660b1fbb0b96d3352c6eeb8d1b19321be03de10a1792876da2,5,article_pdf,doi,1.0,
doi:10.1021/sb5001092,10.1021/sb5001092,2015,Synthetic Gene Involving Azobenzene-Tethered T7 Promoter for the Photocontrol of Gene Expression by Visible Light,already_present,data/papers/2015/10.1021__sb5001092/publisher/paper.pdf,2026-09-03T03:09:42+00:00,https://pubs-acs-org.colorado.idm.oclc.org/doi/pdf/10.1021/sb5001092,https://pubs-acs-org.colorado.idm.oclc.org/asbcd6/article-pdf/4/4/365/12768850/sb5001092.pdf,ACS Publications via CU Boulder EZproxy,publishedVersion,,current_version_of_record_at_retrieval,authenticated_acs_version_of_record_pdf_endpoint,not_established,CU Boulder EZproxy authenticated session (curl-cffi),1352916,073237b82a16f1d6d4d2ec4a4b63546e9ec0653e08d756576e460e58c59d50af,6,article_pdf,doi,1.0,
doi:10.1021/sb500113b,10.1021/sb500113b,2015,Engineering Living Functional Materials,already_present,data/papers/2015/10.1021__sb500113b/publisher/paper.pdf,2026-09-03T03:08:27+00:00,https://pubs-acs-org.colorado.idm.oclc.org/doi/pdf/10.1021/sb500113b,https://pubs-acs-org.colorado.idm.oclc.org/asbcd6/article-pdf/4/1/8/15260075/sb500113b.pdf,ACS Publications via CU Boulder EZproxy,publishedVersion,,current_version_of_record_at_retrieval,authenticated_acs_version_of_record_pdf_endpoint,not_established,CU Boulder EZproxy authenticated session (curl-cffi),938688,7b973feb94eb58e6667eced3b390bcf19a7d05a1410dda76084dd1a9e890c1c0,4,article_pdf,doi,1.0,
doi:10.1021/sb500134w,10.1021/sb500134w,2015,Qualitative and Quantitative Analysis of Systems and Synthetic Biology Constructs using P Systems,already_present,data/papers/2015/10.1021__sb500134w/publisher/paper.pdf,2026-09-03T03:08:43+00:00,https://pubs-acs-org.colorado.idm.oclc.org/doi/pdf/10.1021/sb500134w,https://pubs-acs-org.colorado.idm.oclc.org/asbcd6/article-pdf/4/1/83/15260614/sb500134w.pdf,ACS Publications via CU Boulder EZproxy,publishedVersion,,current_version_of_record_at_retrieval,authenticated_acs_version_of_record_pdf_endpoint,not_established,CU Boulder EZproxy authenticated session (curl-cffi),1737909,54fc216870be0554c777d9cdce51c023feba84bf9fc8681b957344e9aebf479a,10,article_pdf,doi,1.0,
doi:10.1021/sb5001406,10.1021/sb5001406,2015,Meta-Stochastic Simulation of Biochemical Models for Systems and Synthetic Biology,already_present,data/papers/2015/10.1021__sb5001406/publisher/paper.pdf,2026-09-03T03:08:34+00:00,https://pubs-acs-org.colorado.idm.oclc.org/doi/pdf/10.1021/sb5001406,https://pubs-acs-org.colorado.idm.oclc.org/asbcd6/article-pdf/4/1/39/15260428/sb5001406.pdf,ACS Publications via CU Boulder EZproxy,publishedVersion,,current_version_of_record_at_retrieval,authenticated_acs_version_of_record_pdf_endpoint,not_established,CU Boulder EZproxy authenticated session (curl-cffi),1601040,56b444fc49c970cc662c7ac899d93beba8b0e4d8c1f0ca2586f6a8393ba4d57b,9,article_pdf,doi,1.0,
doi:10.1021/sb5001565,10.1021/sb5001565,2015,Direct Mutagenesis of Thousands of Genomic Targets Using Microarray-Derived Oligonucleotides,already_present,data/papers/2015/10.1021__sb5001565/publisher/paper.pdf,2026-09-03T03:08:29+00:00,https://pubs-acs-org.colorado.idm.oclc.org/doi/pdf/10.1021/sb5001565,https://pubs-acs-org.colorado.idm.oclc.org/asbcd6/article-pdf/4/1/17/15260236/sb5001565.pdf,ACS Publications via CU Boulder EZproxy,publishedVersion,,current_version_of_record_at_retrieval,authenticated_acs_version_of_record_pdf_endpoint,not_established,CU Boulder EZproxy authenticated session (curl-cffi),1203538,9bf0fa68642c71b2bfa68e34a5074ab1bbc56307d9a8e8d49dd4a2a3065d77f6,6,article_pdf,doi,1.0,
doi:10.1021/sb500165g,10.1021/sb500165g,2015,"A Low Cost, Customizable Turbidostat for Use in Synthetic Circuit Characterization",already_present,data/papers/2015/10.1021__sb500165g/publisher/paper.pdf,2026-09-03T03:08:33+00:00,https://pubs-acs-org.colorado.idm.oclc.org/doi/pdf/10.1021/sb500165g,https://pubs-acs-org.colorado.idm.oclc.org/asbcd6/article-pdf/4/1/32/15260375/sb500165g.pdf,ACS Publications via CU Boulder EZproxy,publishedVersion,,current_version_of_record_at_retrieval,authenticated_acs_version_of_record_pdf_endpoint,not_established,CU Boulder EZproxy authenticated session (curl-cffi),1705481,ce52ca08bbd97bb94db01e540224ebb8447eed36fb52b7d2da368861abc899c7,7,article_pdf,doi,1.0,
doi:10.1021/sb500173f,10.1021/sb500173f,2015,Model-Driven Engineering of Gene Expression from RNA Replicons,already_present,data/papers/2015/10.1021__sb500173f/publisher/paper.pdf,2026-09-03T03:08:39+00:00,https://pubs-acs-org.colorado.idm.oclc.org/doi/pdf/10.1021/sb500173f,https://pubs-acs-org.colorado.idm.oclc.org/asbcd6/article-pdf/4/1/48/15260317/sb500173f.pdf,ACS Publications via CU Boulder EZproxy,publishedVersion,,current_version_of_record_at_retrieval,authenticated_acs_version_of_record_pdf_endpoint,not_established,CU Boulder EZproxy authenticated session (curl-cffi),2925892,fd0bf73c6b9761d997b6af086484773ef3d36fb745952fce20f409fdfc3980f8,9,article_pdf,doi,1.0,
doi:10.1021/sb500176h,10.1021/sb500176h,2015,Proposed Data Model for the Next Version of the Synthetic Biology Open Language,already_present,data/papers/2015/10.1021__sb500176h/publisher/paper.pdf,2026-09-03T03:08:38+00:00,https://pubs-acs-org.colorado.idm.oclc.org/doi/pdf/10.1021/sb500176h,https://pubs-acs-org.colorado.idm.oclc.org/asbcd6/article-pdf/4/1/57/15260719/sb500176h.pdf,ACS Publications via CU Boulder EZproxy,publishedVersion,,current_version_of_record_at_retrieval,authenticated_acs_version_of_record_pdf_endpoint,not_established,CU Boulder EZproxy authenticated session (curl-cffi),5818383,82b7d04c3a0fa1a0bc9f732c6896162a382813d1b1661488a2899e65d37d5d08,15,article_pdf,doi,1.0,
doi:10.1021/sb500194z,10.1021/sb500194z,2015,Software-Supported USER Cloning Strategies for Site-Directed Mutagenesis and DNA Assembly,already_present,data/papers/2015/10.1021__sb500194z/publisher/paper.pdf,2026-09-03T03:09:43+00:00,https://pubs-acs-org.colorado.idm.oclc.org/doi/pdf/10.1021/sb500194z,https://pubs-acs-org.colorado.idm.oclc.org/asbcd6/article-pdf/4/3/342/15223406/sb500194z.pdf,ACS Publications via CU Boulder EZproxy,publishedVersion,,current_version_of_record_at_retrieval,authenticated_acs_version_of_record_pdf_endpoint,not_established,CU Boulder EZproxy authenticated session (curl-cffi),3192944,b7f935d950b9442dc14d6f626a91adfdd6dfd907ae0fef666e7c5c8c28d8baec,8,article_pdf,doi,1.0,
doi:10.1021/sb500195w,10.1021/sb500195w,2015,Fine-tuning Interaction between Aminoacyl-tRNA Synthetase and tRNA for Efficient Synthesis of Proteins Containing Unnatural Amino Acids,already_present,data/papers/2015/10.1021__sb500195w/publisher/paper.pdf,2026-09-03T03:09:10+00:00,https://pubs-acs-org.colorado.idm.oclc.org/doi/pdf/10.1021/sb500195w,https://pubs-acs-org.colorado.idm.oclc.org/asbcd6/article-pdf/4/3/207/15223281/sb500195w.pdf,ACS Publications via CU Boulder EZproxy,publishedVersion,,current_version_of_record_at_retrieval,authenticated_acs_version_of_record_pdf_endpoint,not_established,CU Boulder EZproxy authenticated session (curl-cffi),1813695,811d303f59cb50ff72765b96ff472b61535b97edf93e5943d8a9314d91adc3c5,6,article_pdf,doi,1.0,
doi:10.1021/sb5002196,10.1021/sb5002196,2015,Sequence Design for a Test Tube of Interacting Nucleic Acid Strands,already_present,data/papers/2015/10.1021__sb5002196/publisher/paper.pdf,2026-09-03T03:12:22+00:00,https://pubs-acs-org.colorado.idm.oclc.org/doi/pdf/10.1021/sb5002196,https://pubs-acs-org.colorado.idm.oclc.org/asbcd6/article-pdf/4/10/1086/15224729/sb5002196.pdf,ACS Publications via CU Boulder EZproxy,publishedVersion,,current_version_of_record_at_retrieval,authenticated_acs_version_of_record_pdf_endpoint,not_established,CU Boulder EZproxy authenticated session (curl-cffi),1960050,498b10a744e649b0451b37b36c8d1f2afc577de03f60a10089558228c0ce9b0a,15,article_pdf,doi,1.0,
doi:10.1021/sb500221v,10.1021/sb500221v,2015,"A Set of Versatile Brick Vectors and Promoters for the Assembly, Expression, and Integration of Synthetic Operons in Methylobacterium extorquens AM1 and Other Alphaproteobacteria",already_present,data/papers/2015/10.1021__sb500221v/publisher/paper.pdf,2026-09-03T03:10:02+00:00,https://pubs-acs-org.colorado.idm.oclc.org/doi/pdf/10.1021/sb500221v,https://pubs-acs-org.colorado.idm.oclc.org/asbcd6/article-pdf/4/4/430/12769250/sb500221v.pdf,ACS Publications via CU Boulder EZproxy,publishedVersion,,current_version_of_record_at_retrieval,authenticated_acs_version_of_record_pdf_endpoint,not_established,CU Boulder EZproxy authenticated session (curl-cffi),1686320,aca04818322ef1c46132cff29978adbe7fb6988fef261f5300fa1280a5872a9a,14,article_pdf,doi,1.0,
doi:10.1021/sb500226j,10.1021/sb500226j,2015,Engineering Bacterial Microcompartment Shells: Chimeric Shell Proteins and Chimeric Carboxysome Shells,already_present,data/papers/2015/10.1021__sb500226j/publisher/paper.pdf,2026-09-03T03:10:07+00:00,https://pubs-acs-org.colorado.idm.oclc.org/doi/pdf/10.1021/sb500226j,https://pubs-acs-org.colorado.idm.oclc.org/asbcd6/article-pdf/4/4/444/12769843/sb500226j.pdf,ACS Publications via CU Boulder EZproxy,publishedVersion,,current_version_of_record_at_retrieval,authenticated_acs_version_of_record_pdf_endpoint,not_established,CU Boulder EZproxy authenticated session (curl-cffi),5318081,0e353a2ef1a7ceec4be00fb1a7c8f63f8b0ecbddd7fe22e7c3f7e97458c7a9e5,10,article_pdf,doi,1.0,
doi:10.1021/sb500229s,10.1021/sb500229s,2015,Gene Expression Platform for Synthetic Biology in the Human Pathogen Streptococcus pneumoniae,already_present,data/papers/2015/10.1021__sb500229s/publisher/paper.pdf,2026-09-03T03:09:21+00:00,https://pubs-acs-org.colorado.idm.oclc.org/doi/pdf/10.1021/sb500229s,https://pubs-acs-org.colorado.idm.oclc.org/asbcd6/article-pdf/4/3/228/15223472/sb500229s.pdf,ACS Publications via CU Boulder EZproxy,publishedVersion,,current_version_of_record_at_retrieval,authenticated_acs_version_of_record_pdf_endpoint,not_established,CU Boulder EZproxy authenticated session (curl-cffi),5444423,d69ca2f1a226cbf7eaba72c682d3c95f6e521df63dec6e8087c84d7fb854bc35,12,article_pdf,doi,1.0,
doi:10.1021/sb500233u,10.1021/sb500233u,2015,Cooperativity To Increase Turing Pattern Space for Synthetic Biology,already_present,data/papers/2015/10.1021__sb500233u/publisher/paper.pdf,2026-09-03T03:09:05+00:00,https://pubs-acs-org.colorado.idm.oclc.org/doi/pdf/10.1021/sb500233u,https://pubs-acs-org.colorado.idm.oclc.org/asbcd6/article-pdf/4/2/177/12191635/sb500233u.pdf,ACS Publications via CU Boulder EZproxy,publishedVersion,,current_version_of_record_at_retrieval,authenticated_acs_version_of_record_pdf_endpoint,not_established,CU Boulder EZproxy authenticated session (curl-cffi),3463847,9409116d0b5e3fe91b12a0570820229de7597aec1208b758a5ef7a39afe15354,10,article_pdf,doi,1.0,
doi:10.1021/sb500234s,10.1021/sb500234s,2015,GeneGuard: A Modular Plasmid System Designed for Biosafety,already_present,data/papers/2015/10.1021__sb500234s/publisher/paper.pdf,2026-09-03T03:09:36+00:00,https://pubs-acs-org.colorado.idm.oclc.org/doi/pdf/10.1021/sb500234s,https://pubs-acs-org.colorado.idm.oclc.org/asbcd6/article-pdf/4/3/307/15223780/sb500234s.pdf,ACS Publications via CU Boulder EZproxy,publishedVersion,,current_version_of_record_at_retrieval,authenticated_acs_version_of_record_pdf_endpoint,not_established,CU Boulder EZproxy authenticated session (curl-cffi),2948518,22b3f46fb447d888672ff35c900193992f1a4ac696019a1fea7673b58f3773f3,10,article_pdf,doi,1.0,
doi:10.1021/sb500235p,10.1021/sb500235p,2015,Distributed Classifier Based on Genetically Engineered Bacterial Cell Cultures,already_present,data/papers/2015/10.1021__sb500235p/publisher/paper.pdf,2026-09-03T03:08:42+00:00,https://pubs-acs-org.colorado.idm.oclc.org/doi/pdf/10.1021/sb500235p,https://pubs-acs-org.colorado.idm.oclc.org/asbcd6/article-pdf/4/1/72/15260536/sb500235p.pdf,ACS Publications via CU Boulder EZproxy,publishedVersion,,current_version_of_record_at_retrieval,authenticated_acs_version_of_record_pdf_endpoint,not_established,CU Boulder EZproxy authenticated session (curl-cffi),2134252,84b518ee688350f8cc09e2c9a9f45251d1b32a91e9c4119024efed1c53a50618,11,article_pdf,doi,1.0,
doi:10.1021/sb500237x,10.1021/sb500237x,2015,Engineering and Characterization of New LOV-Based Fluorescent Proteins from Chlamydomonas reinhardtii and Vaucheria frigida,already_present,data/papers/2015/10.1021__sb500237x/publisher/paper.pdf,2026-09-03T03:09:47+00:00,https://pubs-acs-org.colorado.idm.oclc.org/doi/pdf/10.1021/sb500237x,https://pubs-acs-org.colorado.idm.oclc.org/asbcd6/article-pdf/4/4/371/12769400/sb500237x.pdf,ACS Publications via CU Boulder EZproxy,publishedVersion,,current_version_of_record_at_retrieval,authenticated_acs_version_of_record_pdf_endpoint,not_established,CU Boulder EZproxy authenticated session (curl-cffi),2640599,eab3c9f15764bc7a7746dd26dcbc748a23e1e6d775c1cb76447ddd477ec2484a,7,article_pdf,doi,1.0,
doi:10.1021/sb5002399,10.1021/sb5002399,2015,Speeding up Directed Evolution: Combining the Advantages of Solid-Phase Combinatorial Gene Synthesis with Statistically Guided Reduction of Screening Effort,already_present,data/papers/2015/10.1021__sb5002399/publisher/paper.pdf,2026-09-03T03:09:39+00:00,https://pubs-acs-org.colorado.idm.oclc.org/doi/pdf/10.1021/sb5002399,https://pubs-acs-org.colorado.idm.oclc.org/asbcd6/article-pdf/4/3/317/15224027/sb5002399.pdf,ACS Publications via CU Boulder EZproxy,publishedVersion,,current_version_of_record_at_retrieval,authenticated_acs_version_of_record_pdf_endpoint,not_established,CU Boulder EZproxy authenticated session (curl-cffi),2699598,fc996175d8872b6f9c63d9a7a1b90678015f07c775b59dab40759083b37502ba,15,article_pdf,doi,1.0,
doi:10.1021/sb500240p,10.1021/sb500240p,2015,"Stereospecific Microbial Conversion of Lactic Acid into 1,2-Propanediol",already_present,data/papers/2015/10.1021__sb500240p/publisher/paper.pdf,2026-09-03T03:09:46+00:00,https://pubs-acs-org.colorado.idm.oclc.org/doi/pdf/10.1021/sb500240p,https://pubs-acs-org.colorado.idm.oclc.org/asbcd6/article-pdf/4/4/378/12768172/sb500240p.pdf,ACS Publications via CU Boulder EZproxy,publishedVersion,,current_version_of_record_at_retrieval,authenticated_acs_version_of_record_pdf_endpoint,not_established,CU Boulder EZproxy authenticated session (curl-cffi),477024,256deb57cb281f8b42696a1a69650e658f1eb8741ef27e0fc68571192839125e,5,article_pdf,doi,1.0,
doi:10.1021/sb500241e,10.1021/sb500241e,2015,"RADOM, an Efficient In Vivo Method for Assembling Designed DNA Fragments up to 10 kb Long in Saccharomyces cerevisiae",already_present,data/papers/2015/10.1021__sb500241e/publisher/paper.pdf,2026-09-03T03:09:15+00:00,https://pubs-acs-org.colorado.idm.oclc.org/doi/pdf/10.1021/sb500241e,https://pubs-acs-org.colorado.idm.oclc.org/asbcd6/article-pdf/4/3/213/15224506/sb500241e.pdf,ACS Publications via CU Boulder EZproxy,publishedVersion,,current_version_of_record_at_retrieval,authenticated_acs_version_of_record_pdf_endpoint,not_established,CU Boulder EZproxy authenticated session (curl-cffi),2031252,885b8f5f065158ec0550473f6a809bf95408b34781a9fb892b7cd1769eb72122,8,article_pdf,doi,1.0,
doi:10.1021/sb500242x,10.1021/sb500242x,2015,Mapping of Amino Acid Substitutions Conferring Herbicide Resistance in Wheat Glutathione Transferase,already_present,data/papers/2015/10.1021__sb500242x/publisher/paper.pdf,2026-09-03T03:09:14+00:00,https://pubs-acs-org.colorado.idm.oclc.org/doi/pdf/10.1021/sb500242x,https://pubs-acs-org.colorado.idm.oclc.org/asbcd6/article-pdf/4/3/221/15224948/sb500242x.pdf,ACS Publications via CU Boulder EZproxy,publishedVersion,,current_version_of_record_at_retrieval,authenticated_acs_version_of_record_pdf_endpoint,not_established,CU Boulder EZproxy authenticated session (curl-cffi),2057598,89a69f49259e4f6fb4b42f56ec9a4b663db88c6f52ceeac1bd1a8200c3205c11,7,article_pdf,doi,1.0,
doi:10.1021/sb500243c,10.1021/sb500243c,2015,Reversal of the β-Oxidation Cycle in Saccharomyces cerevisiae for Production of Fuels and Chemicals,already_present,data/papers/2015/10.1021__sb500243c/publisher/paper.pdf,2026-09-03T03:09:40+00:00,https://pubs-acs-org.colorado.idm.oclc.org/doi/pdf/10.1021/sb500243c,https://pubs-acs-org.colorado.idm.oclc.org/asbcd6/article-pdf/4/3/332/15225235/sb500243c.pdf,ACS Publications via CU Boulder EZproxy,publishedVersion,,current_version_of_record_at_retrieval,authenticated_acs_version_of_record_pdf_endpoint,not_established,CU Boulder EZproxy authenticated session (curl-cffi),1514790,1b572bd30e8729565bdb04dfc30d6cbc7384567de9f5790d97fe4952350e72b2,10,article_pdf,doi,1.0,
doi:10.1021/sb5002467,10.1021/sb5002467,2015,Characterizing and Alleviating Substrate Limitations for Improved in vitro Ribosome Construction,already_present,data/papers/2015/10.1021__sb5002467/publisher/paper.pdf,2026-09-03T03:10:07+00:00,https://pubs-acs-org.colorado.idm.oclc.org/doi/pdf/10.1021/sb5002467,https://pubs-acs-org.colorado.idm.oclc.org/asbcd6/article-pdf/4/4/454/12768969/sb5002467.pdf,ACS Publications via CU Boulder EZproxy,publishedVersion,,current_version_of_record_at_retrieval,authenticated_acs_version_of_record_pdf_endpoint,not_established,CU Boulder EZproxy authenticated session (curl-cffi),1171407,ebf79f036b2c57861c834e2f793c68680f41710982ee25cb8df308c6b405c361,9,article_pdf,doi,1.0,
doi:10.1021/sb500247a,10.1021/sb500247a,2015,Refined Regio- and Stereoselective Hydroxylation of l-Pipecolic Acid by Protein Engineering of l-Proline cis-4-Hydroxylase Based on the X-ray Crystal Structure,already_present,data/papers/2015/10.1021__sb500247a/publisher/paper.pdf,2026-09-03T03:09:52+00:00,https://pubs-acs-org.colorado.idm.oclc.org/doi/pdf/10.1021/sb500247a,https://pubs-acs-org.colorado.idm.oclc.org/asbcd6/article-pdf/4/4/383/12769694/sb500247a.pdf,ACS Publications via CU Boulder EZproxy,publishedVersion,,current_version_of_record_at_retrieval,authenticated_acs_version_of_record_pdf_endpoint,not_established,CU Boulder EZproxy authenticated session (curl-cffi),3722991,91cae4d032dd01e5f3937fa2f378a58062262debdd40131a24269cf2477d1d05,10,article_pdf,doi,1.0,
doi:10.1021/sb5002483,10.1021/sb5002483,2015,Function-Based Mutation-Resistant Synthetic Signaling Device Activated by HIV-1 Proteolysis,already_present,data/papers/2015/10.1021__sb5002483/publisher/paper.pdf,2026-09-03T03:10:54+00:00,https://pubs-acs-org.colorado.idm.oclc.org/doi/pdf/10.1021/sb5002483,https://pubs-acs-org.colorado.idm.oclc.org/asbcd6/article-pdf/4/6/667/12766643/sb5002483.pdf,ACS Publications via CU Boulder EZproxy,publishedVersion,,current_version_of_record_at_retrieval,authenticated_acs_version_of_record_pdf_endpoint,not_established,CU Boulder EZproxy authenticated session (curl-cffi),2836318,d806aedddd7b4e70c5225509f027d555b19125de2fc5faf4717d830e1e279fd8,6,article_pdf,doi,1.0,
doi:10.1021/sb500249g,10.1021/sb500249g,2015,Stochasticity in Gene Expression in a Cell-Sized Compartment,already_present,data/papers/2015/10.1021__sb500249g/publisher/paper.pdf,2026-09-03T03:10:31+00:00,https://pubs-acs-org.colorado.idm.oclc.org/doi/pdf/10.1021/sb500249g,https://pubs-acs-org.colorado.idm.oclc.org/asbcd6/article-pdf/4/5/566/15261038/sb500249g.pdf,ACS Publications via CU Boulder EZproxy,publishedVersion,,current_version_of_record_at_retrieval,authenticated_acs_version_of_record_pdf_endpoint,not_established,CU Boulder EZproxy authenticated session (curl-cffi),3132526,32a93c49a629ada49391045778026663da004a3b8649baa599bceae93aebf4c6,11,article_pdf,doi,1.0,
doi:10.1021/sb5002517,10.1021/sb5002517,2015,Engineering Terpene Biosynthesis in Streptomyces for Production of the Advanced Biofuel Precursor Bisabolene,already_present,data/papers/2015/10.1021__sb5002517/publisher/paper.pdf,2026-09-03T03:09:55+00:00,https://pubs-acs-org.colorado.idm.oclc.org/doi/pdf/10.1021/sb5002517,https://pubs-acs-org.colorado.idm.oclc.org/asbcd6/article-pdf/4/4/393/12768612/sb5002517.pdf,ACS Publications via CU Boulder EZproxy,publishedVersion,,current_version_of_record_at_retrieval,authenticated_acs_version_of_record_pdf_endpoint,not_established,CU Boulder EZproxy authenticated session (curl-cffi),769346,201bc456c3e72cca2e17636aaa7d80bc20e79f899d58eba7fd8e778b68f79a14,7,article_pdf,doi,1.0,
doi:10.1021/sb500252a,10.1021/sb500252a,2015,"Programming Controlled Adhesion of E. coli to Target Surfaces, Cells, and Tumors with Synthetic Adhesins",already_present,data/papers/2015/10.1021__sb500252a/publisher/paper.pdf,2026-09-03T03:10:12+00:00,https://pubs-acs-org.colorado.idm.oclc.org/doi/pdf/10.1021/sb500252a,https://pubs-acs-org.colorado.idm.oclc.org/asbcd6/article-pdf/4/4/463/12769752/sb500252a.pdf,ACS Publications via CU Boulder EZproxy,publishedVersion,,current_version_of_record_at_retrieval,authenticated_acs_version_of_record_pdf_endpoint,not_established,CU Boulder EZproxy authenticated session (curl-cffi),6021325,9e7266f2bb32b3b2bcc9c3dd1f011b0a453f6a97a0153e9784354358790ce377,11,article_pdf,doi,1.0,
doi:10.1021/sb5002533,10.1021/sb5002533,2015,Synthetic Tunable Amplifying Buffer Circuit in E. coli,already_present,data/papers/2015/10.1021__sb5002533/publisher/paper.pdf,2026-09-03T03:10:32+00:00,https://pubs-acs-org.colorado.idm.oclc.org/doi/pdf/10.1021/sb5002533,https://pubs-acs-org.colorado.idm.oclc.org/asbcd6/article-pdf/4/5/577/15260487/sb5002533.pdf,ACS Publications via CU Boulder EZproxy,publishedVersion,,current_version_of_record_at_retrieval,authenticated_acs_version_of_record_pdf_endpoint,not_established,CU Boulder EZproxy authenticated session (curl-cffi),1351318,ac83d687c9f391109b6fcdbfc1397bf26b6038696f4dcac19987dcea260ff1f3,8,article_pdf,doi,1.0,
doi:10.1021/sb500254g,10.1021/sb500254g,2015,Rational Design of a Fusion Protein to Exhibit Disulfide-Mediated Logic Gate Behavior,already_present,data/papers/2015/10.1021__sb500254g/publisher/paper.pdf,2026-09-03T03:09:55+00:00,https://pubs-acs-org.colorado.idm.oclc.org/doi/pdf/10.1021/sb500254g,https://pubs-acs-org.colorado.idm.oclc.org/asbcd6/article-pdf/4/4/400/12768019/sb500254g.pdf,ACS Publications via CU Boulder EZproxy,publishedVersion,,current_version_of_record_at_retrieval,authenticated_acs_version_of_record_pdf_endpoint,not_established,CU Boulder EZproxy authenticated session (curl-cffi),2115973,8bbb88f31eb9fa661ba32c4eb4adc544b61782d777afceebc10c81f24f4d7abe,7,article_pdf,doi,1.0,
doi:10.1021/sb500255k,10.1021/sb500255k,2015,Homology-Integrated CRISPR–Cas (HI-CRISPR) System for One-Step Multigene Disruption in Saccharomyces cerevisiae,already_present,data/papers/2015/10.1021__sb500255k/publisher/paper.pdf,2026-09-03T03:10:35+00:00,https://pubs-acs-org.colorado.idm.oclc.org/doi/pdf/10.1021/sb500255k,https://pubs-acs-org.colorado.idm.oclc.org/asbcd6/article-pdf/4/5/585/15260870/sb500255k.pdf,ACS Publications via CU Boulder EZproxy,publishedVersion,,current_version_of_record_at_retrieval,authenticated_acs_version_of_record_pdf_endpoint,not_established,CU Boulder EZproxy authenticated session (curl-cffi),3753451,db132df5d51fe65a2b69b1b8cf7a7491afeb70d601488afe7b1c646097c31c11,10,article_pdf,doi,1.0,
doi:10.1021/sb500258b,10.1021/sb500258b,2015,Synthetic Microbes As Drug Delivery Systems,already_present,data/papers/2015/10.1021__sb500258b/publisher/paper.pdf,2026-09-03T03:09:49+00:00,https://pubs-acs-org.colorado.idm.oclc.org/doi/pdf/10.1021/sb500258b,https://pubs-acs-org.colorado.idm.oclc.org/asbcd6/article-pdf/4/4/358/12768423/sb500258b.pdf,ACS Publications via CU Boulder EZproxy,publishedVersion,,current_version_of_record_at_retrieval,authenticated_acs_version_of_record_pdf_endpoint,not_established,CU Boulder EZproxy authenticated session (curl-cffi),916329,dc84ba79072b538082a55e3bece02b269d891a3bc1801cdc89cd55e65bfab474,7,article_pdf,doi,1.0,
doi:10.1021/sb500260k,10.1021/sb500260k,2015,Synthetic Biology Toolbox for Controlling Gene Expression in the Cyanobacterium Synechococcus sp. strain PCC 7002,already_present,data/papers/2015/10.1021__sb500260k/publisher/paper.pdf,2026-09-03T03:10:36+00:00,https://pubs-acs-org.colorado.idm.oclc.org/doi/pdf/10.1021/sb500260k,https://pubs-acs-org.colorado.idm.oclc.org/asbcd6/article-pdf/4/5/595/15260923/sb500260k.pdf,ACS Publications via CU Boulder EZproxy,publishedVersion,,current_version_of_record_at_retrieval,authenticated_acs_version_of_record_pdf_endpoint,not_established,CU Boulder EZproxy authenticated session (curl-cffi),2421230,466efe91ad3b3989e53758ba9bdf9bcde02d351f6b44aa29addc1241d029d56f,9,article_pdf,doi,1.0,
doi:10.1021/sb500261t,10.1021/sb500261t,2015,Forcing the Issue: Aromatic Tuning Facilitates Stimulus-Independent Modulation of a Two-Component Signaling Circuit,already_present,data/papers/2015/10.1021__sb500261t/publisher/paper.pdf,2026-09-03T03:10:10+00:00,https://pubs-acs-org.colorado.idm.oclc.org/doi/pdf/10.1021/sb500261t,https://pubs-acs-org.colorado.idm.oclc.org/asbcd6/article-pdf/4/4/474/12768731/sb500261t.pdf,ACS Publications via CU Boulder EZproxy,publishedVersion,,current_version_of_record_at_retrieval,authenticated_acs_version_of_record_pdf_endpoint,not_established,CU Boulder EZproxy authenticated session (curl-cffi),1408625,ba100f616e26c4b0c049bdec767ac98ce5842b9cd6c4a850d5a45c27566af3fd,8,article_pdf,doi,1.0,
doi:10.1021/sb500263b,10.1021/sb500263b,2015,Accurate Predictions of Genetic Circuit Behavior from Part Characterization and Modular Composition,already_present,data/papers/2015/10.1021__sb500263b/publisher/paper.pdf,2026-09-03T03:10:53+00:00,https://pubs-acs-org.colorado.idm.oclc.org/doi/pdf/10.1021/sb500263b,https://pubs-acs-org.colorado.idm.oclc.org/asbcd6/article-pdf/4/6/673/12767015/sb500263b.pdf,ACS Publications via CU Boulder EZproxy,publishedVersion,,current_version_of_record_at_retrieval,authenticated_acs_version_of_record_pdf_endpoint,not_established,CU Boulder EZproxy authenticated session (curl-cffi),2841653,e4c56a218acfeaaf97322805a534e437198ccf08e9bd5718232dfafb41de5186,9,article_pdf,doi,1.0,
doi:10.1021/sb500267d,10.1021/sb500267d,2015,Assessing the Combinatorial Potential of the RiPP Cyanobactin tru Pathway,already_present,data/papers/2015/10.1021__sb500267d/publisher/paper.pdf,2026-09-03T03:10:16+00:00,https://pubs-acs-org.colorado.idm.oclc.org/doi/pdf/10.1021/sb500267d,https://pubs-acs-org.colorado.idm.oclc.org/asbcd6/article-pdf/4/4/482/12768274/sb500267d.pdf,ACS Publications via CU Boulder EZproxy,publishedVersion,,current_version_of_record_at_retrieval,authenticated_acs_version_of_record_pdf_endpoint,not_established,CU Boulder EZproxy authenticated session (curl-cffi),2789243,d3bf7b9f47f6a82b17bf706838a9bfb5f4757acfbcca9c92496dcef306d8d188,11,article_pdf,doi,1.0,
doi:10.1021/sb500268n,10.1021/sb500268n,2015,"Transcription, Reverse Transcription, and Analysis of RNA Containing Artificial Genetic Components",already_present,data/papers/2015/10.1021__sb500268n/publisher/paper.pdf,2026-09-03T03:09:59+00:00,https://pubs-acs-org.colorado.idm.oclc.org/doi/pdf/10.1021/sb500268n,https://pubs-acs-org.colorado.idm.oclc.org/asbcd6/article-pdf/4/4/407/12768877/sb500268n.pdf,ACS Publications via CU Boulder EZproxy,publishedVersion,,current_version_of_record_at_retrieval,authenticated_acs_version_of_record_pdf_endpoint,not_established,CU Boulder EZproxy authenticated session (curl-cffi),3166115,9b63960d21ad2a7b087b7fc0753946b79714c38ffa7822ec8d1b968306d57040,7,article_pdf,doi,1.0,
doi:10.1021/sb500270h,10.1021/sb500270h,2015,Conditional Control of Mammalian Gene Expression by Tetracycline-Dependent Hammerhead Ribozymes,already_present,data/papers/2015/10.1021__sb500270h/publisher/paper.pdf,2026-09-03T03:10:20+00:00,https://pubs-acs-org.colorado.idm.oclc.org/doi/pdf/10.1021/sb500270h,https://pubs-acs-org.colorado.idm.oclc.org/asbcd6/article-pdf/4/5/526/15260701/sb500270h.pdf,ACS Publications via CU Boulder EZproxy,publishedVersion,,current_version_of_record_at_retrieval,authenticated_acs_version_of_record_pdf_endpoint,not_established,CU Boulder EZproxy authenticated session (curl-cffi),1547611,26156aa7da20cb99e4d01cfd09d7af99fbc2ba9d03e5801c9ac666875cafb0d0,9,article_pdf,doi,1.0,
doi:10.1021/sb500278z,10.1021/sb500278z,2015,DNA-Directed Control of Enzyme–Inhibitor Complex Formation: A Modular Approach to Reversibly Switch Enzyme Activity,already_present,data/papers/2015/10.1021__sb500278z/publisher/paper.pdf,2026-09-03T03:10:24+00:00,https://pubs-acs-org.colorado.idm.oclc.org/doi/pdf/10.1021/sb500278z,https://pubs-acs-org.colorado.idm.oclc.org/asbcd6/article-pdf/4/5/547/15260831/sb500278z.pdf,ACS Publications via CU Boulder EZproxy,publishedVersion,,current_version_of_record_at_retrieval,authenticated_acs_version_of_record_pdf_endpoint,not_established,CU Boulder EZproxy authenticated session (curl-cffi),4557053,efbb891bb802a55baad185ed05fa81d3485662218a94718e82f6568a2d552d8d,7,article_pdf,doi,1.0,
doi:10.1021/sb500279w,10.1021/sb500279w,2015,Optically Controlled Signal Amplification for DNA Computation,already_present,data/papers/2015/10.1021__sb500279w/publisher/paper.pdf,2026-09-03T03:12:19+00:00,https://pubs-acs-org.colorado.idm.oclc.org/doi/pdf/10.1021/sb500279w,https://pubs-acs-org.colorado.idm.oclc.org/asbcd6/article-pdf/4/10/1064/15224503/sb500279w.pdf,ACS Publications via CU Boulder EZproxy,publishedVersion,,current_version_of_record_at_retrieval,authenticated_acs_version_of_record_pdf_endpoint,not_established,CU Boulder EZproxy authenticated session (curl-cffi),1323647,68aa1d0887189f7c3079830ff7f2314f4b835ae298a67d7e9174ba1708d10229,6,article_pdf,doi,1.0,
doi:10.1021/sb500280q,10.1021/sb500280q,2015,Targeted Capture and Heterologous Expression of the Pseudoalteromonas Alterochromide Gene Cluster in Escherichia coli Represents a Promising Natural Product Exploratory Platform,already_present,data/papers/2015/10.1021__sb500280q/publisher/paper.pdf,2026-09-03T03:09:57+00:00,https://pubs-acs-org.colorado.idm.oclc.org/doi/pdf/10.1021/sb500280q,https://pubs-acs-org.colorado.idm.oclc.org/asbcd6/article-pdf/4/4/414/12769079/sb500280q.pdf,ACS Publications via CU Boulder EZproxy,publishedVersion,,current_version_of_record_at_retrieval,authenticated_acs_version_of_record_pdf_endpoint,not_established,CU Boulder EZproxy authenticated session (curl-cffi),2037037,523f112f3b2a1db2fd517957d882b8ee1cbec293c52372cca2b4b63afd35fab7,7,article_pdf,doi,1.0,
doi:10.1021/sb500282v,10.1021/sb500282v,2015,Codon Compression Algorithms for Saturation Mutagenesis,already_present,data/papers/2015/10.1021__sb500282v/publisher/paper.pdf,2026-09-03T03:10:40+00:00,https://pubs-acs-org.colorado.idm.oclc.org/doi/pdf/10.1021/sb500282v,https://pubs-acs-org.colorado.idm.oclc.org/asbcd6/article-pdf/4/5/604/15260967/sb500282v.pdf,ACS Publications via CU Boulder EZproxy,publishedVersion,,current_version_of_record_at_retrieval,authenticated_acs_version_of_record_pdf_endpoint,not_established,CU Boulder EZproxy authenticated session (curl-cffi),2966718,dc9fb18d0747e8c4645ee2ca4fe8606ba1b690e5f4c7d743d621eb5eefc3657c,11,article_pdf,doi,1.0,
doi:10.1021/sb500286r,10.1021/sb500286r,2015,Environmental Sensing of Heavy Metals Through Whole Cell Microbial Biosensors: A Synthetic Biology Approach,already_present,data/papers/2015/10.1021__sb500286r/publisher/paper.pdf,2026-09-03T03:10:23+00:00,https://pubs-acs-org.colorado.idm.oclc.org/doi/pdf/10.1021/sb500286r,https://pubs-acs-org.colorado.idm.oclc.org/asbcd6/article-pdf/4/5/535/15260360/sb500286r.pdf,ACS Publications via CU Boulder EZproxy,publishedVersion,,current_version_of_record_at_retrieval,authenticated_acs_version_of_record_pdf_endpoint,not_established,CU Boulder EZproxy authenticated session (curl-cffi),882144,7d09f128dfec3a4f0360f4ee8e8ccd32706a9182f25fd26ee6be68bb3f0a8a2a,12,article_pdf,doi,1.0,
doi:10.1021/sb5002938,10.1021/sb5002938,2015,Combining Random Gene Fission and Rational Gene Fusion To Discover Near-Infrared Fluorescent Protein Fragments That Report on Protein?Protein Interactions,already_present,data/papers/2015/10.1021__sb5002938/publisher/paper.pdf,2026-09-03T03:10:39+00:00,https://pubs-acs-org.colorado.idm.oclc.org/doi/pdf/10.1021/sb5002938,https://pubs-acs-org.colorado.idm.oclc.org/asbcd6/article-pdf/4/5/615/15260256/sb5002938.pdf,ACS Publications via CU Boulder EZproxy,publishedVersion,,current_version_of_record_at_retrieval,authenticated_acs_version_of_record_pdf_endpoint,not_established,CU Boulder EZproxy authenticated session (curl-cffi),2229664,5a72fcea44693343e9c407e861f8f19a5375fe6a05644163aaad508481d91dfb,10,article_pdf,doi,1.0,
doi:10.1021/sb500296p,10.1021/sb500296p,2015,Native Promoter Strategy for High-Yielding Synthesis and Engineering of Fungal Secondary Metabolites,already_present,data/papers/2015/10.1021__sb500296p/publisher/paper.pdf,2026-09-03T03:10:44+00:00,https://pubs-acs-org.colorado.idm.oclc.org/doi/pdf/10.1021/sb500296p,https://pubs-acs-org.colorado.idm.oclc.org/asbcd6/article-pdf/4/5/625/15261005/sb500296p.pdf,ACS Publications via CU Boulder EZproxy,publishedVersion,,current_version_of_record_at_retrieval,authenticated_acs_version_of_record_pdf_endpoint,not_established,CU Boulder EZproxy authenticated session (curl-cffi),1995913,5c41cd1f14fed861a7f99ed7f3748c086a87ee6d8b1f5bc5ef15cfb1533f6ca5,9,article_pdf,doi,1.0,
doi:10.1021/sb500299c,10.1021/sb500299c,2015,Directed Evolution of a Panel of Orthogonal T7 RNA Polymerase Variants for in Vivo or in Vitro Synthetic Circuitry,already_present,data/papers/2015/10.1021__sb500299c/publisher/paper.pdf,2026-09-03T03:12:19+00:00,https://pubs-acs-org.colorado.idm.oclc.org/doi/pdf/10.1021/sb500299c,https://pubs-acs-org.colorado.idm.oclc.org/asbcd6/article-pdf/4/10/1070/15223552/sb500299c.pdf,ACS Publications via CU Boulder EZproxy,publishedVersion,,current_version_of_record_at_retrieval,authenticated_acs_version_of_record_pdf_endpoint,not_established,CU Boulder EZproxy authenticated session (curl-cffi),1568785,0d0d492f2e76d5ee4ab7e7b2a441a0445e4ee299ca1aca1bf2197316e0b50851,7,article_pdf,doi,1.0,
doi:10.1021/sb500300d,10.1021/sb500300d,2015,Automated Design of Programmable Enzyme-Driven DNA Circuits,already_present,data/papers/2015/10.1021__sb500300d/publisher/paper.pdf,2026-09-03T03:11:10+00:00,https://pubs-acs-org.colorado.idm.oclc.org/doi/pdf/10.1021/sb500300d,https://pubs-acs-org.colorado.idm.oclc.org/asbcd6/article-pdf/4/6/735/12767241/sb500300d.pdf,ACS Publications via CU Boulder EZproxy,publishedVersion,,current_version_of_record_at_retrieval,authenticated_acs_version_of_record_pdf_endpoint,not_established,CU Boulder EZproxy authenticated session (curl-cffi),2159843,9c44b8e9e565c18f32f4db6f3a8c93f53754cfd37a6a31974700b371bbb04b1b,11,article_pdf,doi,1.0,
doi:10.1021/sb500302y,10.1021/sb500302y,2015,Regulation of Bacterial Gene Expression by Protease-Alleviated Spatial Sequestration (PASS),already_present,data/papers/2015/10.1021__sb500302y/publisher/paper.pdf,2026-09-03T03:11:59+00:00,https://pubs-acs-org.colorado.idm.oclc.org/doi/pdf/10.1021/sb500302y,https://pubs-acs-org.colorado.idm.oclc.org/asbcd6/article-pdf/4/9/966/15260184/sb500302y.pdf,ACS Publications via CU Boulder EZproxy,publishedVersion,,current_version_of_record_at_retrieval,authenticated_acs_version_of_record_pdf_endpoint,not_established,CU Boulder EZproxy authenticated session (curl-cffi),3162920,c9ba92b601e09b45ce61e433b3256254bc99cab9a33397bce8d576bf08a594ae,9,article_pdf,doi,1.0,
doi:10.1021/sb500303q,10.1021/sb500303q,2015,Precursor-Directed Biosynthesis of 5-Hydroxytryptophan Using Metabolically Engineered E. coli,already_present,data/papers/2015/10.1021__sb500303q/publisher/paper.pdf,2026-09-03T03:10:26+00:00,https://pubs-acs-org.colorado.idm.oclc.org/doi/pdf/10.1021/sb500303q,https://pubs-acs-org.colorado.idm.oclc.org/asbcd6/article-pdf/4/5/554/15260630/sb500303q.pdf,ACS Publications via CU Boulder EZproxy,publishedVersion,,current_version_of_record_at_retrieval,authenticated_acs_version_of_record_pdf_endpoint,not_established,CU Boulder EZproxy authenticated session (curl-cffi),821007,8c9cf14bbf83dc905a8f311a09d4d4ab2669330ad00e318ec653a228904d091a,5,article_pdf,doi,1.0,
doi:10.1021/sb500307w,10.1021/sb500307w,2015,Trade-Offs in Improving Biofuel Tolerance Using Combinations of Efflux Pumps,already_present,data/papers/2015/10.1021__sb500307w/publisher/paper.pdf,2026-09-03T03:12:16+00:00,https://pubs-acs-org.colorado.idm.oclc.org/doi/pdf/10.1021/sb500307w,https://pubs-acs-org.colorado.idm.oclc.org/asbcd6/article-pdf/4/10/1056/15225917/sb500307w.pdf,ACS Publications via CU Boulder EZproxy,publishedVersion,,current_version_of_record_at_retrieval,authenticated_acs_version_of_record_pdf_endpoint,not_established,CU Boulder EZproxy authenticated session (curl-cffi),2616197,379bd5fda4440f1a87733629ef54158e87a8caddcc804c3eadf48b1b4e63a262,8,article_pdf,doi,1.0,
doi:10.1021/sb500309r,10.1021/sb500309r,2015,Tailoring the Substrate Specificity of Yeast Phenylalanyl-tRNA Synthetase toward a Phenylalanine Analog Using Multiple-Site-Specific Incorporation,already_present,data/papers/2015/10.1021__sb500309r/publisher/paper.pdf,2026-09-03T03:10:43+00:00,https://pubs-acs-org.colorado.idm.oclc.org/doi/pdf/10.1021/sb500309r,https://pubs-acs-org.colorado.idm.oclc.org/asbcd6/article-pdf/4/5/634/15260744/sb500309r.pdf,ACS Publications via CU Boulder EZproxy,publishedVersion,,current_version_of_record_at_retrieval,authenticated_acs_version_of_record_pdf_endpoint,not_established,CU Boulder EZproxy authenticated session (curl-cffi),1645142,30ad0ad60d85fae953df4e7cfd84a9c3e2ce2a52ab63f21dd2388168148b8ac9,10,article_pdf,doi,1.0,
doi:10.1021/sb5003136,10.1021/sb5003136,2015,Biosynthesis of Antimycins with a Reconstituted 3-Formamidosalicylate Pharmacophore in Escherichia coli,already_present,data/papers/2015/10.1021__sb5003136/publisher/paper.pdf,2026-09-03T03:10:28+00:00,https://pubs-acs-org.colorado.idm.oclc.org/doi/pdf/10.1021/sb5003136,https://pubs-acs-org.colorado.idm.oclc.org/asbcd6/article-pdf/4/5/559/15260806/sb5003136.pdf,ACS Publications via CU Boulder EZproxy,publishedVersion,,current_version_of_record_at_retrieval,authenticated_acs_version_of_record_pdf_endpoint,not_established,CU Boulder EZproxy authenticated session (curl-cffi),2267767,af8c17a716ed4a7b52259e34492538892d84933d268bc4b1ea422d8be4abba53,7,article_pdf,doi,1.0,
doi:10.1021/sb500314r,10.1021/sb500314r,2015,RNA Signal Amplifier Circuit with Integrated Fluorescence Output,already_present,data/papers/2015/10.1021__sb500314r/publisher/paper.pdf,2026-09-03T03:10:48+00:00,https://pubs-acs-org.colorado.idm.oclc.org/doi/pdf/10.1021/sb500314r,https://pubs-acs-org.colorado.idm.oclc.org/asbcd6/article-pdf/4/5/655/15260205/sb500314r.pdf,ACS Publications via CU Boulder EZproxy,publishedVersion,,current_version_of_record_at_retrieval,authenticated_acs_version_of_record_pdf_endpoint,not_established,CU Boulder EZproxy authenticated session (curl-cffi),841863,0ee8786cc0601690d174b32002f87ae3b68bb2bff64f6914fa59cecdb0b0f421,4,article_pdf,doi,1.0,
doi:10.1021/sb500319p,10.1021/sb500319p,2015,Orthogonal Fatty Acid Biosynthetic Pathway Improves Fatty Acid Ethyl Ester Production in Saccharomyces cerevisiae,already_present,data/papers/2015/10.1021__sb500319p/publisher/paper.pdf,2026-09-03T03:11:25+00:00,https://pubs-acs-org.colorado.idm.oclc.org/doi/pdf/10.1021/sb500319p,https://pubs-acs-org.colorado.idm.oclc.org/asbcd6/article-pdf/4/7/808/15224307/sb500319p.pdf,ACS Publications via CU Boulder EZproxy,publishedVersion,,current_version_of_record_at_retrieval,authenticated_acs_version_of_record_pdf_endpoint,not_established,CU Boulder EZproxy authenticated session (curl-cffi),1044825,b580827a9989204849a73998d7a9489442d2c9351bda669d1ac617eb630c5a04,7,article_pdf,doi,1.0,
doi:10.1021/sb5003218,10.1021/sb5003218,2015,Expansion of Bisindole Biosynthetic Pathways by Combinatorial Construction,already_present,data/papers/2015/10.1021__sb5003218/publisher/paper.pdf,2026-09-03T03:10:57+00:00,https://pubs-acs-org.colorado.idm.oclc.org/doi/pdf/10.1021/sb5003218,https://pubs-acs-org.colorado.idm.oclc.org/asbcd6/article-pdf/4/6/682/12766305/sb5003218.pdf,ACS Publications via CU Boulder EZproxy,publishedVersion,,current_version_of_record_at_retrieval,authenticated_acs_version_of_record_pdf_endpoint,not_established,CU Boulder EZproxy authenticated session (curl-cffi),2852521,d7182e071e2f69ebe1d88f306f9dad330a03cbb3f8de826183a576a2b859360c,7,article_pdf,doi,1.0,
doi:10.1021/sb500322u,10.1021/sb500322u,2015,Enhanced MyoD-Induced Transdifferentiation to a Myogenic Lineage by Fusion to a Potent Transactivation Domain,already_present,data/papers/2015/10.1021__sb500322u/publisher/paper.pdf,2026-09-03T03:10:59+00:00,https://pubs-acs-org.colorado.idm.oclc.org/doi/pdf/10.1021/sb500322u,https://pubs-acs-org.colorado.idm.oclc.org/asbcd6/article-pdf/4/6/689/12766797/sb500322u.pdf,ACS Publications via CU Boulder EZproxy,publishedVersion,,current_version_of_record_at_retrieval,authenticated_acs_version_of_record_pdf_endpoint,not_established,CU Boulder EZproxy authenticated session (curl-cffi),6378411,729bf7bf279c783f5bfbe77abb5d6975572adab71b634456d13179c9a256ad88,11,article_pdf,doi,1.0,
doi:10.1021/sb500324p,10.1021/sb500324p,2015,MEGA (Multiple Essential Genes Assembling) Deletion and Replacement Method for Genome Reduction in Escherichia coli,already_present,data/papers/2015/10.1021__sb500324p/publisher/paper.pdf,2026-09-03T03:11:02+00:00,https://pubs-acs-org.colorado.idm.oclc.org/doi/pdf/10.1021/sb500324p,https://pubs-acs-org.colorado.idm.oclc.org/asbcd6/article-pdf/4/6/700/12766157/sb500324p.pdf,ACS Publications via CU Boulder EZproxy,publishedVersion,,current_version_of_record_at_retrieval,authenticated_acs_version_of_record_pdf_endpoint,not_established,CU Boulder EZproxy authenticated session (curl-cffi),1098309,cb821b5443972de7f0b2243cf5c50cc0405c268834d7855931bd24a9328054f6,7,article_pdf,doi,1.0,
doi:10.1021/sb5003289,10.1021/sb5003289,2015,Generating Systems Biology Markup Language Models from the Synthetic Biology Open Language,already_present,data/papers/2015/10.1021__sb5003289/publisher/paper.pdf,2026-09-03T03:11:40+00:00,https://pubs-acs-org.colorado.idm.oclc.org/doi/pdf/10.1021/sb5003289,https://pubs-acs-org.colorado.idm.oclc.org/asbcd6/article-pdf/4/8/873/12845772/sb5003289.pdf,ACS Publications via CU Boulder EZproxy,publishedVersion,,current_version_of_record_at_retrieval,authenticated_acs_version_of_record_pdf_endpoint,not_established,CU Boulder EZproxy authenticated session (curl-cffi),939623,936fa9b4522e69049ac933e7e056f952b5337f32eda73eb38a132b7003d8fe7e,7,article_pdf,doi,1.0,
doi:10.1021/sb500331x,10.1021/sb500331x,2015,Enhancing Bidirectional Electron Transfer of Shewanella oneidensis by a Synthetic Flavin Pathway,already_present,data/papers/2015/10.1021__sb500331x/publisher/paper.pdf,2026-09-03T03:11:29+00:00,https://pubs-acs-org.colorado.idm.oclc.org/doi/pdf/10.1021/sb500331x,https://pubs-acs-org.colorado.idm.oclc.org/asbcd6/article-pdf/4/7/815/15222874/sb500331x.pdf,ACS Publications via CU Boulder EZproxy,publishedVersion,,current_version_of_record_at_retrieval,authenticated_acs_version_of_record_pdf_endpoint,not_established,CU Boulder EZproxy authenticated session (curl-cffi),3215284,2b4705d109aca8d279d0559e05816b1b58250b7a12a644757c6ae441482a294b,9,article_pdf,doi,1.0,
doi:10.1021/sb500332c,10.1021/sb500332c,2015,Exploring Lysine Riboswitch for Metabolic Flux Control and Improvement of l-Lysine Synthesis in Corynebacterium glutamicum,already_present,data/papers/2015/10.1021__sb500332c/publisher/paper.pdf,2026-09-03T03:11:10+00:00,https://pubs-acs-org.colorado.idm.oclc.org/doi/pdf/10.1021/sb500332c,https://pubs-acs-org.colorado.idm.oclc.org/asbcd6/article-pdf/4/6/729/12766010/sb500332c.pdf,ACS Publications via CU Boulder EZproxy,publishedVersion,,current_version_of_record_at_retrieval,authenticated_acs_version_of_record_pdf_endpoint,not_established,CU Boulder EZproxy authenticated session (curl-cffi),891617,45f6b3721b7c891416b2ea3126e96cf12e8720e5a2b6d887788007b48ec94385,6,article_pdf,doi,1.0,
doi:10.1021/sb5003357,10.1021/sb5003357,2015,Short Synthetic Terminators for Improved Heterologous Gene Expression in Yeast,already_present,data/papers/2015/10.1021__sb5003357/publisher/paper.pdf,2026-09-03T03:11:28+00:00,https://pubs-acs-org.colorado.idm.oclc.org/doi/pdf/10.1021/sb5003357,https://pubs-acs-org.colorado.idm.oclc.org/asbcd6/article-pdf/4/7/824/15223225/sb5003357.pdf,ACS Publications via CU Boulder EZproxy,publishedVersion,,current_version_of_record_at_retrieval,authenticated_acs_version_of_record_pdf_endpoint,not_established,CU Boulder EZproxy authenticated session (curl-cffi),1418468,8282b784707be654f958950138a0841197dd21952051f011578cc1c42ac10e86,9,article_pdf,doi,1.0,
doi:10.1021/sb500338g,10.1021/sb500338g,2015,Quantifying Impact of Chromosome Copy Number on Recombination in Escherichia coli,already_present,data/papers/2015/10.1021__sb500338g/publisher/paper.pdf,2026-09-03T03:11:15+00:00,https://pubs-acs-org.colorado.idm.oclc.org/doi/pdf/10.1021/sb500338g,https://pubs-acs-org.colorado.idm.oclc.org/asbcd6/article-pdf/4/7/776/15222240/sb500338g.pdf,ACS Publications via CU Boulder EZproxy,publishedVersion,,current_version_of_record_at_retrieval,authenticated_acs_version_of_record_pdf_endpoint,not_established,CU Boulder EZproxy authenticated session (curl-cffi),1127297,8b6ab4c631607c4a216337a0533ac840e749bbf831c0dce151f1d5a4d697e5cc,5,article_pdf,doi,1.0,
doi:10.1021/sb500339k,10.1021/sb500339k,2015,Fast and Accurate Circuit Design Automation through Hierarchical Model Switching,already_present,data/papers/2015/10.1021__sb500339k/publisher/paper.pdf,2026-09-03T03:11:44+00:00,https://pubs-acs-org.colorado.idm.oclc.org/doi/pdf/10.1021/sb500339k,https://pubs-acs-org.colorado.idm.oclc.org/asbcd6/article-pdf/4/8/890/12846450/sb500339k.pdf,ACS Publications via CU Boulder EZproxy,publishedVersion,,current_version_of_record_at_retrieval,authenticated_acs_version_of_record_pdf_endpoint,not_established,CU Boulder EZproxy authenticated session (curl-cffi),1537212,15b2e5fa79408d27e76411c6f6771a792cc4ecf20b4887f85ea8175ace2d1d7e,8,article_pdf,doi,1.0,
doi:10.1021/sb5003407,10.1021/sb5003407,2015,A Hybrid of Metabolic Flux Analysis and Bayesian Factor Modeling for Multiomic Temporal Pathway Activation,already_present,data/papers/2015/10.1021__sb5003407/publisher/paper.pdf,2026-09-03T03:11:39+00:00,https://pubs-acs-org.colorado.idm.oclc.org/doi/pdf/10.1021/sb5003407,https://pubs-acs-org.colorado.idm.oclc.org/asbcd6/article-pdf/4/8/880/12846929/sb5003407.pdf,ACS Publications via CU Boulder EZproxy,publishedVersion,,current_version_of_record_at_retrieval,authenticated_acs_version_of_record_pdf_endpoint,not_established,CU Boulder EZproxy authenticated session (curl-cffi),2149205,56ba8f9934d50527f363735c68913c20c30724aaad504b8a0929f210e73184ca,10,article_pdf,doi,1.0,
doi:10.1021/sb500341a,10.1021/sb500341a,2015,DNA-Linked Enzyme-Coupled Assay for Probing Glucosyltransferase Specificity,already_present,data/papers/2015/10.1021__sb500341a/publisher/paper.pdf,2026-09-03T03:11:33+00:00,https://pubs-acs-org.colorado.idm.oclc.org/doi/pdf/10.1021/sb500341a,https://pubs-acs-org.colorado.idm.oclc.org/asbcd6/article-pdf/4/7/833/15223634/sb500341a.pdf,ACS Publications via CU Boulder EZproxy,publishedVersion,,current_version_of_record_at_retrieval,authenticated_acs_version_of_record_pdf_endpoint,not_established,CU Boulder EZproxy authenticated session (curl-cffi),2030239,fd50584b7e37f4baa573fe394a7db6fc2361b4272e45cd8171f295e943785abe,9,article_pdf,doi,1.0,
doi:10.1021/sb500343g,10.1021/sb500343g,2015,A Competitive Flow Cytometry Screening System for Directed Evolution of Therapeutic Enzyme,already_present,data/papers/2015/10.1021__sb500343g/publisher/paper.pdf,2026-09-03T03:11:17+00:00,https://pubs-acs-org.colorado.idm.oclc.org/doi/pdf/10.1021/sb500343g,https://pubs-acs-org.colorado.idm.oclc.org/asbcd6/article-pdf/4/7/768/15224440/sb500343g.pdf,ACS Publications via CU Boulder EZproxy,publishedVersion,,current_version_of_record_at_retrieval,authenticated_acs_version_of_record_pdf_endpoint,not_established,CU Boulder EZproxy authenticated session (curl-cffi),2795929,b2f30b7581a3c66a84fb2176a01a8961e2aef9039c5cd8f098145db33f5ffed9,8,article_pdf,doi,1.0,
doi:10.1021/sb500345t,10.1021/sb500345t,2015,"Systematically Engineering Escherichia coli for Enhanced Production of 1,2-Propanediol and 1-Propanol",already_present,data/papers/2015/10.1021__sb500345t/publisher/paper.pdf,2026-09-03T03:11:13+00:00,https://pubs-acs-org.colorado.idm.oclc.org/doi/pdf/10.1021/sb500345t,https://pubs-acs-org.colorado.idm.oclc.org/asbcd6/article-pdf/4/6/746/12765855/sb500345t.pdf,ACS Publications via CU Boulder EZproxy,publishedVersion,,current_version_of_record_at_retrieval,authenticated_acs_version_of_record_pdf_endpoint,not_established,CU Boulder EZproxy authenticated session (curl-cffi),1177894,4a5c0b460e4c92286e88efb52f5a70e6239effede2a1f83939078092c63c56ae,11,article_pdf,doi,1.0,
doi:10.1021/sb5003482,10.1021/sb5003482,2015,Evolution of Synthetic Signaling Scaffolds by Recombination of Modular Protein Domains,already_present,data/papers/2015/10.1021__sb5003482/publisher/paper.pdf,2026-09-03T03:11:06+00:00,https://pubs-acs-org.colorado.idm.oclc.org/doi/pdf/10.1021/sb5003482,https://pubs-acs-org.colorado.idm.oclc.org/asbcd6/article-pdf/4/6/714/12766500/sb5003482.pdf,ACS Publications via CU Boulder EZproxy,publishedVersion,,current_version_of_record_at_retrieval,authenticated_acs_version_of_record_pdf_endpoint,not_established,CU Boulder EZproxy authenticated session (curl-cffi),2871321,6e6e209515ed3415a12939da010e2592290673a6100e9cbedc95ef9780c04581,9,article_pdf,doi,1.0,
doi:10.1021/sb500351f,10.1021/sb500351f,2015,High-Efficiency Multiplex Genome Editing of Streptomyces Species Using an Engineered CRISPR/Cas System,already_present,data/papers/2015/10.1021__sb500351f/publisher/paper.pdf,2026-09-03T03:11:07+00:00,https://pubs-acs-org.colorado.idm.oclc.org/doi/pdf/10.1021/sb500351f,https://pubs-acs-org.colorado.idm.oclc.org/asbcd6/article-pdf/4/6/723/12765638/sb500351f.pdf,ACS Publications via CU Boulder EZproxy,publishedVersion,,current_version_of_record_at_retrieval,authenticated_acs_version_of_record_pdf_endpoint,not_established,CU Boulder EZproxy authenticated session (curl-cffi),1658656,21a33bb240332a47761761ad2258675fdf8aec6495046206325fc3ff019e5c8b,6,article_pdf,doi,1.0,
doi:10.1021/sb500352b,10.1021/sb500352b,2015,Web-Based Software Tool for Constraint-Based Design Specification of Synthetic Biological Systems,already_present,data/papers/2015/10.1021__sb500352b/publisher/paper.pdf,2026-09-03T03:11:12+00:00,https://pubs-acs-org.colorado.idm.oclc.org/doi/pdf/10.1021/sb500352b,https://pubs-acs-org.colorado.idm.oclc.org/asbcd6/article-pdf/4/6/757/12765452/sb500352b.pdf,ACS Publications via CU Boulder EZproxy,publishedVersion,,current_version_of_record_at_retrieval,authenticated_acs_version_of_record_pdf_endpoint,not_established,CU Boulder EZproxy authenticated session (curl-cffi),979002,90176d00c1a3d4083abc7a2322763e6f6b8c48c6ae730d0e7db3c7dd4e6daccc,4,article_pdf,doi,1.0,
doi:10.1021/sb500356d,10.1021/sb500356d,2015,"BASIC: A New Biopart Assembly Standard for Idempotent Cloning Provides Accurate, Single-Tier DNA Assembly for Synthetic Biology",already_present,data/papers/2015/10.1021__sb500356d/publisher/paper.pdf,2026-09-03T03:11:22+00:00,https://pubs-acs-org.colorado.idm.oclc.org/doi/pdf/10.1021/sb500356d,https://pubs-acs-org.colorado.idm.oclc.org/asbcd6/article-pdf/4/7/781/15222694/sb500356d.pdf,ACS Publications via CU Boulder EZproxy,publishedVersion,,current_version_of_record_at_retrieval,authenticated_acs_version_of_record_pdf_endpoint,not_established,CU Boulder EZproxy authenticated session (curl-cffi),2321277,1425288378547d78542f0919b0888ab02c941741674cdae49f50e722472de8e6,7,article_pdf,doi,1.0,
doi:10.1021/sb500362n,10.1021/sb500362n,2015,"Low-Cost, High-Throughput Sequencing of DNA Assemblies Using a Highly Multiplexed Nextera Process",already_present,data/papers/2015/10.1021__sb500362n/publisher/paper.pdf,2026-09-03T03:11:35+00:00,https://pubs-acs-org.colorado.idm.oclc.org/doi/pdf/10.1021/sb500362n,https://pubs-acs-org.colorado.idm.oclc.org/asbcd6/article-pdf/4/7/860/15223439/sb500362n.pdf,ACS Publications via CU Boulder EZproxy,publishedVersion,,current_version_of_record_at_retrieval,authenticated_acs_version_of_record_pdf_endpoint,not_established,CU Boulder EZproxy authenticated session (curl-cffi),1862884,041a3865c9117b24ac4582807e1b85bb52b6c3d2ae0647492e5a16328c68e3c9,7,article_pdf,doi,1.0,
doi:10.1021/sb500363y,10.1021/sb500363y,2015,A tetO Toolkit To Alter Expression of Genes in Saccharomyces cerevisiae,already_present,data/papers/2015/10.1021__sb500363y/publisher/paper.pdf,2026-09-03T03:11:32+00:00,https://pubs-acs-org.colorado.idm.oclc.org/doi/pdf/10.1021/sb500363y,https://pubs-acs-org.colorado.idm.oclc.org/asbcd6/article-pdf/4/7/842/15224076/sb500363y.pdf,ACS Publications via CU Boulder EZproxy,publishedVersion,,current_version_of_record_at_retrieval,authenticated_acs_version_of_record_pdf_endpoint,not_established,CU Boulder EZproxy authenticated session (curl-cffi),3342197,6ba4446bbb872b8e025ef916bef02a8a73dbc599c46fc9787a7763025824dd44,11,article_pdf,doi,1.0,
doi:10.1021/sb500364q,10.1021/sb500364q,2015,"Simultaneous Utilization of Cellobiose, Xylose, and Acetic Acid from Lignocellulosic Biomass for Biofuel Production by an Engineered Yeast Platform",already_present,data/papers/2015/10.1021__sb500364q/publisher/paper.pdf,2026-09-03T03:11:03+00:00,https://pubs-acs-org.colorado.idm.oclc.org/doi/pdf/10.1021/sb500364q,https://pubs-acs-org.colorado.idm.oclc.org/asbcd6/article-pdf/4/6/707/12765385/sb500364q.pdf,ACS Publications via CU Boulder EZproxy,publishedVersion,,current_version_of_record_at_retrieval,authenticated_acs_version_of_record_pdf_endpoint,not_established,CU Boulder EZproxy authenticated session (curl-cffi),1374983,496cdf7f9bb698d08b3d19953c869a84a32fad802d73868e2c7c9a28fa7e1f4c,7,article_pdf,doi,1.0,
doi:10.1021/sb500365m,10.1021/sb500365m,2015,GPCR-Based Chemical Biosensors for Medium-Chain Fatty Acids,already_present,data/papers/2015/10.1021__sb500365m/publisher/paper.pdf,2026-09-03T03:13:01+00:00,https://pubs-acs-org.colorado.idm.oclc.org/doi/pdf/10.1021/sb500365m,https://pubs-acs-org.colorado.idm.oclc.org/asbcd6/article-pdf/4/12/1261/15260306/sb500365m.pdf,ACS Publications via CU Boulder EZproxy,publishedVersion,,current_version_of_record_at_retrieval,authenticated_acs_version_of_record_pdf_endpoint,not_established,CU Boulder EZproxy authenticated session (curl-cffi),3363309,729b7b8ecce7a95cd40864cf526425ed5b011bbe759398a387bde404ee4bc228,9,article_pdf,doi,1.0,
doi:10.1021/sb500366v,10.1021/sb500366v,2015,"A Highly Characterized Yeast Toolkit for Modular, Multipart Assembly",already_present,data/papers/2015/10.1021__sb500366v/publisher/paper.pdf,2026-09-03T03:11:58+00:00,https://pubs-acs-org.colorado.idm.oclc.org/doi/pdf/10.1021/sb500366v,https://pubs-acs-org.colorado.idm.oclc.org/asbcd6/article-pdf/4/9/975/15260585/sb500366v.pdf,ACS Publications via CU Boulder EZproxy,publishedVersion,,current_version_of_record_at_retrieval,authenticated_acs_version_of_record_pdf_endpoint,not_established,CU Boulder EZproxy authenticated session (curl-cffi),4446390,23f4f9a4095ca08751fe840d7a06081394c95c64c459e67380e29f3750727d80,12,article_pdf,doi,1.0,
doi:10.1021/sb500368w,10.1021/sb500368w,2015,"Functional Exchangeability of Oxidase and Dehydrogenase Reactions in the Biosynthesis of Hydroxyphenylglycine, a Nonribosomal Peptide Building Block",already_present,data/papers/2015/10.1021__sb500368w/publisher/paper.pdf,2026-09-03T03:11:25+00:00,https://pubs-acs-org.colorado.idm.oclc.org/doi/pdf/10.1021/sb500368w,https://pubs-acs-org.colorado.idm.oclc.org/asbcd6/article-pdf/4/7/796/15223853/sb500368w.pdf,ACS Publications via CU Boulder EZproxy,publishedVersion,,current_version_of_record_at_retrieval,authenticated_acs_version_of_record_pdf_endpoint,not_established,CU Boulder EZproxy authenticated session (curl-cffi),3456238,9ff169348f1bddc3437cd9d71a3f660b6cf026a7460058976ce77943f6fa5575,12,article_pdf,doi,1.0,
doi:10.1021/sb500372z,10.1021/sb500372z,2015,Yeast Golden Gate (yGG) for the Efficient Assembly of S. cerevisiae Transcription Units,already_present,data/papers/2015/10.1021__sb500372z/publisher/paper.pdf,2026-09-03T03:11:36+00:00,https://pubs-acs-org.colorado.idm.oclc.org/doi/pdf/10.1021/sb500372z,https://pubs-acs-org.colorado.idm.oclc.org/asbcd6/article-pdf/4/7/853/15222049/sb500372z.pdf,ACS Publications via CU Boulder EZproxy,publishedVersion,,current_version_of_record_at_retrieval,authenticated_acs_version_of_record_pdf_endpoint,not_established,CU Boulder EZproxy authenticated session (curl-cffi),2435997,c84c6d1694bc447eecf29c053e9e0c149c103a181ceb2f4447f655f49e4e3926,7,article_pdf,doi,1.0,
doi:10.1021/acssynbio.5b00064,10.1021/acssynbio.5b00064,2016,Cell–Cell Communication in Yeast Using Auxin Biosynthesis and Auxin Responsive CRISPR Transcription Factors,downloaded,data/papers/2016/10.1021__acssynbio.5b00064/publisher/paper.pdf,2026-09-03T03:16:04+00:00,https://pubs-acs-org.colorado.idm.oclc.org/doi/pdf/10.1021/acssynbio.5b00064,https://pubs-acs-org.colorado.idm.oclc.org/asbcd6/article-pdf/5/4/279/15260024/sb5b00064.pdf,ACS Publications via CU Boulder EZproxy,publishedVersion,,current_version_of_record_at_retrieval,authenticated_acs_version_of_record_pdf_endpoint,not_established,CU Boulder EZproxy authenticated session (curl-cffi),1766027,882d48bda35619fe1584c15ba722964c1534ccb61fed973f1c1be4e34655d650,8,article_pdf,doi,1.0,
doi:10.1021/acssynbio.5b00073,10.1021/acssynbio.5b00073,2016,Electrochemical Measurement of the β-Galactosidase Reporter from Live Cells: A Comparison to the Miller Assay,already_present,data/papers/2016/10.1021__acssynbio.5b00073/publisher/paper.pdf,2026-09-03T03:13:31+00:00,https://pubs-acs-org.colorado.idm.oclc.org/doi/pdf/10.1021/acssynbio.5b00073,https://pubs-acs-org.colorado.idm.oclc.org/asbcd6/article-pdf/5/1/28/12847538/sb5b00073.pdf,ACS Publications via CU Boulder EZproxy,publishedVersion,,current_version_of_record_at_retrieval,authenticated_acs_version_of_record_pdf_endpoint,not_established,CU Boulder EZproxy authenticated session (curl-cffi),2286737,e20450d2a65d56049e8d936b793b8a0ca0f1b24c90bb35b296c0716e1397ef8f,8,article_pdf,doi,1.0,
doi:10.1021/acssynbio.5b00076,10.1021/acssynbio.5b00076,2016,Refactoring the Six-Gene Photosystem II Core in the Chloroplast of the Green Algae Chlamydomonas reinhardtii,downloaded,data/papers/2016/10.1021__acssynbio.5b00076/publisher/paper.pdf,2026-09-03T03:17:10+00:00,https://pubs-acs-org.colorado.idm.oclc.org/doi/pdf/10.1021/acssynbio.5b00076,https://pubs-acs-org.colorado.idm.oclc.org/asbcd6/article-pdf/5/7/589/12851607/sb5b00076.pdf,ACS Publications via CU Boulder EZproxy,publishedVersion,,current_version_of_record_at_retrieval,authenticated_acs_version_of_record_pdf_endpoint,not_established,CU Boulder EZproxy authenticated session (curl-cffi),1868921,ec6029b10f4a392549795a107cee50ef502978da0f599fde1db8e36e9d042f3f,8,article_pdf,doi,1.0,
doi:10.1021/acssynbio.5b00090,10.1021/acssynbio.5b00090,2016,Engineering Transcriptional Regulator Effector Specificity Using Computational Design and In Vitro Rapid Prototyping: Developing a Vanillin Sensor,downloaded,data/papers/2016/10.1021__acssynbio.5b00090/publisher/paper.pdf,2026-09-03T03:16:08+00:00,https://pubs-acs-org.colorado.idm.oclc.org/doi/pdf/10.1021/acssynbio.5b00090,https://pubs-acs-org.colorado.idm.oclc.org/asbcd6/article-pdf/5/4/287/15260069/sb5b00090.pdf,ACS Publications via CU Boulder EZproxy,publishedVersion,,current_version_of_record_at_retrieval,authenticated_acs_version_of_record_pdf_endpoint,not_established,CU Boulder EZproxy authenticated session (curl-cffi),4381531,87c4eda3c19319b05fd30d3d414bade44d2a0e846c8c4c340dde41eaccb2ebab,9,article_pdf,doi,1.0,
doi:10.1021/acssynbio.5b00094,10.1021/acssynbio.5b00094,2016,A Microfluidic Platform for Long-Term Monitoring of Algae in a Dynamic Environment,already_present,data/papers/2016/10.1021__acssynbio.5b00094/publisher/paper.pdf,2026-09-03T03:13:25+00:00,https://pubs-acs-org.colorado.idm.oclc.org/doi/pdf/10.1021/acssynbio.5b00094,https://pubs-acs-org.colorado.idm.oclc.org/asbcd6/article-pdf/5/1/8/12847786/sb5b00094.pdf,ACS Publications via CU Boulder EZproxy,publishedVersion,,current_version_of_record_at_retrieval,authenticated_acs_version_of_record_pdf_endpoint,not_established,CU Boulder EZproxy authenticated session (curl-cffi),3904153,4afd41f5ece4b4e965120f6e118887d7f56c71e1cdbe2ffa8a6ad4b6e6617693,7,article_pdf,doi,1.0,
doi:10.1021/acssynbio.5b00096,10.1021/acssynbio.5b00096,2016,Repurposing a Prokaryotic Toxin-Antitoxin System for the Selective Killing of Oncogenically Stressed Human Cells,downloaded,data/papers/2016/10.1021__acssynbio.5b00096/publisher/paper.pdf,2026-09-03T03:16:54+00:00,https://pubs-acs-org.colorado.idm.oclc.org/doi/pdf/10.1021/acssynbio.5b00096,https://pubs-acs-org.colorado.idm.oclc.org/asbcd6/article-pdf/5/7/540/12850881/sb5b00096.pdf,ACS Publications via CU Boulder EZproxy,publishedVersion,,current_version_of_record_at_retrieval,authenticated_acs_version_of_record_pdf_endpoint,not_established,CU Boulder EZproxy authenticated session (curl-cffi),1767618,e9d73653e7dbeb2b9e8320366c90cdfa2caa7f37f6d75cc2c1dfffff20678d33,7,article_pdf,doi,1.0,
doi:10.1021/acssynbio.5b00099,10.1021/acssynbio.5b00099,2016,Synthetic Quorum Sensing and Cell–Cell Communication in Gram-Positive Bacillus megaterium,downloaded,data/papers/2016/10.1021__acssynbio.5b00099/publisher/paper.pdf,2026-09-03T03:17:11+00:00,https://pubs-acs-org.colorado.idm.oclc.org/doi/pdf/10.1021/acssynbio.5b00099,https://pubs-acs-org.colorado.idm.oclc.org/asbcd6/article-pdf/5/7/597/12852337/sb5b00099.pdf,ACS Publications via CU Boulder EZproxy,publishedVersion,,current_version_of_record_at_retrieval,authenticated_acs_version_of_record_pdf_endpoint,not_established,CU Boulder EZproxy authenticated session (curl-cffi),3623901,328234d5b3bce7777765b77d6e28bc3f8c7ab166f0cb5e102c77777c0f5eff33,10,article_pdf,doi,1.0,
doi:10.1021/acssynbio.5b00100,10.1021/acssynbio.5b00100,2016,Engineering Promoter Architecture in Oleaginous Yeast Yarrowia lipolytica,already_present,data/papers/2016/10.1021__acssynbio.5b00100/publisher/paper.pdf,2026-09-03T03:14:10+00:00,https://pubs-acs-org.colorado.idm.oclc.org/doi/pdf/10.1021/acssynbio.5b00100,https://pubs-acs-org.colorado.idm.oclc.org/asbcd6/article-pdf/5/3/213/12848062/sb5b00100.pdf,ACS Publications via CU Boulder EZproxy,publishedVersion,,current_version_of_record_at_retrieval,authenticated_acs_version_of_record_pdf_endpoint,not_established,CU Boulder EZproxy authenticated session (curl-cffi),1917727,2131876c2ebb68d7de9ebaae92770ec69d2adade107a5ae6d296fc6c6b6d12a9,11,article_pdf,doi,1.0,
doi:10.1021/acssynbio.5b00103,10.1021/acssynbio.5b00103,2016,Engineering of a Synthetic Metabolic Pathway for the Assimilation of (d)-Xylose into Value-Added Chemicals,downloaded,data/papers/2016/10.1021__acssynbio.5b00103/publisher/paper.pdf,2026-09-03T03:17:14+00:00,https://pubs-acs-org.colorado.idm.oclc.org/doi/pdf/10.1021/acssynbio.5b00103,https://pubs-acs-org.colorado.idm.oclc.org/asbcd6/article-pdf/5/7/607/12851960/sb5b00103.pdf,ACS Publications via CU Boulder EZproxy,publishedVersion,,current_version_of_record_at_retrieval,authenticated_acs_version_of_record_pdf_endpoint,not_established,CU Boulder EZproxy authenticated session (curl-cffi),2747554,267458ec59ef8a14bcf17a260bb220877f00205dda550c5d3167b78dcfd6ba44,12,article_pdf,doi,1.0,
doi:10.1021/acssynbio.5b00111,10.1021/acssynbio.5b00111,2016,Regulatable and Modulable Background Expression Control in Prokaryotic Synthetic Circuits by Auxiliary Repressor Binding Sites,already_present,data/papers/2016/10.1021__acssynbio.5b00111/publisher/paper.pdf,2026-09-03T03:13:33+00:00,https://pubs-acs-org.colorado.idm.oclc.org/doi/pdf/10.1021/acssynbio.5b00111,https://pubs-acs-org.colorado.idm.oclc.org/asbcd6/article-pdf/5/1/36/67117241/acssynbio.5b00111.pdf,ACS Publications via CU Boulder EZproxy,publishedVersion,,current_version_of_record_at_retrieval,authenticated_acs_version_of_record_pdf_endpoint,not_established,CU Boulder EZproxy authenticated session (curl-cffi),2335877,4ced5caba34e2e7d564bc880dd6310728cca10f2821716e36b15b31e13d3abd5,10,article_pdf,doi,1.0,
doi:10.1021/acssynbio.5b00116,10.1021/acssynbio.5b00116,2016,Characterization of Intrinsic Properties of Promoters,already_present,data/papers/2016/10.1021__acssynbio.5b00116/publisher/paper.pdf,2026-09-03T03:13:43+00:00,https://pubs-acs-org.colorado.idm.oclc.org/doi/pdf/10.1021/acssynbio.5b00116,https://pubs-acs-org.colorado.idm.oclc.org/asbcd6/article-pdf/5/1/89/67255032/acssynbio.5b00116.pdf,ACS Publications via CU Boulder EZproxy,publishedVersion,,current_version_of_record_at_retrieval,authenticated_acs_version_of_record_pdf_endpoint,not_established,CU Boulder EZproxy authenticated session (curl-cffi),2019380,a18015969ebf07508d62041f4cf3ecf4db6cf8d3cfe5171523f128e97c7adcb9,10,article_pdf,doi,1.0,
doi:10.1021/acssynbio.5b00117,10.1021/acssynbio.5b00117,2016,Flexible and Versatile Strategy for the Construction of Large Biochemical Pathways,already_present,data/papers/2016/10.1021__acssynbio.5b00117/publisher/paper.pdf,2026-09-03T03:13:35+00:00,https://pubs-acs-org.colorado.idm.oclc.org/doi/pdf/10.1021/acssynbio.5b00117,https://pubs-acs-org.colorado.idm.oclc.org/asbcd6/article-pdf/5/1/46/12847181/sb5b00117.pdf,ACS Publications via CU Boulder EZproxy,publishedVersion,,current_version_of_record_at_retrieval,authenticated_acs_version_of_record_pdf_endpoint,not_established,CU Boulder EZproxy authenticated session (curl-cffi),1221763,d7e2eb00f7bdfb3ca6f52e15d22141fc28e273b1865cffed395f90cf414123b6,7,article_pdf,doi,1.0,
doi:10.1021/acssynbio.5b00119,10.1021/acssynbio.5b00119,2016,Correlating in Vitro and in Vivo Activities of Light-Inducible Dimers: A Cellular Optogenetics Guide,already_present,data/papers/2016/10.1021__acssynbio.5b00119/publisher/paper.pdf,2026-09-03T03:13:37+00:00,https://pubs-acs-org.colorado.idm.oclc.org/doi/pdf/10.1021/acssynbio.5b00119,https://pubs-acs-org.colorado.idm.oclc.org/asbcd6/article-pdf/5/1/53/12847948/sb5b00119.pdf,ACS Publications via CU Boulder EZproxy,publishedVersion,,current_version_of_record_at_retrieval,authenticated_acs_version_of_record_pdf_endpoint,not_established,CU Boulder EZproxy authenticated session (curl-cffi),3751774,325907c82159ea96e816a5cf7b696ddfce3596ed4536b77c66b58912624e7360,12,article_pdf,doi,1.0,
doi:10.1021/acssynbio.5b00120,10.1021/acssynbio.5b00120,2016,Two Distinct Cyclodipeptide Synthases from a Marine Actinomycete Catalyze Biosynthesis of the Same Diketopiperazine Natural Product,downloaded,data/papers/2016/10.1021__acssynbio.5b00120/publisher/paper.pdf,2026-09-03T03:16:58+00:00,https://pubs-acs-org.colorado.idm.oclc.org/doi/pdf/10.1021/acssynbio.5b00120,https://pubs-acs-org.colorado.idm.oclc.org/asbcd6/article-pdf/5/7/547/12852410/sb5b00120.pdf,ACS Publications via CU Boulder EZproxy,publishedVersion,,current_version_of_record_at_retrieval,authenticated_acs_version_of_record_pdf_endpoint,not_established,CU Boulder EZproxy authenticated session (curl-cffi),3407127,ff7626372ad469eb8739d0fb6000db972ec943f858a747b5e7c9d5eb71afb4b3,7,article_pdf,doi,1.0,
doi:10.1021/acssynbio.5b00124,10.1021/acssynbio.5b00124,2016,CIDAR MoClo: Improved MoClo Assembly Standard and New E. coli Part Library Enable Rapid Combinatorial Design for Synthetic and Traditional Biology,already_present,data/papers/2016/10.1021__acssynbio.5b00124/publisher/paper.pdf,2026-09-03T03:13:46+00:00,https://pubs-acs-org.colorado.idm.oclc.org/doi/pdf/10.1021/acssynbio.5b00124,https://pubs-acs-org.colorado.idm.oclc.org/asbcd6/article-pdf/5/1/99/12847442/sb5b00124.pdf,ACS Publications via CU Boulder EZproxy,publishedVersion,,current_version_of_record_at_retrieval,authenticated_acs_version_of_record_pdf_endpoint,not_established,CU Boulder EZproxy authenticated session (curl-cffi),2208559,8d198020b8d8cae0dce05337ed547aa0633499450ddfbfc27508fe38912aaa68,5,article_pdf,doi,1.0,
doi:10.1021/acssynbio.5b00127,10.1021/acssynbio.5b00127,2016,Marching along to an Offbeat Drum: Entrainment of Synthetic Gene Oscillators by a Noisy Stimulus,already_present,data/papers/2016/10.1021__acssynbio.5b00127/publisher/paper.pdf,2026-09-03T03:13:54+00:00,https://pubs-acs-org.colorado.idm.oclc.org/doi/pdf/10.1021/acssynbio.5b00127,https://pubs-acs-org.colorado.idm.oclc.org/asbcd6/article-pdf/5/2/146/15222469/sb5b00127.pdf,ACS Publications via CU Boulder EZproxy,publishedVersion,,current_version_of_record_at_retrieval,authenticated_acs_version_of_record_pdf_endpoint,not_established,CU Boulder EZproxy authenticated session (curl-cffi),2669402,5aa54bb952d02dabf97f27e505885510e2cfb87c28208662f09288fd59b1951a,8,article_pdf,doi,1.0,
doi:10.1021/acssynbio.5b00129,10.1021/acssynbio.5b00129,2016,Metabolic Engineering toward Sustainable Production of Nylon-6,already_present,data/papers/2016/10.1021__acssynbio.5b00129/publisher/paper.pdf,2026-09-03T03:13:39+00:00,https://pubs-acs-org.colorado.idm.oclc.org/doi/pdf/10.1021/acssynbio.5b00129,https://pubs-acs-org.colorado.idm.oclc.org/asbcd6/article-pdf/5/1/65/12847323/sb5b00129.pdf,ACS Publications via CU Boulder EZproxy,publishedVersion,,current_version_of_record_at_retrieval,authenticated_acs_version_of_record_pdf_endpoint,not_established,CU Boulder EZproxy authenticated session (curl-cffi),2093979,936cd613bc74cf16d87de8056b460f54c8c6b7f6075abac5903e9775d45b7803,9,article_pdf,doi,1.0,
doi:10.1021/acssynbio.5b00130,10.1021/acssynbio.5b00130,2016,Engineering Translational Activators with CRISPR-Cas System,already_present,data/papers/2016/10.1021__acssynbio.5b00130/publisher/paper.pdf,2026-09-03T03:13:40+00:00,https://pubs-acs-org.colorado.idm.oclc.org/doi/pdf/10.1021/acssynbio.5b00130,https://pubs-acs-org.colorado.idm.oclc.org/asbcd6/article-pdf/5/1/74/12847269/sb5b00130.pdf,ACS Publications via CU Boulder EZproxy,publishedVersion,,current_version_of_record_at_retrieval,authenticated_acs_version_of_record_pdf_endpoint,not_established,CU Boulder EZproxy authenticated session (curl-cffi),1576948,b5431d78e8e315351ec4d6eed20ae780b58c03e371585f2b577735ff0b642ea7,7,article_pdf,doi,1.0,
doi:10.1021/acssynbio.5b00135,10.1021/acssynbio.5b00135,2016,In Vivo Real-Time Control of Gene Expression: A Comparative Analysis of Feedback Control Strategies in Yeast,already_present,data/papers/2016/10.1021__acssynbio.5b00135/publisher/paper.pdf,2026-09-03T03:13:58+00:00,https://pubs-acs-org.colorado.idm.oclc.org/doi/pdf/10.1021/acssynbio.5b00135,https://pubs-acs-org.colorado.idm.oclc.org/asbcd6/article-pdf/5/2/154/15222978/sb5b00135.pdf,ACS Publications via CU Boulder EZproxy,publishedVersion,,current_version_of_record_at_retrieval,authenticated_acs_version_of_record_pdf_endpoint,not_established,CU Boulder EZproxy authenticated session (curl-cffi),2967916,b68ef042e17ae1103df1ca29e78b7398f8c23c3127717b59a9bcb63c23a1f867,9,article_pdf,doi,1.0,
doi:10.1021/acssynbio.5b00138,10.1021/acssynbio.5b00138,2016,De Novo Biosynthesis of β-Valienamine in Engineered Streptomyces hygroscopicus 5008,already_present,data/papers/2016/10.1021__acssynbio.5b00138/publisher/paper.pdf,2026-09-03T03:13:29+00:00,https://pubs-acs-org.colorado.idm.oclc.org/doi/pdf/10.1021/acssynbio.5b00138,https://pubs-acs-org.colorado.idm.oclc.org/asbcd6/article-pdf/5/1/15/12847220/sb5b00138.pdf,ACS Publications via CU Boulder EZproxy,publishedVersion,,current_version_of_record_at_retrieval,authenticated_acs_version_of_record_pdf_endpoint,not_established,CU Boulder EZproxy authenticated session (curl-cffi),1083588,75dc0c9f4f4af1463ffc3bb0ca95e07fab2debf4240f62f8e21b8fd7046d849e,6,article_pdf,doi,1.0,
doi:10.1021/acssynbio.5b00141,10.1021/acssynbio.5b00141,2016,Automatic Control of Gene Expression in Mammalian Cells,downloaded,data/papers/2016/10.1021__acssynbio.5b00141/publisher/paper.pdf,2026-09-03T03:16:07+00:00,https://pubs-acs-org.colorado.idm.oclc.org/doi/pdf/10.1021/acssynbio.5b00141,https://pubs-acs-org.colorado.idm.oclc.org/asbcd6/article-pdf/5/4/296/15259996/sb5b00141.pdf,ACS Publications via CU Boulder EZproxy,publishedVersion,,current_version_of_record_at_retrieval,authenticated_acs_version_of_record_pdf_endpoint,not_established,CU Boulder EZproxy authenticated session (curl-cffi),2037608,368eb951a4e0ca0d12920d9785786e14b65922d10a1516dbf4820582310b84f0,7,article_pdf,doi,1.0,
doi:10.1021/acssynbio.5b00144,10.1021/acssynbio.5b00144,2016,Optical Control of Peroxisomal Trafficking,downloaded,data/papers/2016/10.1021__acssynbio.5b00144/publisher/paper.pdf,2026-09-03T03:17:00+00:00,https://pubs-acs-org.colorado.idm.oclc.org/doi/pdf/10.1021/acssynbio.5b00144,https://pubs-acs-org.colorado.idm.oclc.org/asbcd6/article-pdf/5/7/554/67117435/acssynbio.5b00144.pdf,ACS Publications via CU Boulder EZproxy,publishedVersion,,current_version_of_record_at_retrieval,authenticated_acs_version_of_record_pdf_endpoint,not_established,CU Boulder EZproxy authenticated session (curl-cffi),5004578,3ed6547c51efc3e28f23b70cefd09b59f085c8f2257ebbe3bfd9c27a058c2f0b,7,article_pdf,doi,1.0,
doi:10.1021/acssynbio.5b00147,10.1021/acssynbio.5b00147,2016,Orthogonal Modular Gene Repression in Escherichia coli Using Engineered CRISPR/Cas9,already_present,data/papers/2016/10.1021__acssynbio.5b00147/publisher/paper.pdf,2026-09-03T03:13:42+00:00,https://pubs-acs-org.colorado.idm.oclc.org/doi/pdf/10.1021/acssynbio.5b00147,https://pubs-acs-org.colorado.idm.oclc.org/asbcd6/article-pdf/5/1/81/12847670/sb5b00147.pdf,ACS Publications via CU Boulder EZproxy,publishedVersion,,current_version_of_record_at_retrieval,authenticated_acs_version_of_record_pdf_endpoint,not_established,CU Boulder EZproxy authenticated session (curl-cffi),1113164,069a08e91aea836e57ab88ca7fdb5bd4ae338e930b160c7be801c32c703b054e,8,article_pdf,doi,1.0,
doi:10.1021/acssynbio.5b00153,10.1021/acssynbio.5b00153,2016,Engineering a Polyketide Synthase for In Vitro Production of Adipic Acid,already_present,data/papers/2016/10.1021__acssynbio.5b00153/publisher/paper.pdf,2026-09-03T03:13:28+00:00,https://pubs-acs-org.colorado.idm.oclc.org/doi/pdf/10.1021/acssynbio.5b00153,https://pubs-acs-org.colorado.idm.oclc.org/asbcd6/article-pdf/5/1/21/67361100/acssynbio.5b00153.pdf,ACS Publications via CU Boulder EZproxy,publishedVersion,,current_version_of_record_at_retrieval,authenticated_acs_version_of_record_pdf_endpoint,not_established,CU Boulder EZproxy authenticated session (curl-cffi),1670719,e71966c556177a8cde8da3b1427e0f3e2fae8e323c24eb079cbea25078bb3d69,7,article_pdf,doi,1.0,
doi:10.1021/acssynbio.5b00154,10.1021/acssynbio.5b00154,2016,Efflux Pump Control Alters Synthetic Gene Circuit Function,downloaded,data/papers/2016/10.1021__acssynbio.5b00154/publisher/paper.pdf,2026-09-03T03:17:15+00:00,https://pubs-acs-org.colorado.idm.oclc.org/doi/pdf/10.1021/acssynbio.5b00154,https://pubs-acs-org.colorado.idm.oclc.org/asbcd6/article-pdf/5/7/619/12852898/sb5b00154.pdf,ACS Publications via CU Boulder EZproxy,publishedVersion,,current_version_of_record_at_retrieval,authenticated_acs_version_of_record_pdf_endpoint,not_established,CU Boulder EZproxy authenticated session (curl-cffi),3442519,3fcc3fa4ddfa0cb5401ea9b27da8f7adb18bbe92d1b181e007550beac1dbc25b,13,article_pdf,doi,1.0,
doi:10.1021/acssynbio.5b00156,10.1021/acssynbio.5b00156,2016,Measurements of Gene Expression at Steady State Improve the Predictability of Part Assembly,downloaded,data/papers/2016/10.1021__acssynbio.5b00156/publisher/paper.pdf,2026-09-03T03:16:02+00:00,https://pubs-acs-org.colorado.idm.oclc.org/doi/pdf/10.1021/acssynbio.5b00156,https://pubs-acs-org.colorado.idm.oclc.org/asbcd6/article-pdf/5/3/269/12847278/sb5b00156.pdf,ACS Publications via CU Boulder EZproxy,publishedVersion,,current_version_of_record_at_retrieval,authenticated_acs_version_of_record_pdf_endpoint,not_established,CU Boulder EZproxy authenticated session (curl-cffi),1101252,0782e71d0bfb60682e17c07399c23016ac577f0a229fcd36654634eef24984f5,5,article_pdf,doi,1.0,
doi:10.1021/acssynbio.5b00158,10.1021/acssynbio.5b00158,2016,Intelligent Microbial Heat-Regulating Engine (IMHeRE) for Improved Thermo-Robustness and Efficiency of Bioconversion,downloaded,data/papers/2016/10.1021__acssynbio.5b00158/publisher/paper.pdf,2026-09-03T03:16:13+00:00,https://pubs-acs-org.colorado.idm.oclc.org/doi/pdf/10.1021/acssynbio.5b00158,https://pubs-acs-org.colorado.idm.oclc.org/asbcd6/article-pdf/5/4/312/15260168/sb5b00158.pdf,ACS Publications via CU Boulder EZproxy,publishedVersion,,current_version_of_record_at_retrieval,authenticated_acs_version_of_record_pdf_endpoint,not_established,CU Boulder EZproxy authenticated session (curl-cffi),2941096,6a00606a376696defffb977544292548efab4b33c5f8474850ddd8544e4d704d,9,article_pdf,doi,1.0,
doi:10.1021/acssynbio.5b00161,10.1021/acssynbio.5b00161,2016,Flux Control at the Malonyl-CoA Node through Hierarchical Dynamic Pathway Regulation in Saccharomyces cerevisiae,already_present,data/papers/2016/10.1021__acssynbio.5b00161/publisher/paper.pdf,2026-09-03T03:14:09+00:00,https://pubs-acs-org.colorado.idm.oclc.org/doi/pdf/10.1021/acssynbio.5b00161,https://pubs-acs-org.colorado.idm.oclc.org/asbcd6/article-pdf/5/3/224/12847514/sb5b00161.pdf,ACS Publications via CU Boulder EZproxy,publishedVersion,,current_version_of_record_at_retrieval,authenticated_acs_version_of_record_pdf_endpoint,not_established,CU Boulder EZproxy authenticated session (curl-cffi),1774818,2791c2e356e43a1b5f3bd5be800b63934f536a161efd02fa0cd9e2487bd57158,10,article_pdf,doi,1.0,
doi:10.1021/acssynbio.5b00162,10.1021/acssynbio.5b00162,2016,Synthetic RNA Polymerase III Promoters Facilitate High-Efficiency CRISPR?Cas9-Mediated Genome Editing in Yarrowia lipolytica,downloaded,data/papers/2016/10.1021__acssynbio.5b00162/publisher/paper.pdf,2026-09-03T03:16:21+00:00,https://pubs-acs-org.colorado.idm.oclc.org/doi/pdf/10.1021/acssynbio.5b00162,https://pubs-acs-org.colorado.idm.oclc.org/asbcd6/article-pdf/5/4/356/67117257/acssynbio.5b00162.pdf,ACS Publications via CU Boulder EZproxy,publishedVersion,,current_version_of_record_at_retrieval,authenticated_acs_version_of_record_pdf_endpoint,not_established,CU Boulder EZproxy authenticated session (curl-cffi),1149041,50ce3290aee50dd3ba88501ed60c7efd46812d7372d828771b3d3931e55eff73,4,article_pdf,doi,1.0,
doi:10.1021/acssynbio.5b00164,10.1021/acssynbio.5b00164,2016,Controlling Central Carbon Metabolism for Improved Pathway Yields in Saccharomyces cerevisiae,already_present,data/papers/2016/10.1021__acssynbio.5b00164/publisher/paper.pdf,2026-09-03T03:13:49+00:00,https://pubs-acs-org.colorado.idm.oclc.org/doi/pdf/10.1021/acssynbio.5b00164,https://pubs-acs-org.colorado.idm.oclc.org/asbcd6/article-pdf/5/2/116/15222319/sb5b00164.pdf,ACS Publications via CU Boulder EZproxy,publishedVersion,,current_version_of_record_at_retrieval,authenticated_acs_version_of_record_pdf_endpoint,not_established,CU Boulder EZproxy authenticated session (curl-cffi),952495,b8e5f92068d0042b294611ac22f3560838213d48a58a47f6741e1e61eb69770e,9,article_pdf,doi,1.0,
doi:10.1021/acssynbio.5b00172,10.1021/acssynbio.5b00172,2016,Assays To Detect the Formation of Triphosphates of Unnatural Nucleotides: Application to Escherichia coli Nucleoside Diphosphate Kinase,already_present,data/papers/2016/10.1021__acssynbio.5b00172/publisher/paper.pdf,2026-09-03T03:14:13+00:00,https://pubs-acs-org.colorado.idm.oclc.org/doi/pdf/10.1021/acssynbio.5b00172,https://pubs-acs-org.colorado.idm.oclc.org/asbcd6/article-pdf/5/3/234/12847954/sb5b00172.pdf,ACS Publications via CU Boulder EZproxy,publishedVersion,,current_version_of_record_at_retrieval,authenticated_acs_version_of_record_pdf_endpoint,not_established,CU Boulder EZproxy authenticated session (curl-cffi),2327052,69bc4e503f00750f8ffd7f3a11579a1423b5794250929368017a5727651bad82,7,article_pdf,doi,1.0,
doi:10.1021/acssynbio.5b00174,10.1021/acssynbio.5b00174,2016,Novel Utilization of Terminators in the Design of Biologically Adjustable Synthetic Filters,downloaded,data/papers/2016/10.1021__acssynbio.5b00174/publisher/paper.pdf,2026-09-03T03:16:26+00:00,https://pubs-acs-org.colorado.idm.oclc.org/doi/pdf/10.1021/acssynbio.5b00174,https://pubs-acs-org.colorado.idm.oclc.org/asbcd6/article-pdf/5/5/365/12848641/sb5b00174.pdf,ACS Publications via CU Boulder EZproxy,publishedVersion,,current_version_of_record_at_retrieval,authenticated_acs_version_of_record_pdf_endpoint,not_established,CU Boulder EZproxy authenticated session (curl-cffi),3099605,9957be15d11aa270293a71883b2bbd90aca922e805310e6746793312a3d64549,10,article_pdf,doi,1.0,
doi:10.1021/acssynbio.5b00176,10.1021/acssynbio.5b00176,2016,Molecular Titration Promotes Oscillations and Bistability in Minimal Network Models with Monomeric Regulators,downloaded,data/papers/2016/10.1021__acssynbio.5b00176/publisher/paper.pdf,2026-09-03T03:16:17+00:00,https://pubs-acs-org.colorado.idm.oclc.org/doi/pdf/10.1021/acssynbio.5b00176,https://pubs-acs-org.colorado.idm.oclc.org/asbcd6/article-pdf/5/4/321/15260334/sb5b00176.pdf,ACS Publications via CU Boulder EZproxy,publishedVersion,,current_version_of_record_at_retrieval,authenticated_acs_version_of_record_pdf_endpoint,not_established,CU Boulder EZproxy authenticated session (curl-cffi),3856074,71d85f000d35755366ec82191dd846addcd6fad00ea24e32fd4ff0f50fb26f8b,13,article_pdf,doi,1.0,
doi:10.1021/acssynbio.5b00179,10.1021/acssynbio.5b00179,2016,A Statistical Approach Reveals Designs for the Most Robust Stochastic Gene Oscillators,downloaded,data/papers/2016/10.1021__acssynbio.5b00179/publisher/paper.pdf,2026-09-03T03:16:43+00:00,https://pubs-acs-org.colorado.idm.oclc.org/doi/pdf/10.1021/acssynbio.5b00179,https://pubs-acs-org.colorado.idm.oclc.org/asbcd6/article-pdf/5/6/459/67117408/acssynbio.5b00179.pdf,ACS Publications via CU Boulder EZproxy,publishedVersion,,current_version_of_record_at_retrieval,authenticated_acs_version_of_record_pdf_endpoint,not_established,CU Boulder EZproxy authenticated session (curl-cffi),2295082,6544c396f5401fcbab8f2137a42f168af72d8d870b02a52b2aaf91d46815668d,12,article_pdf,doi,1.0,
doi:10.1021/acssynbio.5b00180,10.1021/acssynbio.5b00180,2016,Construction and Characterization of a Synthetic MicroRNA Cluster for Multiplex RNA Interference in Mammalian Cells,downloaded,data/papers/2016/10.1021__acssynbio.5b00180/publisher/paper.pdf,2026-09-03T03:19:13+00:00,https://pubs-acs-org.colorado.idm.oclc.org/doi/pdf/10.1021/acssynbio.5b00180,https://pubs-acs-org.colorado.idm.oclc.org/asbcd6/article-pdf/5/11/1193/12849978/sb5b00180.pdf,ACS Publications via CU Boulder EZproxy,publishedVersion,,current_version_of_record_at_retrieval,authenticated_acs_version_of_record_pdf_endpoint,not_established,CU Boulder EZproxy authenticated session (curl-cffi),3600788,f2c1c96be8f146ca16987b5a96f961d11739fcb2c59d877daabe3a59dcb72a7e,8,article_pdf,doi,1.0,
doi:10.1021/acssynbio.5b00187,10.1021/acssynbio.5b00187,2016,Rapid and Efficient One-Step Metabolic Pathway Integration in E. coli,downloaded,data/papers/2016/10.1021__acssynbio.5b00187/publisher/paper.pdf,2026-09-03T03:17:02+00:00,https://pubs-acs-org.colorado.idm.oclc.org/doi/pdf/10.1021/acssynbio.5b00187,https://pubs-acs-org.colorado.idm.oclc.org/asbcd6/article-pdf/5/7/561/12851693/sb5b00187.pdf,ACS Publications via CU Boulder EZproxy,publishedVersion,,current_version_of_record_at_retrieval,authenticated_acs_version_of_record_pdf_endpoint,not_established,CU Boulder EZproxy authenticated session (curl-cffi),1940749,217d2eb5a8286126966a4501cb50541575fd16b451798165c1549d41508c2033,8,article_pdf,doi,1.0,
doi:10.1021/acssynbio.5b00191,10.1021/acssynbio.5b00191,2016,Antigen Binding and Site-Directed Labeling of Biosilica-Immobilized Fusion Proteins Expressed in Diatoms,already_present,data/papers/2016/10.1021__acssynbio.5b00191/publisher/paper.pdf,2026-09-03T03:14:02+00:00,https://pubs-acs-org.colorado.idm.oclc.org/doi/pdf/10.1021/acssynbio.5b00191,https://pubs-acs-org.colorado.idm.oclc.org/asbcd6/article-pdf/5/3/193/12847577/sb5b00191.pdf,ACS Publications via CU Boulder EZproxy,publishedVersion,,current_version_of_record_at_retrieval,authenticated_acs_version_of_record_pdf_endpoint,not_established,CU Boulder EZproxy authenticated session (curl-cffi),1775560,b213f1cc63b0babcc792cbcab35d812944d1ef745b782d6075aef6ab54bf67fa,7,article_pdf,doi,1.0,
doi:10.1021/acssynbio.5b00192,10.1021/acssynbio.5b00192,2016,Circumvention of Learning Increases Intoxication Efficacy of Nematicidal Engineered Bacteria,already_present,data/papers/2016/10.1021__acssynbio.5b00192/publisher/paper.pdf,2026-09-03T03:14:14+00:00,https://pubs-acs-org.colorado.idm.oclc.org/doi/pdf/10.1021/acssynbio.5b00192,https://pubs-acs-org.colorado.idm.oclc.org/asbcd6/article-pdf/5/3/241/12847678/sb5b00192.pdf,ACS Publications via CU Boulder EZproxy,publishedVersion,,current_version_of_record_at_retrieval,authenticated_acs_version_of_record_pdf_endpoint,not_established,CU Boulder EZproxy authenticated session (curl-cffi),1689365,d25c1a684b978eca89c1cc911c3ce31a5486aeb49904085e4d2f22a799e245a4,9,article_pdf,doi,1.0,
doi:10.1021/acssynbio.5b00193,10.1021/acssynbio.5b00193,2016,Slowing Translation between Protein Domains by Increasing Affinity between mRNAs and the Ribosomal Anti-Shine–Dalgarno Sequence Improves Solubility,already_present,data/papers/2016/10.1021__acssynbio.5b00193/publisher/paper.pdf,2026-09-03T03:13:55+00:00,https://pubs-acs-org.colorado.idm.oclc.org/doi/pdf/10.1021/acssynbio.5b00193,https://pubs-acs-org.colorado.idm.oclc.org/asbcd6/article-pdf/5/2/133/15223052/sb5b00193.pdf,ACS Publications via CU Boulder EZproxy,publishedVersion,,current_version_of_record_at_retrieval,authenticated_acs_version_of_record_pdf_endpoint,not_established,CU Boulder EZproxy authenticated session (curl-cffi),3104200,afd0ca2c5039e41c72b5edbe280e2356a34fc38f6c821aac2722550e3aa30734,13,article_pdf,doi,1.0,
doi:10.1021/acssynbio.5b00194,10.1021/acssynbio.5b00194,2016,Genotype Specification Language,downloaded,data/papers/2016/10.1021__acssynbio.5b00194/publisher/paper.pdf,2026-09-03T03:16:42+00:00,https://pubs-acs-org.colorado.idm.oclc.org/doi/pdf/10.1021/acssynbio.5b00194,https://pubs-acs-org.colorado.idm.oclc.org/asbcd6/article-pdf/5/6/471/15223341/sb5b00194.pdf,ACS Publications via CU Boulder EZproxy,publishedVersion,,current_version_of_record_at_retrieval,authenticated_acs_version_of_record_pdf_endpoint,not_established,CU Boulder EZproxy authenticated session (curl-cffi),1249537,66aecb055bac59e4c0ea56a6c2851fc7b3b309cc7aced9da5de597e6561f47d9,8,article_pdf,doi,1.0,
doi:10.1021/acssynbio.5b00196,10.1021/acssynbio.5b00196,2016,In-Yeast Engineering of a Bacterial Genome Using CRISPR/Cas9,already_present,data/papers/2016/10.1021__acssynbio.5b00196/publisher/paper.pdf,2026-09-03T03:13:47+00:00,https://pubs-acs-org.colorado.idm.oclc.org/doi/pdf/10.1021/acssynbio.5b00196,https://pubs-acs-org.colorado.idm.oclc.org/asbcd6/article-pdf/5/1/104/67464043/acssynbio.5b00196.pdf,ACS Publications via CU Boulder EZproxy,publishedVersion,,current_version_of_record_at_retrieval,authenticated_acs_version_of_record_pdf_endpoint,not_established,CU Boulder EZproxy authenticated session (curl-cffi),2060990,3d4a95b9996e041de500909e7e5c686a427e92aaae76819777d39bcb48cad23d,6,article_pdf,doi,1.0,
doi:10.1021/acssynbio.5b00197,10.1021/acssynbio.5b00197,2016,Efficient Reassignment of a Frequent Serine Codon in Wild-Type Escherichia coli,already_present,data/papers/2016/10.1021__acssynbio.5b00197/publisher/paper.pdf,2026-09-03T03:13:59+00:00,https://pubs-acs-org.colorado.idm.oclc.org/doi/pdf/10.1021/acssynbio.5b00197,https://pubs-acs-org.colorado.idm.oclc.org/asbcd6/article-pdf/5/2/163/15222668/sb5b00197.pdf,ACS Publications via CU Boulder EZproxy,publishedVersion,,current_version_of_record_at_retrieval,authenticated_acs_version_of_record_pdf_endpoint,not_established,CU Boulder EZproxy authenticated session (curl-cffi),1074860,0f64cf64ad9a81aa95dfbdb322861de09251c744a916bdfa53d8221528069d94,9,article_pdf,doi,1.0,
doi:10.1021/acssynbio.5b00199,10.1021/acssynbio.5b00199,2016,A Toolbox of Diverse Promoters Related to Methanol Utilization: Functionally Verified Parts for Heterologous Pathway Expression in Pichia pastoris,already_present,data/papers/2016/10.1021__acssynbio.5b00199/publisher/paper.pdf,2026-09-03T03:14:02+00:00,https://pubs-acs-org.colorado.idm.oclc.org/doi/pdf/10.1021/acssynbio.5b00199,https://pubs-acs-org.colorado.idm.oclc.org/asbcd6/article-pdf/5/2/172/15222765/sb5b00199.pdf,ACS Publications via CU Boulder EZproxy,publishedVersion,,current_version_of_record_at_retrieval,authenticated_acs_version_of_record_pdf_endpoint,not_established,CU Boulder EZproxy authenticated session (curl-cffi),3760837,5747b05364f4f9b76b1ebe3f4f30d8f4b08a4ed5d271a44fa92018741ca20161,15,article_pdf,doi,1.0,
doi:10.1021/acssynbio.5b00201,10.1021/acssynbio.5b00201,2016,"Engineering Escherichia coli for Conversion of Glucose to Medium-Chain ω-Hydroxy Fatty Acids and α,ω-Dicarboxylic Acids",already_present,data/papers/2016/10.1021__acssynbio.5b00201/publisher/paper.pdf,2026-09-03T03:14:07+00:00,https://pubs-acs-org.colorado.idm.oclc.org/doi/pdf/10.1021/acssynbio.5b00201,https://pubs-acs-org.colorado.idm.oclc.org/asbcd6/article-pdf/5/3/200/12847366/sb5b00201.pdf,ACS Publications via CU Boulder EZproxy,publishedVersion,,current_version_of_record_at_retrieval,authenticated_acs_version_of_record_pdf_endpoint,not_established,CU Boulder EZproxy authenticated session (curl-cffi),1848595,7f52c602836dfdf8a4263f379db318f11476008b7c522ebbe5e02a6a22c3a706,7,article_pdf,doi,1.0,
doi:10.1021/acssynbio.5b00202,10.1021/acssynbio.5b00202,2016,Identifying Regulatory Changes to Facilitate Nitrogen Fixation in the Nondiazotroph Synechocystis sp. PCC 6803,downloaded,data/papers/2016/10.1021__acssynbio.5b00202/publisher/paper.pdf,2026-09-03T03:15:58+00:00,https://pubs-acs-org.colorado.idm.oclc.org/doi/pdf/10.1021/acssynbio.5b00202,https://pubs-acs-org.colorado.idm.oclc.org/asbcd6/article-pdf/5/3/250/12847800/sb5b00202.pdf,ACS Publications via CU Boulder EZproxy,publishedVersion,,current_version_of_record_at_retrieval,authenticated_acs_version_of_record_pdf_endpoint,not_established,CU Boulder EZproxy authenticated session (curl-cffi),1908369,79ae2609321778ac03e9548ec78db294bc8f9aceccf8734960e0ce354c3d1391,9,article_pdf,doi,1.0,
doi:10.1021/acssynbio.5b00205,10.1021/acssynbio.5b00205,2016,A Parts Database with Consensus Parameter Estimation for Synthetic Circuit Design,downloaded,data/papers/2016/10.1021__acssynbio.5b00205/publisher/paper.pdf,2026-09-03T03:20:02+00:00,https://pubs-acs-org.colorado.idm.oclc.org/doi/pdf/10.1021/acssynbio.5b00205,https://pubs-acs-org.colorado.idm.oclc.org/asbcd6/article-pdf/5/12/1412/15267755/sb5b00205.pdf,ACS Publications via CU Boulder EZproxy,publishedVersion,,current_version_of_record_at_retrieval,authenticated_acs_version_of_record_pdf_endpoint,not_established,CU Boulder EZproxy authenticated session (curl-cffi),1343276,c9d0b91303772bec0629889b286f6f1f1b1067ce3ede6580b1f1b4c6fc0baf4f,9,article_pdf,doi,1.0,
doi:10.1021/acssynbio.5b00209,10.1021/acssynbio.5b00209,2016,Development of an Unnatural Amino Acid Incorporation System in the Actinobacterial Natural Product Producer Streptomyces venezuelae ATCC 15439,already_present,data/papers/2016/10.1021__acssynbio.5b00209/publisher/paper.pdf,2026-09-03T03:13:51+00:00,https://pubs-acs-org.colorado.idm.oclc.org/doi/pdf/10.1021/acssynbio.5b00209,https://pubs-acs-org.colorado.idm.oclc.org/asbcd6/article-pdf/5/2/125/15222872/sb5b00209.pdf,ACS Publications via CU Boulder EZproxy,publishedVersion,,current_version_of_record_at_retrieval,authenticated_acs_version_of_record_pdf_endpoint,not_established,CU Boulder EZproxy authenticated session (curl-cffi),2587390,776964235e5148b354f1915957cbf7d1ae528ee2b93ff73a8482665faadeee41,8,article_pdf,doi,1.0,
doi:10.1021/acssynbio.5b00210,10.1021/acssynbio.5b00210,2016,"The SBOL Stack: A Platform for Storing, Publishing, and Sharing Synthetic Biology Designs",downloaded,data/papers/2016/10.1021__acssynbio.5b00210/publisher/paper.pdf,2026-09-03T03:16:46+00:00,https://pubs-acs-org.colorado.idm.oclc.org/doi/pdf/10.1021/acssynbio.5b00210,https://pubs-acs-org.colorado.idm.oclc.org/asbcd6/article-pdf/5/6/487/67255086/acssynbio.5b00210.pdf,ACS Publications via CU Boulder EZproxy,publishedVersion,,current_version_of_record_at_retrieval,authenticated_acs_version_of_record_pdf_endpoint,not_established,CU Boulder EZproxy authenticated session (curl-cffi),2508596,4a1ccb615389e830366b3a33a7c8377cbef651745a7ca7bae2615cdc3dbd02f1,11,article_pdf,doi,1.0,
doi:10.1021/acssynbio.5b00212,10.1021/acssynbio.5b00212,2016,A Converter from the Systems Biology Markup Language to the Synthetic Biology Open Language,downloaded,data/papers/2016/10.1021__acssynbio.5b00212/publisher/paper.pdf,2026-09-03T03:16:45+00:00,https://pubs-acs-org.colorado.idm.oclc.org/doi/pdf/10.1021/acssynbio.5b00212,https://pubs-acs-org.colorado.idm.oclc.org/asbcd6/article-pdf/5/6/479/15223128/sb5b00212.pdf,ACS Publications via CU Boulder EZproxy,publishedVersion,,current_version_of_record_at_retrieval,authenticated_acs_version_of_record_pdf_endpoint,not_established,CU Boulder EZproxy authenticated session (curl-cffi),922280,ff6b3e83d1bb1545358d9e8878b212b6cf191128220a53548cf2c2402ec4cc25,8,article_pdf,doi,1.0,
doi:10.1021/acssynbio.5b00213,10.1021/acssynbio.5b00213,2016,Molecular Buffers Permit Sensitivity Tuning and Inversion of Riboswitch Signals,downloaded,data/papers/2016/10.1021__acssynbio.5b00213/publisher/paper.pdf,2026-09-03T03:17:18+00:00,https://pubs-acs-org.colorado.idm.oclc.org/doi/pdf/10.1021/acssynbio.5b00213,https://pubs-acs-org.colorado.idm.oclc.org/asbcd6/article-pdf/5/7/632/67255119/acssynbio.5b00213.pdf,ACS Publications via CU Boulder EZproxy,publishedVersion,,current_version_of_record_at_retrieval,authenticated_acs_version_of_record_pdf_endpoint,not_established,CU Boulder EZproxy authenticated session (curl-cffi),1212725,02cc73786c05ed677d5f1a37e403ba3df8cde3db16247a5c3c5aa577ae25b653,7,article_pdf,doi,1.0,
doi:10.1021/acssynbio.5b00215,10.1021/acssynbio.5b00215,2016,Sharing Structure and Function in Biological Design with SBOL 2.0,downloaded,data/papers/2016/10.1021__acssynbio.5b00215/publisher/paper.pdf,2026-09-03T03:16:50+00:00,https://pubs-acs-org.colorado.idm.oclc.org/doi/pdf/10.1021/acssynbio.5b00215,https://pubs-acs-org.colorado.idm.oclc.org/asbcd6/article-pdf/5/6/498/15223995/sb5b00215.pdf,ACS Publications via CU Boulder EZproxy,publishedVersion,,current_version_of_record_at_retrieval,authenticated_acs_version_of_record_pdf_endpoint,not_established,CU Boulder EZproxy authenticated session (curl-cffi),2303644,aac5961c698908b6e94c2d7686e1722c7a6bbec0e390b5bd9a40c1b04075c3a1,9,article_pdf,doi,1.0,
doi:10.1021/acssynbio.5b00216,10.1021/acssynbio.5b00216,2016,Corynebacterium glutamicum Metabolic Engineering with CRISPR Interference (CRISPRi),downloaded,data/papers/2016/10.1021__acssynbio.5b00216/publisher/paper.pdf,2026-09-03T03:16:24+00:00,https://pubs-acs-org.colorado.idm.oclc.org/doi/pdf/10.1021/acssynbio.5b00216,https://pubs-acs-org.colorado.idm.oclc.org/asbcd6/article-pdf/5/5/375/67117392/acssynbio.5b00216.pdf,ACS Publications via CU Boulder EZproxy,publishedVersion,,current_version_of_record_at_retrieval,authenticated_acs_version_of_record_pdf_endpoint,not_established,CU Boulder EZproxy authenticated session (curl-cffi),2277057,51c11ba2a644db1f100203a45eeccaeeb3eed8c26f799ac2a1d3fc4d168c19b8,11,article_pdf,doi,1.0,
doi:10.1021/acssynbio.5b00219,10.1021/acssynbio.5b00219,2016,Merlin: Computer-Aided Oligonucleotide Design for Large Scale Genome Engineering with MAGE,downloaded,data/papers/2016/10.1021__acssynbio.5b00219/publisher/paper.pdf,2026-09-03T03:16:39+00:00,https://pubs-acs-org.colorado.idm.oclc.org/doi/pdf/10.1021/acssynbio.5b00219,https://pubs-acs-org.colorado.idm.oclc.org/asbcd6/article-pdf/5/6/452/15223223/sb5b00219.pdf,ACS Publications via CU Boulder EZproxy,publishedVersion,,current_version_of_record_at_retrieval,authenticated_acs_version_of_record_pdf_endpoint,not_established,CU Boulder EZproxy authenticated session (curl-cffi),1235772,143c570cdb0cde036ee6ab2bc7eeaef3a2ed6f79296f09d897bc664c729838d7,7,article_pdf,doi,1.0,
doi:10.1021/acssynbio.5b00222,10.1021/acssynbio.5b00222,2016,Toward the First Data Acquisition Standard in Synthetic Biology,downloaded,data/papers/2016/10.1021__acssynbio.5b00222/publisher/paper.pdf,2026-09-03T03:17:51+00:00,https://pubs-acs-org.colorado.idm.oclc.org/doi/pdf/10.1021/acssynbio.5b00222,https://pubs-acs-org.colorado.idm.oclc.org/asbcd6/article-pdf/5/8/817/15264773/sb5b00222.pdf,ACS Publications via CU Boulder EZproxy,publishedVersion,,current_version_of_record_at_retrieval,authenticated_acs_version_of_record_pdf_endpoint,not_established,CU Boulder EZproxy authenticated session (curl-cffi),2171298,db71085758c8e4ac154d5819f46bb9660ad2f395ab3bbc4629994f9c72e7693e,10,article_pdf,doi,1.0,
doi:10.1021/acssynbio.5b00223,10.1021/acssynbio.5b00223,2016,Transcriptional Interference in Convergent Promoters as a Means for Tunable Gene Expression,downloaded,data/papers/2016/10.1021__acssynbio.5b00223/publisher/paper.pdf,2026-09-03T03:19:40+00:00,https://pubs-acs-org.colorado.idm.oclc.org/doi/pdf/10.1021/acssynbio.5b00223,https://pubs-acs-org.colorado.idm.oclc.org/asbcd6/article-pdf/5/12/1331/15267126/sb5b00223.pdf,ACS Publications via CU Boulder EZproxy,publishedVersion,,current_version_of_record_at_retrieval,authenticated_acs_version_of_record_pdf_endpoint,not_established,CU Boulder EZproxy authenticated session (curl-cffi),2697977,de75dd21c9d7c214b5aae2d5bf0800acfe6c9dcba674f1e02c7a23f3fc29b0e4,11,article_pdf,doi,1.0,
doi:10.1021/acssynbio.5b00225,10.1021/acssynbio.5b00225,2016,Expanding Biosensing Abilities through Computer-Aided Design of Metabolic Pathways,downloaded,data/papers/2016/10.1021__acssynbio.5b00225/publisher/paper.pdf,2026-09-03T03:18:48+00:00,https://pubs-acs-org.colorado.idm.oclc.org/doi/pdf/10.1021/acssynbio.5b00225,https://pubs-acs-org.colorado.idm.oclc.org/asbcd6/article-pdf/5/10/1076/15223637/sb5b00225.pdf,ACS Publications via CU Boulder EZproxy,publishedVersion,,current_version_of_record_at_retrieval,authenticated_acs_version_of_record_pdf_endpoint,not_established,CU Boulder EZproxy authenticated session (curl-cffi),1403888,0633e5ae3b381eca94b39a060725562d34f600be0034a9f3dca421ea9e7a9169,10,article_pdf,doi,1.0,
doi:10.1021/acssynbio.5b00226,10.1021/acssynbio.5b00226,2016,Permutation Machines,downloaded,data/papers/2016/10.1021__acssynbio.5b00226/publisher/paper.pdf,2026-09-03T03:17:56+00:00,https://pubs-acs-org.colorado.idm.oclc.org/doi/pdf/10.1021/acssynbio.5b00226,https://pubs-acs-org.colorado.idm.oclc.org/asbcd6/article-pdf/5/8/827/15264978/sb5b00226.pdf,ACS Publications via CU Boulder EZproxy,publishedVersion,,current_version_of_record_at_retrieval,authenticated_acs_version_of_record_pdf_endpoint,not_established,CU Boulder EZproxy authenticated session (curl-cffi),1474611,a99878fb8397d9cb50b4c11886499c7d3b49ead7a2f6ae655341c793f728dbe8,8,article_pdf,doi,1.0,
doi:10.1021/acssynbio.5b00228,10.1021/acssynbio.5b00228,2016,Modular Optimization of a Hemicellulose-Utilizing Pathway in Corynebacterium glutamicum for Consolidated Bioprocessing of Hemicellulosic Biomass,downloaded,data/papers/2016/10.1021__acssynbio.5b00228/publisher/paper.pdf,2026-09-03T03:16:18+00:00,https://pubs-acs-org.colorado.idm.oclc.org/doi/pdf/10.1021/acssynbio.5b00228,https://pubs-acs-org.colorado.idm.oclc.org/asbcd6/article-pdf/5/4/334/15260132/sb5b00228.pdf,ACS Publications via CU Boulder EZproxy,publishedVersion,,current_version_of_record_at_retrieval,authenticated_acs_version_of_record_pdf_endpoint,not_established,CU Boulder EZproxy authenticated session (curl-cffi),3460670,d777434b8cc4fdf20e2da7b254e233da9b8463155e6c428cda61277519e63a2f,10,article_pdf,doi,1.0,
doi:10.1021/acssynbio.5b00229,10.1021/acssynbio.5b00229,2016,Survival of Phenotypic Information during Cellular Growth Transitions,downloaded,data/papers/2016/10.1021__acssynbio.5b00229/publisher/paper.pdf,2026-09-03T03:17:52+00:00,https://pubs-acs-org.colorado.idm.oclc.org/doi/pdf/10.1021/acssynbio.5b00229,https://pubs-acs-org.colorado.idm.oclc.org/asbcd6/article-pdf/5/8/810/67117457/acssynbio.5b00229.pdf,ACS Publications via CU Boulder EZproxy,publishedVersion,,current_version_of_record_at_retrieval,authenticated_acs_version_of_record_pdf_endpoint,not_established,CU Boulder EZproxy authenticated session (curl-cffi),1627422,aaeec2838ec1677e7965e961a8b94a859cd409ef86e3166ec6a2c85ba7e99a20,7,article_pdf,doi,1.0,
doi:10.1021/acssynbio.5b00230,10.1021/acssynbio.5b00230,2016,Rapid Diversification of BetI-Based Transcriptional Switches for the Control of Biosynthetic Pathways and Genetic Circuits,downloaded,data/papers/2016/10.1021__acssynbio.5b00230/publisher/paper.pdf,2026-09-03T03:19:12+00:00,https://pubs-acs-org.colorado.idm.oclc.org/doi/pdf/10.1021/acssynbio.5b00230,https://pubs-acs-org.colorado.idm.oclc.org/asbcd6/article-pdf/5/11/1201/12849340/sb5b00230.pdf,ACS Publications via CU Boulder EZproxy,publishedVersion,,current_version_of_record_at_retrieval,authenticated_acs_version_of_record_pdf_endpoint,not_established,CU Boulder EZproxy authenticated session (curl-cffi),2388613,ca983ca5c6adb3c7ee7963e36650f0b9bead02c735ea5c246d1df6e6ac62a1d9,10,article_pdf,doi,1.0,
doi:10.1021/acssynbio.5b00232,10.1021/acssynbio.5b00232,2016,Double Dutch: A Tool for Designing Combinatorial Libraries of Biological Systems,downloaded,data/papers/2016/10.1021__acssynbio.5b00232/publisher/paper.pdf,2026-09-03T03:16:49+00:00,https://pubs-acs-org.colorado.idm.oclc.org/doi/pdf/10.1021/acssynbio.5b00232,https://pubs-acs-org.colorado.idm.oclc.org/asbcd6/article-pdf/5/6/507/15223458/sb5b00232.pdf,ACS Publications via CU Boulder EZproxy,publishedVersion,,current_version_of_record_at_retrieval,authenticated_acs_version_of_record_pdf_endpoint,not_established,CU Boulder EZproxy authenticated session (curl-cffi),2525609,54d9ada62558c85834dbffc95d409b1d5d862340cbb5e4194a7e15ccc98bc7db,11,article_pdf,doi,1.0,
doi:10.1021/acssynbio.5b00236,10.1021/acssynbio.5b00236,2016,Exometabolomics Assisted Design and Validation of Synthetic Obligate Mutualism,downloaded,data/papers/2016/10.1021__acssynbio.5b00236/publisher/paper.pdf,2026-09-03T03:17:04+00:00,https://pubs-acs-org.colorado.idm.oclc.org/doi/pdf/10.1021/acssynbio.5b00236,https://pubs-acs-org.colorado.idm.oclc.org/asbcd6/article-pdf/5/7/569/12851060/sb5b00236.pdf,ACS Publications via CU Boulder EZproxy,publishedVersion,,current_version_of_record_at_retrieval,authenticated_acs_version_of_record_pdf_endpoint,not_established,CU Boulder EZproxy authenticated session (curl-cffi),1775695,539ef32951b3f4de0258085cd18c7e5807c93b4607e9e39716181edd9bd9edb1,8,article_pdf,doi,1.0,
doi:10.1021/acssynbio.5b00237,10.1021/acssynbio.5b00237,2016,A Tunable Protein Piston That Breaks Membranes to Release Encapsulated Cargo,downloaded,data/papers/2016/10.1021__acssynbio.5b00237/publisher/paper.pdf,2026-09-03T03:16:13+00:00,https://pubs-acs-org.colorado.idm.oclc.org/doi/pdf/10.1021/acssynbio.5b00237,https://pubs-acs-org.colorado.idm.oclc.org/asbcd6/article-pdf/5/4/303/67255065/acssynbio.5b00237.pdf,ACS Publications via CU Boulder EZproxy,publishedVersion,,current_version_of_record_at_retrieval,authenticated_acs_version_of_record_pdf_endpoint,not_established,CU Boulder EZproxy authenticated session (curl-cffi),10346201,3132e7ae8fa1f95dee6a4b4ae85c3d4446e03641287dca12ec7ddf109cfc4284,9,article_pdf,doi,1.0,
doi:10.1021/acssynbio.5b00240,10.1021/acssynbio.5b00240,2016,Combinatorial Evolution of Enzymes and Synthetic Pathways Using One-Step PCR,downloaded,data/papers/2016/10.1021__acssynbio.5b00240/publisher/paper.pdf,2026-09-03T03:16:00+00:00,https://pubs-acs-org.colorado.idm.oclc.org/doi/pdf/10.1021/acssynbio.5b00240,https://pubs-acs-org.colorado.idm.oclc.org/asbcd6/article-pdf/5/3/259/12848133/sb5b00240.pdf,ACS Publications via CU Boulder EZproxy,publishedVersion,,current_version_of_record_at_retrieval,authenticated_acs_version_of_record_pdf_endpoint,not_established,CU Boulder EZproxy authenticated session (curl-cffi),4713597,46fba864520538a26c23cba794a91c18ce4b4bde030109472c7718ce4e56d05d,10,article_pdf,doi,1.0,
doi:10.1021/acssynbio.5b00242,10.1021/acssynbio.5b00242,2016,Efficient Analysis of Systems Biology Markup Language Models of Cellular Populations Using Arrays,downloaded,data/papers/2016/10.1021__acssynbio.5b00242/publisher/paper.pdf,2026-09-03T03:17:57+00:00,https://pubs-acs-org.colorado.idm.oclc.org/doi/pdf/10.1021/acssynbio.5b00242,https://pubs-acs-org.colorado.idm.oclc.org/asbcd6/article-pdf/5/8/835/15265386/sb5b00242.pdf,ACS Publications via CU Boulder EZproxy,publishedVersion,,current_version_of_record_at_retrieval,authenticated_acs_version_of_record_pdf_endpoint,not_established,CU Boulder EZproxy authenticated session (curl-cffi),2760035,1d10ad37543aa92a42399230530bddef6fe59435b1d41ce5d3ed9364a5d37be8,7,article_pdf,doi,1.0,
doi:10.1021/acssynbio.5b00243,10.1021/acssynbio.5b00243,2016,Entrainment and Control of Bacterial Populations: An in Silico Study over a Spatially Extended Agent Based Model,downloaded,data/papers/2016/10.1021__acssynbio.5b00243/publisher/paper.pdf,2026-09-03T03:17:19+00:00,https://pubs-acs-org.colorado.idm.oclc.org/doi/pdf/10.1021/acssynbio.5b00243,https://pubs-acs-org.colorado.idm.oclc.org/asbcd6/article-pdf/5/7/639/12853222/sb5b00243.pdf,ACS Publications via CU Boulder EZproxy,publishedVersion,,current_version_of_record_at_retrieval,authenticated_acs_version_of_record_pdf_endpoint,not_established,CU Boulder EZproxy authenticated session (curl-cffi),3207260,7a7e3afd0cb5f993df2e7496c621c21534456d79b953f618768fea50c5ed4894,15,article_pdf,doi,1.0,
doi:10.1021/acssynbio.5b00244,10.1021/acssynbio.5b00244,2016,VisBOL: Web-Based Tools for Synthetic Biology Design Visualization,downloaded,data/papers/2016/10.1021__acssynbio.5b00244/publisher/paper.pdf,2026-09-03T03:18:07+00:00,https://pubs-acs-org.colorado.idm.oclc.org/doi/pdf/10.1021/acssynbio.5b00244,https://pubs-acs-org.colorado.idm.oclc.org/asbcd6/article-pdf/5/8/874/15264408/sb5b00244.pdf,ACS Publications via CU Boulder EZproxy,publishedVersion,,current_version_of_record_at_retrieval,authenticated_acs_version_of_record_pdf_endpoint,not_established,CU Boulder EZproxy authenticated session (curl-cffi),2194088,e6b0e49c54ddb5e4956b1a6b96ca0db228b122800518b5dd7c8d90e2d6abe502,3,article_pdf,doi,1.0,
doi:10.1021/acssynbio.5b00246,10.1021/acssynbio.5b00246,2016,Developmental Design of Synthetic Bacterial Architectures by Morphogenetic Engineering,downloaded,data/papers/2016/10.1021__acssynbio.5b00246/publisher/paper.pdf,2026-09-03T03:18:04+00:00,https://pubs-acs-org.colorado.idm.oclc.org/doi/pdf/10.1021/acssynbio.5b00246,https://pubs-acs-org.colorado.idm.oclc.org/asbcd6/article-pdf/5/8/842/15265593/sb5b00246.pdf,ACS Publications via CU Boulder EZproxy,publishedVersion,,current_version_of_record_at_retrieval,authenticated_acs_version_of_record_pdf_endpoint,not_established,CU Boulder EZproxy authenticated session (curl-cffi),12004359,aca205ff015a14db44e6851d2f39cca0e294a34dddad4198b719b36c88477356,20,article_pdf,doi,1.0,
doi:10.1021/acssynbio.5b00249,10.1021/acssynbio.5b00249,2016,Targeted Gene Deletion Using DNA-Free RNA-Guided Cas9 Nuclease Accelerates Adaptation of CHO Cells to Suspension Culture,downloaded,data/papers/2016/10.1021__acssynbio.5b00249/publisher/paper.pdf,2026-09-03T03:19:16+00:00,https://pubs-acs-org.colorado.idm.oclc.org/doi/pdf/10.1021/acssynbio.5b00249,https://pubs-acs-org.colorado.idm.oclc.org/asbcd6/article-pdf/5/11/1211/12849945/sb5b00249.pdf,ACS Publications via CU Boulder EZproxy,publishedVersion,,current_version_of_record_at_retrieval,authenticated_acs_version_of_record_pdf_endpoint,not_established,CU Boulder EZproxy authenticated session (curl-cffi),3491875,51703c6672dda8cb0091970c0df2e2227dab3a87982d688dc14eb197a767901b,9,article_pdf,doi,1.0,
doi:10.1021/acssynbio.5b00250,10.1021/acssynbio.5b00250,2016,Yeast Pathway Kit: A Method for Metabolic Pathway Assembly with Automatically Simulated Executable Documentation,downloaded,data/papers/2016/10.1021__acssynbio.5b00250/publisher/paper.pdf,2026-09-03T03:16:28+00:00,https://pubs-acs-org.colorado.idm.oclc.org/doi/pdf/10.1021/acssynbio.5b00250,https://pubs-acs-org.colorado.idm.oclc.org/asbcd6/article-pdf/5/5/386/12847972/sb5b00250.pdf,ACS Publications via CU Boulder EZproxy,publishedVersion,,current_version_of_record_at_retrieval,authenticated_acs_version_of_record_pdf_endpoint,not_established,CU Boulder EZproxy authenticated session (curl-cffi),1749672,b77b379fe2285aa523332dcc0c1a9c83359acb104fb2f70e4dc18cbcce7e577c,9,article_pdf,doi,1.0,
doi:10.1021/acssynbio.5b00252,10.1021/acssynbio.5b00252,2016,A Synthetic Multicellular Memory Device,downloaded,data/papers/2016/10.1021__acssynbio.5b00252/publisher/paper.pdf,2026-09-03T03:18:02+00:00,https://pubs-acs-org.colorado.idm.oclc.org/doi/pdf/10.1021/acssynbio.5b00252,https://pubs-acs-org.colorado.idm.oclc.org/asbcd6/article-pdf/5/8/862/15265466/sb5b00252.pdf,ACS Publications via CU Boulder EZproxy,publishedVersion,,current_version_of_record_at_retrieval,authenticated_acs_version_of_record_pdf_endpoint,not_established,CU Boulder EZproxy authenticated session (curl-cffi),2656342,0e570dfae6f9e77ee76e1e3836a2cf2fa98571805d0d38947c03ddb0bf14c3d0,12,article_pdf,doi,1.0,
doi:10.1021/acssynbio.5b00253,10.1021/acssynbio.5b00253,2016,"High Fidelity, Efficiency and Functionalization of Ds–Px Unnatural Base Pairs in PCR Amplification for a Genetic Alphabet Expansion System",downloaded,data/papers/2016/10.1021__acssynbio.5b00253/publisher/paper.pdf,2026-09-03T03:19:17+00:00,https://pubs-acs-org.colorado.idm.oclc.org/doi/pdf/10.1021/acssynbio.5b00253,https://pubs-acs-org.colorado.idm.oclc.org/asbcd6/article-pdf/5/11/1220/12849741/sb5b00253.pdf,ACS Publications via CU Boulder EZproxy,publishedVersion,,current_version_of_record_at_retrieval,authenticated_acs_version_of_record_pdf_endpoint,not_established,CU Boulder EZproxy authenticated session (curl-cffi),2788718,c96b9e96b26babcc38ffb48eee6515c1778066fc4c140c85b294fee0c4e5613f,11,article_pdf,doi,1.0,
doi:10.1021/acssynbio.5b00254,10.1021/acssynbio.5b00254,2016,Toward Synthetic Spatial Patterns in Engineered Cell Populations with Chemotaxis,downloaded,data/papers/2016/10.1021__acssynbio.5b00254/publisher/paper.pdf,2026-09-03T03:17:22+00:00,https://pubs-acs-org.colorado.idm.oclc.org/doi/pdf/10.1021/acssynbio.5b00254,https://pubs-acs-org.colorado.idm.oclc.org/asbcd6/article-pdf/5/7/654/12850706/sb5b00254.pdf,ACS Publications via CU Boulder EZproxy,publishedVersion,,current_version_of_record_at_retrieval,authenticated_acs_version_of_record_pdf_endpoint,not_established,CU Boulder EZproxy authenticated session (curl-cffi),2168754,6fd9581844ef0ce42b65c96308991da22d796c45e4370fe8bc24f956af0db0be,8,article_pdf,doi,1.0,
doi:10.1021/acssynbio.5b00257,10.1021/acssynbio.5b00257,2016,SEVA Linkers: A Versatile and Automatable DNA Backbone Exchange Standard for Synthetic Biology,downloaded,data/papers/2016/10.1021__acssynbio.5b00257/publisher/paper.pdf,2026-09-03T03:19:07+00:00,https://pubs-acs-org.colorado.idm.oclc.org/doi/pdf/10.1021/acssynbio.5b00257,https://pubs-acs-org.colorado.idm.oclc.org/asbcd6/article-pdf/5/10/1177/15224238/sb5b00257.pdf,ACS Publications via CU Boulder EZproxy,publishedVersion,,current_version_of_record_at_retrieval,authenticated_acs_version_of_record_pdf_endpoint,not_established,CU Boulder EZproxy authenticated session (curl-cffi),4545984,82d739f1b18fac19025a63fb0c7f48c322a4937a6bbca5e08cdf455587fe92e0,5,article_pdf,doi,1.0,
doi:10.1021/acssynbio.5b00259,10.1021/acssynbio.5b00259,2016,Benchmarking of TALE- and CRISPR/dCas9-Based Transcriptional Regulators in Mammalian Cells for the Construction of Synthetic Genetic Circuits,downloaded,data/papers/2016/10.1021__acssynbio.5b00259/publisher/paper.pdf,2026-09-03T03:18:44+00:00,https://pubs-acs-org.colorado.idm.oclc.org/doi/pdf/10.1021/acssynbio.5b00259,https://pubs-acs-org.colorado.idm.oclc.org/asbcd6/article-pdf/5/10/1050/15225398/sb5b00259.pdf,ACS Publications via CU Boulder EZproxy,publishedVersion,,current_version_of_record_at_retrieval,authenticated_acs_version_of_record_pdf_endpoint,not_established,CU Boulder EZproxy authenticated session (curl-cffi),3707843,d692f1e4b5986da931c32600a06d6e9bf4e2932c7d5b97efa7d7b4f9605f4b80,9,article_pdf,doi,1.0,
doi:10.1021/acssynbio.5b00261,10.1021/acssynbio.5b00261,2016,Enhancing Intercellular Coordination: Rewiring Quorum Sensing Networks for Increased Protein Expression through Autonomous Induction,downloaded,data/papers/2016/10.1021__acssynbio.5b00261/publisher/paper.pdf,2026-09-03T03:18:16+00:00,https://pubs-acs-org.colorado.idm.oclc.org/doi/pdf/10.1021/acssynbio.5b00261,https://pubs-acs-org.colorado.idm.oclc.org/asbcd6/article-pdf/5/9/923/12848849/sb5b00261.pdf,ACS Publications via CU Boulder EZproxy,publishedVersion,,current_version_of_record_at_retrieval,authenticated_acs_version_of_record_pdf_endpoint,not_established,CU Boulder EZproxy authenticated session (curl-cffi),1087491,8e1373a85be3a2137458c604f6ac9a3f51f31fccb9556af64eaafe62df8d365e,6,article_pdf,doi,1.0,
doi:10.1021/acssynbio.5b00264,10.1021/acssynbio.5b00264,2016,Multiple Gene Repression in Cyanobacteria Using CRISPRi,already_present,data/papers/2016/10.1021__acssynbio.5b00264/publisher/paper.pdf,2026-09-03T03:14:05+00:00,https://pubs-acs-org.colorado.idm.oclc.org/doi/pdf/10.1021/acssynbio.5b00264,https://pubs-acs-org.colorado.idm.oclc.org/asbcd6/article-pdf/5/3/207/12847312/sb5b00264.pdf,ACS Publications via CU Boulder EZproxy,publishedVersion,,current_version_of_record_at_retrieval,authenticated_acs_version_of_record_pdf_endpoint,not_established,CU Boulder EZproxy authenticated session (curl-cffi),1260837,3278b8e3d053dc6e88507b5bd2bf90869c616dcc2386f1c5de6c7fa3f003166d,6,article_pdf,doi,1.0,
doi:10.1021/acssynbio.5b00266,10.1021/acssynbio.5b00266,2016,Quantitative Analyses of Core Promoters Enable Precise Engineering of Regulated Gene Expression in Mammalian Cells,downloaded,data/papers/2016/10.1021__acssynbio.5b00266/publisher/paper.pdf,2026-09-03T03:16:29+00:00,https://pubs-acs-org.colorado.idm.oclc.org/doi/pdf/10.1021/acssynbio.5b00266,https://pubs-acs-org.colorado.idm.oclc.org/asbcd6/article-pdf/5/5/395/12847860/sb5b00266.pdf,ACS Publications via CU Boulder EZproxy,publishedVersion,,current_version_of_record_at_retrieval,authenticated_acs_version_of_record_pdf_endpoint,not_established,CU Boulder EZproxy authenticated session (curl-cffi),1316259,6d81e55b8a9f7281253a645542389efb5795e7a1166c93aee9d8af492bde858c,10,article_pdf,doi,1.0,
doi:10.1021/acssynbio.5b00267,10.1021/acssynbio.5b00267,2016,Engineering the Autotroph Methanococcus maripaludis for Geraniol Production,downloaded,data/papers/2016/10.1021__acssynbio.5b00267/publisher/paper.pdf,2026-09-03T03:17:07+00:00,https://pubs-acs-org.colorado.idm.oclc.org/doi/pdf/10.1021/acssynbio.5b00267,https://pubs-acs-org.colorado.idm.oclc.org/asbcd6/article-pdf/5/7/577/12852199/sb5b00267.pdf,ACS Publications via CU Boulder EZproxy,publishedVersion,,current_version_of_record_at_retrieval,authenticated_acs_version_of_record_pdf_endpoint,not_established,CU Boulder EZproxy authenticated session (curl-cffi),858726,110a9083183dd8dd58edecf9b64e8914f27fa9cc4d48f8d02d0183f6138a6e7b,5,article_pdf,doi,1.0,
doi:10.1021/acssynbio.5b00274,10.1021/acssynbio.5b00274,2016,A Fluorescent Readout for the Oxidation State of Electron Transporting Proteins in Cell Free Settings,downloaded,data/papers/2016/10.1021__acssynbio.5b00274/publisher/paper.pdf,2026-09-03T03:17:23+00:00,https://pubs-acs-org.colorado.idm.oclc.org/doi/pdf/10.1021/acssynbio.5b00274,https://pubs-acs-org.colorado.idm.oclc.org/asbcd6/article-pdf/5/7/662/67361114/acssynbio.5b00274.pdf,ACS Publications via CU Boulder EZproxy,publishedVersion,,current_version_of_record_at_retrieval,authenticated_acs_version_of_record_pdf_endpoint,not_established,CU Boulder EZproxy authenticated session (curl-cffi),2236372,1cd9783dbe4bbe92705e8a45b0d204a64371ee51eeb19a7ba2a462390b3d0b8a,10,article_pdf,doi,1.0,
doi:10.1021/acssynbio.5b00275,10.1021/acssynbio.5b00275,2016,The Formal Language and Design Principles of Autonomous DNA Walker Circuits,downloaded,data/papers/2016/10.1021__acssynbio.5b00275/publisher/paper.pdf,2026-09-03T03:18:09+00:00,https://pubs-acs-org.colorado.idm.oclc.org/doi/pdf/10.1021/acssynbio.5b00275,https://pubs-acs-org.colorado.idm.oclc.org/asbcd6/article-pdf/5/8/878/15265235/sb5b00275.pdf,ACS Publications via CU Boulder EZproxy,publishedVersion,,current_version_of_record_at_retrieval,authenticated_acs_version_of_record_pdf_endpoint,not_established,CU Boulder EZproxy authenticated session (curl-cffi),787446,a7b99b089a15bd91110d8e73f4939be832cdd6ac81059f7bbe35eaa68f7a142f,7,article_pdf,doi,1.0,
doi:10.1021/acssynbio.5b00276,10.1021/acssynbio.5b00276,2016,Synthesis and Enzymology of 2′-Deoxy-7-deazaisoguanosine Triphosphate and Its Complement: A Second Generation Pair in an Artificially Expanded Genetic Information System,downloaded,data/papers/2016/10.1021__acssynbio.5b00276/publisher/paper.pdf,2026-09-03T03:17:26+00:00,https://pubs-acs-org.colorado.idm.oclc.org/doi/pdf/10.1021/acssynbio.5b00276,https://pubs-acs-org.colorado.idm.oclc.org/asbcd6/article-pdf/5/7/672/12852651/sb5b00276.pdf,ACS Publications via CU Boulder EZproxy,publishedVersion,,current_version_of_record_at_retrieval,authenticated_acs_version_of_record_pdf_endpoint,not_established,CU Boulder EZproxy authenticated session (curl-cffi),1026284,46a12e928405c8256573780265f8043204bc696cc200c4b85fe9dd8c767eb65a,7,article_pdf,doi,1.0,
doi:10.1021/acssynbio.5b00279,10.1021/acssynbio.5b00279,2016,CymA and Exogenous Flavins Improve Extracellular Electron Transfer and Couple It to Cell Growth in Mtr-Expressing Escherichia coli,downloaded,data/papers/2016/10.1021__acssynbio.5b00279/publisher/paper.pdf,2026-09-03T03:17:25+00:00,https://pubs-acs-org.colorado.idm.oclc.org/doi/pdf/10.1021/acssynbio.5b00279,https://pubs-acs-org.colorado.idm.oclc.org/asbcd6/article-pdf/5/7/679/12851905/sb5b00279.pdf,ACS Publications via CU Boulder EZproxy,publishedVersion,,current_version_of_record_at_retrieval,authenticated_acs_version_of_record_pdf_endpoint,not_established,CU Boulder EZproxy authenticated session (curl-cffi),1453166,867916b37c4ced6eed5505154c891799a57c7e7570cf54e6b6c85b25dc7680ce,10,article_pdf,doi,1.0,
doi:10.1021/acssynbio.5b00284,10.1021/acssynbio.5b00284,2016,"FlowCal: A User-Friendly, Open Source Software Tool for Automatically Converting Flow Cytometry Data from Arbitrary to Calibrated Units",downloaded,data/papers/2016/10.1021__acssynbio.5b00284/publisher/paper.pdf,2026-09-03T03:17:44+00:00,https://pubs-acs-org.colorado.idm.oclc.org/doi/pdf/10.1021/acssynbio.5b00284,https://pubs-acs-org.colorado.idm.oclc.org/asbcd6/article-pdf/5/7/774/12852152/sb5b00284.pdf,ACS Publications via CU Boulder EZproxy,publishedVersion,,current_version_of_record_at_retrieval,authenticated_acs_version_of_record_pdf_endpoint,not_established,CU Boulder EZproxy authenticated session (curl-cffi),1030681,44cf3a01f930450117e4d06ab2c190fa3b3d3ab124ddb161051c3b0a7f2fbe39,7,article_pdf,doi,1.0,
doi:10.1021/acssynbio.5b00286,10.1021/acssynbio.5b00286,2016,Quorum Sensing Communication Modules for Microbial Consortia,downloaded,data/papers/2016/10.1021__acssynbio.5b00286/publisher/paper.pdf,2026-09-03T03:18:25+00:00,https://pubs-acs-org.colorado.idm.oclc.org/doi/pdf/10.1021/acssynbio.5b00286,https://pubs-acs-org.colorado.idm.oclc.org/asbcd6/article-pdf/5/9/969/12849315/sb5b00286.pdf,ACS Publications via CU Boulder EZproxy,publishedVersion,,current_version_of_record_at_retrieval,authenticated_acs_version_of_record_pdf_endpoint,not_established,CU Boulder EZproxy authenticated session (curl-cffi),1919298,df5d7ac9bb4965654416ce4b5373c4b8551fdfd059292d5af674fe4b4494ba28,9,article_pdf,doi,1.0,
doi:10.1021/acssynbio.5b00287,10.1021/acssynbio.5b00287,2016,A Cell–Cell Communication-Based Screening System for Novel Microbes with Target Enzyme Activities,downloaded,data/papers/2016/10.1021__acssynbio.5b00287/publisher/paper.pdf,2026-09-03T03:19:20+00:00,https://pubs-acs-org.colorado.idm.oclc.org/doi/pdf/10.1021/acssynbio.5b00287,https://pubs-acs-org.colorado.idm.oclc.org/asbcd6/article-pdf/5/11/1231/12850013/sb5b00287.pdf,ACS Publications via CU Boulder EZproxy,publishedVersion,,current_version_of_record_at_retrieval,authenticated_acs_version_of_record_pdf_endpoint,not_established,CU Boulder EZproxy authenticated session (curl-cffi),5162357,805f445bdbb64312709ea170695d3fa2e609729732e65bcf97c2c8e721b81329,8,article_pdf,doi,1.0,
doi:10.1021/acssynbio.5b00289,10.1021/acssynbio.5b00289,2016,Engineering of a Nepetalactol-Producing Platform Strain of Saccharomyces cerevisiae for the Production of Plant Seco-Iridoids,downloaded,data/papers/2016/10.1021__acssynbio.5b00289/publisher/paper.pdf,2026-09-03T03:16:32+00:00,https://pubs-acs-org.colorado.idm.oclc.org/doi/pdf/10.1021/acssynbio.5b00289,https://pubs-acs-org.colorado.idm.oclc.org/asbcd6/article-pdf/5/5/405/12847922/sb5b00289.pdf,ACS Publications via CU Boulder EZproxy,publishedVersion,,current_version_of_record_at_retrieval,authenticated_acs_version_of_record_pdf_endpoint,not_established,CU Boulder EZproxy authenticated session (curl-cffi),1434996,bfdbdc998cafcb69973015fc48ad482c1d643533e7fe7a72f234745fc4614524,10,article_pdf,doi,1.0,
doi:10.1021/acssynbio.5b00291,10.1021/acssynbio.5b00291,2016,EcoExpress—Highly Efficient Construction and Expression of Multicomponent Protein Complexes in Escherichia coli,downloaded,data/papers/2016/10.1021__acssynbio.5b00291/publisher/paper.pdf,2026-09-03T03:19:21+00:00,https://pubs-acs-org.colorado.idm.oclc.org/doi/pdf/10.1021/acssynbio.5b00291,https://pubs-acs-org.colorado.idm.oclc.org/asbcd6/article-pdf/5/11/1239/12849035/sb5b00291.pdf,ACS Publications via CU Boulder EZproxy,publishedVersion,,current_version_of_record_at_retrieval,authenticated_acs_version_of_record_pdf_endpoint,not_established,CU Boulder EZproxy authenticated session (curl-cffi),2936809,50e7a12237ee5a71edb1f2e0f825dec86c923d8a30a1a57d1f30a196c49e1a32,8,article_pdf,doi,1.0,
doi:10.1021/acssynbio.5b00294,10.1021/acssynbio.5b00294,2016,Semisupervised Gaussian Process for Automated Enzyme Search,downloaded,data/papers/2016/10.1021__acssynbio.5b00294/publisher/paper.pdf,2026-09-03T03:16:53+00:00,https://pubs-acs-org.colorado.idm.oclc.org/doi/pdf/10.1021/acssynbio.5b00294,https://pubs-acs-org.colorado.idm.oclc.org/asbcd6/article-pdf/5/6/518/15223855/sb5b00294.pdf,ACS Publications via CU Boulder EZproxy,publishedVersion,,current_version_of_record_at_retrieval,authenticated_acs_version_of_record_pdf_endpoint,not_established,CU Boulder EZproxy authenticated session (curl-cffi),2169428,2442d3c0bbd4ced9edf170d688937cdedcce534cc8a3ee19dea630007457fc25,11,article_pdf,doi,1.0,
doi:10.1021/acssynbio.5b00295,10.1021/acssynbio.5b00295,2016,Data Integration and Mining for Synthetic Biology Design,downloaded,data/papers/2016/10.1021__acssynbio.5b00295/publisher/paper.pdf,2026-09-03T03:18:51+00:00,https://pubs-acs-org.colorado.idm.oclc.org/doi/pdf/10.1021/acssynbio.5b00295,https://pubs-acs-org.colorado.idm.oclc.org/asbcd6/article-pdf/5/10/1086/67117500/acssynbio.5b00295.pdf,ACS Publications via CU Boulder EZproxy,publishedVersion,,current_version_of_record_at_retrieval,authenticated_acs_version_of_record_pdf_endpoint,not_established,CU Boulder EZproxy authenticated session (curl-cffi),2000674,1e9e17fc5ed1950e0f16c11ae2069141605b1a751040d24aeece3f62b0a26263,12,article_pdf,doi,1.0,
doi:10.1021/acssynbio.5b00296,10.1021/acssynbio.5b00296,2016,The All E. coli TX-TL Toolbox 2.0: A Platform for Cell-Free Synthetic Biology,downloaded,data/papers/2016/10.1021__acssynbio.5b00296/publisher/paper.pdf,2026-09-03T03:16:22+00:00,https://pubs-acs-org.colorado.idm.oclc.org/doi/pdf/10.1021/acssynbio.5b00296,https://pubs-acs-org.colorado.idm.oclc.org/asbcd6/article-pdf/5/4/344/15260296/sb5b00296.pdf,ACS Publications via CU Boulder EZproxy,publishedVersion,,current_version_of_record_at_retrieval,authenticated_acs_version_of_record_pdf_endpoint,not_established,CU Boulder EZproxy authenticated session (curl-cffi),6050602,02e32742a44d631f44c94d0ae5d8cf1da86abb9c274b0f25ec95e140b494e872,12,article_pdf,doi,1.0,
doi:10.1021/acssynbio.5b00297,10.1021/acssynbio.5b00297,2016,Using RNA as Molecular Code for Programming Cellular Function,downloaded,data/papers/2016/10.1021__acssynbio.5b00297/publisher/paper.pdf,2026-09-03T03:17:48+00:00,https://pubs-acs-org.colorado.idm.oclc.org/doi/pdf/10.1021/acssynbio.5b00297,https://pubs-acs-org.colorado.idm.oclc.org/asbcd6/article-pdf/5/8/795/67255142/acssynbio.5b00297.pdf,ACS Publications via CU Boulder EZproxy,publishedVersion,,current_version_of_record_at_retrieval,authenticated_acs_version_of_record_pdf_endpoint,not_established,CU Boulder EZproxy authenticated session (curl-cffi),2256400,9929df4d7b4de35ed8e59264e3ddf95b4fb8ab83792b625bcab3cb39257fb060,15,article_pdf,doi,1.0,
doi:10.1021/acssynbio.5b00298,10.1021/acssynbio.5b00298,2016,The Geobacillus Plasmid Set: A Modular Toolkit for Thermophile Engineering,downloaded,data/papers/2016/10.1021__acssynbio.5b00298/publisher/paper.pdf,2026-09-03T03:19:42+00:00,https://pubs-acs-org.colorado.idm.oclc.org/doi/pdf/10.1021/acssynbio.5b00298,https://pubs-acs-org.colorado.idm.oclc.org/asbcd6/article-pdf/5/12/1342/67117273/acssynbio.5b00298.pdf,ACS Publications via CU Boulder EZproxy,publishedVersion,,current_version_of_record_at_retrieval,authenticated_acs_version_of_record_pdf_endpoint,not_established,CU Boulder EZproxy authenticated session (curl-cffi),1642199,59339415eb9310ee58fbf831802e1792b3be2167eb42e76fe21b012722227578,6,article_pdf,doi,1.0,
doi:10.1021/acssynbio.5b00303,10.1021/acssynbio.5b00303,2016,Optimum Rebalancing of the 3-Hydroxypropionic Acid Production Pathway from Glycerol in Escherichia coli,downloaded,data/papers/2016/10.1021__acssynbio.5b00303/publisher/paper.pdf,2026-09-03T03:19:24+00:00,https://pubs-acs-org.colorado.idm.oclc.org/doi/pdf/10.1021/acssynbio.5b00303,https://pubs-acs-org.colorado.idm.oclc.org/asbcd6/article-pdf/5/11/1247/12848782/sb5b00303.pdf,ACS Publications via CU Boulder EZproxy,publishedVersion,,current_version_of_record_at_retrieval,authenticated_acs_version_of_record_pdf_endpoint,not_established,CU Boulder EZproxy authenticated session (curl-cffi),1100197,64d4435db526b882d95b5eed44b60a002c9b689234b721ed0148bb2c127db53e,9,article_pdf,doi,1.0,
doi:10.1021/acssynbio.5b00305,10.1021/acssynbio.5b00305,2016,The Structure of a Thermophilic Kinase Shapes Fitness upon Random Circular Permutation,downloaded,data/papers/2016/10.1021__acssynbio.5b00305/publisher/paper.pdf,2026-09-03T03:16:32+00:00,https://pubs-acs-org.colorado.idm.oclc.org/doi/pdf/10.1021/acssynbio.5b00305,https://pubs-acs-org.colorado.idm.oclc.org/asbcd6/article-pdf/5/5/415/12848147/sb5b00305.pdf,ACS Publications via CU Boulder EZproxy,publishedVersion,,current_version_of_record_at_retrieval,authenticated_acs_version_of_record_pdf_endpoint,not_established,CU Boulder EZproxy authenticated session (curl-cffi),1826949,fd9d92dd88562c443298e84a2ab2fda165a15042d1fc3cbe76308edc33eafd09,11,article_pdf,doi,1.0,
doi:10.1021/acssynbio.6b00002,10.1021/acssynbio.6b00002,2016,Wiring Together Synthetic Bacterial Consortia to Create a Biological Integrated Circuit,downloaded,data/papers/2016/10.1021__acssynbio.6b00002/publisher/paper.pdf,2026-09-03T03:20:01+00:00,https://pubs-acs-org.colorado.idm.oclc.org/doi/pdf/10.1021/acssynbio.6b00002,https://pubs-acs-org.colorado.idm.oclc.org/asbcd6/article-pdf/5/12/1421/15266400/sb6b00002.pdf,ACS Publications via CU Boulder EZproxy,publishedVersion,,current_version_of_record_at_retrieval,authenticated_acs_version_of_record_pdf_endpoint,not_established,CU Boulder EZproxy authenticated session (curl-cffi),4947445,47c60dda862e3c2d33b416de501ad5f237154e8f8c99597e91f7e6148ac20d21,12,article_pdf,doi,1.0,
doi:10.1021/acssynbio.6b00007,10.1021/acssynbio.6b00007,2016,Metabolic Engineering of Escherichia coli for the Production of 3-Hydroxypropionic Acid and Malonic Acid through β-Alanine Route,downloaded,data/papers/2016/10.1021__acssynbio.6b00007/publisher/paper.pdf,2026-09-03T03:19:24+00:00,https://pubs-acs-org.colorado.idm.oclc.org/doi/pdf/10.1021/acssynbio.6b00007,https://pubs-acs-org.colorado.idm.oclc.org/asbcd6/article-pdf/5/11/1256/12848681/sb6b00007.pdf,ACS Publications via CU Boulder EZproxy,publishedVersion,,current_version_of_record_at_retrieval,authenticated_acs_version_of_record_pdf_endpoint,not_established,CU Boulder EZproxy authenticated session (curl-cffi),1008449,b9625d6f62468a73d09f31536a0abc97b9c6d41f890105fa03ad5f44ba557bcf,8,article_pdf,doi,1.0,
doi:10.1021/acssynbio.6b00009,10.1021/acssynbio.6b00009,2016,Supervised Learning in Adaptive DNA Strand Displacement Networks,downloaded,data/papers/2016/10.1021__acssynbio.6b00009/publisher/paper.pdf,2026-09-03T03:18:10+00:00,https://pubs-acs-org.colorado.idm.oclc.org/doi/pdf/10.1021/acssynbio.6b00009,https://pubs-acs-org.colorado.idm.oclc.org/asbcd6/article-pdf/5/8/885/15265092/sb6b00009.pdf,ACS Publications via CU Boulder EZproxy,publishedVersion,,current_version_of_record_at_retrieval,authenticated_acs_version_of_record_pdf_endpoint,not_established,CU Boulder EZproxy authenticated session (curl-cffi),1790696,d71f1b3d5bf85fe65165afb392b59b423d30947aa0ab3433b46c33d0f4e76fcf,13,article_pdf,doi,1.0,
doi:10.1021/acssynbio.6b00010,10.1021/acssynbio.6b00010,2016,Protein Synthesis in Coupled and Uncoupled Cell-Free Prokaryotic Gene Expression Systems,downloaded,data/papers/2016/10.1021__acssynbio.6b00010/publisher/paper.pdf,2026-09-03T03:20:06+00:00,https://pubs-acs-org.colorado.idm.oclc.org/doi/pdf/10.1021/acssynbio.6b00010,https://pubs-acs-org.colorado.idm.oclc.org/asbcd6/article-pdf/5/12/1433/15266067/sb6b00010.pdf,ACS Publications via CU Boulder EZproxy,publishedVersion,,current_version_of_record_at_retrieval,authenticated_acs_version_of_record_pdf_endpoint,not_established,CU Boulder EZproxy authenticated session (curl-cffi),2906098,e2c3736504497ad5907d1999010de68d70b5aa45b9fcd61b719b4dd3cdd434a3,8,article_pdf,doi,1.0,
doi:10.1021/acssynbio.6b00011,10.1021/acssynbio.6b00011,2016,A Droplet Microfluidic Platform for Automating Genetic Engineering,downloaded,data/papers/2016/10.1021__acssynbio.6b00011/publisher/paper.pdf,2026-09-03T03:16:37+00:00,https://pubs-acs-org.colorado.idm.oclc.org/doi/pdf/10.1021/acssynbio.6b00011,https://pubs-acs-org.colorado.idm.oclc.org/asbcd6/article-pdf/5/5/426/12848610/sb6b00011.pdf,ACS Publications via CU Boulder EZproxy,publishedVersion,,current_version_of_record_at_retrieval,authenticated_acs_version_of_record_pdf_endpoint,not_established,CU Boulder EZproxy authenticated session (curl-cffi),5574021,4b449c9a36fc2a59885b800e726e9629278eac67d32c4ee78cc5117a44d38803,8,article_pdf,doi,1.0,
doi:10.1021/acssynbio.6b00013,10.1021/acssynbio.6b00013,2016,An Orthogonal Permease–Inducer–Repressor Feedback Loop Shows Bistability,downloaded,data/papers/2016/10.1021__acssynbio.6b00013/publisher/paper.pdf,2026-09-03T03:18:52+00:00,https://pubs-acs-org.colorado.idm.oclc.org/doi/pdf/10.1021/acssynbio.6b00013,https://pubs-acs-org.colorado.idm.oclc.org/asbcd6/article-pdf/5/10/1098/15224377/sb6b00013.pdf,ACS Publications via CU Boulder EZproxy,publishedVersion,,current_version_of_record_at_retrieval,authenticated_acs_version_of_record_pdf_endpoint,not_established,CU Boulder EZproxy authenticated session (curl-cffi),2011583,230cdddfc7105bd02920bed8e86262ab875d5b9c6d2bed08312f88c2923e2de9,10,article_pdf,doi,1.0,
doi:10.1021/acssynbio.6b00014,10.1021/acssynbio.6b00014,2016,Design of a Synthetic Integral Feedback Circuit: Dynamic Analysis and DNA Implementation,downloaded,data/papers/2016/10.1021__acssynbio.6b00014/publisher/paper.pdf,2026-09-03T03:18:55+00:00,https://pubs-acs-org.colorado.idm.oclc.org/doi/pdf/10.1021/acssynbio.6b00014,https://pubs-acs-org.colorado.idm.oclc.org/asbcd6/article-pdf/5/10/1108/15224633/sb6b00014.pdf,ACS Publications via CU Boulder EZproxy,publishedVersion,,current_version_of_record_at_retrieval,authenticated_acs_version_of_record_pdf_endpoint,not_established,CU Boulder EZproxy authenticated session (curl-cffi),2030977,18e99e2fba7b9a79abe1d47534a3bb9e9ef110f6cf303daafb5df77e2e1c00f8,9,article_pdf,doi,1.0,
doi:10.1021/acssynbio.6b00017,10.1021/acssynbio.6b00017,2016,GreA and GreB Enhance Expression of Escherichia coli RNA Polymerase Promoters in a Reconstituted Transcription–Translation System,downloaded,data/papers/2016/10.1021__acssynbio.6b00017/publisher/paper.pdf,2026-09-03T03:18:16+00:00,https://pubs-acs-org.colorado.idm.oclc.org/doi/pdf/10.1021/acssynbio.6b00017,https://pubs-acs-org.colorado.idm.oclc.org/asbcd6/article-pdf/5/9/929/12848106/sb6b00017.pdf,ACS Publications via CU Boulder EZproxy,publishedVersion,,current_version_of_record_at_retrieval,authenticated_acs_version_of_record_pdf_endpoint,not_established,CU Boulder EZproxy authenticated session (curl-cffi),1029046,ee1eaea5944b119a1ef4f23a8b98441b8ef6641a8de20027a953d9a037649c6d,7,article_pdf,doi,1.0,
doi:10.1021/acssynbio.6b00019,10.1021/acssynbio.6b00019,2016,Functional Reconstitution of a Pyruvate Dehydrogenase in the Cytosol of Saccharomyces cerevisiae through Lipoylation Machinery Engineering,downloaded,data/papers/2016/10.1021__acssynbio.6b00019/publisher/paper.pdf,2026-09-03T03:17:28+00:00,https://pubs-acs-org.colorado.idm.oclc.org/doi/pdf/10.1021/acssynbio.6b00019,https://pubs-acs-org.colorado.idm.oclc.org/asbcd6/article-pdf/5/7/689/12853533/sb6b00019.pdf,ACS Publications via CU Boulder EZproxy,publishedVersion,,current_version_of_record_at_retrieval,authenticated_acs_version_of_record_pdf_endpoint,not_established,CU Boulder EZproxy authenticated session (curl-cffi),1918803,a2b91dd45a43e2a740688fb4207c508d5cc6f0206aec47f4bb5181db0d8aeb1a,9,article_pdf,doi,1.0,
doi:10.1021/acssynbio.6b00025,10.1021/acssynbio.6b00025,2016,Metabolic Engineering of Pseudomonas putida KT2440 for Complete Mineralization of Methyl Parathion and γ-Hexachlorocyclohexane,downloaded,data/papers/2016/10.1021__acssynbio.6b00025/publisher/paper.pdf,2026-09-03T03:16:35+00:00,https://pubs-acs-org.colorado.idm.oclc.org/doi/pdf/10.1021/acssynbio.6b00025,https://pubs-acs-org.colorado.idm.oclc.org/asbcd6/article-pdf/5/5/434/12848373/sb6b00025.pdf,ACS Publications via CU Boulder EZproxy,publishedVersion,,current_version_of_record_at_retrieval,authenticated_acs_version_of_record_pdf_endpoint,not_established,CU Boulder EZproxy authenticated session (curl-cffi),3033372,7d1992fbbc6fa1dcf45729f51905fa527cd054295a6a33ad5100a076b4d39b78,9,article_pdf,doi,1.0,
doi:10.1021/acssynbio.6b00026,10.1021/acssynbio.6b00026,2016,A Web Interface for Codon Compression,downloaded,data/papers/2016/10.1021__acssynbio.6b00026/publisher/paper.pdf,2026-09-03T03:18:36+00:00,https://pubs-acs-org.colorado.idm.oclc.org/doi/pdf/10.1021/acssynbio.6b00026,https://pubs-acs-org.colorado.idm.oclc.org/asbcd6/article-pdf/5/9/1021/12848254/sb6b00026.pdf,ACS Publications via CU Boulder EZproxy,publishedVersion,,current_version_of_record_at_retrieval,authenticated_acs_version_of_record_pdf_endpoint,not_established,CU Boulder EZproxy authenticated session (curl-cffi),833589,c0705cad96e9984b0b618f2275e30dd233bb6d542982293044e433c2bfb26fbb,3,article_pdf,doi,1.0,
doi:10.1021/acssynbio.6b00027,10.1021/acssynbio.6b00027,2016,Rewiring Multidomain Protein Switches: Transforming a Fluorescent Zn 2+ Sensor into a Light-Responsive Zn 2+ Binding Protein,downloaded,data/papers/2016/10.1021__acssynbio.6b00027/publisher/paper.pdf,2026-09-03T03:17:29+00:00,https://pubs-acs-org.colorado.idm.oclc.org/doi/pdf/10.1021/acssynbio.6b00027,https://pubs-acs-org.colorado.idm.oclc.org/asbcd6/article-pdf/5/7/698/12853672/sb6b00027.pdf,ACS Publications via CU Boulder EZproxy,publishedVersion,,current_version_of_record_at_retrieval,authenticated_acs_version_of_record_pdf_endpoint,not_established,CU Boulder EZproxy authenticated session (curl-cffi),2410253,dc9419cece63b86910621fe3d84be5fc56f916506c593b6ea7122c11983ee39a,12,article_pdf,doi,1.0,
doi:10.1021/acssynbio.6b00028,10.1021/acssynbio.6b00028,2016,Library-Aided Probing of Linker Determinants in Hybrid Photoreceptors,downloaded,data/papers/2016/10.1021__acssynbio.6b00028/publisher/paper.pdf,2026-09-03T03:18:54+00:00,https://pubs-acs-org.colorado.idm.oclc.org/doi/pdf/10.1021/acssynbio.6b00028,https://pubs-acs-org.colorado.idm.oclc.org/asbcd6/article-pdf/5/10/1117/15223734/sb6b00028.pdf,ACS Publications via CU Boulder EZproxy,publishedVersion,,current_version_of_record_at_retrieval,authenticated_acs_version_of_record_pdf_endpoint,not_established,CU Boulder EZproxy authenticated session (curl-cffi),739048,b8efe50aa2e2063b7b1e6fed71c738b329e1456e3603b7875ef43f44d4400940,10,article_pdf,doi,1.0,
doi:10.1021/acssynbio.6b00029,10.1021/acssynbio.6b00029,2016,An Implementation-Focused Bio/Algorithmic Workflow for Synthetic Biology,downloaded,data/papers/2016/10.1021__acssynbio.6b00029/publisher/paper.pdf,2026-09-03T03:18:59+00:00,https://pubs-acs-org.colorado.idm.oclc.org/doi/pdf/10.1021/acssynbio.6b00029,https://pubs-acs-org.colorado.idm.oclc.org/asbcd6/article-pdf/5/10/1127/15225259/sb6b00029.pdf,ACS Publications via CU Boulder EZproxy,publishedVersion,,current_version_of_record_at_retrieval,authenticated_acs_version_of_record_pdf_endpoint,not_established,CU Boulder EZproxy authenticated session (curl-cffi),2627529,d9a157137b23c2736e82d20a376c6f552fe73eed2274c8243cbd37887aa24c8b,9,article_pdf,doi,1.0,
doi:10.1021/acssynbio.6b00030,10.1021/acssynbio.6b00030,2016,Synthetic Chemical Inducers and Genetic Decoupling Enable Orthogonal Control of the rhaBAD Promoter,downloaded,data/papers/2016/10.1021__acssynbio.6b00030/publisher/paper.pdf,2026-09-03T03:18:58+00:00,https://pubs-acs-org.colorado.idm.oclc.org/doi/pdf/10.1021/acssynbio.6b00030,https://pubs-acs-org.colorado.idm.oclc.org/asbcd6/article-pdf/5/10/1136/67255155/acssynbio.6b00030.pdf,ACS Publications via CU Boulder EZproxy,publishedVersion,,current_version_of_record_at_retrieval,authenticated_acs_version_of_record_pdf_endpoint,not_established,CU Boulder EZproxy authenticated session (curl-cffi),1405274,d2723ab7519320d8299041584dd2321e9b48245a4d752da7fe7cda37f125a4d1,10,article_pdf,doi,1.0,
doi:10.1021/acssynbio.6b00031,10.1021/acssynbio.6b00031,2016,EcoFlex: A Multifunctional MoClo Kit for E.?coli Synthetic Biology,downloaded,data/papers/2016/10.1021__acssynbio.6b00031/publisher/paper.pdf,2026-09-03T03:18:43+00:00,https://pubs-acs-org.colorado.idm.oclc.org/doi/pdf/10.1021/acssynbio.6b00031,https://pubs-acs-org.colorado.idm.oclc.org/asbcd6/article-pdf/5/10/1059/67361131/acssynbio.6b00031.pdf,ACS Publications via CU Boulder EZproxy,publishedVersion,,current_version_of_record_at_retrieval,authenticated_acs_version_of_record_pdf_endpoint,not_established,CU Boulder EZproxy authenticated session (curl-cffi),5287390,83a1974b455f7c5a8916a05a84df97134104121f0a57d5a21aa669fe0d38edb2,11,article_pdf,doi,1.0,
doi:10.1021/acssynbio.6b00032,10.1021/acssynbio.6b00032,2016,Modular Integrated Secretory System Engineering in Pichia pastoris To Enhance G-Protein Coupled Receptor Expression,downloaded,data/papers/2016/10.1021__acssynbio.6b00032/publisher/paper.pdf,2026-09-03T03:18:47+00:00,https://pubs-acs-org.colorado.idm.oclc.org/doi/pdf/10.1021/acssynbio.6b00032,https://pubs-acs-org.colorado.idm.oclc.org/asbcd6/article-pdf/5/10/1070/15223510/sb6b00032.pdf,ACS Publications via CU Boulder EZproxy,publishedVersion,,current_version_of_record_at_retrieval,authenticated_acs_version_of_record_pdf_endpoint,not_established,CU Boulder EZproxy authenticated session (curl-cffi),3892013,c72195960fb7e6e5d9f3242672d46aacbb0db00b34103c9ea567f37d33413901,6,article_pdf,doi,1.0,
doi:10.1021/acssynbio.6b00033,10.1021/acssynbio.6b00033,2016,"Discovery, Production and Modification of Five Novel Lantibiotics Using the Promiscuous Nisin Modification Machinery",downloaded,data/papers/2016/10.1021__acssynbio.6b00033/publisher/paper.pdf,2026-09-03T03:19:04+00:00,https://pubs-acs-org.colorado.idm.oclc.org/doi/pdf/10.1021/acssynbio.6b00033,https://pubs-acs-org.colorado.idm.oclc.org/asbcd6/article-pdf/5/10/1146/15223670/sb6b00033.pdf,ACS Publications via CU Boulder EZproxy,publishedVersion,,current_version_of_record_at_retrieval,authenticated_acs_version_of_record_pdf_endpoint,not_established,CU Boulder EZproxy authenticated session (curl-cffi),4336745,591c572a025fc4fd45841461a2d66c7100e193e87ada797fd3e6f35e4ec13275,9,article_pdf,doi,1.0,
doi:10.1021/acssynbio.6b00034,10.1021/acssynbio.6b00034,2016,Combinatorial Pairwise Assembly Efficiently Generates High Affinity Binders and Enables a “Mix-and-Read” Detection Scheme,downloaded,data/papers/2016/10.1021__acssynbio.6b00034/publisher/paper.pdf,2026-09-03T03:19:43+00:00,https://pubs-acs-org.colorado.idm.oclc.org/doi/pdf/10.1021/acssynbio.6b00034,https://pubs-acs-org.colorado.idm.oclc.org/asbcd6/article-pdf/5/12/1348/15267986/sb6b00034.pdf,ACS Publications via CU Boulder EZproxy,publishedVersion,,current_version_of_record_at_retrieval,authenticated_acs_version_of_record_pdf_endpoint,not_established,CU Boulder EZproxy authenticated session (curl-cffi),2428305,30a66aa753f4384187ffa30179748be7b2714fed8d73c8878ed39d0907aabf43,7,article_pdf,doi,1.0,
doi:10.1021/acssynbio.6b00036,10.1021/acssynbio.6b00036,2016,Development of Design Rules for Reliable Antisense RNA Behavior in E. coli,downloaded,data/papers/2016/10.1021__acssynbio.6b00036/publisher/paper.pdf,2026-09-03T03:20:04+00:00,https://pubs-acs-org.colorado.idm.oclc.org/doi/pdf/10.1021/acssynbio.6b00036,https://pubs-acs-org.colorado.idm.oclc.org/asbcd6/article-pdf/5/12/1441/15268170/sb6b00036.pdf,ACS Publications via CU Boulder EZproxy,publishedVersion,,current_version_of_record_at_retrieval,authenticated_acs_version_of_record_pdf_endpoint,not_established,CU Boulder EZproxy authenticated session (curl-cffi),2680942,76f38af7ac01fe7403431bddb5b694d6206368207735542af23c2d0a0826e9e8,14,article_pdf,doi,1.0,
doi:10.1021/acssynbio.6b00037,10.1021/acssynbio.6b00037,2016,Programming Surface Chemistry with Engineered Cells,downloaded,data/papers/2016/10.1021__acssynbio.6b00037/publisher/paper.pdf,2026-09-03T03:18:19+00:00,https://pubs-acs-org.colorado.idm.oclc.org/doi/pdf/10.1021/acssynbio.6b00037,https://pubs-acs-org.colorado.idm.oclc.org/asbcd6/article-pdf/5/9/936/12847754/sb6b00037.pdf,ACS Publications via CU Boulder EZproxy,publishedVersion,,current_version_of_record_at_retrieval,authenticated_acs_version_of_record_pdf_endpoint,not_established,CU Boulder EZproxy authenticated session (curl-cffi),1384356,796ad49dfe31f085ad32233f56a1d88386081b5097358f8ebd056f6a56cde64b,6,article_pdf,doi,1.0,
doi:10.1021/acssynbio.6b00038,10.1021/acssynbio.6b00038,2016,Assessment of Anabaena sp. Strain PCC 7120 as a Heterologous Expression Host for Cyanobacterial Natural Products: Production of Lyngbyatoxin A,downloaded,data/papers/2016/10.1021__acssynbio.6b00038/publisher/paper.pdf,2026-09-03T03:18:28+00:00,https://pubs-acs-org.colorado.idm.oclc.org/doi/pdf/10.1021/acssynbio.6b00038,https://pubs-acs-org.colorado.idm.oclc.org/asbcd6/article-pdf/5/9/978/12849055/sb6b00038.pdf,ACS Publications via CU Boulder EZproxy,publishedVersion,,current_version_of_record_at_retrieval,authenticated_acs_version_of_record_pdf_endpoint,not_established,CU Boulder EZproxy authenticated session (curl-cffi),1643946,8a12e3c5599ea32856ecb072235a184ee0dd3bc1b19467f38f0324b3744153fc,11,article_pdf,doi,1.0,
doi:10.1021/acssynbio.6b00040,10.1021/acssynbio.6b00040,2016,A Minimal Model of Ribosome Allocation Dynamics Captures Trade-offs in Expression between Endogenous and Synthetic Genes,downloaded,data/papers/2016/10.1021__acssynbio.6b00040/publisher/paper.pdf,2026-09-03T03:17:33+00:00,https://pubs-acs-org.colorado.idm.oclc.org/doi/pdf/10.1021/acssynbio.6b00040,https://pubs-acs-org.colorado.idm.oclc.org/asbcd6/article-pdf/5/7/710/67464061/acssynbio.6b00040.pdf,ACS Publications via CU Boulder EZproxy,publishedVersion,,current_version_of_record_at_retrieval,authenticated_acs_version_of_record_pdf_endpoint,not_established,CU Boulder EZproxy authenticated session (curl-cffi),2614331,539a91719e23f30d370cabf451521f063ef992774524d7972c16ad0f4002e5c7,11,article_pdf,doi,1.0,
doi:10.1021/acssynbio.6b00044,10.1021/acssynbio.6b00044,2016,"CRISPR/Cas9-Based Efficient Genome Editing in Clostridium ljungdahlii, an Autotrophic Gas-Fermenting Bacterium",downloaded,data/papers/2016/10.1021__acssynbio.6b00044/publisher/paper.pdf,2026-09-03T03:19:46+00:00,https://pubs-acs-org.colorado.idm.oclc.org/doi/pdf/10.1021/acssynbio.6b00044,https://pubs-acs-org.colorado.idm.oclc.org/asbcd6/article-pdf/5/12/1355/15265801/sb6b00044.pdf,ACS Publications via CU Boulder EZproxy,publishedVersion,,current_version_of_record_at_retrieval,authenticated_acs_version_of_record_pdf_endpoint,not_established,CU Boulder EZproxy authenticated session (curl-cffi),1593529,5212d281f2dbc833484b12c534c05f7c39ef2dca2582413e11dd7e9e93b909c1,7,article_pdf,doi,1.0,
doi:10.1021/acssynbio.6b00052,10.1021/acssynbio.6b00052,2016,Production of Succinate from Acetate by Metabolically Engineered Escherichia coli,downloaded,data/papers/2016/10.1021__acssynbio.6b00052/publisher/paper.pdf,2026-09-03T03:19:35+00:00,https://pubs-acs-org.colorado.idm.oclc.org/doi/pdf/10.1021/acssynbio.6b00052,https://pubs-acs-org.colorado.idm.oclc.org/asbcd6/article-pdf/5/11/1299/12849438/sb6b00052.pdf,ACS Publications via CU Boulder EZproxy,publishedVersion,,current_version_of_record_at_retrieval,authenticated_acs_version_of_record_pdf_endpoint,not_established,CU Boulder EZproxy authenticated session (curl-cffi),1354620,89b1ef51a3521fdb1a1db99a4eb79a6a2bc2a72e5190aef361981523929124fc,9,article_pdf,doi,1.0,
doi:10.1021/acssynbio.6b00053,10.1021/acssynbio.6b00053,2016,Engineering Hybrid Chemotaxis Receptors in Bacteria,downloaded,data/papers/2016/10.1021__acssynbio.6b00053/publisher/paper.pdf,2026-09-03T03:18:30+00:00,https://pubs-acs-org.colorado.idm.oclc.org/doi/pdf/10.1021/acssynbio.6b00053,https://pubs-acs-org.colorado.idm.oclc.org/asbcd6/article-pdf/5/9/989/12849492/sb6b00053.pdf,ACS Publications via CU Boulder EZproxy,publishedVersion,,current_version_of_record_at_retrieval,authenticated_acs_version_of_record_pdf_endpoint,not_established,CU Boulder EZproxy authenticated session (curl-cffi),5222637,25023e6f32d3dedc1c3cafc277d4f65be553046dfe539e88fce319fd1d086b32,13,article_pdf,doi,1.0,
doi:10.1021/acssynbio.6b00054,10.1021/acssynbio.6b00054,2016,ATLAS of Biochemistry: A Repository of All Possible Biochemical Reactions for Synthetic Biology and Metabolic Engineering Studies,downloaded,data/papers/2016/10.1021__acssynbio.6b00054/publisher/paper.pdf,2026-09-03T03:19:02+00:00,https://pubs-acs-org.colorado.idm.oclc.org/doi/pdf/10.1021/acssynbio.6b00054,https://pubs-acs-org.colorado.idm.oclc.org/asbcd6/article-pdf/5/10/1155/15223785/sb6b00054.pdf,ACS Publications via CU Boulder EZproxy,publishedVersion,,current_version_of_record_at_retrieval,authenticated_acs_version_of_record_pdf_endpoint,not_established,CU Boulder EZproxy authenticated session (curl-cffi),2611449,930e5384cd74d8bc0ebbf042ce462160622ac070e27e2b942cccaa981e7d0d65,12,article_pdf,doi,1.0,
doi:10.1021/acssynbio.6b00056,10.1021/acssynbio.6b00056,2016,Multiplexed Targeted Genome Engineering Using a Universal Nuclease-Assisted Vector Integration System,downloaded,data/papers/2016/10.1021__acssynbio.6b00056/publisher/paper.pdf,2026-09-03T03:17:06+00:00,https://pubs-acs-org.colorado.idm.oclc.org/doi/pdf/10.1021/acssynbio.6b00056,https://pubs-acs-org.colorado.idm.oclc.org/asbcd6/article-pdf/5/7/582/12851767/sb6b00056.pdf,ACS Publications via CU Boulder EZproxy,publishedVersion,,current_version_of_record_at_retrieval,authenticated_acs_version_of_record_pdf_endpoint,not_established,CU Boulder EZproxy authenticated session (curl-cffi),2856093,5f8091b098aae7b6fe1d56d9aee9bb4c499db8bb3e10ac06ef4e88e18a654635,7,article_pdf,doi,1.0,
doi:10.1021/acssynbio.6b00057,10.1021/acssynbio.6b00057,2016,Toolbox for Exploring Modular Gene Regulation in Synthetic Biology Training,downloaded,data/papers/2016/10.1021__acssynbio.6b00057/publisher/paper.pdf,2026-09-03T03:17:45+00:00,https://pubs-acs-org.colorado.idm.oclc.org/doi/pdf/10.1021/acssynbio.6b00057,https://pubs-acs-org.colorado.idm.oclc.org/asbcd6/article-pdf/5/7/781/12853737/sb6b00057.pdf,ACS Publications via CU Boulder EZproxy,publishedVersion,,current_version_of_record_at_retrieval,authenticated_acs_version_of_record_pdf_endpoint,not_established,CU Boulder EZproxy authenticated session (curl-cffi),1654956,ce796d8324a2bf791026565a9fff8b564733f7cf25bbda45e25945570e5fc1ce,5,article_pdf,doi,1.0,
doi:10.1021/acssynbio.6b00060,10.1021/acssynbio.6b00060,2016,"Bacterial Genome Editing with CRISPR-Cas9: Deletion, Integration, Single Nucleotide Modification, and Desirable “Clean” Mutant Selection in Clostridium beijerinckii as an Example",downloaded,data/papers/2016/10.1021__acssynbio.6b00060/publisher/paper.pdf,2026-09-03T03:17:32+00:00,https://pubs-acs-org.colorado.idm.oclc.org/doi/pdf/10.1021/acssynbio.6b00060,https://pubs-acs-org.colorado.idm.oclc.org/asbcd6/article-pdf/5/7/721/12851254/sb6b00060.pdf,ACS Publications via CU Boulder EZproxy,publishedVersion,,current_version_of_record_at_retrieval,authenticated_acs_version_of_record_pdf_endpoint,not_established,CU Boulder EZproxy authenticated session (curl-cffi),3170824,b43454e468575a8db325a5bdfd9c4797128145a34c105bbe34705dc551f08abb,12,article_pdf,doi,1.0,
doi:10.1021/acssynbio.6b00061,10.1021/acssynbio.6b00061,2016,Development of Colorimetric-Based Whole-Cell Biosensor for Organophosphorus Compounds by Engineering Transcription Regulator DmpR,downloaded,data/papers/2016/10.1021__acssynbio.6b00061/publisher/paper.pdf,2026-09-03T03:19:32+00:00,https://pubs-acs-org.colorado.idm.oclc.org/doi/pdf/10.1021/acssynbio.6b00061,https://pubs-acs-org.colorado.idm.oclc.org/asbcd6/article-pdf/5/11/1290/12849093/sb6b00061.pdf,ACS Publications via CU Boulder EZproxy,publishedVersion,,current_version_of_record_at_retrieval,authenticated_acs_version_of_record_pdf_endpoint,not_established,CU Boulder EZproxy authenticated session (curl-cffi),2364917,a2f3ec457c9f22834e88cc6bb64ec7453a3c71baf1660a93d63155f7a43c2c3c,9,article_pdf,doi,1.0,
doi:10.1021/acssynbio.6b00064,10.1021/acssynbio.6b00064,2016,DNA Replication in Engineered Escherichia coli Genomes with Extra Replication Origins,downloaded,data/papers/2016/10.1021__acssynbio.6b00064/publisher/paper.pdf,2026-09-03T03:19:09+00:00,https://pubs-acs-org.colorado.idm.oclc.org/doi/pdf/10.1021/acssynbio.6b00064,https://pubs-acs-org.colorado.idm.oclc.org/asbcd6/article-pdf/5/10/1167/15224033/sb6b00064.pdf,ACS Publications via CU Boulder EZproxy,publishedVersion,,current_version_of_record_at_retrieval,authenticated_acs_version_of_record_pdf_endpoint,not_established,CU Boulder EZproxy authenticated session (curl-cffi),6096444,02c74c707d543e115c1259a6e6c4f738aadec414e2f7405b0d532877b3556e7b,10,article_pdf,doi,1.0,
doi:10.1021/acssynbio.6b00065,10.1021/acssynbio.6b00065,2016,Effect of Genome Position on Heterologous Gene Expression in Bacillus subtilis: An Unbiased Analysis,downloaded,data/papers/2016/10.1021__acssynbio.6b00065/publisher/paper.pdf,2026-09-03T03:18:19+00:00,https://pubs-acs-org.colorado.idm.oclc.org/doi/pdf/10.1021/acssynbio.6b00065,https://pubs-acs-org.colorado.idm.oclc.org/asbcd6/article-pdf/5/9/942/12848486/sb6b00065.pdf,ACS Publications via CU Boulder EZproxy,publishedVersion,,current_version_of_record_at_retrieval,authenticated_acs_version_of_record_pdf_endpoint,not_established,CU Boulder EZproxy authenticated session (curl-cffi),1416738,41be57dc10e9bc53fd85994dac80e2e70b267a70e83379e56ec54be1f1745234,6,article_pdf,doi,1.0,
doi:10.1021/acssynbio.6b00068,10.1021/acssynbio.6b00068,2016,Repurposing Synechocystis PCC6803 UirS–UirR as a UV-Violet/Green Photoreversible Transcriptional Regulatory Tool in E. coli,downloaded,data/papers/2016/10.1021__acssynbio.6b00068/publisher/paper.pdf,2026-09-03T03:17:37+00:00,https://pubs-acs-org.colorado.idm.oclc.org/doi/pdf/10.1021/acssynbio.6b00068,https://pubs-acs-org.colorado.idm.oclc.org/asbcd6/article-pdf/5/7/733/12852489/sb6b00068.pdf,ACS Publications via CU Boulder EZproxy,publishedVersion,,current_version_of_record_at_retrieval,authenticated_acs_version_of_record_pdf_endpoint,not_established,CU Boulder EZproxy authenticated session (curl-cffi),1676069,9d33c76a9f6b63d5c378aa0204925791d7d505521fd25c58f048167c55525818,8,article_pdf,doi,1.0,
doi:10.1021/acssynbio.6b00069,10.1021/acssynbio.6b00069,2016,Biosynthesis of Chlorophyll a in a Purple Bacterial Phototroph and Assembly into a Plant Chlorophyll–Protein Complex,downloaded,data/papers/2016/10.1021__acssynbio.6b00069/publisher/paper.pdf,2026-09-03T03:18:22+00:00,https://pubs-acs-org.colorado.idm.oclc.org/doi/pdf/10.1021/acssynbio.6b00069,https://pubs-acs-org.colorado.idm.oclc.org/asbcd6/article-pdf/5/9/948/12848869/sb6b00069.pdf,ACS Publications via CU Boulder EZproxy,publishedVersion,,current_version_of_record_at_retrieval,authenticated_acs_version_of_record_pdf_endpoint,not_established,CU Boulder EZproxy authenticated session (curl-cffi),1791061,80736d06d7e6d2a0cbdfed4fdc4f8db780dd0d9ff4befd00779ff7c375aa1d3b,7,article_pdf,doi,1.0,
doi:10.1021/acssynbio.6b00072,10.1021/acssynbio.6b00072,2016,When Wavelengths Collide: Bias in Cell Abundance Measurements Due to Expressed Fluorescent Proteins,downloaded,data/papers/2016/10.1021__acssynbio.6b00072/publisher/paper.pdf,2026-09-03T03:18:37+00:00,https://pubs-acs-org.colorado.idm.oclc.org/doi/pdf/10.1021/acssynbio.6b00072,https://pubs-acs-org.colorado.idm.oclc.org/asbcd6/article-pdf/5/9/1024/67117485/acssynbio.6b00072.pdf,ACS Publications via CU Boulder EZproxy,publishedVersion,,current_version_of_record_at_retrieval,authenticated_acs_version_of_record_pdf_endpoint,not_established,CU Boulder EZproxy authenticated session (curl-cffi),1175144,8de27aa05af1ad49a65d88489f05b7e84de8b3d4b636baba6041276e7a113d8e,4,article_pdf,doi,1.0,
doi:10.1021/acssynbio.6b00074,10.1021/acssynbio.6b00074,2016,Mammalian Synthetic Biology: Time for Big MACs,downloaded,data/papers/2016/10.1021__acssynbio.6b00074/publisher/paper.pdf,2026-09-03T03:18:39+00:00,https://pubs-acs-org.colorado.idm.oclc.org/doi/pdf/10.1021/acssynbio.6b00074,https://pubs-acs-org.colorado.idm.oclc.org/asbcd6/article-pdf/5/10/1040/67464091/acssynbio.6b00074.pdf,ACS Publications via CU Boulder EZproxy,publishedVersion,,current_version_of_record_at_retrieval,authenticated_acs_version_of_record_pdf_endpoint,not_established,CU Boulder EZproxy authenticated session (curl-cffi),2423183,eb58c3ca870a1420b014afee51869b4fccc6a9eb1485994b8927b0457d6dafd7,10,article_pdf,doi,1.0,
doi:10.1021/acssynbio.6b00075,10.1021/acssynbio.6b00075,2016,Transcriptomics-Guided Design of Synthetic Promoters for a Mammalian System,downloaded,data/papers/2016/10.1021__acssynbio.6b00075/publisher/paper.pdf,2026-09-03T03:20:09+00:00,https://pubs-acs-org.colorado.idm.oclc.org/doi/pdf/10.1021/acssynbio.6b00075,https://pubs-acs-org.colorado.idm.oclc.org/asbcd6/article-pdf/5/12/1455/15268320/sb6b00075.pdf,ACS Publications via CU Boulder EZproxy,publishedVersion,,current_version_of_record_at_retrieval,authenticated_acs_version_of_record_pdf_endpoint,not_established,CU Boulder EZproxy authenticated session (curl-cffi),3460423,3cfc6796a3daf39a999749b6681977bd6072040f222996c6f79cbd182c4e4b37,11,article_pdf,doi,1.0,
doi:10.1021/acssynbio.6b00078,10.1021/acssynbio.6b00078,2016,DATEL: A Scarless and Sequence-Independent DNA Assembly Method Using Thermostable Exonucleases and Ligase,downloaded,data/papers/2016/10.1021__acssynbio.6b00078/publisher/paper.pdf,2026-09-03T03:18:40+00:00,https://pubs-acs-org.colorado.idm.oclc.org/doi/pdf/10.1021/acssynbio.6b00078,https://pubs-acs-org.colorado.idm.oclc.org/asbcd6/article-pdf/5/9/1028/12849382/sb6b00078.pdf,ACS Publications via CU Boulder EZproxy,publishedVersion,,current_version_of_record_at_retrieval,authenticated_acs_version_of_record_pdf_endpoint,not_established,CU Boulder EZproxy authenticated session (curl-cffi),2282395,361211b95cdf57eb99b44cd5e0bb5e47de09989322e147afa34ac64d31b2d511,5,article_pdf,doi,1.0,
doi:10.1021/acssynbio.6b00079,10.1021/acssynbio.6b00079,2016,Biosensing Vibrio cholerae with Genetically Engineered Escherichia coli,downloaded,data/papers/2016/10.1021__acssynbio.6b00079/publisher/paper.pdf,2026-09-03T03:19:27+00:00,https://pubs-acs-org.colorado.idm.oclc.org/doi/pdf/10.1021/acssynbio.6b00079,https://pubs-acs-org.colorado.idm.oclc.org/asbcd6/article-pdf/5/11/1275/12849770/sb6b00079.pdf,ACS Publications via CU Boulder EZproxy,publishedVersion,,current_version_of_record_at_retrieval,authenticated_acs_version_of_record_pdf_endpoint,not_established,CU Boulder EZproxy authenticated session (curl-cffi),2387395,63b282c538f8d8fe02a8fda60a67203e665d6dbd5facdf27268ea7f2f05105e4,9,article_pdf,doi,1.0,
doi:10.1021/acssynbio.6b00080,10.1021/acssynbio.6b00080,2016,Multiplexed CRISPR/Cas9- and TAR-Mediated Promoter Engineering of Natural Product Biosynthetic Gene Clusters in Yeast,downloaded,data/papers/2016/10.1021__acssynbio.6b00080/publisher/paper.pdf,2026-09-03T03:18:33+00:00,https://pubs-acs-org.colorado.idm.oclc.org/doi/pdf/10.1021/acssynbio.6b00080,https://pubs-acs-org.colorado.idm.oclc.org/asbcd6/article-pdf/5/9/1002/12847951/sb6b00080.pdf,ACS Publications via CU Boulder EZproxy,publishedVersion,,current_version_of_record_at_retrieval,authenticated_acs_version_of_record_pdf_endpoint,not_established,CU Boulder EZproxy authenticated session (curl-cffi),2312839,fdb2c73ca8915965293b88e369d37e48c2b583108956a0e4ca2def65d1343a76,9,article_pdf,doi,1.0,
doi:10.1021/acssynbio.6b00081,10.1021/acssynbio.6b00081,2016,Broad-Host-Range ProUSER Vectors Enable Fast Characterization of Inducible Promoters and Optimization of p-Coumaric Acid Production in Pseudomonas putida KT2440,downloaded,data/papers/2016/10.1021__acssynbio.6b00081/publisher/paper.pdf,2026-09-03T03:17:36+00:00,https://pubs-acs-org.colorado.idm.oclc.org/doi/pdf/10.1021/acssynbio.6b00081,https://pubs-acs-org.colorado.idm.oclc.org/asbcd6/article-pdf/5/7/741/12851468/sb6b00081.pdf,ACS Publications via CU Boulder EZproxy,publishedVersion,,current_version_of_record_at_retrieval,authenticated_acs_version_of_record_pdf_endpoint,not_established,CU Boulder EZproxy authenticated session (curl-cffi),1674662,d4985cb74c7c0de04752e95129ca8bc6f593b398483338a9418f917a7a275a62,13,article_pdf,doi,1.0,
doi:10.1021/acssynbio.6b00082,10.1021/acssynbio.6b00082,2016,CRISPR/Cas9 Based Genome Editing of Penicillium chrysogenum,downloaded,data/papers/2016/10.1021__acssynbio.6b00082/publisher/paper.pdf,2026-09-03T03:17:41+00:00,https://pubs-acs-org.colorado.idm.oclc.org/doi/pdf/10.1021/acssynbio.6b00082,https://pubs-acs-org.colorado.idm.oclc.org/asbcd6/article-pdf/5/7/754/12851008/sb6b00082.pdf,ACS Publications via CU Boulder EZproxy,publishedVersion,,current_version_of_record_at_retrieval,authenticated_acs_version_of_record_pdf_endpoint,not_established,CU Boulder EZproxy authenticated session (curl-cffi),4424340,6d2b989920c92c36be23a701ac0d032e7624be440428b2b20740d018d9e1bb4a,11,article_pdf,doi,1.0,
doi:10.1021/acssynbio.6b00083,10.1021/acssynbio.6b00083,2016,Semirational Approach for Ultrahigh Poly(3-hydroxybutyrate) Accumulation in Escherichia coli by Combining One-Step Library Construction and High-Throughput Screening,downloaded,data/papers/2016/10.1021__acssynbio.6b00083/publisher/paper.pdf,2026-09-03T03:19:37+00:00,https://pubs-acs-org.colorado.idm.oclc.org/doi/pdf/10.1021/acssynbio.6b00083,https://pubs-acs-org.colorado.idm.oclc.org/asbcd6/article-pdf/5/11/1308/12850024/sb6b00083.pdf,ACS Publications via CU Boulder EZproxy,publishedVersion,,current_version_of_record_at_retrieval,authenticated_acs_version_of_record_pdf_endpoint,not_established,CU Boulder EZproxy authenticated session (curl-cffi),6623529,2fba993d9299009e344100ae8b561e39dc90b66087ba46bb631fd64cc13ff4b0,10,article_pdf,doi,1.0,
doi:10.1021/acssynbio.6b00085,10.1021/acssynbio.6b00085,2016,A Living Eukaryotic Autocementation Kit from Surface Display of Silica Binding Peptides on Yarrowia lipolytica,downloaded,data/papers/2016/10.1021__acssynbio.6b00085/publisher/paper.pdf,2026-09-03T03:20:11+00:00,https://pubs-acs-org.colorado.idm.oclc.org/doi/pdf/10.1021/acssynbio.6b00085,https://pubs-acs-org.colorado.idm.oclc.org/asbcd6/article-pdf/5/12/1466/15266650/sb6b00085.pdf,ACS Publications via CU Boulder EZproxy,publishedVersion,,current_version_of_record_at_retrieval,authenticated_acs_version_of_record_pdf_endpoint,not_established,CU Boulder EZproxy authenticated session (curl-cffi),9470032,1cf5d8a4c28203d9be79a99d83654cadc52874827267cc1da8404a3b08721e51,9,article_pdf,doi,1.0,
doi:10.1021/acssynbio.6b00087,10.1021/acssynbio.6b00087,2016,Development of a Synthetic Oxytetracycline-Inducible Expression System for Streptomycetes Using de Novo Characterized Genetic Parts,downloaded,data/papers/2016/10.1021__acssynbio.6b00087/publisher/paper.pdf,2026-09-03T03:17:40+00:00,https://pubs-acs-org.colorado.idm.oclc.org/doi/pdf/10.1021/acssynbio.6b00087,https://pubs-acs-org.colorado.idm.oclc.org/asbcd6/article-pdf/5/7/765/12853077/sb6b00087.pdf,ACS Publications via CU Boulder EZproxy,publishedVersion,,current_version_of_record_at_retrieval,authenticated_acs_version_of_record_pdf_endpoint,not_established,CU Boulder EZproxy authenticated session (curl-cffi),2492417,c595d733134cc0c7b145663b63c67adca917958cf6f27dce07fb28f3942e739d,9,article_pdf,doi,1.0,
doi:10.1021/acssynbio.6b00089,10.1021/acssynbio.6b00089,2016,Design and Assembly of DNA Sequence Libraries for Chromosomal Insertion in Bacteria Based on a Set of Modified MoClo Vectors,downloaded,data/papers/2016/10.1021__acssynbio.6b00089/publisher/paper.pdf,2026-09-03T03:19:47+00:00,https://pubs-acs-org.colorado.idm.oclc.org/doi/pdf/10.1021/acssynbio.6b00089,https://pubs-acs-org.colorado.idm.oclc.org/asbcd6/article-pdf/5/12/1362/15265745/sb6b00089.pdf,ACS Publications via CU Boulder EZproxy,publishedVersion,,current_version_of_record_at_retrieval,authenticated_acs_version_of_record_pdf_endpoint,not_established,CU Boulder EZproxy authenticated session (curl-cffi),5517651,b737076f2297362b3a24fb9767989b0f3d0fdaafa3b11a6c2c54da76c2996bd5,7,article_pdf,doi,1.0,
doi:10.1021/acssynbio.6b00097,10.1021/acssynbio.6b00097,2016,Full and Partial Agonism of a Designed Enzyme Switch,downloaded,data/papers/2016/10.1021__acssynbio.6b00097/publisher/paper.pdf,2026-09-03T03:20:15+00:00,https://pubs-acs-org.colorado.idm.oclc.org/doi/pdf/10.1021/acssynbio.6b00097,https://pubs-acs-org.colorado.idm.oclc.org/asbcd6/article-pdf/5/12/1475/15265846/sb6b00097.pdf,ACS Publications via CU Boulder EZproxy,publishedVersion,,current_version_of_record_at_retrieval,authenticated_acs_version_of_record_pdf_endpoint,not_established,CU Boulder EZproxy authenticated session (curl-cffi),3327661,7487bf109e28d548b5a7062df946c5f0fa731f0b8f768267c74779106edf6fa1,10,article_pdf,doi,1.0,
doi:10.1021/acssynbio.6b00100,10.1021/acssynbio.6b00100,2016,Tapping the Unused Potential of Photosynthesis with a Heterologous Electron Sink,downloaded,data/papers/2016/10.1021__acssynbio.6b00100/publisher/paper.pdf,2026-09-03T03:19:50+00:00,https://pubs-acs-org.colorado.idm.oclc.org/doi/pdf/10.1021/acssynbio.6b00100,https://pubs-acs-org.colorado.idm.oclc.org/asbcd6/article-pdf/5/12/1369/15266012/sb6b00100.pdf,ACS Publications via CU Boulder EZproxy,publishedVersion,,current_version_of_record_at_retrieval,authenticated_acs_version_of_record_pdf_endpoint,not_established,CU Boulder EZproxy authenticated session (curl-cffi),1075057,2801e242f25cef2e59605cb492592e819413b862a7168e46f05d4cb51c0ac068,7,article_pdf,doi,1.0,
doi:10.1021/acssynbio.6b00104,10.1021/acssynbio.6b00104,2016,The Signal Sequence of the Abundant Extracellular Metalloprotease PPEP-1 Can Be Used to Secrete Synthetic Reporter Proteins in Clostridium difficile,downloaded,data/papers/2016/10.1021__acssynbio.6b00104/publisher/paper.pdf,2026-09-03T03:19:50+00:00,https://pubs-acs-org.colorado.idm.oclc.org/doi/pdf/10.1021/acssynbio.6b00104,https://pubs-acs-org.colorado.idm.oclc.org/asbcd6/article-pdf/5/12/1376/15266281/sb6b00104.pdf,ACS Publications via CU Boulder EZproxy,publishedVersion,,current_version_of_record_at_retrieval,authenticated_acs_version_of_record_pdf_endpoint,not_established,CU Boulder EZproxy authenticated session (curl-cffi),1347945,2bbca4f1b8dba34acd4dbe1b64c530fdf86aefee972b0ca3e21a6d62cfde0ee3,7,article_pdf,doi,1.0,
doi:10.1021/acssynbio.6b00105,10.1021/acssynbio.6b00105,2016,Microbial Synthesis of 5-Aminolevulinic Acid and Its Coproduction with Polyhydroxybutyrate,downloaded,data/papers/2016/10.1021__acssynbio.6b00105/publisher/paper.pdf,2026-09-03T03:19:29+00:00,https://pubs-acs-org.colorado.idm.oclc.org/doi/pdf/10.1021/acssynbio.6b00105,https://pubs-acs-org.colorado.idm.oclc.org/asbcd6/article-pdf/5/11/1264/12848867/sb6b00105.pdf,ACS Publications via CU Boulder EZproxy,publishedVersion,,current_version_of_record_at_retrieval,authenticated_acs_version_of_record_pdf_endpoint,not_established,CU Boulder EZproxy authenticated session (curl-cffi),5250976,e72bffd92e781c3536cc73e044b1c76d55c43f9cdb07e9f2c366dbd3a80e5b52,11,article_pdf,doi,1.0,
doi:10.1021/acssynbio.6b00107,10.1021/acssynbio.6b00107,2016,"A Designed A. vinelandii–S. elongatus Coculture for Chemical Photoproduction from Air, Water, Phosphate, and Trace Metals",downloaded,data/papers/2016/10.1021__acssynbio.6b00107/publisher/paper.pdf,2026-09-03T03:18:22+00:00,https://pubs-acs-org.colorado.idm.oclc.org/doi/pdf/10.1021/acssynbio.6b00107,https://pubs-acs-org.colorado.idm.oclc.org/asbcd6/article-pdf/5/9/955/12848169/sb6b00107.pdf,ACS Publications via CU Boulder EZproxy,publishedVersion,,current_version_of_record_at_retrieval,authenticated_acs_version_of_record_pdf_endpoint,not_established,CU Boulder EZproxy authenticated session (curl-cffi),1873470,467d180430c0dbd8161afc9ff8ff6d1eced8d9894b1f178eebfeadfad22d579f,7,article_pdf,doi,1.0,
doi:10.1021/acssynbio.6b00114,10.1021/acssynbio.6b00114,2016,C-Brick: A New Standard for Assembly of Biological Parts Using Cpf1,downloaded,data/papers/2016/10.1021__acssynbio.6b00114/publisher/paper.pdf,2026-09-03T03:19:53+00:00,https://pubs-acs-org.colorado.idm.oclc.org/doi/pdf/10.1021/acssynbio.6b00114,https://pubs-acs-org.colorado.idm.oclc.org/asbcd6/article-pdf/5/12/1383/15266601/sb6b00114.pdf,ACS Publications via CU Boulder EZproxy,publishedVersion,,current_version_of_record_at_retrieval,authenticated_acs_version_of_record_pdf_endpoint,not_established,CU Boulder EZproxy authenticated session (curl-cffi),2848532,84f3df70f955a24b662240c21ba92a22852af7bddd7a7369adecadc98e4a30f3,6,article_pdf,doi,1.0,
doi:10.1021/acssynbio.6b00115,10.1021/acssynbio.6b00115,2016,Engineering Bacteria to Catabolize the Carbonaceous Component of Sarin: Teaching E. coli to Eat Isopropanol,downloaded,data/papers/2016/10.1021__acssynbio.6b00115/publisher/paper.pdf,2026-09-03T03:20:13+00:00,https://pubs-acs-org.colorado.idm.oclc.org/doi/pdf/10.1021/acssynbio.6b00115,https://pubs-acs-org.colorado.idm.oclc.org/asbcd6/article-pdf/5/12/1485/15266988/sb6b00115.pdf,ACS Publications via CU Boulder EZproxy,publishedVersion,,current_version_of_record_at_retrieval,authenticated_acs_version_of_record_pdf_endpoint,not_established,CU Boulder EZproxy authenticated session (curl-cffi),1924011,4296df014498b71bbc22a82409933d04e0fc916e8d8bfdea16c80ce31ca78e61,12,article_pdf,doi,1.0,
doi:10.1021/acssynbio.6b00116,10.1021/acssynbio.6b00116,2016,Nucleotide-Dependent Bioautocatalytic Timer Reaction,downloaded,data/papers/2016/10.1021__acssynbio.6b00116/publisher/paper.pdf,2026-09-03T03:18:26+00:00,https://pubs-acs-org.colorado.idm.oclc.org/doi/pdf/10.1021/acssynbio.6b00116,https://pubs-acs-org.colorado.idm.oclc.org/asbcd6/article-pdf/5/9/962/12848323/sb6b00116.pdf,ACS Publications via CU Boulder EZproxy,publishedVersion,,current_version_of_record_at_retrieval,authenticated_acs_version_of_record_pdf_endpoint,not_established,CU Boulder EZproxy authenticated session (curl-cffi),2039605,15e3e56ac87cb7b8c1a22a03d5a4b94d3c9ef306c8aa8bf02d15bff563333d87,7,article_pdf,doi,1.0,
doi:10.1021/acssynbio.6b00117,10.1021/acssynbio.6b00117,2016,Converting a Natural Protein Compartment into a Nanofactory for the Size-Constrained Synthesis of Antimicrobial Silver Nanoparticles,downloaded,data/papers/2016/10.1021__acssynbio.6b00117/publisher/paper.pdf,2026-09-03T03:20:20+00:00,https://pubs-acs-org.colorado.idm.oclc.org/doi/pdf/10.1021/acssynbio.6b00117,https://pubs-acs-org.colorado.idm.oclc.org/asbcd6/article-pdf/5/12/1497/15267676/sb6b00117.pdf,ACS Publications via CU Boulder EZproxy,publishedVersion,,current_version_of_record_at_retrieval,authenticated_acs_version_of_record_pdf_endpoint,not_established,CU Boulder EZproxy authenticated session (curl-cffi),3823760,1495b9c5702abf23038e179b99eaf4b438d479422dc2f244d736cc6f32bc9c52,8,article_pdf,doi,1.0,
doi:10.1021/acssynbio.6b00119,10.1021/acssynbio.6b00119,2016,Mining Enzyme Diversity of Transcriptome Libraries through DNA Synthesis for Benzylisoquinoline Alkaloid Pathway Optimization in Yeast,downloaded,data/papers/2016/10.1021__acssynbio.6b00119/publisher/paper.pdf,2026-09-03T03:20:18+00:00,https://pubs-acs-org.colorado.idm.oclc.org/doi/pdf/10.1021/acssynbio.6b00119,https://pubs-acs-org.colorado.idm.oclc.org/asbcd6/article-pdf/5/12/1505/15267938/sb6b00119.pdf,ACS Publications via CU Boulder EZproxy,publishedVersion,,current_version_of_record_at_retrieval,authenticated_acs_version_of_record_pdf_endpoint,not_established,CU Boulder EZproxy authenticated session (curl-cffi),2833051,bd677dedc2794b8fde42e29442163ecfff76511781f63094c2333805c408013b,14,article_pdf,doi,1.0,
doi:10.1021/acssynbio.6b00120,10.1021/acssynbio.6b00120,2016,Modulating and Measuring Intracellular H2O2 Using Genetically Encoded Tools to Study Its Toxicity to Human Cells,downloaded,data/papers/2016/10.1021__acssynbio.6b00120/publisher/paper.pdf,2026-09-03T03:19:54+00:00,https://pubs-acs-org.colorado.idm.oclc.org/doi/pdf/10.1021/acssynbio.6b00120,https://pubs-acs-org.colorado.idm.oclc.org/asbcd6/article-pdf/5/12/1389/15266933/sb6b00120.pdf,ACS Publications via CU Boulder EZproxy,publishedVersion,,current_version_of_record_at_retrieval,authenticated_acs_version_of_record_pdf_endpoint,not_established,CU Boulder EZproxy authenticated session (curl-cffi),1320417,8cff77040bfb83a3f9040e78235f22f3ee18d743eda0025787adf1b8b9e10b45,7,article_pdf,doi,1.0,
doi:10.1021/acssynbio.6b00121,10.1021/acssynbio.6b00121,2016,OptSSeq: High-Throughput Sequencing Readout of Growth Enrichment Defines Optimal Gene Expression Elements for Homoethanologenesis,downloaded,data/papers/2016/10.1021__acssynbio.6b00121/publisher/paper.pdf,2026-09-03T03:20:23+00:00,https://pubs-acs-org.colorado.idm.oclc.org/doi/pdf/10.1021/acssynbio.6b00121,https://pubs-acs-org.colorado.idm.oclc.org/asbcd6/article-pdf/5/12/1519/67255306/acssynbio.6b00121.pdf,ACS Publications via CU Boulder EZproxy,publishedVersion,,current_version_of_record_at_retrieval,authenticated_acs_version_of_record_pdf_endpoint,not_established,CU Boulder EZproxy authenticated session (curl-cffi),2562422,32600522fd662e8a21809a67082b0cb3108f93e380e3891bc600e675c5244d51,16,article_pdf,doi,1.0,
doi:10.1021/acssynbio.6b00123,10.1021/acssynbio.6b00123,2016,Multigene Pathway Engineering with Regulatory Linkers (M-PERL),downloaded,data/papers/2016/10.1021__acssynbio.6b00123/publisher/paper.pdf,2026-09-03T03:20:23+00:00,https://pubs-acs-org.colorado.idm.oclc.org/doi/pdf/10.1021/acssynbio.6b00123,https://pubs-acs-org.colorado.idm.oclc.org/asbcd6/article-pdf/5/12/1535/15265670/sb6b00123.pdf,ACS Publications via CU Boulder EZproxy,publishedVersion,,current_version_of_record_at_retrieval,authenticated_acs_version_of_record_pdf_endpoint,not_established,CU Boulder EZproxy authenticated session (curl-cffi),2599185,8e1650b2ff0f531a0711ca0844f477d56fb7ceafeba6a65e4e8b8481b016c8ea,11,article_pdf,doi,1.0,
doi:10.1021/acssynbio.6b00135,10.1021/acssynbio.6b00135,2016,Engineering an NADPH/NADP + Redox Biosensor in Yeast,downloaded,data/papers/2016/10.1021__acssynbio.6b00135/publisher/paper.pdf,2026-09-03T03:20:26+00:00,https://pubs-acs-org.colorado.idm.oclc.org/doi/pdf/10.1021/acssynbio.6b00135,https://pubs-acs-org.colorado.idm.oclc.org/asbcd6/article-pdf/5/12/1546/15266151/sb6b00135.pdf,ACS Publications via CU Boulder EZproxy,publishedVersion,,current_version_of_record_at_retrieval,authenticated_acs_version_of_record_pdf_endpoint,not_established,CU Boulder EZproxy authenticated session (curl-cffi),1286949,03df6301cbf93769b2f596b9e8d63192cc2fde323fa5be561a636aced4dec829,11,article_pdf,doi,1.0,
doi:10.1021/acssynbio.6b00140,10.1021/acssynbio.6b00140,2016,Bacterial Production of Pinene by a Laboratory-Evolved Pinene-Synthase,downloaded,data/papers/2016/10.1021__acssynbio.6b00140/publisher/paper.pdf,2026-09-03T03:18:34+00:00,https://pubs-acs-org.colorado.idm.oclc.org/doi/pdf/10.1021/acssynbio.6b00140,https://pubs-acs-org.colorado.idm.oclc.org/asbcd6/article-pdf/5/9/1011/12848766/sb6b00140.pdf,ACS Publications via CU Boulder EZproxy,publishedVersion,,current_version_of_record_at_retrieval,authenticated_acs_version_of_record_pdf_endpoint,not_established,CU Boulder EZproxy authenticated session (curl-cffi),1176113,41a1e36036ca54ab05423d4299bdfc48d3cd1ea0b1ba67d978af25507e77577f,10,article_pdf,doi,1.0,
doi:10.1021/acssynbio.6b00141,10.1021/acssynbio.6b00141,2016,Synthetic Lipid-Containing Scaffolds Enhance Production by Colocalizing Enzymes,downloaded,data/papers/2016/10.1021__acssynbio.6b00141/publisher/paper.pdf,2026-09-03T03:19:57+00:00,https://pubs-acs-org.colorado.idm.oclc.org/doi/pdf/10.1021/acssynbio.6b00141,https://pubs-acs-org.colorado.idm.oclc.org/asbcd6/article-pdf/5/12/1396/15267838/sb6b00141.pdf,ACS Publications via CU Boulder EZproxy,publishedVersion,,current_version_of_record_at_retrieval,authenticated_acs_version_of_record_pdf_endpoint,not_established,CU Boulder EZproxy authenticated session (curl-cffi),4909861,728439c48179db79d2003591de1f9b92721b0af6f4dd478958fbf82a3110daa0,8,article_pdf,doi,1.0,
doi:10.1021/acssynbio.6b00143,10.1021/acssynbio.6b00143,2016,Biosynthesis of the High-Value Plant Secondary Product Benzyl Isothiocyanate via Functional Expression of Multiple Heterologous Enzymes in Escherichia coli,downloaded,data/papers/2016/10.1021__acssynbio.6b00143/publisher/paper.pdf,2026-09-03T03:20:26+00:00,https://pubs-acs-org.colorado.idm.oclc.org/doi/pdf/10.1021/acssynbio.6b00143,https://pubs-acs-org.colorado.idm.oclc.org/asbcd6/article-pdf/5/12/1557/15266533/sb6b00143.pdf,ACS Publications via CU Boulder EZproxy,publishedVersion,,current_version_of_record_at_retrieval,authenticated_acs_version_of_record_pdf_endpoint,not_established,CU Boulder EZproxy authenticated session (curl-cffi),1909247,164fd2ff63ba46a05aba1dd7ff5d94bc953959fc5690b46a7476dede603a0c0d,9,article_pdf,doi,1.0,
doi:10.1021/acssynbio.6b00144,10.1021/acssynbio.6b00144,2016,Analog Computation by DNA Strand Displacement Circuits,downloaded,data/papers/2016/10.1021__acssynbio.6b00144/publisher/paper.pdf,2026-09-03T03:18:13+00:00,https://pubs-acs-org.colorado.idm.oclc.org/doi/pdf/10.1021/acssynbio.6b00144,https://pubs-acs-org.colorado.idm.oclc.org/asbcd6/article-pdf/5/8/898/15264166/sb6b00144.pdf,ACS Publications via CU Boulder EZproxy,publishedVersion,,current_version_of_record_at_retrieval,authenticated_acs_version_of_record_pdf_endpoint,not_established,CU Boulder EZproxy authenticated session (curl-cffi),3454488,9ec874d9726a33bcb91afeeaa7a0d6200c590deca57dba025d1affea331e8be8,15,article_pdf,doi,1.0,
doi:10.1021/acssynbio.6b00146,10.1021/acssynbio.6b00146,2016,Improving Synthetic Biology Communication: Recommended Practices for Visual Depiction and Digital Submission of Genetic Designs,downloaded,data/papers/2016/10.1021__acssynbio.6b00146/publisher/paper.pdf,2026-09-03T03:16:40+00:00,https://pubs-acs-org.colorado.idm.oclc.org/doi/pdf/10.1021/acssynbio.6b00146,https://pubs-acs-org.colorado.idm.oclc.org/asbcd6/article-pdf/5/6/449/15223031/sb6b00146.pdf,ACS Publications via CU Boulder EZproxy,publishedVersion,,current_version_of_record_at_retrieval,authenticated_acs_version_of_record_pdf_endpoint,not_established,CU Boulder EZproxy authenticated session (curl-cffi),384199,29dd78d9b827f12a99653c4ad26b985d32476f0aa33b01f630392bc6ae26cc1b,3,article_pdf,doi,1.0,
doi:10.1021/acssynbio.6b00148,10.1021/acssynbio.6b00148,2016,Programming Saposin-Mediated Compensatory Metabolic Sinks for Enhanced Ubiquinone Production,downloaded,data/papers/2016/10.1021__acssynbio.6b00148/publisher/paper.pdf,2026-09-03T03:19:58+00:00,https://pubs-acs-org.colorado.idm.oclc.org/doi/pdf/10.1021/acssynbio.6b00148,https://pubs-acs-org.colorado.idm.oclc.org/asbcd6/article-pdf/5/12/1404/15268026/sb6b00148.pdf,ACS Publications via CU Boulder EZproxy,publishedVersion,,current_version_of_record_at_retrieval,authenticated_acs_version_of_record_pdf_endpoint,not_established,CU Boulder EZproxy authenticated session (curl-cffi),2381846,01c6315e154739f0631f83e84b4497babb9f0b392e594f591b2f1e8594d0f557,8,article_pdf,doi,1.0,
doi:10.1021/acssynbio.6b00150,10.1021/acssynbio.6b00150,2016,The Resistome: A Comprehensive Database of Escherichia coli Resistance Phenotypes,downloaded,data/papers/2016/10.1021__acssynbio.6b00150/publisher/paper.pdf,2026-09-03T03:20:30+00:00,https://pubs-acs-org.colorado.idm.oclc.org/doi/pdf/10.1021/acssynbio.6b00150,https://pubs-acs-org.colorado.idm.oclc.org/asbcd6/article-pdf/5/12/1566/15267383/sb6b00150.pdf,ACS Publications via CU Boulder EZproxy,publishedVersion,,current_version_of_record_at_retrieval,authenticated_acs_version_of_record_pdf_endpoint,not_established,CU Boulder EZproxy authenticated session (curl-cffi),4208407,4a21d09c2afdf74f6c31cb02425d3d9c450292fd373f85c7a5926f831f3c953a,12,article_pdf,doi,1.0,
doi:10.1021/acssynbio.6b00154,10.1021/acssynbio.6b00154,2016,Cell-Free Mixing of Escherichia coli Crude Extracts to Prototype and Rationally Engineer High-Titer Mevalonate Synthesis,downloaded,data/papers/2016/10.1021__acssynbio.6b00154/publisher/paper.pdf,2026-09-03T03:20:31+00:00,https://pubs-acs-org.colorado.idm.oclc.org/doi/pdf/10.1021/acssynbio.6b00154,https://pubs-acs-org.colorado.idm.oclc.org/asbcd6/article-pdf/5/12/1578/15267230/sb6b00154.pdf,ACS Publications via CU Boulder EZproxy,publishedVersion,,current_version_of_record_at_retrieval,authenticated_acs_version_of_record_pdf_endpoint,not_established,CU Boulder EZproxy authenticated session (curl-cffi),4073474,ef804592284c1a814151bd7ec297b556d0180808518c39c4fea224e6144b86f4,11,article_pdf,doi,1.0,
doi:10.1021/acssynbio.6b00194,10.1021/acssynbio.6b00194,2016,Sortase A-Mediated Metabolic Enzyme Ligation in Escherichia coli,downloaded,data/papers/2016/10.1021__acssynbio.6b00194/publisher/paper.pdf,2026-09-03T03:19:32+00:00,https://pubs-acs-org.colorado.idm.oclc.org/doi/pdf/10.1021/acssynbio.6b00194,https://pubs-acs-org.colorado.idm.oclc.org/asbcd6/article-pdf/5/11/1284/12849079/sb6b00194.pdf,ACS Publications via CU Boulder EZproxy,publishedVersion,,current_version_of_record_at_retrieval,authenticated_acs_version_of_record_pdf_endpoint,not_established,CU Boulder EZproxy authenticated session (curl-cffi),1972288,7c53521696b2b48fe776d18aeee4db24a881dc86b4ae41b0fa43cfe52aee9835,6,article_pdf,doi,1.0,
doi:10.1021/acssynbio.6b00213,10.1021/acssynbio.6b00213,2016,Toward Programmable Biology,downloaded,data/papers/2016/10.1021__acssynbio.6b00213/publisher/paper.pdf,2026-09-03T03:17:47+00:00,https://pubs-acs-org.colorado.idm.oclc.org/doi/pdf/10.1021/acssynbio.6b00213,https://pubs-acs-org.colorado.idm.oclc.org/asbcd6/article-pdf/5/8/793/15264828/sb6b00213.pdf,ACS Publications via CU Boulder EZproxy,publishedVersion,,current_version_of_record_at_retrieval,authenticated_acs_version_of_record_pdf_endpoint,not_established,CU Boulder EZproxy authenticated session (curl-cffi),170547,b21e15f108d1de8f8e89e46721e93303b0a54a76995a668c73f4756abf24bb87,2,article_pdf,doi,1.0,
doi:10.1021/acssynbio.6b00217,10.1021/acssynbio.6b00217,2016,DNA 21 Collection,failed,,,https://pubs-acs-org.colorado.idm.oclc.org/doi/pdf/10.1021/acssynbio.6b00217,https://pubs-acs-org.colorado.idm.oclc.org/asbcd6/article-pdf/5/8/877/15264975/sb6b00217.pdf,ACS Publications via CU Boulder EZproxy,,publishedVersion,,,,CU Boulder EZproxy authenticated browser,,,,article_pdf,,,ValueError: PDF has fewer than two pages
doi:10.1021/acssynbio.6b00227,10.1021/acssynbio.6b00227,2016,The Fifth Annual Sc2.0 and Synthetic Genomes Conference: Synthetic Genomes in High Gear,downloaded,data/papers/2016/10.1021__acssynbio.6b00227/publisher/paper.pdf,2026-09-03T03:18:12+00:00,https://pubs-acs-org.colorado.idm.oclc.org/doi/pdf/10.1021/acssynbio.6b00227,https://pubs-acs-org.colorado.idm.oclc.org/asbcd6/article-pdf/5/9/920/12848841/sb6b00227.pdf,ACS Publications via CU Boulder EZproxy,publishedVersion,,current_version_of_record_at_retrieval,authenticated_acs_version_of_record_pdf_endpoint,not_established,CU Boulder EZproxy authenticated session (curl-cffi),406627,735d3875529cfa558fa2170ae125b9a494bc7158832afcd2efd62c4f32f45f06,3,article_pdf,doi,1.0,
doi:10.1021/acssynbio.6b00256,10.1021/acssynbio.6b00256,2016,The Next Generation of Synthetic Biology Chassis: Moving Synthetic Biology from the Laboratory to the Field,downloaded,data/papers/2016/10.1021__acssynbio.6b00256/publisher/paper.pdf,2026-09-03T03:19:39+00:00,https://pubs-acs-org.colorado.idm.oclc.org/doi/pdf/10.1021/acssynbio.6b00256,https://pubs-acs-org.colorado.idm.oclc.org/asbcd6/article-pdf/5/12/1328/15265981/sb6b00256.pdf,ACS Publications via CU Boulder EZproxy,publishedVersion,,current_version_of_record_at_retrieval,authenticated_acs_version_of_record_pdf_endpoint,not_established,CU Boulder EZproxy authenticated session (curl-cffi),1391264,dd200dfa65c7bf3b80e4723dadc9bf389dee4d5e1275fbcbbd0e98ad7fabd923,3,article_pdf,doi,1.0,
doi:10.1021/acssynbio.5b00163,10.1021/acssynbio.5b00163,2017,Chemical Reaction Networks for Computing Polynomials,downloaded,data/papers/2017/10.1021__acssynbio.5b00163/publisher/paper.pdf,2026-09-03T03:20:49+00:00,https://pubs-acs-org.colorado.idm.oclc.org/doi/pdf/10.1021/acssynbio.5b00163,https://pubs-acs-org.colorado.idm.oclc.org/asbcd6/article-pdf/6/1/76/7257359/sb5b00163.pdf,ACS Publications via CU Boulder EZproxy,publishedVersion,,current_version_of_record_at_retrieval,authenticated_acs_version_of_record_pdf_endpoint,not_established,CU Boulder EZproxy authenticated session (curl-cffi),555676,6e3b10b96f8a196554457b8a2e80a4a3dd7324dcbeed88ff16f8bcf8b17be492,8,article_pdf,doi,1.0,
doi:10.1021/acssynbio.5b00217,10.1021/acssynbio.5b00217,2017,Predicting the Dynamics and Heterogeneity of Genomic DNA Content within Bacterial Populations across Variable Growth Regimes,downloaded,data/papers/2017/10.1021__acssynbio.5b00217/publisher/paper.pdf,2026-09-03T03:25:11+00:00,https://pubs-acs-org.colorado.idm.oclc.org/doi/pdf/10.1021/acssynbio.5b00217,https://pubs-acs-org.colorado.idm.oclc.org/asbcd6/article-pdf/6/7/1131/67117528/acssynbio.5b00217.pdf,ACS Publications via CU Boulder EZproxy,publishedVersion,,current_version_of_record_at_retrieval,authenticated_acs_version_of_record_pdf_endpoint,not_established,CU Boulder EZproxy authenticated session (curl-cffi),2547286,a79d2815aae2a8ee402c8098721017c9cddaacc960bf7ac53f8b15f76aa72ef2,9,article_pdf,doi,1.0,
doi:10.1021/acssynbio.5b00231,10.1021/acssynbio.5b00231,2017,Availability: A Metric for Nucleic Acid Strand Displacement Systems,downloaded,data/papers/2017/10.1021__acssynbio.5b00231/publisher/paper.pdf,2026-09-03T03:20:55+00:00,https://pubs-acs-org.colorado.idm.oclc.org/doi/pdf/10.1021/acssynbio.5b00231,https://pubs-acs-org.colorado.idm.oclc.org/asbcd6/article-pdf/6/1/84/67117287/acssynbio.5b00231.pdf,ACS Publications via CU Boulder EZproxy,publishedVersion,,current_version_of_record_at_retrieval,authenticated_acs_version_of_record_pdf_endpoint,not_established,CU Boulder EZproxy authenticated session (curl-cffi),3134231,83d8492302381ee5d97bc99ca3df8fb36cc0b1fec98924f3338a47f9af6f6bfb,10,article_pdf,doi,1.0,
doi:10.1021/acssynbio.5b00299,10.1021/acssynbio.5b00299,2017,The Impact of Chromatin Dynamics on Cas9-Mediated Genome Editing in Human Cells,downloaded,data/papers/2017/10.1021__acssynbio.5b00299/publisher/paper.pdf,2026-09-03T03:22:13+00:00,https://pubs-acs-org.colorado.idm.oclc.org/doi/pdf/10.1021/acssynbio.5b00299,https://pubs-acs-org.colorado.idm.oclc.org/asbcd6/article-pdf/6/3/428/7260048/sb5b00299.pdf,ACS Publications via CU Boulder EZproxy,publishedVersion,,current_version_of_record_at_retrieval,authenticated_acs_version_of_record_pdf_endpoint,not_established,CU Boulder EZproxy authenticated session (curl-cffi),4663532,5f7de06d7801beaa5c11597e59ad7e036e2cee27158c250fe69ca7f71fa743ce,11,article_pdf,doi,1.0,
doi:10.1021/acssynbio.6b00048,10.1021/acssynbio.6b00048,2017,Fourteen Ways to Reroute Cooperative Communication in the Lactose Repressor: Engineering Regulatory Proteins with Alternate Repressive Functions,downloaded,data/papers/2017/10.1021__acssynbio.6b00048/publisher/paper.pdf,2026-09-03T03:20:34+00:00,https://pubs-acs-org.colorado.idm.oclc.org/doi/pdf/10.1021/acssynbio.6b00048,https://pubs-acs-org.colorado.idm.oclc.org/asbcd6/article-pdf/6/1/6/7257302/sb6b00048.pdf,ACS Publications via CU Boulder EZproxy,publishedVersion,,current_version_of_record_at_retrieval,authenticated_acs_version_of_record_pdf_endpoint,not_established,CU Boulder EZproxy authenticated session (curl-cffi),2634902,993d5451db617330590b7cf3463c7447d86b1547ac802bd4e0f874c8d5e3fdd3,7,article_pdf,doi,1.0,
doi:10.1021/acssynbio.6b00050,10.1021/acssynbio.6b00050,2017,CRISPR Perturbation of Gene Expression Alters Bacterial Fitness under Stress and Reveals Underlying Epistatic Constraints,downloaded,data/papers/2017/10.1021__acssynbio.6b00050/publisher/paper.pdf,2026-09-03T03:20:53+00:00,https://pubs-acs-org.colorado.idm.oclc.org/doi/pdf/10.1021/acssynbio.6b00050,https://pubs-acs-org.colorado.idm.oclc.org/asbcd6/article-pdf/6/1/94/7257482/sb6b00050.pdf,ACS Publications via CU Boulder EZproxy,publishedVersion,,current_version_of_record_at_retrieval,authenticated_acs_version_of_record_pdf_endpoint,not_established,CU Boulder EZproxy authenticated session (curl-cffi),2784404,a40a297289b698b5f540ac3ab427997ff1ca18b24471fc3276fed2f754826042,14,article_pdf,doi,1.0,
doi:10.1021/acssynbio.6b00092,10.1021/acssynbio.6b00092,2017,Virus-Enabled Optimization and Delivery of the Genetic Machinery for Efficient Unnatural Amino Acid Mutagenesis in Mammalian Cells and Tissues,downloaded,data/papers/2017/10.1021__acssynbio.6b00092/publisher/paper.pdf,2026-09-03T03:20:35+00:00,https://pubs-acs-org.colorado.idm.oclc.org/doi/pdf/10.1021/acssynbio.6b00092,https://pubs-acs-org.colorado.idm.oclc.org/asbcd6/article-pdf/6/1/13/7257513/sb6b00092.pdf,ACS Publications via CU Boulder EZproxy,publishedVersion,,current_version_of_record_at_retrieval,authenticated_acs_version_of_record_pdf_endpoint,not_established,CU Boulder EZproxy authenticated session (curl-cffi),4087759,1db1a97e478a6fcf7c56eb56f69217264000c81604d748ce78ce2a539f311645,6,article_pdf,doi,1.0,
doi:10.1021/acssynbio.6b00108,10.1021/acssynbio.6b00108,2017,Wet Lab Accelerator: A Web-Based Application Democratizing Laboratory Automation for Synthetic Biology,downloaded,data/papers/2017/10.1021__acssynbio.6b00108/publisher/paper.pdf,2026-09-03T03:21:12+00:00,https://pubs-acs-org.colorado.idm.oclc.org/doi/pdf/10.1021/acssynbio.6b00108,https://pubs-acs-org.colorado.idm.oclc.org/asbcd6/article-pdf/6/1/167/67255177/acssynbio.6b00108.pdf,ACS Publications via CU Boulder EZproxy,publishedVersion,,current_version_of_record_at_retrieval,authenticated_acs_version_of_record_pdf_endpoint,not_established,CU Boulder EZproxy authenticated session (curl-cffi),4169412,295ce1c4c00a59f20891c5adf007e509878f0685c86e566aadb644cc67e6dd50,5,article_pdf,doi,1.0,
doi:10.1021/acssynbio.6b00109,10.1021/acssynbio.6b00109,2017,Affibody Scaffolds Improve Sesquiterpene Production in Saccharomyces cerevisiae,downloaded,data/papers/2017/10.1021__acssynbio.6b00109/publisher/paper.pdf,2026-09-03T03:20:37+00:00,https://pubs-acs-org.colorado.idm.oclc.org/doi/pdf/10.1021/acssynbio.6b00109,https://pubs-acs-org.colorado.idm.oclc.org/asbcd6/article-pdf/6/1/19/7257274/sb6b00109.pdf,ACS Publications via CU Boulder EZproxy,publishedVersion,,current_version_of_record_at_retrieval,authenticated_acs_version_of_record_pdf_endpoint,not_established,CU Boulder EZproxy authenticated session (curl-cffi),989164,6774a311dc4a66d25ee1060481f1bcfe802999d4bcf70ae5240125cc8b835299,10,article_pdf,doi,1.0,
doi:10.1021/acssynbio.6b00122,10.1021/acssynbio.6b00122,2017,Direct Combinatorial Pathway Optimization,downloaded,data/papers/2017/10.1021__acssynbio.6b00122/publisher/paper.pdf,2026-09-03T03:21:27+00:00,https://pubs-acs-org.colorado.idm.oclc.org/doi/pdf/10.1021/acssynbio.6b00122,https://pubs-acs-org.colorado.idm.oclc.org/asbcd6/article-pdf/6/2/224/13053819/sb6b00122.pdf,ACS Publications via CU Boulder EZproxy,publishedVersion,,current_version_of_record_at_retrieval,authenticated_acs_version_of_record_pdf_endpoint,not_established,CU Boulder EZproxy authenticated session (curl-cffi),1297236,a8e38b3dd275668f37ebc23a2609aa08d58f0469bdf6e99d606d9d307517e380,9,article_pdf,doi,1.0,
doi:10.1021/acssynbio.6b00125,10.1021/acssynbio.6b00125,2017,Design and Experimental Validation of Small Activating RNAs Targeting an Exogenous Promoter in Human Cells,downloaded,data/papers/2017/10.1021__acssynbio.6b00125/publisher/paper.pdf,2026-09-03T03:22:56+00:00,https://pubs-acs-org.colorado.idm.oclc.org/doi/pdf/10.1021/acssynbio.6b00125,https://pubs-acs-org.colorado.idm.oclc.org/asbcd6/article-pdf/6/4/628/8417988/sb6b00125.pdf,ACS Publications via CU Boulder EZproxy,publishedVersion,,current_version_of_record_at_retrieval,authenticated_acs_version_of_record_pdf_endpoint,not_established,CU Boulder EZproxy authenticated session (curl-cffi),1231753,b46d743a1378eed2dc14b0bd7bcbe8fb3b31fd8fea220e74aa29f1d6bebdde3b,10,article_pdf,doi,1.0,
doi:10.1021/acssynbio.6b00132,10.1021/acssynbio.6b00132,2017,Innovating a Nonconventional Yeast Platform for Producing Shikimate as the Building Block of High-Value Aromatics,downloaded,data/papers/2017/10.1021__acssynbio.6b00132/publisher/paper.pdf,2026-09-03T03:20:38+00:00,https://pubs-acs-org.colorado.idm.oclc.org/doi/pdf/10.1021/acssynbio.6b00132,https://pubs-acs-org.colorado.idm.oclc.org/asbcd6/article-pdf/6/1/29/7257541/sb6b00132.pdf,ACS Publications via CU Boulder EZproxy,publishedVersion,,current_version_of_record_at_retrieval,authenticated_acs_version_of_record_pdf_endpoint,not_established,CU Boulder EZproxy authenticated session (curl-cffi),2886116,482b1f6fe0c856c3c5c363dbd4c00c3e7463b8d299f50af1374c4a6bbf85ae0a,10,article_pdf,doi,1.0,
doi:10.1021/acssynbio.6b00134,10.1021/acssynbio.6b00134,2017,Controlling Citrate Synthase Expression by CRISPR/Cas9 Genome Editing for n-Butanol Production in Escherichia coli,downloaded,data/papers/2017/10.1021__acssynbio.6b00134/publisher/paper.pdf,2026-09-03T03:21:12+00:00,https://pubs-acs-org.colorado.idm.oclc.org/doi/pdf/10.1021/acssynbio.6b00134,https://pubs-acs-org.colorado.idm.oclc.org/asbcd6/article-pdf/6/2/182/13054009/sb6b00134.pdf,ACS Publications via CU Boulder EZproxy,publishedVersion,,current_version_of_record_at_retrieval,authenticated_acs_version_of_record_pdf_endpoint,not_established,CU Boulder EZproxy authenticated session (curl-cffi),2364601,d2c265faa8563f30d5b40dfc6ab3ab8c7bb9fdc34955c7cc0a8825777f77dc8f,8,article_pdf,doi,1.0,
doi:10.1021/acssynbio.6b00136,10.1021/acssynbio.6b00136,2017,Development of a Transcription Factor-Based Lactam Biosensor,downloaded,data/papers/2017/10.1021__acssynbio.6b00136/publisher/paper.pdf,2026-09-03T03:22:13+00:00,https://pubs-acs-org.colorado.idm.oclc.org/doi/pdf/10.1021/acssynbio.6b00136,https://pubs-acs-org.colorado.idm.oclc.org/asbcd6/article-pdf/6/3/439/7258821/sb6b00136.pdf,ACS Publications via CU Boulder EZproxy,publishedVersion,,current_version_of_record_at_retrieval,authenticated_acs_version_of_record_pdf_endpoint,not_established,CU Boulder EZproxy authenticated session (curl-cffi),1158576,1e93c67ac8f60f03cd58e93c36fefd08d786d3ffdbdddce7930d995de00df3a7,7,article_pdf,doi,1.0,
doi:10.1021/acssynbio.6b00138,10.1021/acssynbio.6b00138,2017,Application of Noncanonical Amino Acids for Protein Labeling in a Genomically Recoded Escherichia coli,downloaded,data/papers/2017/10.1021__acssynbio.6b00138/publisher/paper.pdf,2026-09-03T03:21:28+00:00,https://pubs-acs-org.colorado.idm.oclc.org/doi/pdf/10.1021/acssynbio.6b00138,https://pubs-acs-org.colorado.idm.oclc.org/asbcd6/article-pdf/6/2/233/13055171/sb6b00138.pdf,ACS Publications via CU Boulder EZproxy,publishedVersion,,current_version_of_record_at_retrieval,authenticated_acs_version_of_record_pdf_endpoint,not_established,CU Boulder EZproxy authenticated session (curl-cffi),11297998,092751a03843050ba19bc2ebafc4a298bf6875d03c757ff89a437cc141e86304,23,article_pdf,doi,1.0,
doi:10.1021/acssynbio.6b00142,10.1021/acssynbio.6b00142,2017,Introduction of Premature Stop Codons as an Evolutionary Strategy To Rescue Signaling Network Function,downloaded,data/papers/2017/10.1021__acssynbio.6b00142/publisher/paper.pdf,2026-09-03T03:22:20+00:00,https://pubs-acs-org.colorado.idm.oclc.org/doi/pdf/10.1021/acssynbio.6b00142,https://pubs-acs-org.colorado.idm.oclc.org/asbcd6/article-pdf/6/3/446/7259205/sb6b00142.pdf,ACS Publications via CU Boulder EZproxy,publishedVersion,,current_version_of_record_at_retrieval,authenticated_acs_version_of_record_pdf_endpoint,not_established,CU Boulder EZproxy authenticated session (curl-cffi),2905578,488f788506ef17ceef0a1b2bf8afc07d4edb5e5e7f0625a7606db93d813f286e,9,article_pdf,doi,1.0,
doi:10.1021/acssynbio.6b00145,10.1021/acssynbio.6b00145,2017,Evolving Orthogonal Suppressor tRNAs To Incorporate Modified Amino Acids,downloaded,data/papers/2017/10.1021__acssynbio.6b00145/publisher/paper.pdf,2026-09-03T03:21:00+00:00,https://pubs-acs-org.colorado.idm.oclc.org/doi/pdf/10.1021/acssynbio.6b00145,https://pubs-acs-org.colorado.idm.oclc.org/asbcd6/article-pdf/6/1/108/7257566/sb6b00145.pdf,ACS Publications via CU Boulder EZproxy,publishedVersion,,current_version_of_record_at_retrieval,authenticated_acs_version_of_record_pdf_endpoint,not_established,CU Boulder EZproxy authenticated session (curl-cffi),2997586,484f9c289ad2650cbb937caecef3ff40d89e7d78203c804fccbed941a1a0078d,12,article_pdf,doi,1.0,
doi:10.1021/acssynbio.6b00149,10.1021/acssynbio.6b00149,2017,Artificial Symmetry-Breaking for Morphogenetic Engineering Bacterial Colonies,downloaded,data/papers/2017/10.1021__acssynbio.6b00149/publisher/paper.pdf,2026-09-03T03:21:31+00:00,https://pubs-acs-org.colorado.idm.oclc.org/doi/pdf/10.1021/acssynbio.6b00149,https://pubs-acs-org.colorado.idm.oclc.org/asbcd6/article-pdf/6/2/256/13054282/sb6b00149.pdf,ACS Publications via CU Boulder EZproxy,publishedVersion,,current_version_of_record_at_retrieval,authenticated_acs_version_of_record_pdf_endpoint,not_established,CU Boulder EZproxy authenticated session (curl-cffi),7111334,e01f8813499bdbff9013f81e714c24c925413fac9a11a0fc56e19015c25a3f26,10,article_pdf,doi,1.0,
doi:10.1021/acssynbio.6b00157,10.1021/acssynbio.6b00157,2017,Entrainment of a Bacterial Synthetic Gene Oscillator through Proteolytic Queueing,downloaded,data/papers/2017/10.1021__acssynbio.6b00157/publisher/paper.pdf,2026-09-03T03:22:18+00:00,https://pubs-acs-org.colorado.idm.oclc.org/doi/pdf/10.1021/acssynbio.6b00157,https://pubs-acs-org.colorado.idm.oclc.org/asbcd6/article-pdf/6/3/455/7259002/sb6b00157.pdf,ACS Publications via CU Boulder EZproxy,publishedVersion,,current_version_of_record_at_retrieval,authenticated_acs_version_of_record_pdf_endpoint,not_established,CU Boulder EZproxy authenticated session (curl-cffi),2328913,9c55a065144c09c76003d3eff82ab50cf6bc60960f3cbb321b9057c174611427,8,article_pdf,doi,1.0,
doi:10.1021/acssynbio.6b00159,10.1021/acssynbio.6b00159,2017,Rapid Thermostabilization of Bacillus thuringiensis Serovar Konkukian 97–27 Dehydroshikimate Dehydratase through a Structure-Based Enzyme Design and Whole Cell Activity Assay,downloaded,data/papers/2017/10.1021__acssynbio.6b00159/publisher/paper.pdf,2026-09-03T03:20:59+00:00,https://pubs-acs-org.colorado.idm.oclc.org/doi/pdf/10.1021/acssynbio.6b00159,https://pubs-acs-org.colorado.idm.oclc.org/asbcd6/article-pdf/6/1/120/7257462/sb6b00159.pdf,ACS Publications via CU Boulder EZproxy,publishedVersion,,current_version_of_record_at_retrieval,authenticated_acs_version_of_record_pdf_endpoint,not_established,CU Boulder EZproxy authenticated session (curl-cffi),3222601,8c7b9459e3e1d7a400b20faa2e142ffd28d3ec0e17f16b390e2da011fb6c040e,10,article_pdf,doi,1.0,
doi:10.1021/acssynbio.6b00160,10.1021/acssynbio.6b00160,2017,In Vitro Reconstruction of Nonribosomal Peptide Biosynthesis Directly from DNA Using Cell-Free Protein Synthesis,downloaded,data/papers/2017/10.1021__acssynbio.6b00160/publisher/paper.pdf,2026-09-03T03:20:41+00:00,https://pubs-acs-org.colorado.idm.oclc.org/doi/pdf/10.1021/acssynbio.6b00160,https://pubs-acs-org.colorado.idm.oclc.org/asbcd6/article-pdf/6/1/39/7257284/sb6b00160.pdf,ACS Publications via CU Boulder EZproxy,publishedVersion,,current_version_of_record_at_retrieval,authenticated_acs_version_of_record_pdf_endpoint,not_established,CU Boulder EZproxy authenticated session (curl-cffi),1726063,1e31610b4cf9a76b786f250051e967b47677b58cec9cc1b3b3aaa053c87d5025,6,article_pdf,doi,1.0,
doi:10.1021/acssynbio.6b00165,10.1021/acssynbio.6b00165,2017,Short Synthetic Terminators for Assembly of Transcription Units in Vitro and Stable Chromosomal Integration in Yeast S. cerevisiae,downloaded,data/papers/2017/10.1021__acssynbio.6b00165/publisher/paper.pdf,2026-09-03T03:21:03+00:00,https://pubs-acs-org.colorado.idm.oclc.org/doi/pdf/10.1021/acssynbio.6b00165,https://pubs-acs-org.colorado.idm.oclc.org/asbcd6/article-pdf/6/1/130/7257706/sb6b00165.pdf,ACS Publications via CU Boulder EZproxy,publishedVersion,,current_version_of_record_at_retrieval,authenticated_acs_version_of_record_pdf_endpoint,not_established,CU Boulder EZproxy authenticated session (curl-cffi),1816932,45e70714dd9fbd28c1cf2a355d08445d776c0ee50b3bd8109eb3f943e7957c9d,9,article_pdf,doi,1.0,
doi:10.1021/acssynbio.6b00166,10.1021/acssynbio.6b00166,2017,Synthetic Biogenesis of Bacterial Amyloid Nanomaterials with Tunable Inorganic–Organic Interfaces and Electrical Conductivity,downloaded,data/papers/2017/10.1021__acssynbio.6b00166/publisher/paper.pdf,2026-09-03T03:21:33+00:00,https://pubs-acs-org.colorado.idm.oclc.org/doi/pdf/10.1021/acssynbio.6b00166,https://pubs-acs-org.colorado.idm.oclc.org/asbcd6/article-pdf/6/2/266/13054677/sb6b00166.pdf,ACS Publications via CU Boulder EZproxy,publishedVersion,,current_version_of_record_at_retrieval,authenticated_acs_version_of_record_pdf_endpoint,not_established,CU Boulder EZproxy authenticated session (curl-cffi),5680622,7a96eeb56976e46d3335b02c24df151f11e6dd5f395f54a7f768e8f910c06398,10,article_pdf,doi,1.0,
doi:10.1021/acssynbio.6b00167,10.1021/acssynbio.6b00167,2017,Recycling Carbon Dioxide during Xylose Fermentation by Engineered Saccharomyces cerevisiae,downloaded,data/papers/2017/10.1021__acssynbio.6b00167/publisher/paper.pdf,2026-09-03T03:21:36+00:00,https://pubs-acs-org.colorado.idm.oclc.org/doi/pdf/10.1021/acssynbio.6b00167,https://pubs-acs-org.colorado.idm.oclc.org/asbcd6/article-pdf/6/2/276/13053442/sb6b00167.pdf,ACS Publications via CU Boulder EZproxy,publishedVersion,,current_version_of_record_at_retrieval,authenticated_acs_version_of_record_pdf_endpoint,not_established,CU Boulder EZproxy authenticated session (curl-cffi),1003355,51584ec2a2feaea6425283b465e8129e67b7e77d44d0cdc21b6b04fa60e82491,8,article_pdf,doi,1.0,
doi:10.1021/acssynbio.6b00170,10.1021/acssynbio.6b00170,2017,DNA Strand-Displacement Timer Circuits,downloaded,data/papers/2017/10.1021__acssynbio.6b00170/publisher/paper.pdf,2026-09-03T03:21:15+00:00,https://pubs-acs-org.colorado.idm.oclc.org/doi/pdf/10.1021/acssynbio.6b00170,https://pubs-acs-org.colorado.idm.oclc.org/asbcd6/article-pdf/6/2/190/13053525/sb6b00170.pdf,ACS Publications via CU Boulder EZproxy,publishedVersion,,current_version_of_record_at_retrieval,authenticated_acs_version_of_record_pdf_endpoint,not_established,CU Boulder EZproxy authenticated session (curl-cffi),1007909,b8179f34123892817c52380d6c88cf3093fc094e75d25feed9a078bce226b772,4,article_pdf,doi,1.0,
doi:10.1021/acssynbio.6b00174,10.1021/acssynbio.6b00174,2017,Development of Escherichia coli Strains That Withstand Membrane Protein-Induced Toxicity and Achieve High-Level Recombinant Membrane Protein Production,downloaded,data/papers/2017/10.1021__acssynbio.6b00174/publisher/paper.pdf,2026-09-03T03:21:38+00:00,https://pubs-acs-org.colorado.idm.oclc.org/doi/pdf/10.1021/acssynbio.6b00174,https://pubs-acs-org.colorado.idm.oclc.org/asbcd6/article-pdf/6/2/284/13055086/sb6b00174.pdf,ACS Publications via CU Boulder EZproxy,publishedVersion,,current_version_of_record_at_retrieval,authenticated_acs_version_of_record_pdf_endpoint,not_established,CU Boulder EZproxy authenticated session (curl-cffi),8348611,368d9e5ef7b61838333e99be2147937e6c932a45fd557c81a9af8b1bc3feadb1,17,article_pdf,doi,1.0,
doi:10.1021/acssynbio.6b00176,10.1021/acssynbio.6b00176,2017,Comprehensive in Vitro Analysis of Acyltransferase Domain Exchanges in Modular Polyketide Synthases and Its Application for Short-Chain Ketone Production,downloaded,data/papers/2017/10.1021__acssynbio.6b00176/publisher/paper.pdf,2026-09-03T03:21:04+00:00,https://pubs-acs-org.colorado.idm.oclc.org/doi/pdf/10.1021/acssynbio.6b00176,https://pubs-acs-org.colorado.idm.oclc.org/asbcd6/article-pdf/6/1/139/7257727/sb6b00176.pdf,ACS Publications via CU Boulder EZproxy,publishedVersion,,current_version_of_record_at_retrieval,authenticated_acs_version_of_record_pdf_endpoint,not_established,CU Boulder EZproxy authenticated session (curl-cffi),1666479,e7e91fb4ae993b6374dd675ebf540261baad8908e8b39cd321fb6c002312f873,9,article_pdf,doi,1.0,
doi:10.1021/acssynbio.6b00177,10.1021/acssynbio.6b00177,2017,Autoinduced AND Gate Controls Metabolic Pathway Dynamically in Response to Microbial Communities and Cell Physiological State,downloaded,data/papers/2017/10.1021__acssynbio.6b00177/publisher/paper.pdf,2026-09-03T03:22:23+00:00,https://pubs-acs-org.colorado.idm.oclc.org/doi/pdf/10.1021/acssynbio.6b00177,https://pubs-acs-org.colorado.idm.oclc.org/asbcd6/article-pdf/6/3/463/7258899/sb6b00177.pdf,ACS Publications via CU Boulder EZproxy,publishedVersion,,current_version_of_record_at_retrieval,authenticated_acs_version_of_record_pdf_endpoint,not_established,CU Boulder EZproxy authenticated session (curl-cffi),1667363,1b4c169043d82d6c1c2d03d2db36d11cb1d696fd3deab580abecad5d76bfccc8,8,article_pdf,doi,1.0,
doi:10.1021/acssynbio.6b00178,10.1021/acssynbio.6b00178,2017,Synthetic Core Promoters as Universal Parts for Fine-Tuning Expression in Different Yeast Species,downloaded,data/papers/2017/10.1021__acssynbio.6b00178/publisher/paper.pdf,2026-09-03T03:22:25+00:00,https://pubs-acs-org.colorado.idm.oclc.org/doi/pdf/10.1021/acssynbio.6b00178,https://pubs-acs-org.colorado.idm.oclc.org/asbcd6/article-pdf/6/3/471/67117306/acssynbio.6b00178.pdf,ACS Publications via CU Boulder EZproxy,publishedVersion,,current_version_of_record_at_retrieval,authenticated_acs_version_of_record_pdf_endpoint,not_established,CU Boulder EZproxy authenticated session (curl-cffi),2273438,8627da27d9d41dc4c01ab156df2b6eae5a45da44636db729fe8539f699bf28dd,14,article_pdf,doi,1.0,
doi:10.1021/acssynbio.6b00180,10.1021/acssynbio.6b00180,2017,Maintenance and Function of a Plant Chromosome in Human Cells,downloaded,data/papers/2017/10.1021__acssynbio.6b00180/publisher/paper.pdf,2026-09-03T03:21:41+00:00,https://pubs-acs-org.colorado.idm.oclc.org/doi/pdf/10.1021/acssynbio.6b00180,https://pubs-acs-org.colorado.idm.oclc.org/asbcd6/article-pdf/6/2/301/13054404/sb6b00180.pdf,ACS Publications via CU Boulder EZproxy,publishedVersion,,current_version_of_record_at_retrieval,authenticated_acs_version_of_record_pdf_endpoint,not_established,CU Boulder EZproxy authenticated session (curl-cffi),5160483,9e2fa412ebdf3884ee452503b6ce187ef7a309cfc37450c6b27aa805726c46b3,10,article_pdf,doi,1.0,
doi:10.1021/acssynbio.6b00184,10.1021/acssynbio.6b00184,2017,Engineering Modular Biosensors to Confer Metabolite-Responsive Regulation of Transcription,downloaded,data/papers/2017/10.1021__acssynbio.6b00184/publisher/paper.pdf,2026-09-03T03:21:42+00:00,https://pubs-acs-org.colorado.idm.oclc.org/doi/pdf/10.1021/acssynbio.6b00184,https://pubs-acs-org.colorado.idm.oclc.org/asbcd6/article-pdf/6/2/311/13054510/sb6b00184.pdf,ACS Publications via CU Boulder EZproxy,publishedVersion,,current_version_of_record_at_retrieval,authenticated_acs_version_of_record_pdf_endpoint,not_established,CU Boulder EZproxy authenticated session (curl-cffi),3008811,bd2cefd4006942c323e1efd9a7e4cda14fff686bbdb71fa742daf8cde8cfdbdb,15,article_pdf,doi,1.0,
doi:10.1021/acssynbio.6b00187,10.1021/acssynbio.6b00187,2017,Improving Metabolic Pathway Efficiency by Statistical Model-Based Multivariate Regulatory Metabolic Engineering,downloaded,data/papers/2017/10.1021__acssynbio.6b00187/publisher/paper.pdf,2026-09-03T03:21:08+00:00,https://pubs-acs-org.colorado.idm.oclc.org/doi/pdf/10.1021/acssynbio.6b00187,https://pubs-acs-org.colorado.idm.oclc.org/asbcd6/article-pdf/6/1/148/7257329/sb6b00187.pdf,ACS Publications via CU Boulder EZproxy,publishedVersion,,current_version_of_record_at_retrieval,authenticated_acs_version_of_record_pdf_endpoint,not_established,CU Boulder EZproxy authenticated session (curl-cffi),3885739,12fa0a0be8a448dee32fdf0bd40c0b97443002d068ed61e9fe989058ffdc511c,11,article_pdf,doi,1.0,
doi:10.1021/acssynbio.6b00188,10.1021/acssynbio.6b00188,2017,A General Tool for Engineering the NAD/NADP Cofactor Preference of Oxidoreductases,downloaded,data/papers/2017/10.1021__acssynbio.6b00188/publisher/paper.pdf,2026-09-03T03:21:45+00:00,https://pubs-acs-org.colorado.idm.oclc.org/doi/pdf/10.1021/acssynbio.6b00188,https://pubs-acs-org.colorado.idm.oclc.org/asbcd6/article-pdf/6/2/326/13053974/sb6b00188.pdf,ACS Publications via CU Boulder EZproxy,publishedVersion,,current_version_of_record_at_retrieval,authenticated_acs_version_of_record_pdf_endpoint,not_established,CU Boulder EZproxy authenticated session (curl-cffi),835981,d0502b2638f3e69d955b6c40288b9e63a0d97b92a15b2d27bd415c69c16e123f,8,article_pdf,doi,1.0,
doi:10.1021/acssynbio.6b00189,10.1021/acssynbio.6b00189,2017,Resource Sharing Controls Gene Expression Bursting,downloaded,data/papers/2017/10.1021__acssynbio.6b00189/publisher/paper.pdf,2026-09-03T03:21:47+00:00,https://pubs-acs-org.colorado.idm.oclc.org/doi/pdf/10.1021/acssynbio.6b00189,https://pubs-acs-org.colorado.idm.oclc.org/asbcd6/article-pdf/6/2/334/13054887/sb6b00189.pdf,ACS Publications via CU Boulder EZproxy,publishedVersion,,current_version_of_record_at_retrieval,authenticated_acs_version_of_record_pdf_endpoint,not_established,CU Boulder EZproxy authenticated session (curl-cffi),2842058,f4723c65fe93eedf1cdc30690f8a43383d9764ff792d24179c22848c61512ffb,10,article_pdf,doi,1.0,
doi:10.1021/acssynbio.6b00191,10.1021/acssynbio.6b00191,2017,Amplifying Riboswitch Signal Output Using Cellular Wiring,downloaded,data/papers/2017/10.1021__acssynbio.6b00191/publisher/paper.pdf,2026-09-03T03:26:30+00:00,https://pubs-acs-org.colorado.idm.oclc.org/doi/pdf/10.1021/acssynbio.6b00191,https://pubs-acs-org.colorado.idm.oclc.org/asbcd6/article-pdf/6/8/1440/11941226/sb6b00191.pdf,ACS Publications via CU Boulder EZproxy,publishedVersion,,current_version_of_record_at_retrieval,authenticated_acs_version_of_record_pdf_endpoint,not_established,CU Boulder EZproxy authenticated session (curl-cffi),1502637,9d8a08609a70467769c66117cd3705db634e7f07b815d4a2d1cfe0b57089784b,5,article_pdf,doi,1.0,
doi:10.1021/acssynbio.6b00192,10.1021/acssynbio.6b00192,2017,Rapid and Inexpensive Evaluation of Nonstandard Amino Acid Incorporation in Escherichia coli,downloaded,data/papers/2017/10.1021__acssynbio.6b00192/publisher/paper.pdf,2026-09-03T03:20:42+00:00,https://pubs-acs-org.colorado.idm.oclc.org/doi/pdf/10.1021/acssynbio.6b00192,https://pubs-acs-org.colorado.idm.oclc.org/asbcd6/article-pdf/6/1/45/7257438/sb6b00192.pdf,ACS Publications via CU Boulder EZproxy,publishedVersion,,current_version_of_record_at_retrieval,authenticated_acs_version_of_record_pdf_endpoint,not_established,CU Boulder EZproxy authenticated session (curl-cffi),2139412,32b51698d6e53584033e0c9f739c50051f90e16d1793a24f42e97a2bf9080040,10,article_pdf,doi,1.0,
doi:10.1021/acssynbio.6b00193,10.1021/acssynbio.6b00193,2017,"Expanded Genetic Alphabets: Managing Nucleotides That Lack Tautomeric, Protonated, or Deprotonated Versions Complementary to Natural Nucleotides",downloaded,data/papers/2017/10.1021__acssynbio.6b00193/publisher/paper.pdf,2026-09-03T03:21:16+00:00,https://pubs-acs-org.colorado.idm.oclc.org/doi/pdf/10.1021/acssynbio.6b00193,https://pubs-acs-org.colorado.idm.oclc.org/asbcd6/article-pdf/6/2/194/13053739/sb6b00193.pdf,ACS Publications via CU Boulder EZproxy,publishedVersion,,current_version_of_record_at_retrieval,authenticated_acs_version_of_record_pdf_endpoint,not_established,CU Boulder EZproxy authenticated session (curl-cffi),1884226,ce7d0bc38b508976a75d9d48dedf282c88dc043afbb1779d226b7aaa56139df9,7,article_pdf,doi,1.0,
doi:10.1021/acssynbio.6b00198,10.1021/acssynbio.6b00198,2017,Reproducibility of High-Throughput Plate-Reader Experiments in Synthetic Biology,downloaded,data/papers/2017/10.1021__acssynbio.6b00198/publisher/paper.pdf,2026-09-03T03:21:55+00:00,https://pubs-acs-org.colorado.idm.oclc.org/doi/pdf/10.1021/acssynbio.6b00198,https://pubs-acs-org.colorado.idm.oclc.org/asbcd6/article-pdf/6/2/375/13053925/sb6b00198.pdf,ACS Publications via CU Boulder EZproxy,publishedVersion,,current_version_of_record_at_retrieval,authenticated_acs_version_of_record_pdf_endpoint,not_established,CU Boulder EZproxy authenticated session (curl-cffi),741850,ddafb97f33c50eceb10da6dc2c60088011a85e030493b84edc12ed632ba5b998,6,article_pdf,doi,1.0,
doi:10.1021/acssynbio.6b00199,10.1021/acssynbio.6b00199,2017,Riboswitch-Based Reversible Dual Color Sensor,downloaded,data/papers/2017/10.1021__acssynbio.6b00199/publisher/paper.pdf,2026-09-03T03:23:30+00:00,https://pubs-acs-org.colorado.idm.oclc.org/doi/pdf/10.1021/acssynbio.6b00199,https://pubs-acs-org.colorado.idm.oclc.org/asbcd6/article-pdf/6/5/766/7257885/sb6b00199.pdf,ACS Publications via CU Boulder EZproxy,publishedVersion,,current_version_of_record_at_retrieval,authenticated_acs_version_of_record_pdf_endpoint,not_established,CU Boulder EZproxy authenticated session (curl-cffi),5674314,97a2b80793b2f51e515caf070aa78f9d23108512ff288354e14b6436a4d02b9b,16,article_pdf,doi,1.0,
doi:10.1021/acssynbio.6b00200,10.1021/acssynbio.6b00200,2017,Streamlining the Design-to-Build Transition with Build-Optimization Software Tools,downloaded,data/papers/2017/10.1021__acssynbio.6b00200/publisher/paper.pdf,2026-09-03T03:22:31+00:00,https://pubs-acs-org.colorado.idm.oclc.org/doi/pdf/10.1021/acssynbio.6b00200,https://pubs-acs-org.colorado.idm.oclc.org/asbcd6/article-pdf/6/3/485/7260129/sb6b00200.pdf,ACS Publications via CU Boulder EZproxy,publishedVersion,,current_version_of_record_at_retrieval,authenticated_acs_version_of_record_pdf_endpoint,not_established,CU Boulder EZproxy authenticated session (curl-cffi),5687799,742c02b603deccda89ecb7097ec1c9894feda259007a6d752123c953b4304214,12,article_pdf,doi,1.0,
doi:10.1021/acssynbio.6b00201,10.1021/acssynbio.6b00201,2017,Designing Synthetic Flexible Gene Regulation Networks Using RNA Devices in Cyanobacteria,downloaded,data/papers/2017/10.1021__acssynbio.6b00201/publisher/paper.pdf,2026-09-03T03:20:46+00:00,https://pubs-acs-org.colorado.idm.oclc.org/doi/pdf/10.1021/acssynbio.6b00201,https://pubs-acs-org.colorado.idm.oclc.org/asbcd6/article-pdf/6/1/55/7257260/sb6b00201.pdf,ACS Publications via CU Boulder EZproxy,publishedVersion,,current_version_of_record_at_retrieval,authenticated_acs_version_of_record_pdf_endpoint,not_established,CU Boulder EZproxy authenticated session (curl-cffi),1953907,66039bb4b13fbeb6e6a7c08b0ecea8e0b0fb2bab848ea8840efb94a3199b619d,7,article_pdf,doi,1.0,
doi:10.1021/acssynbio.6b00202,10.1021/acssynbio.6b00202,2017,Development of Next Generation Synthetic Biology Tools for Use in Streptomyces venezuelae,downloaded,data/papers/2017/10.1021__acssynbio.6b00202/publisher/paper.pdf,2026-09-03T03:21:07+00:00,https://pubs-acs-org.colorado.idm.oclc.org/doi/pdf/10.1021/acssynbio.6b00202,https://pubs-acs-org.colorado.idm.oclc.org/asbcd6/article-pdf/6/1/159/7257777/sb6b00202.pdf,ACS Publications via CU Boulder EZproxy,publishedVersion,,current_version_of_record_at_retrieval,authenticated_acs_version_of_record_pdf_endpoint,not_established,CU Boulder EZproxy authenticated session (curl-cffi),3209594,dd1154171a0afa452e4cc70e95117febdbe63f660d84dc82bc9ae0971bfa9540,8,article_pdf,doi,1.0,
doi:10.1021/acssynbio.6b00203,10.1021/acssynbio.6b00203,2017,Functional Reconstitution of a Fungal Natural Product Gene Cluster by Advanced Genome Editing,downloaded,data/papers/2017/10.1021__acssynbio.6b00203/publisher/paper.pdf,2026-09-03T03:20:46+00:00,https://pubs-acs-org.colorado.idm.oclc.org/doi/pdf/10.1021/acssynbio.6b00203,https://pubs-acs-org.colorado.idm.oclc.org/asbcd6/article-pdf/6/1/62/7257671/sb6b00203.pdf,ACS Publications via CU Boulder EZproxy,publishedVersion,,current_version_of_record_at_retrieval,authenticated_acs_version_of_record_pdf_endpoint,not_established,CU Boulder EZproxy authenticated session (curl-cffi),1307121,4eb42e7c763b02c137a05e6977f38194e3c224f0d6dc1e97e46e3b33a6bf72dd,7,article_pdf,doi,1.0,
doi:10.1021/acssynbio.6b00205,10.1021/acssynbio.6b00205,2017,"New Orthogonal Transcriptional Switches Derived from Tet Repressor Homologues for Saccharomyces cerevisiae Regulated by 2,4-Diacetylphloroglucinol and Other Ligands",downloaded,data/papers/2017/10.1021__acssynbio.6b00205/publisher/paper.pdf,2026-09-03T03:22:29+00:00,https://pubs-acs-org.colorado.idm.oclc.org/doi/pdf/10.1021/acssynbio.6b00205,https://pubs-acs-org.colorado.idm.oclc.org/asbcd6/article-pdf/6/3/497/7258849/sb6b00205.pdf,ACS Publications via CU Boulder EZproxy,publishedVersion,,current_version_of_record_at_retrieval,authenticated_acs_version_of_record_pdf_endpoint,not_established,CU Boulder EZproxy authenticated session (curl-cffi),1996377,416bced4458e267e69786a4586e123d0bad159630a0fc4f7c82f848b6aa877c1,10,article_pdf,doi,1.0,
doi:10.1021/acssynbio.6b00206,10.1021/acssynbio.6b00206,2017,Engineering of Taxadiene Synthase for Improved Selectivity and Yield of a Key Taxol Biosynthetic Intermediate,downloaded,data/papers/2017/10.1021__acssynbio.6b00206/publisher/paper.pdf,2026-09-03T03:21:18+00:00,https://pubs-acs-org.colorado.idm.oclc.org/doi/pdf/10.1021/acssynbio.6b00206,https://pubs-acs-org.colorado.idm.oclc.org/asbcd6/article-pdf/6/2/201/13054173/sb6b00206.pdf,ACS Publications via CU Boulder EZproxy,publishedVersion,,current_version_of_record_at_retrieval,authenticated_acs_version_of_record_pdf_endpoint,not_established,CU Boulder EZproxy authenticated session (curl-cffi),1212063,553620c2b0ce2c78c8c49a090acecccedaf9925d95223bc81f8ba856143d9acd,5,article_pdf,doi,1.0,
doi:10.1021/acssynbio.6b00211,10.1021/acssynbio.6b00211,2017,Relief of Xylose Binding to Cellobiose Phosphorylase by a Single Distal Mutation,downloaded,data/papers/2017/10.1021__acssynbio.6b00211/publisher/paper.pdf,2026-09-03T03:21:20+00:00,https://pubs-acs-org.colorado.idm.oclc.org/doi/pdf/10.1021/acssynbio.6b00211,https://pubs-acs-org.colorado.idm.oclc.org/asbcd6/article-pdf/6/2/206/13055023/sb6b00211.pdf,ACS Publications via CU Boulder EZproxy,publishedVersion,,current_version_of_record_at_retrieval,authenticated_acs_version_of_record_pdf_endpoint,not_established,CU Boulder EZproxy authenticated session (curl-cffi),2853869,07cb13e34d6f8e3f729058cc3e033075f38ad2cce1de4b8006d56e2b019407b8,5,article_pdf,doi,1.0,
doi:10.1021/acssynbio.6b00215,10.1021/acssynbio.6b00215,2017,Paired Design of dCas9 as a Systematic Platform for the Detection of Featured Nucleic Acid Sequences in Pathogenic Strains,downloaded,data/papers/2017/10.1021__acssynbio.6b00215/publisher/paper.pdf,2026-09-03T03:21:22+00:00,https://pubs-acs-org.colorado.idm.oclc.org/doi/pdf/10.1021/acssynbio.6b00215,https://pubs-acs-org.colorado.idm.oclc.org/asbcd6/article-pdf/6/2/211/13054941/sb6b00215.pdf,ACS Publications via CU Boulder EZproxy,publishedVersion,,current_version_of_record_at_retrieval,authenticated_acs_version_of_record_pdf_endpoint,not_established,CU Boulder EZproxy authenticated session (curl-cffi),1641588,0b740167598f125d3971d873910b3d73bdae497ddee2a998b270dafe488c812e,6,article_pdf,doi,1.0,
doi:10.1021/acssynbio.6b00219,10.1021/acssynbio.6b00219,2017,Reprogramming the Transcriptional Response to Hypoxia with a Chromosomally Encoded Cyclic Peptide HIF-1 Inhibitor,downloaded,data/papers/2017/10.1021__acssynbio.6b00219/publisher/paper.pdf,2026-09-03T03:22:36+00:00,https://pubs-acs-org.colorado.idm.oclc.org/doi/pdf/10.1021/acssynbio.6b00219,https://pubs-acs-org.colorado.idm.oclc.org/asbcd6/article-pdf/6/3/518/67255192/acssynbio.6b00219.pdf,ACS Publications via CU Boulder EZproxy,publishedVersion,,current_version_of_record_at_retrieval,authenticated_acs_version_of_record_pdf_endpoint,not_established,CU Boulder EZproxy authenticated session (curl-cffi),4840531,1eb91a1a8dcc75684791562e3b71b81da20b1c611603b3a5a9842d9f17da0d21,10,article_pdf,doi,1.0,
doi:10.1021/acssynbio.6b00220,10.1021/acssynbio.6b00220,2017,In-Silico Analysis and Implementation of a Multicellular Feedback Control Strategy in a Synthetic Bacterial Consortium,downloaded,data/papers/2017/10.1021__acssynbio.6b00220/publisher/paper.pdf,2026-09-03T03:22:36+00:00,https://pubs-acs-org.colorado.idm.oclc.org/doi/pdf/10.1021/acssynbio.6b00220,https://pubs-acs-org.colorado.idm.oclc.org/asbcd6/article-pdf/6/3/507/7259246/sb6b00220.pdf,ACS Publications via CU Boulder EZproxy,publishedVersion,,current_version_of_record_at_retrieval,authenticated_acs_version_of_record_pdf_endpoint,not_established,CU Boulder EZproxy authenticated session (curl-cffi),2510263,65184e33809fd32ade68243018a5e7b61ce3089207e4a8a5c0d84bfb2c2dfc03,11,article_pdf,doi,1.0,
doi:10.1021/acssynbio.6b00222,10.1021/acssynbio.6b00222,2017,Selective Inactivation of Functional RNAs by Ribozyme-Catalyzed Covalent Modification,downloaded,data/papers/2017/10.1021__acssynbio.6b00222/publisher/paper.pdf,2026-09-03T03:22:39+00:00,https://pubs-acs-org.colorado.idm.oclc.org/doi/pdf/10.1021/acssynbio.6b00222,https://pubs-acs-org.colorado.idm.oclc.org/asbcd6/article-pdf/6/3/528/7259320/sb6b00222.pdf,ACS Publications via CU Boulder EZproxy,publishedVersion,,current_version_of_record_at_retrieval,authenticated_acs_version_of_record_pdf_endpoint,not_established,CU Boulder EZproxy authenticated session (curl-cffi),2306041,86e2270c9efc75b95245b29846ce1f04458f8825d40010b706ce3df13e6bcba3,7,article_pdf,doi,1.0,
doi:10.1021/acssynbio.6b00224,10.1021/acssynbio.6b00224,2017,"Biophysics of Artificially Expanded Genetic Information Systems. Thermodynamics of DNA Duplexes Containing Matches and Mismatches Involving 2-Amino-3-nitropyridin-6-one (Z) and Imidazo[1,2-a]-1,3,5-triazin-4(8H)one (P)",downloaded,data/papers/2017/10.1021__acssynbio.6b00224/publisher/paper.pdf,2026-09-03T03:23:33+00:00,https://pubs-acs-org.colorado.idm.oclc.org/doi/pdf/10.1021/acssynbio.6b00224,https://pubs-acs-org.colorado.idm.oclc.org/asbcd6/article-pdf/6/5/782/7257693/sb6b00224.pdf,ACS Publications via CU Boulder EZproxy,publishedVersion,,current_version_of_record_at_retrieval,authenticated_acs_version_of_record_pdf_endpoint,not_established,CU Boulder EZproxy authenticated session (curl-cffi),2234661,30928d902e48aa08846c44993b293bb408f2b8d9c8e6da886b34fa6ed582cc85,11,article_pdf,doi,1.0,
doi:10.1021/acssynbio.6b00228,10.1021/acssynbio.6b00228,2017,A Single Deoxynucleoside Kinase Variant from Drosophila melanogaster Synthesizes Monophosphates of Nucleosides That Are Components of an Expanded Genetic System,downloaded,data/papers/2017/10.1021__acssynbio.6b00228/publisher/paper.pdf,2026-09-03T03:22:00+00:00,https://pubs-acs-org.colorado.idm.oclc.org/doi/pdf/10.1021/acssynbio.6b00228,https://pubs-acs-org.colorado.idm.oclc.org/asbcd6/article-pdf/6/3/388/7259564/sb6b00228.pdf,ACS Publications via CU Boulder EZproxy,publishedVersion,,current_version_of_record_at_retrieval,authenticated_acs_version_of_record_pdf_endpoint,not_established,CU Boulder EZproxy authenticated session (curl-cffi),2881791,eb0a70d67baf58c7ecfe5b77cbe1842bc75ab77904ce5da386dfc58d4dc7a6fd,7,article_pdf,doi,1.0,
doi:10.1021/acssynbio.6b00230,10.1021/acssynbio.6b00230,2017,Refactoring the Embden?Meyerhof?Parnas Pathway as a Whole of Portable GlucoBricks for Implantation of Glycolytic Modules in Gram-Negative Bacteria,downloaded,data/papers/2017/10.1021__acssynbio.6b00230/publisher/paper.pdf,2026-09-03T03:23:33+00:00,https://pubs-acs-org.colorado.idm.oclc.org/doi/pdf/10.1021/acssynbio.6b00230,https://pubs-acs-org.colorado.idm.oclc.org/asbcd6/article-pdf/6/5/793/67117344/acssynbio.6b00230.pdf,ACS Publications via CU Boulder EZproxy,publishedVersion,,current_version_of_record_at_retrieval,authenticated_acs_version_of_record_pdf_endpoint,not_established,CU Boulder EZproxy authenticated session (curl-cffi),1907784,fea1b454ba20842d3dc4441639a3b3957442b5e6ee8164f68acb522149d8a073,13,article_pdf,doi,1.0,
doi:10.1021/acssynbio.6b00233,10.1021/acssynbio.6b00233,2017,Characterization of Endogenous and Reduced Promoters for Oxygen-Limited Processes Using Escherichia coli,downloaded,data/papers/2017/10.1021__acssynbio.6b00233/publisher/paper.pdf,2026-09-03T03:21:52+00:00,https://pubs-acs-org.colorado.idm.oclc.org/doi/pdf/10.1021/acssynbio.6b00233,https://pubs-acs-org.colorado.idm.oclc.org/asbcd6/article-pdf/6/2/344/13053624/sb6b00233.pdf,ACS Publications via CU Boulder EZproxy,publishedVersion,,current_version_of_record_at_retrieval,authenticated_acs_version_of_record_pdf_endpoint,not_established,CU Boulder EZproxy authenticated session (curl-cffi),2950454,ea8e15c8306524c6aa8d05afe0dd184e64e7c2a3c2c325f07b8551f841038b7b,13,article_pdf,doi,1.0,
doi:10.1021/acssynbio.6b00235,10.1021/acssynbio.6b00235,2017,Nonhierarchical Flux Regulation Exposes the Fitness Burden Associated with Lactate Production in Synechocystis sp. PCC6803,downloaded,data/papers/2017/10.1021__acssynbio.6b00235/publisher/paper.pdf,2026-09-03T03:21:59+00:00,https://pubs-acs-org.colorado.idm.oclc.org/doi/pdf/10.1021/acssynbio.6b00235,https://pubs-acs-org.colorado.idm.oclc.org/asbcd6/article-pdf/6/3/395/7259389/sb6b00235.pdf,ACS Publications via CU Boulder EZproxy,publishedVersion,,current_version_of_record_at_retrieval,authenticated_acs_version_of_record_pdf_endpoint,not_established,CU Boulder EZproxy authenticated session (curl-cffi),1517273,0ec7b9c6635e4647a6648c643a0f480f59764f4ba69c1cbf0b178b85388f81a0,7,article_pdf,doi,1.0,
doi:10.1021/acssynbio.6b00239,10.1021/acssynbio.6b00239,2017,Engineering an Obligate Photoautotrophic Cyanobacterium to Utilize Glycerol for Growth and Chemical Production,downloaded,data/papers/2017/10.1021__acssynbio.6b00239/publisher/paper.pdf,2026-09-03T03:20:49+00:00,https://pubs-acs-org.colorado.idm.oclc.org/doi/pdf/10.1021/acssynbio.6b00239,https://pubs-acs-org.colorado.idm.oclc.org/asbcd6/article-pdf/6/1/69/7257744/sb6b00239.pdf,ACS Publications via CU Boulder EZproxy,publishedVersion,,current_version_of_record_at_retrieval,authenticated_acs_version_of_record_pdf_endpoint,not_established,CU Boulder EZproxy authenticated session (curl-cffi),1219249,a3ddcfe8ff03fca0d104dc5754006dffc073f978c108fff922790e84a34266c0,7,article_pdf,doi,1.0,
doi:10.1021/acssynbio.6b00240,10.1021/acssynbio.6b00240,2017,Engineering a Thermostable Keto Acid Decarboxylase Using Directed Evolution and Computationally Directed Protein Design,downloaded,data/papers/2017/10.1021__acssynbio.6b00240/publisher/paper.pdf,2026-09-03T03:22:53+00:00,https://pubs-acs-org.colorado.idm.oclc.org/doi/pdf/10.1021/acssynbio.6b00240,https://pubs-acs-org.colorado.idm.oclc.org/asbcd6/article-pdf/6/4/610/8417569/sb6b00240.pdf,ACS Publications via CU Boulder EZproxy,publishedVersion,,current_version_of_record_at_retrieval,authenticated_acs_version_of_record_pdf_endpoint,not_established,CU Boulder EZproxy authenticated session (curl-cffi),3955695,d31805c3ed91725a4c169eb93f7aa92f2c18b2d594f82d1c02651bd9bc2a7567,9,article_pdf,doi,1.0,
doi:10.1021/acssynbio.6b00245,10.1021/acssynbio.6b00245,2017,Combining Sense and Nonsense Codon Reassignment for Site-Selective Protein Modification with Unnatural Amino Acids,downloaded,data/papers/2017/10.1021__acssynbio.6b00245/publisher/paper.pdf,2026-09-03T03:22:40+00:00,https://pubs-acs-org.colorado.idm.oclc.org/doi/pdf/10.1021/acssynbio.6b00245,https://pubs-acs-org.colorado.idm.oclc.org/asbcd6/article-pdf/6/3/535/7259738/sb6b00245.pdf,ACS Publications via CU Boulder EZproxy,publishedVersion,,current_version_of_record_at_retrieval,authenticated_acs_version_of_record_pdf_endpoint,not_established,CU Boulder EZproxy authenticated session (curl-cffi),2086392,fcfe6c70d014d834cffa25952fee0204f0588c0d449d805e96890aa07a897632,10,article_pdf,doi,1.0,
doi:10.1021/acssynbio.6b00248,10.1021/acssynbio.6b00248,2017,Engineered Photoactivatable Genetic Switches Based on the Bacterium Phage T7 RNA Polymerase,downloaded,data/papers/2017/10.1021__acssynbio.6b00248/publisher/paper.pdf,2026-09-03T03:21:50+00:00,https://pubs-acs-org.colorado.idm.oclc.org/doi/pdf/10.1021/acssynbio.6b00248,https://pubs-acs-org.colorado.idm.oclc.org/asbcd6/article-pdf/6/2/357/13054130/sb6b00248.pdf,ACS Publications via CU Boulder EZproxy,publishedVersion,,current_version_of_record_at_retrieval,authenticated_acs_version_of_record_pdf_endpoint,not_established,CU Boulder EZproxy authenticated session (curl-cffi),1991389,d086298aba9d5ef17ff7e2203c984470c910afae9d2d4cefd5b5bbecf9a4d125,10,article_pdf,doi,1.0,
doi:10.1021/acssynbio.6b00250,10.1021/acssynbio.6b00250,2017,Cell-Free Translation Is More Variable than Transcription,downloaded,data/papers/2017/10.1021__acssynbio.6b00250/publisher/paper.pdf,2026-09-03T03:23:00+00:00,https://pubs-acs-org.colorado.idm.oclc.org/doi/pdf/10.1021/acssynbio.6b00250,https://pubs-acs-org.colorado.idm.oclc.org/asbcd6/article-pdf/6/4/638/67117330/acssynbio.6b00250.pdf,ACS Publications via CU Boulder EZproxy,publishedVersion,,current_version_of_record_at_retrieval,authenticated_acs_version_of_record_pdf_endpoint,not_established,CU Boulder EZproxy authenticated session (curl-cffi),1173937,00bd7f92e1408593958489001257e31b3f208c875932d3d11bb3bd9ff99a903c,10,article_pdf,doi,1.0,
doi:10.1021/acssynbio.6b00251,10.1021/acssynbio.6b00251,2017,Robust Synthetic Circuits for Two-Dimensional Control of Gene Expression in Yeast,downloaded,data/papers/2017/10.1021__acssynbio.6b00251/publisher/paper.pdf,2026-09-03T03:22:43+00:00,https://pubs-acs-org.colorado.idm.oclc.org/doi/pdf/10.1021/acssynbio.6b00251,https://pubs-acs-org.colorado.idm.oclc.org/asbcd6/article-pdf/6/3/545/7260168/sb6b00251.pdf,ACS Publications via CU Boulder EZproxy,publishedVersion,,current_version_of_record_at_retrieval,authenticated_acs_version_of_record_pdf_endpoint,not_established,CU Boulder EZproxy authenticated session (curl-cffi),2833754,aff5a4c237ac381402733975a480bd50b895630317c35c8a6cdf4dd34a12a06e,10,article_pdf,doi,1.0,
doi:10.1021/acssynbio.6b00252,10.1021/acssynbio.6b00252,2017,DNAplotlib: Programmable Visualization of Genetic Designs and Associated Data,downloaded,data/papers/2017/10.1021__acssynbio.6b00252/publisher/paper.pdf,2026-09-03T03:25:00+00:00,https://pubs-acs-org.colorado.idm.oclc.org/doi/pdf/10.1021/acssynbio.6b00252,https://pubs-acs-org.colorado.idm.oclc.org/asbcd6/article-pdf/6/7/1115/7262240/sb6b00252.pdf,ACS Publications via CU Boulder EZproxy,publishedVersion,,current_version_of_record_at_retrieval,authenticated_acs_version_of_record_pdf_endpoint,not_established,CU Boulder EZproxy authenticated session (curl-cffi),2114272,0f125198697b5c9f00710db37444f66050dfbe61f1e4bdff841cd14fd00eda34,5,article_pdf,doi,1.0,
doi:10.1021/acssynbio.6b00254,10.1021/acssynbio.6b00254,2017,Cyanobacterial Surface Display System Mediates Engineered Interspecies and Abiotic Binding,downloaded,data/papers/2017/10.1021__acssynbio.6b00254/publisher/paper.pdf,2026-09-03T03:21:56+00:00,https://pubs-acs-org.colorado.idm.oclc.org/doi/pdf/10.1021/acssynbio.6b00254,https://pubs-acs-org.colorado.idm.oclc.org/asbcd6/article-pdf/6/2/367/13054187/sb6b00254.pdf,ACS Publications via CU Boulder EZproxy,publishedVersion,,current_version_of_record_at_retrieval,authenticated_acs_version_of_record_pdf_endpoint,not_established,CU Boulder EZproxy authenticated session (curl-cffi),5197957,1e42e1d481b49ac34ed7b9c1b18d5e7c82cbafea5906c1fa3ea50ac81504e7ae,8,article_pdf,doi,1.0,
doi:10.1021/acssynbio.6b00255,10.1021/acssynbio.6b00255,2017,Engineering Iron Responses in Mammalian Cells by Signal-Induced Protein Proximity,downloaded,data/papers/2017/10.1021__acssynbio.6b00255/publisher/paper.pdf,2026-09-03T03:24:12+00:00,https://pubs-acs-org.colorado.idm.oclc.org/doi/pdf/10.1021/acssynbio.6b00255,https://pubs-acs-org.colorado.idm.oclc.org/asbcd6/article-pdf/6/6/921/8419087/sb6b00255.pdf,ACS Publications via CU Boulder EZproxy,publishedVersion,,current_version_of_record_at_retrieval,authenticated_acs_version_of_record_pdf_endpoint,not_established,CU Boulder EZproxy authenticated session (curl-cffi),2847731,1101a75ba013a8e71f0562024df9767f84b7326c6bfde1ba6d89c1b2e9a8e10f,7,article_pdf,doi,1.0,
doi:10.1021/acssynbio.6b00257,10.1021/acssynbio.6b00257,2017,"A Glucose-Sensing Toggle Switch for Autonomous, High Productivity Genetic Control",downloaded,data/papers/2017/10.1021__acssynbio.6b00257/publisher/paper.pdf,2026-09-03T03:25:51+00:00,https://pubs-acs-org.colorado.idm.oclc.org/doi/pdf/10.1021/acssynbio.6b00257,https://pubs-acs-org.colorado.idm.oclc.org/asbcd6/article-pdf/6/7/1296/7262631/sb6b00257.pdf,ACS Publications via CU Boulder EZproxy,publishedVersion,,current_version_of_record_at_retrieval,authenticated_acs_version_of_record_pdf_endpoint,not_established,CU Boulder EZproxy authenticated session (curl-cffi),2288399,b127b3b6767bc32d7a24ea9a9102e643ad1e2eecd4bef27632fd46124f5b828d,9,article_pdf,doi,1.0,
doi:10.1021/acssynbio.6b00261,10.1021/acssynbio.6b00261,2017,Retargeting a Dual-Acting sRNA for Multiple mRNA Transcript Regulation,downloaded,data/papers/2017/10.1021__acssynbio.6b00261/publisher/paper.pdf,2026-09-03T03:23:00+00:00,https://pubs-acs-org.colorado.idm.oclc.org/doi/pdf/10.1021/acssynbio.6b00261,https://pubs-acs-org.colorado.idm.oclc.org/asbcd6/article-pdf/6/4/648/8416733/sb6b00261.pdf,ACS Publications via CU Boulder EZproxy,publishedVersion,,current_version_of_record_at_retrieval,authenticated_acs_version_of_record_pdf_endpoint,not_established,CU Boulder EZproxy authenticated session (curl-cffi),2108806,39ab2e1de730bf824abc493a9116ee1b8207d5bf7b78f9003e152eae6d171b8a,11,article_pdf,doi,1.0,
doi:10.1021/acssynbio.6b00262,10.1021/acssynbio.6b00262,2017,Positive Feedback Genetic Circuit Incorporating a Constitutively Active Mutant Gal3 into Yeast GAL Induction System,downloaded,data/papers/2017/10.1021__acssynbio.6b00262/publisher/paper.pdf,2026-09-03T03:24:19+00:00,https://pubs-acs-org.colorado.idm.oclc.org/doi/pdf/10.1021/acssynbio.6b00262,https://pubs-acs-org.colorado.idm.oclc.org/asbcd6/article-pdf/6/6/928/8421650/sb6b00262.pdf,ACS Publications via CU Boulder EZproxy,publishedVersion,,current_version_of_record_at_retrieval,authenticated_acs_version_of_record_pdf_endpoint,not_established,CU Boulder EZproxy authenticated session (curl-cffi),2692961,2ce0011b9beae9439edb3d9cef80be8f345c9dfee1bea8d807d936094f7e7dda,8,article_pdf,doi,1.0,
doi:10.1021/acssynbio.6b00263,10.1021/acssynbio.6b00263,2017,"A Novel Approach for Gene Expression Optimization through Native Promoter and 5′ UTR Combinations Based on RNA-seq, Ribo-seq, and TSS-seq of Streptomyces coelicolor",downloaded,data/papers/2017/10.1021__acssynbio.6b00263/publisher/paper.pdf,2026-09-03T03:22:44+00:00,https://pubs-acs-org.colorado.idm.oclc.org/doi/pdf/10.1021/acssynbio.6b00263,https://pubs-acs-org.colorado.idm.oclc.org/asbcd6/article-pdf/6/3/555/7259646/sb6b00263.pdf,ACS Publications via CU Boulder EZproxy,publishedVersion,,current_version_of_record_at_retrieval,authenticated_acs_version_of_record_pdf_endpoint,not_established,CU Boulder EZproxy authenticated session (curl-cffi),1637659,de64816ea04da3a1b1533abb70f1ffec6f7c15817b65205212875ab005c5a2a4,11,article_pdf,doi,1.0,
doi:10.1021/acssynbio.6b00264,10.1021/acssynbio.6b00264,2017,Quantitative Trait Loci (QTL)-Guided Metabolic Engineering of a Complex Trait,downloaded,data/papers/2017/10.1021__acssynbio.6b00264/publisher/paper.pdf,2026-09-03T03:22:49+00:00,https://pubs-acs-org.colorado.idm.oclc.org/doi/pdf/10.1021/acssynbio.6b00264,https://pubs-acs-org.colorado.idm.oclc.org/asbcd6/article-pdf/6/3/566/67361150/acssynbio.6b00264.pdf,ACS Publications via CU Boulder EZproxy,publishedVersion,,current_version_of_record_at_retrieval,authenticated_acs_version_of_record_pdf_endpoint,not_established,CU Boulder EZproxy authenticated session (curl-cffi),3745703,acb6db12410efb8ee659e4e90de055591ae155299041dee29c74c66300d81ff2,16,article_pdf,doi,1.0,
doi:10.1021/acssynbio.6b00271,10.1021/acssynbio.6b00271,2017,Designing Uniquely Addressable Bio-orthogonal Synthetic Scaffolds for DNA and RNA Origami,downloaded,data/papers/2017/10.1021__acssynbio.6b00271/publisher/paper.pdf,2026-09-03T03:25:10+00:00,https://pubs-acs-org.colorado.idm.oclc.org/doi/pdf/10.1021/acssynbio.6b00271,https://pubs-acs-org.colorado.idm.oclc.org/asbcd6/article-pdf/6/7/1140/67255324/acssynbio.6b00271.pdf,ACS Publications via CU Boulder EZproxy,publishedVersion,,current_version_of_record_at_retrieval,authenticated_acs_version_of_record_pdf_endpoint,not_established,CU Boulder EZproxy authenticated session (curl-cffi),6794053,a875d6eeca50096af0c3b6e3d1bda071250a952d88ec85783434a5476d06c23b,10,article_pdf,doi,1.0,
doi:10.1021/acssynbio.6b00273,10.1021/acssynbio.6b00273,2017,sbml-diff : A Tool for Visually Comparing SBML Models in Synthetic Biology,downloaded,data/papers/2017/10.1021__acssynbio.6b00273/publisher/paper.pdf,2026-09-03T03:25:31+00:00,https://pubs-acs-org.colorado.idm.oclc.org/doi/pdf/10.1021/acssynbio.6b00273,https://pubs-acs-org.colorado.idm.oclc.org/asbcd6/article-pdf/6/7/1225/67361211/acssynbio.6b00273.pdf,ACS Publications via CU Boulder EZproxy,publishedVersion,,current_version_of_record_at_retrieval,authenticated_acs_version_of_record_pdf_endpoint,not_established,CU Boulder EZproxy authenticated session (curl-cffi),871170,c325e40b67df61233d758fa948c2cc4ddc051ff194063da6dd97097d2eee7335,5,article_pdf,doi,1.0,
doi:10.1021/acssynbio.6b00275,10.1021/acssynbio.6b00275,2017,SBOLDesigner 2: An Intuitive Tool for Structural Genetic Design,downloaded,data/papers/2017/10.1021__acssynbio.6b00275/publisher/paper.pdf,2026-09-03T03:25:16+00:00,https://pubs-acs-org.colorado.idm.oclc.org/doi/pdf/10.1021/acssynbio.6b00275,https://pubs-acs-org.colorado.idm.oclc.org/asbcd6/article-pdf/6/7/1150/7262968/sb6b00275.pdf,ACS Publications via CU Boulder EZproxy,publishedVersion,,current_version_of_record_at_retrieval,authenticated_acs_version_of_record_pdf_endpoint,not_established,CU Boulder EZproxy authenticated session (curl-cffi),6355462,04855ce8bbcb2a26298390d8f981b808c0895b1ad7444b5767d9909b50c6350f,11,article_pdf,doi,1.0,
doi:10.1021/acssynbio.6b00277,10.1021/acssynbio.6b00277,2017,A Validator and Converter for the Synthetic Biology Open Language,downloaded,data/papers/2017/10.1021__acssynbio.6b00277/publisher/paper.pdf,2026-09-03T03:25:16+00:00,https://pubs-acs-org.colorado.idm.oclc.org/doi/pdf/10.1021/acssynbio.6b00277,https://pubs-acs-org.colorado.idm.oclc.org/asbcd6/article-pdf/6/7/1161/7262081/sb6b00277.pdf,ACS Publications via CU Boulder EZproxy,publishedVersion,,current_version_of_record_at_retrieval,authenticated_acs_version_of_record_pdf_endpoint,not_established,CU Boulder EZproxy authenticated session (curl-cffi),1649519,9a180cf05376d7497124ce19212fa91565ee88a0ba502ee05112475f9faf8a66,8,article_pdf,doi,1.0,
doi:10.1021/acssynbio.6b00278,10.1021/acssynbio.6b00278,2017,SBOLme: a Repository of SBOL Parts for Metabolic Engineering,downloaded,data/papers/2017/10.1021__acssynbio.6b00278/publisher/paper.pdf,2026-09-03T03:23:24+00:00,https://pubs-acs-org.colorado.idm.oclc.org/doi/pdf/10.1021/acssynbio.6b00278,https://pubs-acs-org.colorado.idm.oclc.org/asbcd6/article-pdf/6/4/732/8416991/sb6b00278.pdf,ACS Publications via CU Boulder EZproxy,publishedVersion,,current_version_of_record_at_retrieval,authenticated_acs_version_of_record_pdf_endpoint,not_established,CU Boulder EZproxy authenticated session (curl-cffi),2172280,f64e83e31651b2b7f0e138f15f548d246bf4c43c4d7f3395d0867fac00ddb187,5,article_pdf,doi,1.0,
doi:10.1021/acssynbio.6b00279,10.1021/acssynbio.6b00279,2017,Multiplexing Engineered Receptors for Multiparametric Evaluation of Environmental Ligands,downloaded,data/papers/2017/10.1021__acssynbio.6b00279/publisher/paper.pdf,2026-09-03T03:29:23+00:00,https://pubs-acs-org.colorado.idm.oclc.org/doi/pdf/10.1021/acssynbio.6b00279,https://pubs-acs-org.colorado.idm.oclc.org/asbcd6/article-pdf/6/11/2042/7260513/sb6b00279.pdf,ACS Publications via CU Boulder EZproxy,publishedVersion,,current_version_of_record_at_retrieval,authenticated_acs_version_of_record_pdf_endpoint,not_established,CU Boulder EZproxy authenticated session (curl-cffi),7049294,0993d1ad935940f7f5ef22730401ebb78030d617ce115c03bd60eac8a2a69d56,14,article_pdf,doi,1.0,
doi:10.1021/acssynbio.6b00281,10.1021/acssynbio.6b00281,2017,Global Metabolic Engineering of Glycolytic Pathway via Multicopy Integration in Saccharomyces cerevisiae,downloaded,data/papers/2017/10.1021__acssynbio.6b00281/publisher/paper.pdf,2026-09-03T03:23:02+00:00,https://pubs-acs-org.colorado.idm.oclc.org/doi/pdf/10.1021/acssynbio.6b00281,https://pubs-acs-org.colorado.idm.oclc.org/asbcd6/article-pdf/6/4/659/8417754/sb6b00281.pdf,ACS Publications via CU Boulder EZproxy,publishedVersion,,current_version_of_record_at_retrieval,authenticated_acs_version_of_record_pdf_endpoint,not_established,CU Boulder EZproxy authenticated session (curl-cffi),1394634,b66fa5a972e3b5408d96a0c70fb7080d0022a390f281e8cbef8e71e7ffe2a773,8,article_pdf,doi,1.0,
doi:10.1021/acssynbio.6b00282,10.1021/acssynbio.6b00282,2017,Measurement of In Vivo Protein Binding Affinities in a Signaling Network with Mass Spectrometry,downloaded,data/papers/2017/10.1021__acssynbio.6b00282/publisher/paper.pdf,2026-09-03T03:25:51+00:00,https://pubs-acs-org.colorado.idm.oclc.org/doi/pdf/10.1021/acssynbio.6b00282,https://pubs-acs-org.colorado.idm.oclc.org/asbcd6/article-pdf/6/7/1305/7261912/sb6b00282.pdf,ACS Publications via CU Boulder EZproxy,publishedVersion,,current_version_of_record_at_retrieval,authenticated_acs_version_of_record_pdf_endpoint,not_established,CU Boulder EZproxy authenticated session (curl-cffi),1671074,8b5c587244f5a4863bfd1fcd23c8b44a333e65e210f0ba6081e5b2bdb012f150,10,article_pdf,doi,1.0,
doi:10.1021/acssynbio.6b00284,10.1021/acssynbio.6b00284,2017,Genetically Encodable Bacterial Flavin Transferase for Fluorogenic Protein Modification in Mammalian Cells,downloaded,data/papers/2017/10.1021__acssynbio.6b00284/publisher/paper.pdf,2026-09-03T03:23:04+00:00,https://pubs-acs-org.colorado.idm.oclc.org/doi/pdf/10.1021/acssynbio.6b00284,https://pubs-acs-org.colorado.idm.oclc.org/asbcd6/article-pdf/6/4/667/8418135/sb6b00284.pdf,ACS Publications via CU Boulder EZproxy,publishedVersion,,current_version_of_record_at_retrieval,authenticated_acs_version_of_record_pdf_endpoint,not_established,CU Boulder EZproxy authenticated session (curl-cffi),5409142,58d6456f7b3d4c765eaabe2f0ec78cfc23d946caec109bdb7aff8d6532d9c8ff,11,article_pdf,doi,1.0,
doi:10.1021/acssynbio.6b00285,10.1021/acssynbio.6b00285,2017,Standardized Markerless Gene Integration for Pathway Engineering in Yarrowia lipolytica,downloaded,data/papers/2017/10.1021__acssynbio.6b00285/publisher/paper.pdf,2026-09-03T03:22:05+00:00,https://pubs-acs-org.colorado.idm.oclc.org/doi/pdf/10.1021/acssynbio.6b00285,https://pubs-acs-org.colorado.idm.oclc.org/asbcd6/article-pdf/6/3/402/7259756/sb6b00285.pdf,ACS Publications via CU Boulder EZproxy,publishedVersion,,current_version_of_record_at_retrieval,authenticated_acs_version_of_record_pdf_endpoint,not_established,CU Boulder EZproxy authenticated session (curl-cffi),1616693,08b4166ae991e4e1597813bc1500b0338205b876a27e6d11c61344f45625422e,8,article_pdf,doi,1.0,
doi:10.1021/acssynbio.6b00286,10.1021/acssynbio.6b00286,2017,A Visual Language for Protein Design,downloaded,data/papers/2017/10.1021__acssynbio.6b00286/publisher/paper.pdf,2026-09-03T03:25:03+00:00,https://pubs-acs-org.colorado.idm.oclc.org/doi/pdf/10.1021/acssynbio.6b00286,https://pubs-acs-org.colorado.idm.oclc.org/asbcd6/article-pdf/6/7/1120/67464136/acssynbio.6b00286.pdf,ACS Publications via CU Boulder EZproxy,publishedVersion,,current_version_of_record_at_retrieval,authenticated_acs_version_of_record_pdf_endpoint,not_established,CU Boulder EZproxy authenticated session (curl-cffi),785422,92ff51138ae6ff2f26c4613485ac87583cbc4088146da3a20961a958a5f0815a,4,article_pdf,doi,1.0,
doi:10.1021/acssynbio.6b00288,10.1021/acssynbio.6b00288,2017,A Modular High-Throughput In Vivo Screening Platform Based on Chimeric Bacterial Receptors,downloaded,data/papers/2017/10.1021__acssynbio.6b00288/publisher/paper.pdf,2026-09-03T03:25:55+00:00,https://pubs-acs-org.colorado.idm.oclc.org/doi/pdf/10.1021/acssynbio.6b00288,https://pubs-acs-org.colorado.idm.oclc.org/asbcd6/article-pdf/6/7/1315/7262586/sb6b00288.pdf,ACS Publications via CU Boulder EZproxy,publishedVersion,,current_version_of_record_at_retrieval,authenticated_acs_version_of_record_pdf_endpoint,not_established,CU Boulder EZproxy authenticated session (curl-cffi),2202024,e97ccfab7c5163c5d2233a97fe94ee1e3be0186d54ab7e7a3b7623655589e057,12,article_pdf,doi,1.0,
doi:10.1021/acssynbio.6b00291,10.1021/acssynbio.6b00291,2017,A Novel Synthetic Pathway Enables Microbial Production of Polyphenols Independent from the Endogenous Aromatic Amino Acid Metabolism,downloaded,data/papers/2017/10.1021__acssynbio.6b00291/publisher/paper.pdf,2026-09-03T03:22:03+00:00,https://pubs-acs-org.colorado.idm.oclc.org/doi/pdf/10.1021/acssynbio.6b00291,https://pubs-acs-org.colorado.idm.oclc.org/asbcd6/article-pdf/6/3/410/7259849/sb6b00291.pdf,ACS Publications via CU Boulder EZproxy,publishedVersion,,current_version_of_record_at_retrieval,authenticated_acs_version_of_record_pdf_endpoint,not_established,CU Boulder EZproxy authenticated session (curl-cffi),1331337,fc9df34bad52f465a8bf6f3c7734851e5ff50083603f70ad426abc6260fd75ac,6,article_pdf,doi,1.0,
doi:10.1021/acssynbio.6b00292,10.1021/acssynbio.6b00292,2017,Extracellular Self-Assembly of Functional and Tunable Protein Conjugates from Bacillus subtilis,downloaded,data/papers/2017/10.1021__acssynbio.6b00292/publisher/paper.pdf,2026-09-03T03:24:28+00:00,https://pubs-acs-org.colorado.idm.oclc.org/doi/pdf/10.1021/acssynbio.6b00292,https://pubs-acs-org.colorado.idm.oclc.org/asbcd6/article-pdf/6/6/957/67117364/acssynbio.6b00292.pdf,ACS Publications via CU Boulder EZproxy,publishedVersion,,current_version_of_record_at_retrieval,authenticated_acs_version_of_record_pdf_endpoint,not_established,CU Boulder EZproxy authenticated session (curl-cffi),2304119,5822adaa6ec89a577736f22b1ed40d1afc1043322dfdf0fff2d16f85c39e7747,11,article_pdf,doi,1.0,
doi:10.1021/acssynbio.6b00293,10.1021/acssynbio.6b00293,2017,Fully Automated One-Step Synthesis of Single-Transcript TALEN Pairs Using a Biological Foundry,downloaded,data/papers/2017/10.1021__acssynbio.6b00293/publisher/paper.pdf,2026-09-03T03:23:08+00:00,https://pubs-acs-org.colorado.idm.oclc.org/doi/pdf/10.1021/acssynbio.6b00293,https://pubs-acs-org.colorado.idm.oclc.org/asbcd6/article-pdf/6/4/678/8416868/sb6b00293.pdf,ACS Publications via CU Boulder EZproxy,publishedVersion,,current_version_of_record_at_retrieval,authenticated_acs_version_of_record_pdf_endpoint,not_established,CU Boulder EZproxy authenticated session (curl-cffi),3034328,44853c51c78efcb873f7f44c0f068703254f3b6eb27c1523c708f28e34a37c28,8,article_pdf,doi,1.0,
doi:10.1021/acssynbio.6b00295,10.1021/acssynbio.6b00295,2017,Endoribonuclease-Based Two-Component Repressor Systems for Tight Gene Expression Control in Plants,downloaded,data/papers/2017/10.1021__acssynbio.6b00295/publisher/paper.pdf,2026-09-03T03:23:37+00:00,https://pubs-acs-org.colorado.idm.oclc.org/doi/pdf/10.1021/acssynbio.6b00295,https://pubs-acs-org.colorado.idm.oclc.org/asbcd6/article-pdf/6/5/806/67255210/acssynbio.6b00295.pdf,ACS Publications via CU Boulder EZproxy,publishedVersion,,current_version_of_record_at_retrieval,authenticated_acs_version_of_record_pdf_endpoint,not_established,CU Boulder EZproxy authenticated session (curl-cffi),3371379,9209bce1e942f0a7bcceaf70021fc16b32dca7a8ebeef04f5433cf7ff699cbfd,11,article_pdf,doi,1.0,
doi:10.1021/acssynbio.6b00296,10.1021/acssynbio.6b00296,2017,Simulation Approach for Timing Analysis of Genetic Logic Circuits,downloaded,data/papers/2017/10.1021__acssynbio.6b00296/publisher/paper.pdf,2026-09-03T03:25:21+00:00,https://pubs-acs-org.colorado.idm.oclc.org/doi/pdf/10.1021/acssynbio.6b00296,https://pubs-acs-org.colorado.idm.oclc.org/asbcd6/article-pdf/6/7/1169/7263005/sb6b00296.pdf,ACS Publications via CU Boulder EZproxy,publishedVersion,,current_version_of_record_at_retrieval,authenticated_acs_version_of_record_pdf_endpoint,not_established,CU Boulder EZproxy authenticated session (curl-cffi),6065004,c6a1c3e3b60fffdeb107d09bdc53009eb102b5d0dd5d4c9e3b5cacd26c7bc296,11,article_pdf,doi,1.0,
doi:10.1021/acssynbio.6b00297,10.1021/acssynbio.6b00297,2017,A Simple Combinatorial Codon Mutagenesis Method for Targeted Protein Engineering,downloaded,data/papers/2017/10.1021__acssynbio.6b00297/publisher/paper.pdf,2026-09-03T03:22:08+00:00,https://pubs-acs-org.colorado.idm.oclc.org/doi/pdf/10.1021/acssynbio.6b00297,https://pubs-acs-org.colorado.idm.oclc.org/asbcd6/article-pdf/6/3/416/7258975/sb6b00297.pdf,ACS Publications via CU Boulder EZproxy,publishedVersion,,current_version_of_record_at_retrieval,authenticated_acs_version_of_record_pdf_endpoint,not_established,CU Boulder EZproxy authenticated session (curl-cffi),3314597,8c71d2865e67c5152f07c127ca6119dbbfa232f4ceec9f192f8982e5d2db925d,5,article_pdf,doi,1.0,
doi:10.1021/acssynbio.6b00299,10.1021/acssynbio.6b00299,2017,Discovery of a Phosphonoacetic Acid Derived Natural Product by Pathway Refactoring,downloaded,data/papers/2017/10.1021__acssynbio.6b00299/publisher/paper.pdf,2026-09-03T03:21:23+00:00,https://pubs-acs-org.colorado.idm.oclc.org/doi/pdf/10.1021/acssynbio.6b00299,https://pubs-acs-org.colorado.idm.oclc.org/asbcd6/article-pdf/6/2/217/13053481/sb6b00299.pdf,ACS Publications via CU Boulder EZproxy,publishedVersion,,current_version_of_record_at_retrieval,authenticated_acs_version_of_record_pdf_endpoint,not_established,CU Boulder EZproxy authenticated session (curl-cffi),1529137,d9504b41bc035f6e8ea440a32c551716e64b96a540405444f10cf718b82dd94b,7,article_pdf,doi,1.0,
doi:10.1021/acssynbio.6b00301,10.1021/acssynbio.6b00301,2017,Design of a Toolbox of RNA Thermometers,downloaded,data/papers/2017/10.1021__acssynbio.6b00301/publisher/paper.pdf,2026-09-03T03:26:34+00:00,https://pubs-acs-org.colorado.idm.oclc.org/doi/pdf/10.1021/acssynbio.6b00301,https://pubs-acs-org.colorado.idm.oclc.org/asbcd6/article-pdf/6/8/1461/11939780/sb6b00301.pdf,ACS Publications via CU Boulder EZproxy,publishedVersion,,current_version_of_record_at_retrieval,authenticated_acs_version_of_record_pdf_endpoint,not_established,CU Boulder EZproxy authenticated session (curl-cffi),1979070,a69ddf72363c9ba176ac205c88fbbbc99e89b1183bd961ccaee56f27c14cf5d9,10,article_pdf,doi,1.0,
doi:10.1021/acssynbio.6b00304,10.1021/acssynbio.6b00304,2017,BioBlocks: Programming Protocols in Biology Made Easier,downloaded,data/papers/2017/10.1021__acssynbio.6b00304/publisher/paper.pdf,2026-09-03T03:25:32+00:00,https://pubs-acs-org.colorado.idm.oclc.org/doi/pdf/10.1021/acssynbio.6b00304,https://pubs-acs-org.colorado.idm.oclc.org/asbcd6/article-pdf/6/7/1230/7262205/sb6b00304.pdf,ACS Publications via CU Boulder EZproxy,publishedVersion,,current_version_of_record_at_retrieval,authenticated_acs_version_of_record_pdf_endpoint,not_established,CU Boulder EZproxy authenticated session (curl-cffi),1289560,6efd64480b1464414f14041d3d070565bd321b7eee004ca77a24cb36d52bc04f,3,article_pdf,doi,1.0,
doi:10.1021/acssynbio.6b00306,10.1021/acssynbio.6b00306,2017,Automated Design Framework for Synthetic Biology Exploiting Pareto Optimality,downloaded,data/papers/2017/10.1021__acssynbio.6b00306/publisher/paper.pdf,2026-09-03T03:25:21+00:00,https://pubs-acs-org.colorado.idm.oclc.org/doi/pdf/10.1021/acssynbio.6b00306,https://pubs-acs-org.colorado.idm.oclc.org/asbcd6/article-pdf/6/7/1180/7262790/sb6b00306.pdf,ACS Publications via CU Boulder EZproxy,publishedVersion,,current_version_of_record_at_retrieval,authenticated_acs_version_of_record_pdf_endpoint,not_established,CU Boulder EZproxy authenticated session (curl-cffi),2900531,dfacab27c401a9ddeec6f9ef26c2e5e679bff9601d1c9d84e6143008c5243c00,14,article_pdf,doi,1.0,
doi:10.1021/acssynbio.6b00309,10.1021/acssynbio.6b00309,2017,Quantitative Analysis of Synthetic Cell Lineage Tracing Using Nuclease Barcoding,downloaded,data/papers/2017/10.1021__acssynbio.6b00309/publisher/paper.pdf,2026-09-03T03:24:16+00:00,https://pubs-acs-org.colorado.idm.oclc.org/doi/pdf/10.1021/acssynbio.6b00309,https://pubs-acs-org.colorado.idm.oclc.org/asbcd6/article-pdf/6/6/936/8419764/sb6b00309.pdf,ACS Publications via CU Boulder EZproxy,publishedVersion,,current_version_of_record_at_retrieval,authenticated_acs_version_of_record_pdf_endpoint,not_established,CU Boulder EZproxy authenticated session (curl-cffi),2158525,28d1d88c5d85f8219176602a1dd4297c8d67953c015210d8142229f40d5d3c06,7,article_pdf,doi,1.0,
doi:10.1021/acssynbio.6b00310,10.1021/acssynbio.6b00310,2017,Engineering Synthetic Proteins to Generate Ca2+ Signals in Mammalian Cells,downloaded,data/papers/2017/10.1021__acssynbio.6b00310/publisher/paper.pdf,2026-09-03T03:22:48+00:00,https://pubs-acs-org.colorado.idm.oclc.org/doi/pdf/10.1021/acssynbio.6b00310,https://pubs-acs-org.colorado.idm.oclc.org/asbcd6/article-pdf/6/3/582/7258769/sb6b00310.pdf,ACS Publications via CU Boulder EZproxy,publishedVersion,,current_version_of_record_at_retrieval,authenticated_acs_version_of_record_pdf_endpoint,not_established,CU Boulder EZproxy authenticated session (curl-cffi),2221016,b56934a36d8619f822cc54ffbd11bae34fcbf3adc42df45e35eeabacc36a04aa,9,article_pdf,doi,1.0,
doi:10.1021/acssynbio.6b00313,10.1021/acssynbio.6b00313,2017,Orthogonal Genetic Regulation in Human Cells Using Chemically Induced CRISPR/Cas9 Activators,downloaded,data/papers/2017/10.1021__acssynbio.6b00313/publisher/paper.pdf,2026-09-03T03:23:07+00:00,https://pubs-acs-org.colorado.idm.oclc.org/doi/pdf/10.1021/acssynbio.6b00313,https://pubs-acs-org.colorado.idm.oclc.org/asbcd6/article-pdf/6/4/686/8416542/sb6b00313.pdf,ACS Publications via CU Boulder EZproxy,publishedVersion,,current_version_of_record_at_retrieval,authenticated_acs_version_of_record_pdf_endpoint,not_established,CU Boulder EZproxy authenticated session (curl-cffi),1671189,d47c17c9b61b234e16bf86827ea1cf3c89bd184bcf7adf6140de038a98d160cb,8,article_pdf,doi,1.0,
doi:10.1021/acssynbio.6b00315,10.1021/acssynbio.6b00315,2017,Simbiotics: A Multiscale Integrative Platform for 3D Modeling of Bacterial Populations,downloaded,data/papers/2017/10.1021__acssynbio.6b00315/publisher/paper.pdf,2026-09-03T03:25:29+00:00,https://pubs-acs-org.colorado.idm.oclc.org/doi/pdf/10.1021/acssynbio.6b00315,https://pubs-acs-org.colorado.idm.oclc.org/asbcd6/article-pdf/6/7/1194/67520216/acssynbio.6b00315.pdf,ACS Publications via CU Boulder EZproxy,publishedVersion,,current_version_of_record_at_retrieval,authenticated_acs_version_of_record_pdf_endpoint,not_established,CU Boulder EZproxy authenticated session (curl-cffi),7685962,636deecfb97c5c0d7a31d06eb05048ee41235ab9e29d5b8e8230ddfd295bb05f,17,article_pdf,doi,1.0,
doi:10.1021/acssynbio.6b00319,10.1021/acssynbio.6b00319,2017,AGOS: A Plug-and-Play Method for the Assembly of Artificial Gene Operons into Functional Biosynthetic Gene Clusters,downloaded,data/papers/2017/10.1021__acssynbio.6b00319/publisher/paper.pdf,2026-09-03T03:23:37+00:00,https://pubs-acs-org.colorado.idm.oclc.org/doi/pdf/10.1021/acssynbio.6b00319,https://pubs-acs-org.colorado.idm.oclc.org/asbcd6/article-pdf/6/5/817/7257551/sb6b00319.pdf,ACS Publications via CU Boulder EZproxy,publishedVersion,,current_version_of_record_at_retrieval,authenticated_acs_version_of_record_pdf_endpoint,not_established,CU Boulder EZproxy authenticated session (curl-cffi),1395300,8719eb3d51da4c130ee326f93ce3f6cadfba0135238c05c07acd608e5f392710,9,article_pdf,doi,1.0,
doi:10.1021/acssynbio.6b00320,10.1021/acssynbio.6b00320,2017,A Family of Single Copy repABC-Type Shuttle Vectors Stably Maintained in the Alpha-Proteobacterium Sinorhizobium meliloti,downloaded,data/papers/2017/10.1021__acssynbio.6b00320/publisher/paper.pdf,2026-09-03T03:24:27+00:00,https://pubs-acs-org.colorado.idm.oclc.org/doi/pdf/10.1021/acssynbio.6b00320,https://pubs-acs-org.colorado.idm.oclc.org/asbcd6/article-pdf/6/6/968/8420904/sb6b00320.pdf,ACS Publications via CU Boulder EZproxy,publishedVersion,,current_version_of_record_at_retrieval,authenticated_acs_version_of_record_pdf_endpoint,not_established,CU Boulder EZproxy authenticated session (curl-cffi),2770813,72c38f9af05166ceb9ae9b939fcd559fd2b3cf281cea1884402436af7da2ecf1,17,article_pdf,doi,1.0,
doi:10.1021/acssynbio.6b00321,10.1021/acssynbio.6b00321,2017,Tailoring Escherichia coli for the l-Rhamnose PBAD Promoter-Based Production of Membrane and Secretory Proteins,downloaded,data/papers/2017/10.1021__acssynbio.6b00321/publisher/paper.pdf,2026-09-03T03:24:34+00:00,https://pubs-acs-org.colorado.idm.oclc.org/doi/pdf/10.1021/acssynbio.6b00321,https://pubs-acs-org.colorado.idm.oclc.org/asbcd6/article-pdf/6/6/985/8420680/sb6b00321.pdf,ACS Publications via CU Boulder EZproxy,publishedVersion,,current_version_of_record_at_retrieval,authenticated_acs_version_of_record_pdf_endpoint,not_established,CU Boulder EZproxy authenticated session (curl-cffi),3162575,15f5bc7047d2b009e7751a11aa34cbd296b90c03298a956317ce9141ce4d1c2d,10,article_pdf,doi,1.0,
doi:10.1021/acssynbio.6b00322,10.1021/acssynbio.6b00322,2017,ROC’n’Ribo: Characterizing a Riboswitching Expression System by Modeling Single-Cell Data,downloaded,data/papers/2017/10.1021__acssynbio.6b00322/publisher/paper.pdf,2026-09-03T03:25:26+00:00,https://pubs-acs-org.colorado.idm.oclc.org/doi/pdf/10.1021/acssynbio.6b00322,https://pubs-acs-org.colorado.idm.oclc.org/asbcd6/article-pdf/6/7/1211/7263132/sb6b00322.pdf,ACS Publications via CU Boulder EZproxy,publishedVersion,,current_version_of_record_at_retrieval,authenticated_acs_version_of_record_pdf_endpoint,not_established,CU Boulder EZproxy authenticated session (curl-cffi),7198739,58dd007f6e23100d23a9414c625f82798c9581a750403692f03d58173e1fb0cb,14,article_pdf,doi,1.0,
doi:10.1021/acssynbio.6b00323,10.1021/acssynbio.6b00323,2017,CipA and CipB as Scaffolds To Organize Proteins into Crystalline Inclusions,downloaded,data/papers/2017/10.1021__acssynbio.6b00323/publisher/paper.pdf,2026-09-03T03:23:41+00:00,https://pubs-acs-org.colorado.idm.oclc.org/doi/pdf/10.1021/acssynbio.6b00323,https://pubs-acs-org.colorado.idm.oclc.org/asbcd6/article-pdf/6/5/826/7257797/sb6b00323.pdf,ACS Publications via CU Boulder EZproxy,publishedVersion,,current_version_of_record_at_retrieval,authenticated_acs_version_of_record_pdf_endpoint,not_established,CU Boulder EZproxy authenticated session (curl-cffi),4120496,4c4e1eb71c1268027290b9f926f7d17796d3a275f6a2b2517450819fe856ea02,11,article_pdf,doi,1.0,
doi:10.1021/acssynbio.6b00324,10.1021/acssynbio.6b00324,2017,Programmable DNA-Guided Artificial Restriction Enzymes,downloaded,data/papers/2017/10.1021__acssynbio.6b00324/publisher/paper.pdf,2026-09-03T03:23:22+00:00,https://pubs-acs-org.colorado.idm.oclc.org/doi/pdf/10.1021/acssynbio.6b00324,https://pubs-acs-org.colorado.idm.oclc.org/asbcd6/article-pdf/6/5/752/7257684/sb6b00324.pdf,ACS Publications via CU Boulder EZproxy,publishedVersion,,current_version_of_record_at_retrieval,authenticated_acs_version_of_record_pdf_endpoint,not_established,CU Boulder EZproxy authenticated session (curl-cffi),2688834,701e4d23e54baf3762837cfb7b00850111538346306138c240271d9981a1ab41,6,article_pdf,doi,1.0,
doi:10.1021/acssynbio.6b00328,10.1021/acssynbio.6b00328,2017,Biosensor-Based Evolution and Elucidation of a Biosynthetic Pathway in Escherichia coli,downloaded,data/papers/2017/10.1021__acssynbio.6b00328/publisher/paper.pdf,2026-09-03T03:23:45+00:00,https://pubs-acs-org.colorado.idm.oclc.org/doi/pdf/10.1021/acssynbio.6b00328,https://pubs-acs-org.colorado.idm.oclc.org/asbcd6/article-pdf/6/5/837/7257870/sb6b00328.pdf,ACS Publications via CU Boulder EZproxy,publishedVersion,,current_version_of_record_at_retrieval,authenticated_acs_version_of_record_pdf_endpoint,not_established,CU Boulder EZproxy authenticated session (curl-cffi),4415305,235116b3c0b0ede17492da5163c3c819623ca43f160ace6cb059f65d38012b74,12,article_pdf,doi,1.0,
doi:10.1021/acssynbio.6b00330,10.1021/acssynbio.6b00330,2017,Heterologous Biosynthesis of Spinosad: An Omics-Guided Large Polyketide Synthase Gene Cluster Reconstitution in Streptomyces,downloaded,data/papers/2017/10.1021__acssynbio.6b00330/publisher/paper.pdf,2026-09-03T03:24:32+00:00,https://pubs-acs-org.colorado.idm.oclc.org/doi/pdf/10.1021/acssynbio.6b00330,https://pubs-acs-org.colorado.idm.oclc.org/asbcd6/article-pdf/6/6/995/8418477/sb6b00330.pdf,ACS Publications via CU Boulder EZproxy,publishedVersion,,current_version_of_record_at_retrieval,authenticated_acs_version_of_record_pdf_endpoint,not_established,CU Boulder EZproxy authenticated session (curl-cffi),1862460,4e14074796d09226af847f9d7e9aac1f95563973cbae5e8fbf22b22cfecd6237,11,article_pdf,doi,1.0,
doi:10.1021/acssynbio.6b00331,10.1021/acssynbio.6b00331,2017,A New Era of Genome Integration—Simply Cut and Paste!,downloaded,data/papers/2017/10.1021__acssynbio.6b00331/publisher/paper.pdf,2026-09-03T03:22:53+00:00,https://pubs-acs-org.colorado.idm.oclc.org/doi/pdf/10.1021/acssynbio.6b00331,https://pubs-acs-org.colorado.idm.oclc.org/asbcd6/article-pdf/6/4/601/8416175/sb6b00331.pdf,ACS Publications via CU Boulder EZproxy,publishedVersion,,current_version_of_record_at_retrieval,authenticated_acs_version_of_record_pdf_endpoint,not_established,CU Boulder EZproxy authenticated session (curl-cffi),625843,fd755b8a7127122242286293096dfc038d74eb32662dd01d8fdc77d11f5d2c5a,9,article_pdf,doi,1.0,
doi:10.1021/acssynbio.6b00333,10.1021/acssynbio.6b00333,2017,A Phytochrome-Derived Photoswitch for Intracellular Transport,downloaded,data/papers/2017/10.1021__acssynbio.6b00333/publisher/paper.pdf,2026-09-03T03:25:37+00:00,https://pubs-acs-org.colorado.idm.oclc.org/doi/pdf/10.1021/acssynbio.6b00333,https://pubs-acs-org.colorado.idm.oclc.org/asbcd6/article-pdf/6/7/1248/67556223/acssynbio.6b00333.pdf,ACS Publications via CU Boulder EZproxy,publishedVersion,,current_version_of_record_at_retrieval,authenticated_acs_version_of_record_pdf_endpoint,not_established,CU Boulder EZproxy authenticated session (curl-cffi),9897166,5ca6ca62c8eb4a0ddb02fd9fe0a7c5c889c42be9ceb6c8d69df407b8f038aaa0,9,article_pdf,doi,1.0,
doi:10.1021/acssynbio.6b00335,10.1021/acssynbio.6b00335,2017,A Secretion-Amplification Role for Salmonella enterica Translocon Protein SipD,downloaded,data/papers/2017/10.1021__acssynbio.6b00335/publisher/paper.pdf,2026-09-03T03:24:38+00:00,https://pubs-acs-org.colorado.idm.oclc.org/doi/pdf/10.1021/acssynbio.6b00335,https://pubs-acs-org.colorado.idm.oclc.org/asbcd6/article-pdf/6/6/1006/8419465/sb6b00335.pdf,ACS Publications via CU Boulder EZproxy,publishedVersion,,current_version_of_record_at_retrieval,authenticated_acs_version_of_record_pdf_endpoint,not_established,CU Boulder EZproxy authenticated session (curl-cffi),2518181,8a0a275f21d5a6aa14cf8f820552c6bdb737e2c8b9ee49efad891173a55f9424,10,article_pdf,doi,1.0,
doi:10.1021/acssynbio.6b00336,10.1021/acssynbio.6b00336,2017,A Non-natural Protein Rescues Cells Deleted for a Key Enzyme in Central Metabolism,downloaded,data/papers/2017/10.1021__acssynbio.6b00336/publisher/paper.pdf,2026-09-03T03:23:10+00:00,https://pubs-acs-org.colorado.idm.oclc.org/doi/pdf/10.1021/acssynbio.6b00336,https://pubs-acs-org.colorado.idm.oclc.org/asbcd6/article-pdf/6/4/694/8416069/sb6b00336.pdf,ACS Publications via CU Boulder EZproxy,publishedVersion,,current_version_of_record_at_retrieval,authenticated_acs_version_of_record_pdf_endpoint,not_established,CU Boulder EZproxy authenticated session (curl-cffi),817448,655343a3b4ed74a6efb51b98b0a8adec0799791c34265a3bbcd3b6e1920a920d,7,article_pdf,doi,1.0,
doi:10.1021/acssynbio.6b00337,10.1021/acssynbio.6b00337,2017,A Modular Toolkit for Generating Pichia pastoris Secretion Libraries,downloaded,data/papers/2017/10.1021__acssynbio.6b00337/publisher/paper.pdf,2026-09-03T03:24:37+00:00,https://pubs-acs-org.colorado.idm.oclc.org/doi/pdf/10.1021/acssynbio.6b00337,https://pubs-acs-org.colorado.idm.oclc.org/asbcd6/article-pdf/6/6/1016/8418652/sb6b00337.pdf,ACS Publications via CU Boulder EZproxy,publishedVersion,,current_version_of_record_at_retrieval,authenticated_acs_version_of_record_pdf_endpoint,not_established,CU Boulder EZproxy authenticated session (curl-cffi),1518792,bba36675252cbe6e1bc61e7b6ddcdde4a3d5116e77fe4f5cb936a4dd56e25256,10,article_pdf,doi,1.0,
doi:10.1021/acssynbio.6b00339,10.1021/acssynbio.6b00339,2017,Efficient Genome Editing of a Facultative Thermophile Using Mesophilic spCas9,downloaded,data/papers/2017/10.1021__acssynbio.6b00339/publisher/paper.pdf,2026-09-03T03:23:55+00:00,https://pubs-acs-org.colorado.idm.oclc.org/doi/pdf/10.1021/acssynbio.6b00339,https://pubs-acs-org.colorado.idm.oclc.org/asbcd6/article-pdf/6/5/849/67361175/acssynbio.6b00339.pdf,ACS Publications via CU Boulder EZproxy,publishedVersion,,current_version_of_record_at_retrieval,authenticated_acs_version_of_record_pdf_endpoint,not_established,CU Boulder EZproxy authenticated session (curl-cffi),5946292,c235f1c4b292879218f7c3069dfdfcbc51567ad1d4f139c1e7dcac6bf9a82ce4,13,article_pdf,doi,1.0,
doi:10.1021/acssynbio.6b00341,10.1021/acssynbio.6b00341,2017,Polyketide Bioderivatization Using the Promiscuous Acyltransferase KirCII,downloaded,data/papers/2017/10.1021__acssynbio.6b00341/publisher/paper.pdf,2026-09-03T03:22:09+00:00,https://pubs-acs-org.colorado.idm.oclc.org/doi/pdf/10.1021/acssynbio.6b00341,https://pubs-acs-org.colorado.idm.oclc.org/asbcd6/article-pdf/6/3/421/7260251/sb6b00341.pdf,ACS Publications via CU Boulder EZproxy,publishedVersion,,current_version_of_record_at_retrieval,authenticated_acs_version_of_record_pdf_endpoint,not_established,CU Boulder EZproxy authenticated session (curl-cffi),1996102,fafe4c48ed6afeeec2cc129eb4bd67bba1a6f27dd83fe001cffa2456b40a4efe,7,article_pdf,doi,1.0,
doi:10.1021/acssynbio.6b00342,10.1021/acssynbio.6b00342,2017,Cogenerating Synthetic Parts toward a Self-Replicating System,downloaded,data/papers/2017/10.1021__acssynbio.6b00342/publisher/paper.pdf,2026-09-03T03:25:57+00:00,https://pubs-acs-org.colorado.idm.oclc.org/doi/pdf/10.1021/acssynbio.6b00342,https://pubs-acs-org.colorado.idm.oclc.org/asbcd6/article-pdf/6/7/1327/7262462/sb6b00342.pdf,ACS Publications via CU Boulder EZproxy,publishedVersion,,current_version_of_record_at_retrieval,authenticated_acs_version_of_record_pdf_endpoint,not_established,CU Boulder EZproxy authenticated session (curl-cffi),3090487,43bbfbd1f1f7b1f2572b95f9687494f281636a1d53794850d95287c88508ceda,10,article_pdf,doi,1.0,
doi:10.1021/acssynbio.6b00343,10.1021/acssynbio.6b00343,2017,sgRNA Scorer 2.0: A Species-Independent Model To Predict CRISPR/Cas9 Activity,downloaded,data/papers/2017/10.1021__acssynbio.6b00343/publisher/paper.pdf,2026-09-03T03:24:03+00:00,https://pubs-acs-org.colorado.idm.oclc.org/doi/pdf/10.1021/acssynbio.6b00343,https://pubs-acs-org.colorado.idm.oclc.org/asbcd6/article-pdf/6/5/902/7257498/sb6b00343.pdf,ACS Publications via CU Boulder EZproxy,publishedVersion,,current_version_of_record_at_retrieval,authenticated_acs_version_of_record_pdf_endpoint,not_established,CU Boulder EZproxy authenticated session (curl-cffi),451676,8c1060a828b66282b25d1275fab9b7981785a075897e166e7957a1784c6856d6,3,article_pdf,doi,1.0,
doi:10.1021/acssynbio.6b00346,10.1021/acssynbio.6b00346,2017,Increasing Malonyl-CoA Derived Product through Controlling the Transcription Regulators of Phospholipid Synthesis in Saccharomyces cerevisiae,downloaded,data/papers/2017/10.1021__acssynbio.6b00346/publisher/paper.pdf,2026-09-03T03:24:12+00:00,https://pubs-acs-org.colorado.idm.oclc.org/doi/pdf/10.1021/acssynbio.6b00346,https://pubs-acs-org.colorado.idm.oclc.org/asbcd6/article-pdf/6/5/905/7257632/sb6b00346.pdf,ACS Publications via CU Boulder EZproxy,publishedVersion,,current_version_of_record_at_retrieval,authenticated_acs_version_of_record_pdf_endpoint,not_established,CU Boulder EZproxy authenticated session (curl-cffi),1323560,14dc4878f38623066fb65be861c0c450b1cd380434db5c0c1bd03db92a128529,8,article_pdf,doi,1.0,
doi:10.1021/acssynbio.6b00348,10.1021/acssynbio.6b00348,2017,In Vitro Reconstitution and Optimization of the Entire Pathway to Convert Glucose into Fatty Acid,downloaded,data/papers/2017/10.1021__acssynbio.6b00348/publisher/paper.pdf,2026-09-03T03:23:11+00:00,https://pubs-acs-org.colorado.idm.oclc.org/doi/pdf/10.1021/acssynbio.6b00348,https://pubs-acs-org.colorado.idm.oclc.org/asbcd6/article-pdf/6/4/701/8416446/sb6b00348.pdf,ACS Publications via CU Boulder EZproxy,publishedVersion,,current_version_of_record_at_retrieval,authenticated_acs_version_of_record_pdf_endpoint,not_established,CU Boulder EZproxy authenticated session (curl-cffi),1306060,82331f59457e8fed9125de65bf0915c2b6c12642d26a9daa83e70e63ca69bb43,9,article_pdf,doi,1.0,
doi:10.1021/acssynbio.6b00349,10.1021/acssynbio.6b00349,2017,Engineering a Native Inducible Expression System in Shewanella oneidensis to Control Extracellular Electron Transfer,downloaded,data/papers/2017/10.1021__acssynbio.6b00349/publisher/paper.pdf,2026-09-03T03:27:12+00:00,https://pubs-acs-org.colorado.idm.oclc.org/doi/pdf/10.1021/acssynbio.6b00349,https://pubs-acs-org.colorado.idm.oclc.org/asbcd6/article-pdf/6/9/1627/6776659/sb6b00349.pdf,ACS Publications via CU Boulder EZproxy,publishedVersion,,current_version_of_record_at_retrieval,authenticated_acs_version_of_record_pdf_endpoint,not_established,CU Boulder EZproxy authenticated session (curl-cffi),2017846,76512ef9280734d78d4bc77e01038a38de2ed40c366fa7423fa9436c9b933fb2,8,article_pdf,doi,1.0,
doi:10.1021/acssynbio.6b00350,10.1021/acssynbio.6b00350,2017,Effect of Genomic Integration Location on Heterologous Protein Expression and Metabolic Engineering in E. coli,downloaded,data/papers/2017/10.1021__acssynbio.6b00350/publisher/paper.pdf,2026-09-03T03:23:17+00:00,https://pubs-acs-org.colorado.idm.oclc.org/doi/pdf/10.1021/acssynbio.6b00350,https://pubs-acs-org.colorado.idm.oclc.org/asbcd6/article-pdf/6/4/710/8418211/sb6b00350.pdf,ACS Publications via CU Boulder EZproxy,publishedVersion,,current_version_of_record_at_retrieval,authenticated_acs_version_of_record_pdf_endpoint,not_established,CU Boulder EZproxy authenticated session (curl-cffi),1788168,269581f185976299507feb39015c2fb405a0c1db969c94ce5ade5fa29cdaa93b,11,article_pdf,doi,1.0,
doi:10.1021/acssynbio.6b00353,10.1021/acssynbio.6b00353,2017,Development of a Biosensor Concept to Detect the Production of Cluster-Specific Secondary Metabolites,downloaded,data/papers/2017/10.1021__acssynbio.6b00353/publisher/paper.pdf,2026-09-03T03:24:42+00:00,https://pubs-acs-org.colorado.idm.oclc.org/doi/pdf/10.1021/acssynbio.6b00353,https://pubs-acs-org.colorado.idm.oclc.org/asbcd6/article-pdf/6/6/1026/8420361/sb6b00353.pdf,ACS Publications via CU Boulder EZproxy,publishedVersion,,current_version_of_record_at_retrieval,authenticated_acs_version_of_record_pdf_endpoint,not_established,CU Boulder EZproxy authenticated session (curl-cffi),855726,06ca1e664b08ba0f43b85e57358d463ddf05b13d78e14bcb973857518d3e095d,8,article_pdf,doi,1.0,
doi:10.1021/acssynbio.6b00354,10.1021/acssynbio.6b00354,2017,Multiple T-DNA Delivery to Plants Using Novel Mini Binary Vectors with Compatible Replication Origins,downloaded,data/papers/2017/10.1021__acssynbio.6b00354/publisher/paper.pdf,2026-09-03T03:28:46+00:00,https://pubs-acs-org.colorado.idm.oclc.org/doi/pdf/10.1021/acssynbio.6b00354,https://pubs-acs-org.colorado.idm.oclc.org/asbcd6/article-pdf/6/10/1962/12249159/sb6b00354.pdf,ACS Publications via CU Boulder EZproxy,publishedVersion,,current_version_of_record_at_retrieval,authenticated_acs_version_of_record_pdf_endpoint,not_established,CU Boulder EZproxy authenticated session (curl-cffi),2238412,4f7458c6b03eb8b6a868f2486f839c1d6fb6c1c1f97f5ca732bc57900d45006c,7,article_pdf,doi,1.0,
doi:10.1021/acssynbio.6b00358,10.1021/acssynbio.6b00358,2017,A Scalable Epitope Tagging Approach for High Throughput ChIP-Seq Analysis,downloaded,data/papers/2017/10.1021__acssynbio.6b00358/publisher/paper.pdf,2026-09-03T03:24:42+00:00,https://pubs-acs-org.colorado.idm.oclc.org/doi/pdf/10.1021/acssynbio.6b00358,https://pubs-acs-org.colorado.idm.oclc.org/asbcd6/article-pdf/6/6/1034/8418414/sb6b00358.pdf,ACS Publications via CU Boulder EZproxy,publishedVersion,,current_version_of_record_at_retrieval,authenticated_acs_version_of_record_pdf_endpoint,not_established,CU Boulder EZproxy authenticated session (curl-cffi),4080702,c9d01d03941314cfcbe58a7becb134c77d6c30c5b8d576deff5fcf47ab2b6e60,9,article_pdf,doi,1.0,
doi:10.1021/acssynbio.6b00359,10.1021/acssynbio.6b00359,2017,Engineering Pak1 Allosteric Switches,downloaded,data/papers/2017/10.1021__acssynbio.6b00359/publisher/paper.pdf,2026-09-03T03:25:36+00:00,https://pubs-acs-org.colorado.idm.oclc.org/doi/pdf/10.1021/acssynbio.6b00359,https://pubs-acs-org.colorado.idm.oclc.org/asbcd6/article-pdf/6/7/1257/7262651/sb6b00359.pdf,ACS Publications via CU Boulder EZproxy,publishedVersion,,current_version_of_record_at_retrieval,authenticated_acs_version_of_record_pdf_endpoint,not_established,CU Boulder EZproxy authenticated session (curl-cffi),2303233,06f83b3ffe673326a337988d6677bab8ea6f2b2e8750b0e9bd67463f9baaa814,6,article_pdf,doi,1.0,
doi:10.1021/acssynbio.6b00361,10.1021/acssynbio.6b00361,2017,Resource Competition Shapes the Response of Genetic Circuits,downloaded,data/papers/2017/10.1021__acssynbio.6b00361/publisher/paper.pdf,2026-09-03T03:25:42+00:00,https://pubs-acs-org.colorado.idm.oclc.org/doi/pdf/10.1021/acssynbio.6b00361,https://pubs-acs-org.colorado.idm.oclc.org/asbcd6/article-pdf/6/7/1263/7262721/sb6b00361.pdf,ACS Publications via CU Boulder EZproxy,publishedVersion,,current_version_of_record_at_retrieval,authenticated_acs_version_of_record_pdf_endpoint,not_established,CU Boulder EZproxy authenticated session (curl-cffi),2284447,44ff51bbd0369aa5f58ec72c0ceabedb640674b37f5b6811cd0cf7c684c193dc,10,article_pdf,doi,1.0,
doi:10.1021/acssynbio.6b00364,10.1021/acssynbio.6b00364,2017,Mechanistic Modeling of Genetic Circuits for ArsR Arsenic Regulation,downloaded,data/papers/2017/10.1021__acssynbio.6b00364/publisher/paper.pdf,2026-09-03T03:23:52+00:00,https://pubs-acs-org.colorado.idm.oclc.org/doi/pdf/10.1021/acssynbio.6b00364,https://pubs-acs-org.colorado.idm.oclc.org/asbcd6/article-pdf/6/5/862/7257824/sb6b00364.pdf,ACS Publications via CU Boulder EZproxy,publishedVersion,,current_version_of_record_at_retrieval,authenticated_acs_version_of_record_pdf_endpoint,not_established,CU Boulder EZproxy authenticated session (curl-cffi),2200591,f5300066f3966deb6070187676ae1133acb8ad7b3750a8ac4a1308bd6f5cc956,13,article_pdf,doi,1.0,
doi:10.1021/acssynbio.6b00366,10.1021/acssynbio.6b00366,2017,An Engineered Survival-Selection Assay for Extracellular Protein Expression Uncovers Hypersecretory Phenotypes in Escherichia coli,downloaded,data/papers/2017/10.1021__acssynbio.6b00366/publisher/paper.pdf,2026-09-03T03:24:01+00:00,https://pubs-acs-org.colorado.idm.oclc.org/doi/pdf/10.1021/acssynbio.6b00366,https://pubs-acs-org.colorado.idm.oclc.org/asbcd6/article-pdf/6/5/875/7257931/sb6b00366.pdf,ACS Publications via CU Boulder EZproxy,publishedVersion,,current_version_of_record_at_retrieval,authenticated_acs_version_of_record_pdf_endpoint,not_established,CU Boulder EZproxy authenticated session (curl-cffi),4525325,9f00df27d66d0c5c35ed08d2fd0fa13c0d9cdc0ee780892da253b4e72f970c87,9,article_pdf,doi,1.0,
doi:10.1021/acssynbio.6b00367,10.1021/acssynbio.6b00367,2017,Rational Design of an Ultrasensitive Quorum-Sensing Switch,downloaded,data/papers/2017/10.1021__acssynbio.6b00367/publisher/paper.pdf,2026-09-03T03:26:29+00:00,https://pubs-acs-org.colorado.idm.oclc.org/doi/pdf/10.1021/acssynbio.6b00367,https://pubs-acs-org.colorado.idm.oclc.org/asbcd6/article-pdf/6/8/1445/11940846/sb6b00367.pdf,ACS Publications via CU Boulder EZproxy,publishedVersion,,current_version_of_record_at_retrieval,authenticated_acs_version_of_record_pdf_endpoint,not_established,CU Boulder EZproxy authenticated session (curl-cffi),1851537,55570f10c08eeb9b050a88115c027ad4a2bbee2af7d1b7c20683b1fe4ec4d91c,8,article_pdf,doi,1.0,
doi:10.1021/acssynbio.6b00368,10.1021/acssynbio.6b00368,2017,Efficient Transcriptional Gene Repression by Type V-A CRISPR-Cpf1 from Eubacterium eligens,downloaded,data/papers/2017/10.1021__acssynbio.6b00368/publisher/paper.pdf,2026-09-03T03:25:41+00:00,https://pubs-acs-org.colorado.idm.oclc.org/doi/pdf/10.1021/acssynbio.6b00368,https://pubs-acs-org.colorado.idm.oclc.org/asbcd6/article-pdf/6/7/1273/7263071/sb6b00368.pdf,ACS Publications via CU Boulder EZproxy,publishedVersion,,current_version_of_record_at_retrieval,authenticated_acs_version_of_record_pdf_endpoint,not_established,CU Boulder EZproxy authenticated session (curl-cffi),3201570,1cd1989e5f50b44009ef2c97af874dfcb78445bf353edaf071c87f9aea304ce4,10,article_pdf,doi,1.0,
doi:10.1021/acssynbio.6b00370,10.1021/acssynbio.6b00370,2017,Ultrasensitive Scaffold-Dependent Protease Sensors with Large Dynamic Range,downloaded,data/papers/2017/10.1021__acssynbio.6b00370/publisher/paper.pdf,2026-09-03T03:26:00+00:00,https://pubs-acs-org.colorado.idm.oclc.org/doi/pdf/10.1021/acssynbio.6b00370,https://pubs-acs-org.colorado.idm.oclc.org/asbcd6/article-pdf/6/7/1337/7262935/sb6b00370.pdf,ACS Publications via CU Boulder EZproxy,publishedVersion,,current_version_of_record_at_retrieval,authenticated_acs_version_of_record_pdf_endpoint,not_established,CU Boulder EZproxy authenticated session (curl-cffi),1397732,ebccd82774a489f1137960251cad674c7466a7111219780e43a4a3551e369040,6,article_pdf,doi,1.0,
doi:10.1021/acssynbio.6b00371,10.1021/acssynbio.6b00371,2017,Formation of Nitrogenase NifDK Tetramers in the Mitochondria of Saccharomyces cerevisiae,downloaded,data/papers/2017/10.1021__acssynbio.6b00371/publisher/paper.pdf,2026-09-03T03:24:46+00:00,https://pubs-acs-org.colorado.idm.oclc.org/doi/pdf/10.1021/acssynbio.6b00371,https://pubs-acs-org.colorado.idm.oclc.org/asbcd6/article-pdf/6/6/1043/67255228/acssynbio.6b00371.pdf,ACS Publications via CU Boulder EZproxy,publishedVersion,,current_version_of_record_at_retrieval,authenticated_acs_version_of_record_pdf_endpoint,not_established,CU Boulder EZproxy authenticated session (curl-cffi),4673683,f322b2ff62895bf90c0ad5fb6abfb0c822b904dfb0ff607cfb7069de7a12b35e,13,article_pdf,doi,1.0,
doi:10.1021/acssynbio.6b00372,10.1021/acssynbio.6b00372,2017,Application of an Acyl-CoA Ligase from Streptomyces aizunensis for Lactam Biosynthesis,downloaded,data/papers/2017/10.1021__acssynbio.6b00372/publisher/paper.pdf,2026-09-03T03:23:58+00:00,https://pubs-acs-org.colorado.idm.oclc.org/doi/pdf/10.1021/acssynbio.6b00372,https://pubs-acs-org.colorado.idm.oclc.org/asbcd6/article-pdf/6/5/884/67464102/acssynbio.6b00372.pdf,ACS Publications via CU Boulder EZproxy,publishedVersion,,current_version_of_record_at_retrieval,authenticated_acs_version_of_record_pdf_endpoint,not_established,CU Boulder EZproxy authenticated session (curl-cffi),1065664,13040f24586764ceea2072e79c25045de9a7f03561c97b36c6a8c9e72dea47f6,7,article_pdf,doi,1.0,
doi:10.1021/acssynbio.6b00373,10.1021/acssynbio.6b00373,2017,Controlling Multicycle Replication of Live-Attenuated HIV-1 Using an Unnatural Genetic Switch,downloaded,data/papers/2017/10.1021__acssynbio.6b00373/publisher/paper.pdf,2026-09-03T03:23:19+00:00,https://pubs-acs-org.colorado.idm.oclc.org/doi/pdf/10.1021/acssynbio.6b00373,https://pubs-acs-org.colorado.idm.oclc.org/asbcd6/article-pdf/6/4/721/8416787/sb6b00373.pdf,ACS Publications via CU Boulder EZproxy,publishedVersion,,current_version_of_record_at_retrieval,authenticated_acs_version_of_record_pdf_endpoint,not_established,CU Boulder EZproxy authenticated session (curl-cffi),15723075,fba97addb1bb11c9ac07b03d2392dd7d37694b43cc20474d17dcc515dcd332d9,11,article_pdf,doi,1.0,
doi:10.1021/acssynbio.6b00374,10.1021/acssynbio.6b00374,2017,CRISPRi–sRNA: Transcriptional–Translational Regulation of Extracellular Electron Transfer in Shewanella oneidensis,downloaded,data/papers/2017/10.1021__acssynbio.6b00374/publisher/paper.pdf,2026-09-03T03:27:30+00:00,https://pubs-acs-org.colorado.idm.oclc.org/doi/pdf/10.1021/acssynbio.6b00374,https://pubs-acs-org.colorado.idm.oclc.org/asbcd6/article-pdf/6/9/1679/6776978/sb6b00374.pdf,ACS Publications via CU Boulder EZproxy,publishedVersion,,current_version_of_record_at_retrieval,authenticated_acs_version_of_record_pdf_endpoint,not_established,CU Boulder EZproxy authenticated session (curl-cffi),3250158,a6055a00884b3f3d58b15bdc7ce403cb6a8202805187308e3581c1a414763f81,12,article_pdf,doi,1.0,
doi:10.1021/acssynbio.6b00375,10.1021/acssynbio.6b00375,2017,Expression of Heterologous Sigma Factor Expands the Searchable Space for Biofuel Tolerance Mechanisms,downloaded,data/papers/2017/10.1021__acssynbio.6b00375/publisher/paper.pdf,2026-09-03T03:26:00+00:00,https://pubs-acs-org.colorado.idm.oclc.org/doi/pdf/10.1021/acssynbio.6b00375,https://pubs-acs-org.colorado.idm.oclc.org/asbcd6/article-pdf/6/7/1343/7262417/sb6b00375.pdf,ACS Publications via CU Boulder EZproxy,publishedVersion,,current_version_of_record_at_retrieval,authenticated_acs_version_of_record_pdf_endpoint,not_established,CU Boulder EZproxy authenticated session (curl-cffi),1411426,e9abab1ba51b609793bf1d2b6c0be45e72a512233605390f60f65ba690bba0ac,8,article_pdf,doi,1.0,
doi:10.1021/acssynbio.6b00376,10.1021/acssynbio.6b00376,2017,Quantitative Tracking of Combinatorially Engineered Populations with Multiplexed Binary Assemblies,downloaded,data/papers/2017/10.1021__acssynbio.6b00376/publisher/paper.pdf,2026-09-03T03:22:57+00:00,https://pubs-acs-org.colorado.idm.oclc.org/doi/pdf/10.1021/acssynbio.6b00376,https://pubs-acs-org.colorado.idm.oclc.org/asbcd6/article-pdf/6/4/619/8416892/sb6b00376.pdf,ACS Publications via CU Boulder EZproxy,publishedVersion,,current_version_of_record_at_retrieval,authenticated_acs_version_of_record_pdf_endpoint,not_established,CU Boulder EZproxy authenticated session (curl-cffi),1597563,5d40ef2a6ffece61feb29baf1570e36a7defff8a07e0f068ffdc28d4fd49426c,9,article_pdf,doi,1.0,
doi:10.1021/acssynbio.6b00377,10.1021/acssynbio.6b00377,2017,"In Vitro Metabolic Engineering of Amorpha-4,11-diene Biosynthesis at Enhanced Rate and Specific Yield of Production",downloaded,data/papers/2017/10.1021__acssynbio.6b00377/publisher/paper.pdf,2026-09-03T03:27:32+00:00,https://pubs-acs-org.colorado.idm.oclc.org/doi/pdf/10.1021/acssynbio.6b00377,https://pubs-acs-org.colorado.idm.oclc.org/asbcd6/article-pdf/6/9/1691/6777136/sb6b00377.pdf,ACS Publications via CU Boulder EZproxy,publishedVersion,,current_version_of_record_at_retrieval,authenticated_acs_version_of_record_pdf_endpoint,not_established,CU Boulder EZproxy authenticated session (curl-cffi),1698327,22f9b17f627bb66838267e9c1aff3238bc65e318895aae02f8d09c21cf325672,10,article_pdf,doi,1.0,
doi:10.1021/acssynbio.6b00378,10.1021/acssynbio.6b00378,2017,Genome-Wide Abolishment of Mobile Genetic Elements Using Genome Shuffling and CRISPR/Cas-Assisted MAGE Allows the Efficient Stabilization of a Bacterial Chassis,downloaded,data/papers/2017/10.1021__acssynbio.6b00378/publisher/paper.pdf,2026-09-03T03:26:38+00:00,https://pubs-acs-org.colorado.idm.oclc.org/doi/pdf/10.1021/acssynbio.6b00378,https://pubs-acs-org.colorado.idm.oclc.org/asbcd6/article-pdf/6/8/1471/11941137/sb6b00378.pdf,ACS Publications via CU Boulder EZproxy,publishedVersion,,current_version_of_record_at_retrieval,authenticated_acs_version_of_record_pdf_endpoint,not_established,CU Boulder EZproxy authenticated session (curl-cffi),3206851,272f4ba7208add0de23aef3185ea66102b3e814cc8c4f2a0527af66fd0b16382,13,article_pdf,doi,1.0,
doi:10.1021/acssynbio.6b00379,10.1021/acssynbio.6b00379,2017,"Cloning, Stability, and Modification of Mycoplasma hominis Genome in Yeast",downloaded,data/papers/2017/10.1021__acssynbio.6b00379/publisher/paper.pdf,2026-09-03T03:24:08+00:00,https://pubs-acs-org.colorado.idm.oclc.org/doi/pdf/10.1021/acssynbio.6b00379,https://pubs-acs-org.colorado.idm.oclc.org/asbcd6/article-pdf/6/5/891/7257941/sb6b00379.pdf,ACS Publications via CU Boulder EZproxy,publishedVersion,,current_version_of_record_at_retrieval,authenticated_acs_version_of_record_pdf_endpoint,not_established,CU Boulder EZproxy authenticated session (curl-cffi),4285911,35f49e3c4796568aab49ccf5ec2d2009cdcbc9ba5573f3e24fbef64fcb8a690e,11,article_pdf,doi,1.0,
doi:10.1021/acssynbio.6b00387,10.1021/acssynbio.6b00387,2017,Manipulation of the Precursor Supply in Yeast Significantly Enhances the Accumulation of Prenylated β-Carbolines,downloaded,data/papers/2017/10.1021__acssynbio.6b00387/publisher/paper.pdf,2026-09-03T03:24:46+00:00,https://pubs-acs-org.colorado.idm.oclc.org/doi/pdf/10.1021/acssynbio.6b00387,https://pubs-acs-org.colorado.idm.oclc.org/asbcd6/article-pdf/6/6/1056/8418984/sb6b00387.pdf,ACS Publications via CU Boulder EZproxy,publishedVersion,,current_version_of_record_at_retrieval,authenticated_acs_version_of_record_pdf_endpoint,not_established,CU Boulder EZproxy authenticated session (curl-cffi),1617228,437aa4a0eacacf8abb76674fc44e093619fe9b61e961ac68a6e0f9b8413a846f,9,article_pdf,doi,1.0,
doi:10.1021/acssynbio.6b00388,10.1021/acssynbio.6b00388,2017,Genome Engineering of Virulent Lactococcal Phages Using CRISPR-Cas9,downloaded,data/papers/2017/10.1021__acssynbio.6b00388/publisher/paper.pdf,2026-09-03T03:26:06+00:00,https://pubs-acs-org.colorado.idm.oclc.org/doi/pdf/10.1021/acssynbio.6b00388,https://pubs-acs-org.colorado.idm.oclc.org/asbcd6/article-pdf/6/7/1351/7263106/sb6b00388.pdf,ACS Publications via CU Boulder EZproxy,publishedVersion,,current_version_of_record_at_retrieval,authenticated_acs_version_of_record_pdf_endpoint,not_established,CU Boulder EZproxy authenticated session (curl-cffi),1772024,1eee0525037ef153e2bb68bc7518b91c83568f4c6eb08db438612c1af4cd3e4a,8,article_pdf,doi,1.0,
doi:10.1021/acssynbio.6b00391,10.1021/acssynbio.6b00391,2017,A DNA Bubble-Mediated Gene Regulation System Based on Thrombin-Bound DNA Aptamers,downloaded,data/papers/2017/10.1021__acssynbio.6b00391/publisher/paper.pdf,2026-09-03T03:23:28+00:00,https://pubs-acs-org.colorado.idm.oclc.org/doi/pdf/10.1021/acssynbio.6b00391,https://pubs-acs-org.colorado.idm.oclc.org/asbcd6/article-pdf/6/5/758/7257522/sb6b00391.pdf,ACS Publications via CU Boulder EZproxy,publishedVersion,,current_version_of_record_at_retrieval,authenticated_acs_version_of_record_pdf_endpoint,not_established,CU Boulder EZproxy authenticated session (curl-cffi),3364934,a9b978448c5a7791d94125b7a45e21a3f9e4a7d9d7fba248babb1b6b806e3e6b,8,article_pdf,doi,1.0,
doi:10.1021/acssynbio.6b00392,10.1021/acssynbio.6b00392,2017,Modularly Constructed Synthetic Granzyme B Molecule Enables Interrogation of Intracellular Proteases for Targeted Cytotoxicity,downloaded,data/papers/2017/10.1021__acssynbio.6b00392/publisher/paper.pdf,2026-09-03T03:26:40+00:00,https://pubs-acs-org.colorado.idm.oclc.org/doi/pdf/10.1021/acssynbio.6b00392,https://pubs-acs-org.colorado.idm.oclc.org/asbcd6/article-pdf/6/8/1484/11941068/sb6b00392.pdf,ACS Publications via CU Boulder EZproxy,publishedVersion,,current_version_of_record_at_retrieval,authenticated_acs_version_of_record_pdf_endpoint,not_established,CU Boulder EZproxy authenticated session (curl-cffi),5094847,73872683e74dc3f2e3f0165da25bef63bfad0eaf67eee10ee6eacb89f170c385,12,article_pdf,doi,1.0,
doi:10.1021/acssynbio.6b00395,10.1021/acssynbio.6b00395,2017,A Straightforward Approach for 3D Bacterial Printing,downloaded,data/papers/2017/10.1021__acssynbio.6b00395/publisher/paper.pdf,2026-09-03T03:25:06+00:00,https://pubs-acs-org.colorado.idm.oclc.org/doi/pdf/10.1021/acssynbio.6b00395,https://pubs-acs-org.colorado.idm.oclc.org/asbcd6/article-pdf/6/7/1124/67583786/acssynbio.6b00395.pdf,ACS Publications via CU Boulder EZproxy,publishedVersion,,current_version_of_record_at_retrieval,authenticated_acs_version_of_record_pdf_endpoint,not_established,CU Boulder EZproxy authenticated session (curl-cffi),4437852,f3802ed275563a67111cadf9bae41ae5f058a422e48db1ed0ca832f466945d97,7,article_pdf,doi,1.0,
doi:10.1021/acssynbio.6b00397,10.1021/acssynbio.6b00397,2017,Deconvolution of Gene Expression Noise into Spatial Dynamics of Transcription Factor–Promoter Interplay,downloaded,data/papers/2017/10.1021__acssynbio.6b00397/publisher/paper.pdf,2026-09-03T03:26:05+00:00,https://pubs-acs-org.colorado.idm.oclc.org/doi/pdf/10.1021/acssynbio.6b00397,https://pubs-acs-org.colorado.idm.oclc.org/asbcd6/article-pdf/6/7/1359/7263188/sb6b00397.pdf,ACS Publications via CU Boulder EZproxy,publishedVersion,,current_version_of_record_at_retrieval,authenticated_acs_version_of_record_pdf_endpoint,not_established,CU Boulder EZproxy authenticated session (curl-cffi),3671208,5bc3cc09cfe189509276e84689b1c64906000e2631c32e00488a2e3e69bc9869,11,article_pdf,doi,1.0,
doi:10.1021/acssynbio.7b00001,10.1021/acssynbio.7b00001,2017,Development of a CHO-Based Cell-Free Platform for Synthesis of Active Monoclonal Antibodies,downloaded,data/papers/2017/10.1021__acssynbio.7b00001/publisher/paper.pdf,2026-09-03T03:26:10+00:00,https://pubs-acs-org.colorado.idm.oclc.org/doi/pdf/10.1021/acssynbio.7b00001,https://pubs-acs-org.colorado.idm.oclc.org/asbcd6/article-pdf/6/7/1370/7262357/sb7b00001.pdf,ACS Publications via CU Boulder EZproxy,publishedVersion,,current_version_of_record_at_retrieval,authenticated_acs_version_of_record_pdf_endpoint,not_established,CU Boulder EZproxy authenticated session (curl-cffi),3988862,1d1a611a53ce8f1592cbca21fd0cd89783ab4101071d8e4a061a1323cdea3f42,10,article_pdf,doi,1.0,
doi:10.1021/acssynbio.7b00003,10.1021/acssynbio.7b00003,2017,A New Improved and Extended Version of the Multicell Bacterial Simulator gro,downloaded,data/papers/2017/10.1021__acssynbio.7b00003/publisher/paper.pdf,2026-09-03T03:26:45+00:00,https://pubs-acs-org.colorado.idm.oclc.org/doi/pdf/10.1021/acssynbio.7b00003,https://pubs-acs-org.colorado.idm.oclc.org/asbcd6/article-pdf/6/8/1496/11941002/sb7b00003.pdf,ACS Publications via CU Boulder EZproxy,publishedVersion,,current_version_of_record_at_retrieval,authenticated_acs_version_of_record_pdf_endpoint,not_established,CU Boulder EZproxy authenticated session (curl-cffi),8182422,fa05d63bff72eec757393b0ba1ce93bda463bba3f9b5b7caf9f3cf4e2224f5ca,13,article_pdf,doi,1.0,
doi:10.1021/acssynbio.7b00006,10.1021/acssynbio.7b00006,2017,Obtaining a Panel of Cascade Promoter-5′-UTR Complexes in Escherichia coli,downloaded,data/papers/2017/10.1021__acssynbio.7b00006/publisher/paper.pdf,2026-09-03T03:24:50+00:00,https://pubs-acs-org.colorado.idm.oclc.org/doi/pdf/10.1021/acssynbio.7b00006,https://pubs-acs-org.colorado.idm.oclc.org/asbcd6/article-pdf/6/6/1065/8419241/sb7b00006.pdf,ACS Publications via CU Boulder EZproxy,publishedVersion,,current_version_of_record_at_retrieval,authenticated_acs_version_of_record_pdf_endpoint,not_established,CU Boulder EZproxy authenticated session (curl-cffi),2908450,1e961dafd2da7f20e3fd0fed1d3273c549b183490097555e2dcac4c3931a4cde,11,article_pdf,doi,1.0,
doi:10.1021/acssynbio.7b00007,10.1021/acssynbio.7b00007,2017,Scalable Device for Automated Microbial Electroporation in a Digital Microfluidic Platform,downloaded,data/papers/2017/10.1021__acssynbio.7b00007/publisher/paper.pdf,2026-09-03T03:27:37+00:00,https://pubs-acs-org.colorado.idm.oclc.org/doi/pdf/10.1021/acssynbio.7b00007,https://pubs-acs-org.colorado.idm.oclc.org/asbcd6/article-pdf/6/9/1701/6776516/sb7b00007.pdf,ACS Publications via CU Boulder EZproxy,publishedVersion,,current_version_of_record_at_retrieval,authenticated_acs_version_of_record_pdf_endpoint,not_established,CU Boulder EZproxy authenticated session (curl-cffi),4176322,3a4342e6396c55b6276c0cf1599e2346fe99b70f35476f5fcbe40ec2622e4b0d,9,article_pdf,doi,1.0,
doi:10.1021/acssynbio.7b00009,10.1021/acssynbio.7b00009,2017,Development of a Bacterial Biosensor for Rapid Screening of Yeast p -Coumaric Acid Production,downloaded,data/papers/2017/10.1021__acssynbio.7b00009/publisher/paper.pdf,2026-09-03T03:28:21+00:00,https://pubs-acs-org.colorado.idm.oclc.org/doi/pdf/10.1021/acssynbio.7b00009,https://pubs-acs-org.colorado.idm.oclc.org/asbcd6/article-pdf/6/10/1860/12249331/sb7b00009.pdf,ACS Publications via CU Boulder EZproxy,publishedVersion,,current_version_of_record_at_retrieval,authenticated_acs_version_of_record_pdf_endpoint,not_established,CU Boulder EZproxy authenticated session (curl-cffi),2555044,26b5a4aa6992f949b204db248fa0a17d838b1c2fc16cf6f8647c93bde053ec55,10,article_pdf,doi,1.0,
doi:10.1021/acssynbio.7b00011,10.1021/acssynbio.7b00011,2017,Engineered CRISPR Systems for Next Generation Gene Therapies,downloaded,data/papers/2017/10.1021__acssynbio.7b00011/publisher/paper.pdf,2026-09-03T03:27:10+00:00,https://pubs-acs-org.colorado.idm.oclc.org/doi/pdf/10.1021/acssynbio.7b00011,https://pubs-acs-org.colorado.idm.oclc.org/asbcd6/article-pdf/6/9/1614/6777082/sb7b00011.pdf,ACS Publications via CU Boulder EZproxy,publishedVersion,,current_version_of_record_at_retrieval,authenticated_acs_version_of_record_pdf_endpoint,not_established,CU Boulder EZproxy authenticated session (curl-cffi),2252028,f6160889109d9d02002cdd52bda55955dbd3cfa08eb61393d1525186aa1d3e60,13,article_pdf,doi,1.0,
doi:10.1021/acssynbio.7b00016,10.1021/acssynbio.7b00016,2017,EMMA: An Extensible Mammalian Modular Assembly Toolkit for the Rapid Design and Production of Diverse Expression Vectors,downloaded,data/papers/2017/10.1021__acssynbio.7b00016/publisher/paper.pdf,2026-09-03T03:26:12+00:00,https://pubs-acs-org.colorado.idm.oclc.org/doi/pdf/10.1021/acssynbio.7b00016,https://pubs-acs-org.colorado.idm.oclc.org/asbcd6/article-pdf/6/7/1380/7262297/sb7b00016.pdf,ACS Publications via CU Boulder EZproxy,publishedVersion,,current_version_of_record_at_retrieval,authenticated_acs_version_of_record_pdf_endpoint,not_established,CU Boulder EZproxy authenticated session (curl-cffi),4770958,1163b8a0bf1b47291530e90c002b3146cf8cd3f04ebcba4a08e0983cc6c82adf,13,article_pdf,doi,1.0,
doi:10.1021/acssynbio.7b00017,10.1021/acssynbio.7b00017,2017,Recursive DNA Assembly Using Protected Oligonucleotide Duplex Assisted Cloning (PODAC),downloaded,data/papers/2017/10.1021__acssynbio.7b00017/publisher/paper.pdf,2026-09-03T03:24:22+00:00,https://pubs-acs-org.colorado.idm.oclc.org/doi/pdf/10.1021/acssynbio.7b00017,https://pubs-acs-org.colorado.idm.oclc.org/asbcd6/article-pdf/6/6/943/8419602/sb7b00017.pdf,ACS Publications via CU Boulder EZproxy,publishedVersion,,current_version_of_record_at_retrieval,authenticated_acs_version_of_record_pdf_endpoint,not_established,CU Boulder EZproxy authenticated session (curl-cffi),2179473,d107fe2602622f6dcd899a40c122fb5ad90c37f78646df6218a9172bd2fc8224,7,article_pdf,doi,1.0,
doi:10.1021/acssynbio.7b00019,10.1021/acssynbio.7b00019,2017,"Tuning of Recombinant Protein Expression in Escherichia coli by Manipulating Transcription, Translation Initiation Rates, and Incorporation of Noncanonical Amino Acids",downloaded,data/papers/2017/10.1021__acssynbio.7b00019/publisher/paper.pdf,2026-09-03T03:24:51+00:00,https://pubs-acs-org.colorado.idm.oclc.org/doi/pdf/10.1021/acssynbio.7b00019,https://pubs-acs-org.colorado.idm.oclc.org/asbcd6/article-pdf/6/6/1076/8420264/sb7b00019.pdf,ACS Publications via CU Boulder EZproxy,publishedVersion,,current_version_of_record_at_retrieval,authenticated_acs_version_of_record_pdf_endpoint,not_established,CU Boulder EZproxy authenticated session (curl-cffi),1489429,a35b0144c49f409ea21390256fa685eabb579a9f858da0118430d6865753ad65,10,article_pdf,doi,1.0,
doi:10.1021/acssynbio.7b00020,10.1021/acssynbio.7b00020,2017,Enhancing Protein Production Yield from Chinese Hamster Ovary Cells by CRISPR Interference,downloaded,data/papers/2017/10.1021__acssynbio.7b00020/publisher/paper.pdf,2026-09-03T03:26:46+00:00,https://pubs-acs-org.colorado.idm.oclc.org/doi/pdf/10.1021/acssynbio.7b00020,https://pubs-acs-org.colorado.idm.oclc.org/asbcd6/article-pdf/6/8/1509/11940234/sb7b00020.pdf,ACS Publications via CU Boulder EZproxy,publishedVersion,,current_version_of_record_at_retrieval,authenticated_acs_version_of_record_pdf_endpoint,not_established,CU Boulder EZproxy authenticated session (curl-cffi),4008413,94ccf841058957e49033552d4a52b397a9e8e42ac570c0385516c54f3b5a3cd7,11,article_pdf,doi,1.0,
doi:10.1021/acssynbio.7b00022,10.1021/acssynbio.7b00022,2017,Assembly Domain-Based Optogenetic System for the Efficient Control of Cellular Signaling,downloaded,data/papers/2017/10.1021__acssynbio.7b00022/publisher/paper.pdf,2026-09-03T03:24:55+00:00,https://pubs-acs-org.colorado.idm.oclc.org/doi/pdf/10.1021/acssynbio.7b00022,https://pubs-acs-org.colorado.idm.oclc.org/asbcd6/article-pdf/6/6/1086/8420405/sb7b00022.pdf,ACS Publications via CU Boulder EZproxy,publishedVersion,,current_version_of_record_at_retrieval,authenticated_acs_version_of_record_pdf_endpoint,not_established,CU Boulder EZproxy authenticated session (curl-cffi),5342642,73b55acf1669bc9ab77d1430778aef110ddea487da9c3790e8a21e38bdf1a384,10,article_pdf,doi,1.0,
doi:10.1021/acssynbio.7b00025,10.1021/acssynbio.7b00025,2017,Inducible Control of mRNA Transport Using Reprogrammable RNA-Binding Proteins,downloaded,data/papers/2017/10.1021__acssynbio.7b00025/publisher/paper.pdf,2026-09-03T03:24:24+00:00,https://pubs-acs-org.colorado.idm.oclc.org/doi/pdf/10.1021/acssynbio.7b00025,https://pubs-acs-org.colorado.idm.oclc.org/asbcd6/article-pdf/6/6/950/67361192/acssynbio.7b00025.pdf,ACS Publications via CU Boulder EZproxy,publishedVersion,,current_version_of_record_at_retrieval,authenticated_acs_version_of_record_pdf_endpoint,not_established,CU Boulder EZproxy authenticated session (curl-cffi),2822674,31902426774475674af595e76f68f81afff1193107b0c5c172bebc50a85fad4d,7,article_pdf,doi,1.0,
doi:10.1021/acssynbio.7b00028,10.1021/acssynbio.7b00028,2017,Construction and Rescue of a Functional Synthetic Baculovirus,downloaded,data/papers/2017/10.1021__acssynbio.7b00028/publisher/paper.pdf,2026-09-03T03:26:19+00:00,https://pubs-acs-org.colorado.idm.oclc.org/doi/pdf/10.1021/acssynbio.7b00028,https://pubs-acs-org.colorado.idm.oclc.org/asbcd6/article-pdf/6/7/1393/7263212/sb7b00028.pdf,ACS Publications via CU Boulder EZproxy,publishedVersion,,current_version_of_record_at_retrieval,authenticated_acs_version_of_record_pdf_endpoint,not_established,CU Boulder EZproxy authenticated session (curl-cffi),5480755,5d68de44c70bcb22b6509d1b94d039d90b1b40956396d7074757dee0c632c3ef,10,article_pdf,doi,1.0,
doi:10.1021/acssynbio.7b00029,10.1021/acssynbio.7b00029,2017,A Synthetic Alternative to Canonical One-Carbon Metabolism,downloaded,data/papers/2017/10.1021__acssynbio.7b00029/publisher/paper.pdf,2026-09-03T03:26:49+00:00,https://pubs-acs-org.colorado.idm.oclc.org/doi/pdf/10.1021/acssynbio.7b00029,https://pubs-acs-org.colorado.idm.oclc.org/asbcd6/article-pdf/6/8/1520/11940457/sb7b00029.pdf,ACS Publications via CU Boulder EZproxy,publishedVersion,,current_version_of_record_at_retrieval,authenticated_acs_version_of_record_pdf_endpoint,not_established,CU Boulder EZproxy authenticated session (curl-cffi),2984286,81a42f0d6f94091957106fc2ebd494c796e6e05fc332779289c845e0008b983a,14,article_pdf,doi,1.0,
doi:10.1021/acssynbio.7b00034,10.1021/acssynbio.7b00034,2017,Production of Medium Chain Fatty Acids by Yarrowia lipolytica: Combining Molecular Design and TALEN to Engineer the Fatty Acid Synthase,downloaded,data/papers/2017/10.1021__acssynbio.7b00034/publisher/paper.pdf,2026-09-03T03:28:24+00:00,https://pubs-acs-org.colorado.idm.oclc.org/doi/pdf/10.1021/acssynbio.7b00034,https://pubs-acs-org.colorado.idm.oclc.org/asbcd6/article-pdf/6/10/1870/12249008/sb7b00034.pdf,ACS Publications via CU Boulder EZproxy,publishedVersion,,current_version_of_record_at_retrieval,authenticated_acs_version_of_record_pdf_endpoint,not_established,CU Boulder EZproxy authenticated session (curl-cffi),3007645,8d881466ac3e4d1e713e9d46ddf84e2cdece0f51bf60f877840afdc58fe0d17f,10,article_pdf,doi,1.0,
doi:10.1021/acssynbio.7b00037,10.1021/acssynbio.7b00037,2017,Construction of a Chassis for a Tripartite Protein-Based Molecular Motor,downloaded,data/papers/2017/10.1021__acssynbio.7b00037/publisher/paper.pdf,2026-09-03T03:24:56+00:00,https://pubs-acs-org.colorado.idm.oclc.org/doi/pdf/10.1021/acssynbio.7b00037,https://pubs-acs-org.colorado.idm.oclc.org/asbcd6/article-pdf/6/6/1096/67464117/acssynbio.7b00037.pdf,ACS Publications via CU Boulder EZproxy,publishedVersion,,current_version_of_record_at_retrieval,authenticated_acs_version_of_record_pdf_endpoint,not_established,CU Boulder EZproxy authenticated session (curl-cffi),2627699,833836fd6672597c37804ff150ace7285e3a42ed08d6977d84ec26abe7166195,7,article_pdf,doi,1.0,
doi:10.1021/acssynbio.7b00041,10.1021/acssynbio.7b00041,2017,Synthetic Protein Scaffolds for Biosynthetic Pathway Colocalization on Lipid Droplet Membranes,downloaded,data/papers/2017/10.1021__acssynbio.7b00041/publisher/paper.pdf,2026-09-03T03:26:50+00:00,https://pubs-acs-org.colorado.idm.oclc.org/doi/pdf/10.1021/acssynbio.7b00041,https://pubs-acs-org.colorado.idm.oclc.org/asbcd6/article-pdf/6/8/1534/11940018/sb7b00041.pdf,ACS Publications via CU Boulder EZproxy,publishedVersion,,current_version_of_record_at_retrieval,authenticated_acs_version_of_record_pdf_endpoint,not_established,CU Boulder EZproxy authenticated session (curl-cffi),2806578,821ece3552499654ff41c0f0fcf62faed29eaba4dc8918b7b148fa63bbb1a9ed,11,article_pdf,doi,1.0,
doi:10.1021/acssynbio.7b00042,10.1021/acssynbio.7b00042,2017,Evidence for Improved Encapsulated Pathway Behavior in a Bacterial Microcompartment through Shell Protein Engineering,downloaded,data/papers/2017/10.1021__acssynbio.7b00042/publisher/paper.pdf,2026-09-03T03:28:29+00:00,https://pubs-acs-org.colorado.idm.oclc.org/doi/pdf/10.1021/acssynbio.7b00042,https://pubs-acs-org.colorado.idm.oclc.org/asbcd6/article-pdf/6/10/1880/12249546/sb7b00042.pdf,ACS Publications via CU Boulder EZproxy,publishedVersion,,current_version_of_record_at_retrieval,authenticated_acs_version_of_record_pdf_endpoint,not_established,CU Boulder EZproxy authenticated session (curl-cffi),5098255,ade3a5952175cb05a955b017f0c5f1499cda14d0cd9745df1575fd82ea08bcc5,12,article_pdf,doi,1.0,
doi:10.1021/acssynbio.7b00045,10.1021/acssynbio.7b00045,2017,CAGE: Chromatin Analogous Gene Expression,downloaded,data/papers/2017/10.1021__acssynbio.7b00045/publisher/paper.pdf,2026-09-03T03:28:04+00:00,https://pubs-acs-org.colorado.idm.oclc.org/doi/pdf/10.1021/acssynbio.7b00045,https://pubs-acs-org.colorado.idm.oclc.org/asbcd6/article-pdf/6/10/1800/12248873/sb7b00045.pdf,ACS Publications via CU Boulder EZproxy,publishedVersion,,current_version_of_record_at_retrieval,authenticated_acs_version_of_record_pdf_endpoint,not_established,CU Boulder EZproxy authenticated session (curl-cffi),2251037,bbcc1bf72eaf26ada94d8656fb00f374263e9d4810ad33e1307d8c4687c0eadd,7,article_pdf,doi,1.0,
doi:10.1021/acssynbio.7b00046,10.1021/acssynbio.7b00046,2017,Centromeric DNA Facilitates Nonconventional Yeast Genetic Engineering,downloaded,data/papers/2017/10.1021__acssynbio.7b00046/publisher/paper.pdf,2026-09-03T03:26:58+00:00,https://pubs-acs-org.colorado.idm.oclc.org/doi/pdf/10.1021/acssynbio.7b00046,https://pubs-acs-org.colorado.idm.oclc.org/asbcd6/article-pdf/6/8/1545/11940639/sb7b00046.pdf,ACS Publications via CU Boulder EZproxy,publishedVersion,,current_version_of_record_at_retrieval,authenticated_acs_version_of_record_pdf_endpoint,not_established,CU Boulder EZproxy authenticated session (curl-cffi),3598334,462d563746920d6cda3a237ae68585e4d7d8f153eab49453d30e904abcce9035,9,article_pdf,doi,1.0,
doi:10.1021/acssynbio.7b00048,10.1021/acssynbio.7b00048,2017,A Versatile Toolbox for the Control of Protein Levels Using Nε-Acetyl-l-lysine Dependent Amber Suppression,downloaded,data/papers/2017/10.1021__acssynbio.7b00048/publisher/paper.pdf,2026-09-03T03:28:34+00:00,https://pubs-acs-org.colorado.idm.oclc.org/doi/pdf/10.1021/acssynbio.7b00048,https://pubs-acs-org.colorado.idm.oclc.org/asbcd6/article-pdf/6/10/1892/12249418/sb7b00048.pdf,ACS Publications via CU Boulder EZproxy,publishedVersion,,current_version_of_record_at_retrieval,authenticated_acs_version_of_record_pdf_endpoint,not_established,CU Boulder EZproxy authenticated session (curl-cffi),3317513,86dfe5cd58106279d2e21d9a95d340d05782935666aacf088e889774135d8ba8,11,article_pdf,doi,1.0,
doi:10.1021/acssynbio.7b00050,10.1021/acssynbio.7b00050,2017,The Impact of DNA Topology and Guide Length on Target Selection by a Cytosine-Specific Cas9,downloaded,data/papers/2017/10.1021__acssynbio.7b00050/publisher/paper.pdf,2026-09-03T03:25:01+00:00,https://pubs-acs-org.colorado.idm.oclc.org/doi/pdf/10.1021/acssynbio.7b00050,https://pubs-acs-org.colorado.idm.oclc.org/asbcd6/article-pdf/6/6/1103/8421510/sb7b00050.pdf,ACS Publications via CU Boulder EZproxy,publishedVersion,,current_version_of_record_at_retrieval,authenticated_acs_version_of_record_pdf_endpoint,not_established,CU Boulder EZproxy authenticated session (curl-cffi),7713551,3d50cbcfc1dc8732f59741268dfe927a14b0d22548b0035e6e0a9a8771c8c67a,11,article_pdf,doi,1.0,
doi:10.1021/acssynbio.7b00056,10.1021/acssynbio.7b00056,2017,Positive Detection of GPCR Antagonists Using a System for Inverted Expression of a Fluorescent Reporter Gene,downloaded,data/papers/2017/10.1021__acssynbio.7b00056/publisher/paper.pdf,2026-09-03T03:26:54+00:00,https://pubs-acs-org.colorado.idm.oclc.org/doi/pdf/10.1021/acssynbio.7b00056,https://pubs-acs-org.colorado.idm.oclc.org/asbcd6/article-pdf/6/8/1554/11939709/sb7b00056.pdf,ACS Publications via CU Boulder EZproxy,publishedVersion,,current_version_of_record_at_retrieval,authenticated_acs_version_of_record_pdf_endpoint,not_established,CU Boulder EZproxy authenticated session (curl-cffi),3311794,aa4215309402d9561d51012086468ca3fbbd28e84a0939d2c2ea759cb80e8d20,9,article_pdf,doi,1.0,
doi:10.1021/acssynbio.7b00057,10.1021/acssynbio.7b00057,2017,Deep Sequencing Analysis of Aptazyme Variants Based on a Pistol Ribozyme,downloaded,data/papers/2017/10.1021__acssynbio.7b00057/publisher/paper.pdf,2026-09-03T03:25:46+00:00,https://pubs-acs-org.colorado.idm.oclc.org/doi/pdf/10.1021/acssynbio.7b00057,https://pubs-acs-org.colorado.idm.oclc.org/asbcd6/article-pdf/6/7/1283/67609168/acssynbio.7b00057.pdf,ACS Publications via CU Boulder EZproxy,publishedVersion,,current_version_of_record_at_retrieval,authenticated_acs_version_of_record_pdf_endpoint,not_established,CU Boulder EZproxy authenticated session (curl-cffi),1020368,6ee576eea2ec77ba16bb7156927bf00f13981785e2f2fc01f659136f823002da,6,article_pdf,doi,1.0,
doi:10.1021/acssynbio.7b00058,10.1021/acssynbio.7b00058,2017,Repurposing a Two-Component System-Based Biosensor for the Killing of Vibrio cholerae,downloaded,data/papers/2017/10.1021__acssynbio.7b00058/publisher/paper.pdf,2026-09-03T03:26:17+00:00,https://pubs-acs-org.colorado.idm.oclc.org/doi/pdf/10.1021/acssynbio.7b00058,https://pubs-acs-org.colorado.idm.oclc.org/asbcd6/article-pdf/6/7/1403/7263043/sb7b00058.pdf,ACS Publications via CU Boulder EZproxy,publishedVersion,,current_version_of_record_at_retrieval,authenticated_acs_version_of_record_pdf_endpoint,not_established,CU Boulder EZproxy authenticated session (curl-cffi),5658221,afb03726d9e2cad45f1efab41318c459c4ea2e64f613c6a0a4f8e5242e092bcd,13,article_pdf,doi,1.0,
doi:10.1021/acssynbio.7b00059,10.1021/acssynbio.7b00059,2017,A Fluorescent Split Aptamer for Visualizing RNA?RNA Assembly In Vivo,downloaded,data/papers/2017/10.1021__acssynbio.7b00059/publisher/paper.pdf,2026-09-03T03:27:37+00:00,https://pubs-acs-org.colorado.idm.oclc.org/doi/pdf/10.1021/acssynbio.7b00059,https://pubs-acs-org.colorado.idm.oclc.org/asbcd6/article-pdf/6/9/1710/67117572/acssynbio.7b00059.pdf,ACS Publications via CU Boulder EZproxy,publishedVersion,,current_version_of_record_at_retrieval,authenticated_acs_version_of_record_pdf_endpoint,not_established,CU Boulder EZproxy authenticated session (curl-cffi),2811876,85f45a85f12b8939173a0cc05c23a185292f92a8b2375f5a5afda7d033b9a150,12,article_pdf,doi,1.0,
doi:10.1021/acssynbio.7b00069,10.1021/acssynbio.7b00069,2017,"Developing a Genetically Encoded, Cross-Species Biosensor for Detecting Ammonium and Regulating Biosynthesis of Cyanophycin",downloaded,data/papers/2017/10.1021__acssynbio.7b00069/publisher/paper.pdf,2026-09-03T03:28:04+00:00,https://pubs-acs-org.colorado.idm.oclc.org/doi/pdf/10.1021/acssynbio.7b00069,https://pubs-acs-org.colorado.idm.oclc.org/asbcd6/article-pdf/6/10/1807/12249034/sb7b00069.pdf,ACS Publications via CU Boulder EZproxy,publishedVersion,,current_version_of_record_at_retrieval,authenticated_acs_version_of_record_pdf_endpoint,not_established,CU Boulder EZproxy authenticated session (curl-cffi),1871445,1b15f3e47a7d6e4c1ac53cf636e244b7b555dd747022cd73099eddfdc0e18b1a,9,article_pdf,doi,1.0,
doi:10.1021/acssynbio.7b00072,10.1021/acssynbio.7b00072,2017,Designing a New Entry Point into Isoprenoid Metabolism by Exploiting Fructose-6-Phosphate Aldolase Side Reactivity of Escherichia coli,downloaded,data/papers/2017/10.1021__acssynbio.7b00072/publisher/paper.pdf,2026-09-03T03:26:23+00:00,https://pubs-acs-org.colorado.idm.oclc.org/doi/pdf/10.1021/acssynbio.7b00072,https://pubs-acs-org.colorado.idm.oclc.org/asbcd6/article-pdf/6/7/1416/7263221/sb7b00072.pdf,ACS Publications via CU Boulder EZproxy,publishedVersion,,current_version_of_record_at_retrieval,authenticated_acs_version_of_record_pdf_endpoint,not_established,CU Boulder EZproxy authenticated session (curl-cffi),2119545,c63ef4acd2ff6fc137a2258515a582b9b8f033abdd0418af50fddf21c826b92d,11,article_pdf,doi,1.0,
doi:10.1021/acssynbio.7b00076,10.1021/acssynbio.7b00076,2017,Autonomous Cell Migration to CSF1 Sources via a Synthetic Protein-Based System,downloaded,data/papers/2017/10.1021__acssynbio.7b00076/publisher/paper.pdf,2026-09-03T03:27:03+00:00,https://pubs-acs-org.colorado.idm.oclc.org/doi/pdf/10.1021/acssynbio.7b00076,https://pubs-acs-org.colorado.idm.oclc.org/asbcd6/article-pdf/6/8/1563/11939962/sb7b00076.pdf,ACS Publications via CU Boulder EZproxy,publishedVersion,,current_version_of_record_at_retrieval,authenticated_acs_version_of_record_pdf_endpoint,not_established,CU Boulder EZproxy authenticated session (curl-cffi),2474739,1a21ffbfd2d7df01370dc7116f48cb45794d01482dded538b1941b8fce6fb543,9,article_pdf,doi,1.0,
doi:10.1021/acssynbio.7b00077,10.1021/acssynbio.7b00077,2017,A Tug-of-War Mechanism for Pattern Formation in a Genetic Network,downloaded,data/papers/2017/10.1021__acssynbio.7b00077/publisher/paper.pdf,2026-09-03T03:29:21+00:00,https://pubs-acs-org.colorado.idm.oclc.org/doi/pdf/10.1021/acssynbio.7b00077,https://pubs-acs-org.colorado.idm.oclc.org/asbcd6/article-pdf/6/11/2056/7260622/sb7b00077.pdf,ACS Publications via CU Boulder EZproxy,publishedVersion,,current_version_of_record_at_retrieval,authenticated_acs_version_of_record_pdf_endpoint,not_established,CU Boulder EZproxy authenticated session (curl-cffi),5375820,9600c7304a0ce6d7663250497c3de8ae10447cb6de111b07854557799e73a29b,11,article_pdf,doi,1.0,
doi:10.1021/acssynbio.7b00078,10.1021/acssynbio.7b00078,2017,Control of the Yeast Mating Pathway by Reconstitution of Functional α-Factor Using Split Intein-Catalyzed Reactions,downloaded,data/papers/2017/10.1021__acssynbio.7b00078/publisher/paper.pdf,2026-09-03T03:26:33+00:00,https://pubs-acs-org.colorado.idm.oclc.org/doi/pdf/10.1021/acssynbio.7b00078,https://pubs-acs-org.colorado.idm.oclc.org/asbcd6/article-pdf/6/8/1453/11940143/sb7b00078.pdf,ACS Publications via CU Boulder EZproxy,publishedVersion,,current_version_of_record_at_retrieval,authenticated_acs_version_of_record_pdf_endpoint,not_established,CU Boulder EZproxy authenticated session (curl-cffi),3280385,16539ef9cd592cc6eb02a2db7e1c09c4bf721a784b3632d77694e03c23cb82ca,8,article_pdf,doi,1.0,
doi:10.1021/acssynbio.7b00083,10.1021/acssynbio.7b00083,2017,Improvement of Squalene Production from CO2 in Synechococcus elongatus PCC 7942 by Metabolic Engineering and Scalable Production in a Photobioreactor,downloaded,data/papers/2017/10.1021__acssynbio.7b00083/publisher/paper.pdf,2026-09-03T03:25:46+00:00,https://pubs-acs-org.colorado.idm.oclc.org/doi/pdf/10.1021/acssynbio.7b00083,https://pubs-acs-org.colorado.idm.oclc.org/asbcd6/article-pdf/6/7/1289/7262020/sb7b00083.pdf,ACS Publications via CU Boulder EZproxy,publishedVersion,,current_version_of_record_at_retrieval,authenticated_acs_version_of_record_pdf_endpoint,not_established,CU Boulder EZproxy authenticated session (curl-cffi),3234315,508371a643bdac697de382962641b5817e5b977ca31142d09cc3508c3173734b,7,article_pdf,doi,1.0,
doi:10.1021/acssynbio.7b00086,10.1021/acssynbio.7b00086,2017,Engineered Assimilation of Exogenous and Endogenous Formate in Escherichia coli,downloaded,data/papers/2017/10.1021__acssynbio.7b00086/publisher/paper.pdf,2026-09-03T03:27:42+00:00,https://pubs-acs-org.colorado.idm.oclc.org/doi/pdf/10.1021/acssynbio.7b00086,https://pubs-acs-org.colorado.idm.oclc.org/asbcd6/article-pdf/6/9/1722/67255256/acssynbio.7b00086.pdf,ACS Publications via CU Boulder EZproxy,publishedVersion,,current_version_of_record_at_retrieval,authenticated_acs_version_of_record_pdf_endpoint,not_established,CU Boulder EZproxy authenticated session (curl-cffi),2818418,def107b667d12b58d4d9353d2cac492d6261904cc8af827e33b4b82a13733792,10,article_pdf,doi,1.0,
doi:10.1021/acssynbio.7b00087,10.1021/acssynbio.7b00087,2017,"Engineered Control of Genetic Variability Reveals Interplay among Quorum Sensing, Feedback Regulation, and Biochemical Noise",downloaded,data/papers/2017/10.1021__acssynbio.7b00087/publisher/paper.pdf,2026-09-03T03:28:32+00:00,https://pubs-acs-org.colorado.idm.oclc.org/doi/pdf/10.1021/acssynbio.7b00087,https://pubs-acs-org.colorado.idm.oclc.org/asbcd6/article-pdf/6/10/1903/12249841/sb7b00087.pdf,ACS Publications via CU Boulder EZproxy,publishedVersion,,current_version_of_record_at_retrieval,authenticated_acs_version_of_record_pdf_endpoint,not_established,CU Boulder EZproxy authenticated session (curl-cffi),2871130,5f97fb971720b5d380cb1408aaecdee7305ebe88b18d7533c692d5cf2d76f871,10,article_pdf,doi,1.0,
doi:10.1021/acssynbio.7b00088,10.1021/acssynbio.7b00088,2017,A Microfluidic Biodisplay,downloaded,data/papers/2017/10.1021__acssynbio.7b00088/publisher/paper.pdf,2026-09-03T03:29:02+00:00,https://pubs-acs-org.colorado.idm.oclc.org/doi/pdf/10.1021/acssynbio.7b00088,https://pubs-acs-org.colorado.idm.oclc.org/asbcd6/article-pdf/6/11/1979/7260159/sb7b00088.pdf,ACS Publications via CU Boulder EZproxy,publishedVersion,,current_version_of_record_at_retrieval,authenticated_acs_version_of_record_pdf_endpoint,not_established,CU Boulder EZproxy authenticated session (curl-cffi),5641915,fee4b6e474e9d24135b0fa75513850ef3d83e4dd7a0678531969054f835802b3,9,article_pdf,doi,1.0,
doi:10.1021/acssynbio.7b00089,10.1021/acssynbio.7b00089,2017,Catch and Release: Engineered Allosterically Regulated β-Roll Peptides Enable On/Off Biomolecular Recognition,downloaded,data/papers/2017/10.1021__acssynbio.7b00089/publisher/paper.pdf,2026-09-03T03:27:44+00:00,https://pubs-acs-org.colorado.idm.oclc.org/doi/pdf/10.1021/acssynbio.7b00089,https://pubs-acs-org.colorado.idm.oclc.org/asbcd6/article-pdf/6/9/1732/6777204/sb7b00089.pdf,ACS Publications via CU Boulder EZproxy,publishedVersion,,current_version_of_record_at_retrieval,authenticated_acs_version_of_record_pdf_endpoint,not_established,CU Boulder EZproxy authenticated session (curl-cffi),5017885,7ffc326fd69b9d9d8514d2ff954495516f37ea1dc47cdfe6dd5dfca0d75bc551,10,article_pdf,doi,1.0,
doi:10.1021/acssynbio.7b00091,10.1021/acssynbio.7b00091,2017,Mini Photobioreactors for in Vivo Real-Time Characterization and Evolutionary Tuning of Bacterial Optogenetic Circuit,downloaded,data/papers/2017/10.1021__acssynbio.7b00091/publisher/paper.pdf,2026-09-03T03:28:00+00:00,https://pubs-acs-org.colorado.idm.oclc.org/doi/pdf/10.1021/acssynbio.7b00091,https://pubs-acs-org.colorado.idm.oclc.org/asbcd6/article-pdf/6/9/1793/6776467/sb7b00091.pdf,ACS Publications via CU Boulder EZproxy,publishedVersion,,current_version_of_record_at_retrieval,authenticated_acs_version_of_record_pdf_endpoint,not_established,CU Boulder EZproxy authenticated session (curl-cffi),2037823,4bd38b6d93bec0e3103f55596388fd8053f5106eb9aedae29358b995aab63794,4,article_pdf,doi,1.0,
doi:10.1021/acssynbio.7b00094,10.1021/acssynbio.7b00094,2017,Plant-Derived Transcription Factors for Orthologous Regulation of Gene Expression in the Yeast Saccharomyces cerevisiae,downloaded,data/papers/2017/10.1021__acssynbio.7b00094/publisher/paper.pdf,2026-09-03T03:27:50+00:00,https://pubs-acs-org.colorado.idm.oclc.org/doi/pdf/10.1021/acssynbio.7b00094,https://pubs-acs-org.colorado.idm.oclc.org/asbcd6/article-pdf/6/9/1742/6776824/sb7b00094.pdf,ACS Publications via CU Boulder EZproxy,publishedVersion,,current_version_of_record_at_retrieval,authenticated_acs_version_of_record_pdf_endpoint,not_established,CU Boulder EZproxy authenticated session (curl-cffi),2060593,3a88caa81af8b61dc5077e14741a9c98b0744900e04afd854f8eb316f62d43d4,15,article_pdf,doi,1.0,
doi:10.1021/acssynbio.7b00099,10.1021/acssynbio.7b00099,2017,New Prodigiosin Derivatives Obtained by Mutasynthesis in Pseudomonas putida,downloaded,data/papers/2017/10.1021__acssynbio.7b00099/publisher/paper.pdf,2026-09-03T03:27:50+00:00,https://pubs-acs-org.colorado.idm.oclc.org/doi/pdf/10.1021/acssynbio.7b00099,https://pubs-acs-org.colorado.idm.oclc.org/asbcd6/article-pdf/6/9/1757/6776420/sb7b00099.pdf,ACS Publications via CU Boulder EZproxy,publishedVersion,,current_version_of_record_at_retrieval,authenticated_acs_version_of_record_pdf_endpoint,not_established,CU Boulder EZproxy authenticated session (curl-cffi),4019343,b8441183e58d010d33bba0cf5fdd0be684099bc9d495429214b3f222c291c079,9,article_pdf,doi,1.0,
doi:10.1021/acssynbio.7b00100,10.1021/acssynbio.7b00100,2017,Programming Post-Translational Control over the Metabolic Labeling of Cellular Proteins with a Noncanonical Amino Acid,downloaded,data/papers/2017/10.1021__acssynbio.7b00100/publisher/paper.pdf,2026-09-03T03:27:02+00:00,https://pubs-acs-org.colorado.idm.oclc.org/doi/pdf/10.1021/acssynbio.7b00100,https://pubs-acs-org.colorado.idm.oclc.org/asbcd6/article-pdf/6/8/1572/11940380/sb7b00100.pdf,ACS Publications via CU Boulder EZproxy,publishedVersion,,current_version_of_record_at_retrieval,authenticated_acs_version_of_record_pdf_endpoint,not_established,CU Boulder EZproxy authenticated session (curl-cffi),2944544,488bee3246caddb8f2aac1957589ae40b0ce824009da36c91c420e8b8f381d75,12,article_pdf,doi,1.0,
doi:10.1021/acssynbio.7b00101,10.1021/acssynbio.7b00101,2017,Nanopore Logic Operation with DNA to RNA Transcription in a Droplet System,downloaded,data/papers/2017/10.1021__acssynbio.7b00101/publisher/paper.pdf,2026-09-03T03:26:26+00:00,https://pubs-acs-org.colorado.idm.oclc.org/doi/pdf/10.1021/acssynbio.7b00101,https://pubs-acs-org.colorado.idm.oclc.org/asbcd6/article-pdf/6/7/1427/7263093/sb7b00101.pdf,ACS Publications via CU Boulder EZproxy,publishedVersion,,current_version_of_record_at_retrieval,authenticated_acs_version_of_record_pdf_endpoint,not_established,CU Boulder EZproxy authenticated session (curl-cffi),4971968,a57c7ab5a2ba6846486947d12583907b8e3a354e90e3a1e211104c0f5ac41703,6,article_pdf,doi,1.0,
doi:10.1021/acssynbio.7b00102,10.1021/acssynbio.7b00102,2017,Tunable Control of an Escherichia coli Expression System for the Overproduction of Membrane Proteins by Titrated Expression of a Mutant lac Repressor,downloaded,data/papers/2017/10.1021__acssynbio.7b00102/publisher/paper.pdf,2026-09-03T03:27:55+00:00,https://pubs-acs-org.colorado.idm.oclc.org/doi/pdf/10.1021/acssynbio.7b00102,https://pubs-acs-org.colorado.idm.oclc.org/asbcd6/article-pdf/6/9/1766/6776503/sb7b00102.pdf,ACS Publications via CU Boulder EZproxy,publishedVersion,,current_version_of_record_at_retrieval,authenticated_acs_version_of_record_pdf_endpoint,not_established,CU Boulder EZproxy authenticated session (curl-cffi),2195087,8aa4bae1394f8a5600523f16c6bb77f697123e76f52bec3aa1f28fb9bff175c3,8,article_pdf,doi,1.0,
doi:10.1021/acssynbio.7b00105,10.1021/acssynbio.7b00105,2017,Design and Characterization of DNA Strand-Displacement Circuits in Serum-Supplemented Cell Medium,downloaded,data/papers/2017/10.1021__acssynbio.7b00105/publisher/paper.pdf,2026-09-03T03:27:54+00:00,https://pubs-acs-org.colorado.idm.oclc.org/doi/pdf/10.1021/acssynbio.7b00105,https://pubs-acs-org.colorado.idm.oclc.org/asbcd6/article-pdf/6/9/1774/6776590/sb7b00105.pdf,ACS Publications via CU Boulder EZproxy,publishedVersion,,current_version_of_record_at_retrieval,authenticated_acs_version_of_record_pdf_endpoint,not_established,CU Boulder EZproxy authenticated session (curl-cffi),1444054,f318a911b86c27d942b539410750d3ee16f61cb22993bdf0450fe0223fcaddd5,10,article_pdf,doi,1.0,
doi:10.1021/acssynbio.7b00106,10.1021/acssynbio.7b00106,2017,Screening of Pro–Asp Sequences Exposed on Bacteriophage M13 as an Ideal Anchor for Gold Nanocubes,downloaded,data/papers/2017/10.1021__acssynbio.7b00106/publisher/paper.pdf,2026-09-03T03:27:19+00:00,https://pubs-acs-org.colorado.idm.oclc.org/doi/pdf/10.1021/acssynbio.7b00106,https://pubs-acs-org.colorado.idm.oclc.org/asbcd6/article-pdf/6/9/1635/6776781/sb7b00106.pdf,ACS Publications via CU Boulder EZproxy,publishedVersion,,current_version_of_record_at_retrieval,authenticated_acs_version_of_record_pdf_endpoint,not_established,CU Boulder EZproxy authenticated session (curl-cffi),2764022,cd86258e51448387751cdffb9fe6244951794b61076717f24d3204f648a18e10,7,article_pdf,doi,1.0,
doi:10.1021/acssynbio.7b00108,10.1021/acssynbio.7b00108,2017,A Small-Molecule Inducible Synthetic Circuit for Control of the SOS Gene Network without DNA Damage,downloaded,data/papers/2017/10.1021__acssynbio.7b00108/publisher/paper.pdf,2026-09-03T03:29:26+00:00,https://pubs-acs-org.colorado.idm.oclc.org/doi/pdf/10.1021/acssynbio.7b00108,https://pubs-acs-org.colorado.idm.oclc.org/asbcd6/article-pdf/6/11/2067/67117604/acssynbio.7b00108.pdf,ACS Publications via CU Boulder EZproxy,publishedVersion,,current_version_of_record_at_retrieval,authenticated_acs_version_of_record_pdf_endpoint,not_established,CU Boulder EZproxy authenticated session (curl-cffi),2449838,1e7bf7385f452a881d8caa9c76339e6235c6c5a29b41f0f064543ddcd2280730,10,article_pdf,doi,1.0,
doi:10.1021/acssynbio.7b00109,10.1021/acssynbio.7b00109,2017,An Orthogonal Multi-input Integration System to Control Gene Expression in Escherichia coli,downloaded,data/papers/2017/10.1021__acssynbio.7b00109/publisher/paper.pdf,2026-09-03T03:28:08+00:00,https://pubs-acs-org.colorado.idm.oclc.org/doi/pdf/10.1021/acssynbio.7b00109,https://pubs-acs-org.colorado.idm.oclc.org/asbcd6/article-pdf/6/10/1816/67117585/acssynbio.7b00109.pdf,ACS Publications via CU Boulder EZproxy,publishedVersion,,current_version_of_record_at_retrieval,authenticated_acs_version_of_record_pdf_endpoint,not_established,CU Boulder EZproxy authenticated session (curl-cffi),2040956,fca32ce27dc1e2d7641ff431b070e6f554e21a4d2272514c8d26c30165e87f2b,9,article_pdf,doi,1.0,
doi:10.1021/acssynbio.7b00111,10.1021/acssynbio.7b00111,2017,Bacterial Microcolonies in Gel Beads for High-Throughput Screening of Libraries in Synthetic Biology,downloaded,data/papers/2017/10.1021__acssynbio.7b00111/publisher/paper.pdf,2026-09-03T03:28:58+00:00,https://pubs-acs-org.colorado.idm.oclc.org/doi/pdf/10.1021/acssynbio.7b00111,https://pubs-acs-org.colorado.idm.oclc.org/asbcd6/article-pdf/6/11/1988/7259464/sb7b00111.pdf,ACS Publications via CU Boulder EZproxy,publishedVersion,,current_version_of_record_at_retrieval,authenticated_acs_version_of_record_pdf_endpoint,not_established,CU Boulder EZproxy authenticated session (curl-cffi),1834562,386a149e39504175df219a4e0e693e67ab07469ebc11c8a7de9d7f19255b339e,8,article_pdf,doi,1.0,
doi:10.1021/acssynbio.7b00112,10.1021/acssynbio.7b00112,2017,Rapid and Programmable Protein Mutagenesis Using Plasmid Recombineering,downloaded,data/papers/2017/10.1021__acssynbio.7b00112/publisher/paper.pdf,2026-09-03T03:28:10+00:00,https://pubs-acs-org.colorado.idm.oclc.org/doi/pdf/10.1021/acssynbio.7b00112,https://pubs-acs-org.colorado.idm.oclc.org/asbcd6/article-pdf/6/10/1825/12248729/sb7b00112.pdf,ACS Publications via CU Boulder EZproxy,publishedVersion,,current_version_of_record_at_retrieval,authenticated_acs_version_of_record_pdf_endpoint,not_established,CU Boulder EZproxy authenticated session (curl-cffi),3350573,006c6068f6223dab498f19b41f0840fd664ad59939dae1c013e4a5e6f1fd376f,9,article_pdf,doi,1.0,
doi:10.1021/acssynbio.7b00113,10.1021/acssynbio.7b00113,2017,Switching Protein Localization by Site-Directed RNA Editing under Control of Light,downloaded,data/papers/2017/10.1021__acssynbio.7b00113/publisher/paper.pdf,2026-09-03T03:27:16+00:00,https://pubs-acs-org.colorado.idm.oclc.org/doi/pdf/10.1021/acssynbio.7b00113,https://pubs-acs-org.colorado.idm.oclc.org/asbcd6/article-pdf/6/9/1642/67361228/acssynbio.7b00113.pdf,ACS Publications via CU Boulder EZproxy,publishedVersion,,current_version_of_record_at_retrieval,authenticated_acs_version_of_record_pdf_endpoint,not_established,CU Boulder EZproxy authenticated session (curl-cffi),6927167,a1fffaaa97e8cee54448dca3e3daf67e29019e47bbd4c8f26766c52d22dceead,8,article_pdf,doi,1.0,
doi:10.1021/acssynbio.7b00114,10.1021/acssynbio.7b00114,2017,Sort-Seq Approach to Engineering a Formaldehyde-Inducible Promoter for Dynamically Regulated Escherichia coli Growth on Methanol,downloaded,data/papers/2017/10.1021__acssynbio.7b00114/publisher/paper.pdf,2026-09-03T03:27:07+00:00,https://pubs-acs-org.colorado.idm.oclc.org/doi/pdf/10.1021/acssynbio.7b00114,https://pubs-acs-org.colorado.idm.oclc.org/asbcd6/article-pdf/6/8/1584/67117550/acssynbio.7b00114.pdf,ACS Publications via CU Boulder EZproxy,publishedVersion,,current_version_of_record_at_retrieval,authenticated_acs_version_of_record_pdf_endpoint,not_established,CU Boulder EZproxy authenticated session (curl-cffi),3384467,5e8e6c8cecc4a201cd948f7783b2ca7ac1b125394f0ab84e62d31e7eadd3d153,12,article_pdf,doi,1.0,
doi:10.1021/acssynbio.7b00115,10.1021/acssynbio.7b00115,2017,Synthetic Biology Parts for the Storage of Increased Genetic Information in Cells,downloaded,data/papers/2017/10.1021__acssynbio.7b00115/publisher/paper.pdf,2026-09-03T03:28:16+00:00,https://pubs-acs-org.colorado.idm.oclc.org/doi/pdf/10.1021/acssynbio.7b00115,https://pubs-acs-org.colorado.idm.oclc.org/asbcd6/article-pdf/6/10/1834/12248678/sb7b00115.pdf,ACS Publications via CU Boulder EZproxy,publishedVersion,,current_version_of_record_at_retrieval,authenticated_acs_version_of_record_pdf_endpoint,not_established,CU Boulder EZproxy authenticated session (curl-cffi),1485832,73403b346e7ea4bf2ca9b46197a12e8c1cfb3714e63f60c20c2e5e417593404b,7,article_pdf,doi,1.0,
doi:10.1021/acssynbio.7b00116,10.1021/acssynbio.7b00116,2017,Multiplex Genome Editing by Natural Transformation (MuGENT) for Synthetic Biology in Vibrio natriegens,downloaded,data/papers/2017/10.1021__acssynbio.7b00116/publisher/paper.pdf,2026-09-03T03:27:22+00:00,https://pubs-acs-org.colorado.idm.oclc.org/doi/pdf/10.1021/acssynbio.7b00116,https://pubs-acs-org.colorado.idm.oclc.org/asbcd6/article-pdf/6/9/1650/6777044/sb7b00116.pdf,ACS Publications via CU Boulder EZproxy,publishedVersion,,current_version_of_record_at_retrieval,authenticated_acs_version_of_record_pdf_endpoint,not_established,CU Boulder EZproxy authenticated session (curl-cffi),1880580,7e920c4130e4cd00ea0b3dce7b45dcbae6f1204c290a400a0a51244f4edbb7b1,6,article_pdf,doi,1.0,
doi:10.1021/acssynbio.7b00117,10.1021/acssynbio.7b00117,2017,Experimentally Validated Model Enables Debottlenecking of in Vitro Protein Synthesis and Identifies a Control Shift under in Vivo Conditions,downloaded,data/papers/2017/10.1021__acssynbio.7b00117/publisher/paper.pdf,2026-09-03T03:28:38+00:00,https://pubs-acs-org.colorado.idm.oclc.org/doi/pdf/10.1021/acssynbio.7b00117,https://pubs-acs-org.colorado.idm.oclc.org/asbcd6/article-pdf/6/10/1913/12248752/sb7b00117.pdf,ACS Publications via CU Boulder EZproxy,publishedVersion,,current_version_of_record_at_retrieval,authenticated_acs_version_of_record_pdf_endpoint,not_established,CU Boulder EZproxy authenticated session (curl-cffi),1993855,21edc229c35478ebabdfd0e94c4d4d1263590bcd95df38099031dd905d7ac222,9,article_pdf,doi,1.0,
doi:10.1021/acssynbio.7b00118,10.1021/acssynbio.7b00118,2017,The Timing of Transcriptional Regulation in Synthetic Gene Circuits,downloaded,data/papers/2017/10.1021__acssynbio.7b00118/publisher/paper.pdf,2026-09-03T03:29:05+00:00,https://pubs-acs-org.colorado.idm.oclc.org/doi/pdf/10.1021/acssynbio.7b00118,https://pubs-acs-org.colorado.idm.oclc.org/asbcd6/article-pdf/6/11/1996/7259222/sb7b00118.pdf,ACS Publications via CU Boulder EZproxy,publishedVersion,,current_version_of_record_at_retrieval,authenticated_acs_version_of_record_pdf_endpoint,not_established,CU Boulder EZproxy authenticated session (curl-cffi),1024590,f876493f4fae0486a155bc5a0a292385b7ad73a2b1b5884c1a172f9c0579caa5,7,article_pdf,doi,1.0,
doi:10.1021/acssynbio.7b00119,10.1021/acssynbio.7b00119,2017,Decoupling Resource-Coupled Gene Expression in Living Cells,downloaded,data/papers/2017/10.1021__acssynbio.7b00119/publisher/paper.pdf,2026-09-03T03:27:07+00:00,https://pubs-acs-org.colorado.idm.oclc.org/doi/pdf/10.1021/acssynbio.7b00119,https://pubs-acs-org.colorado.idm.oclc.org/asbcd6/article-pdf/6/8/1596/11940717/sb7b00119.pdf,ACS Publications via CU Boulder EZproxy,publishedVersion,,current_version_of_record_at_retrieval,authenticated_acs_version_of_record_pdf_endpoint,not_established,CU Boulder EZproxy authenticated session (curl-cffi),1998956,0b9e69ed573161165f890e2a6166250487dac8b27d678cec54bf78bb625dbfe7,9,article_pdf,doi,1.0,
doi:10.1021/acssynbio.7b00121,10.1021/acssynbio.7b00121,2017,BSim 2.0: An Advanced Agent-Based Cell Simulator,downloaded,data/papers/2017/10.1021__acssynbio.7b00121/publisher/paper.pdf,2026-09-03T03:28:50+00:00,https://pubs-acs-org.colorado.idm.oclc.org/doi/pdf/10.1021/acssynbio.7b00121,https://pubs-acs-org.colorado.idm.oclc.org/asbcd6/article-pdf/6/10/1969/67255282/acssynbio.7b00121.pdf,ACS Publications via CU Boulder EZproxy,publishedVersion,,current_version_of_record_at_retrieval,authenticated_acs_version_of_record_pdf_endpoint,not_established,CU Boulder EZproxy authenticated session (curl-cffi),1743691,9dd4f9053abc637a7186f6651b2ce8d6b6411fb4572baf3021f70c670393b66f,4,article_pdf,doi,1.0,
doi:10.1021/acssynbio.7b00124,10.1021/acssynbio.7b00124,2017,Artificial OFF-Riboswitches That Downregulate Internal Ribosome Entry without Hybridization Switches in a Eukaryotic Cell-Free Translation System,downloaded,data/papers/2017/10.1021__acssynbio.7b00124/publisher/paper.pdf,2026-09-03T03:27:23+00:00,https://pubs-acs-org.colorado.idm.oclc.org/doi/pdf/10.1021/acssynbio.7b00124,https://pubs-acs-org.colorado.idm.oclc.org/asbcd6/article-pdf/6/9/1656/6777096/sb7b00124.pdf,ACS Publications via CU Boulder EZproxy,publishedVersion,,current_version_of_record_at_retrieval,authenticated_acs_version_of_record_pdf_endpoint,not_established,CU Boulder EZproxy authenticated session (curl-cffi),1275178,ffe7cc95377698d9ce52e4fe1721d140a6688bebb6dbf1a2f32f5d5ab0beaf80,7,article_pdf,doi,1.0,
doi:10.1021/acssynbio.7b00128,10.1021/acssynbio.7b00128,2017,Development of Artificial Riboswitches for Monitoring of Naringenin In Vivo,downloaded,data/papers/2017/10.1021__acssynbio.7b00128/publisher/paper.pdf,2026-09-03T03:29:26+00:00,https://pubs-acs-org.colorado.idm.oclc.org/doi/pdf/10.1021/acssynbio.7b00128,https://pubs-acs-org.colorado.idm.oclc.org/asbcd6/article-pdf/6/11/2077/7259122/sb7b00128.pdf,ACS Publications via CU Boulder EZproxy,publishedVersion,,current_version_of_record_at_retrieval,authenticated_acs_version_of_record_pdf_endpoint,not_established,CU Boulder EZproxy authenticated session (curl-cffi),1067904,e4de8702bc6df7a6f0f29f0ddac32035bc96faa402fc6faf84dd256a3f62a9fd,9,article_pdf,doi,1.0,
doi:10.1021/acssynbio.7b00129,10.1021/acssynbio.7b00129,2017,Establishing an Artificial Pathway for De Novo Biosynthesis of Vanillyl Alcohol in Escherichia coli,downloaded,data/papers/2017/10.1021__acssynbio.7b00129/publisher/paper.pdf,2026-09-03T03:27:58+00:00,https://pubs-acs-org.colorado.idm.oclc.org/doi/pdf/10.1021/acssynbio.7b00129,https://pubs-acs-org.colorado.idm.oclc.org/asbcd6/article-pdf/6/9/1784/6777125/sb7b00129.pdf,ACS Publications via CU Boulder EZproxy,publishedVersion,,current_version_of_record_at_retrieval,authenticated_acs_version_of_record_pdf_endpoint,not_established,CU Boulder EZproxy authenticated session (curl-cffi),3317031,a10b096075652d789f8c4e80468e7e89b623d0858b0afc3bc0addf6ba55f7dd8,9,article_pdf,doi,1.0,
doi:10.1021/acssynbio.7b00131,10.1021/acssynbio.7b00131,2017,A Synthetic Recombinase-Based Feedback Loop Results in Robust Expression,downloaded,data/papers/2017/10.1021__acssynbio.7b00131/publisher/paper.pdf,2026-09-03T03:27:27+00:00,https://pubs-acs-org.colorado.idm.oclc.org/doi/pdf/10.1021/acssynbio.7b00131,https://pubs-acs-org.colorado.idm.oclc.org/asbcd6/article-pdf/6/9/1663/67464154/acssynbio.7b00131.pdf,ACS Publications via CU Boulder EZproxy,publishedVersion,,current_version_of_record_at_retrieval,authenticated_acs_version_of_record_pdf_endpoint,not_established,CU Boulder EZproxy authenticated session (curl-cffi),1844840,8a477c59473984d89a2b2f48b22a5c0b527f5d3aa77adb43912b8225e4b8bec0,9,article_pdf,doi,1.0,
doi:10.1021/acssynbio.7b00136,10.1021/acssynbio.7b00136,2017,De Novo Biosynthesis of Glutarate via α-Keto Acid Carbon Chain Extension and Decarboxylation Pathway in Escherichia coli,downloaded,data/papers/2017/10.1021__acssynbio.7b00136/publisher/paper.pdf,2026-09-03T03:28:37+00:00,https://pubs-acs-org.colorado.idm.oclc.org/doi/pdf/10.1021/acssynbio.7b00136,https://pubs-acs-org.colorado.idm.oclc.org/asbcd6/article-pdf/6/10/1922/12249713/sb7b00136.pdf,ACS Publications via CU Boulder EZproxy,publishedVersion,,current_version_of_record_at_retrieval,authenticated_acs_version_of_record_pdf_endpoint,not_established,CU Boulder EZproxy authenticated session (curl-cffi),1389983,860157ff20fd7f2fe353780942d3fa1b817a1b0d106fc5633bc335a1565729df,9,article_pdf,doi,1.0,
doi:10.1021/acssynbio.7b00137,10.1021/acssynbio.7b00137,2017,A Synthetic Circuit for Mercury Bioremediation Using Self-Assembling Functional Amyloids,downloaded,data/papers/2017/10.1021__acssynbio.7b00137/publisher/paper.pdf,2026-09-03T03:28:16+00:00,https://pubs-acs-org.colorado.idm.oclc.org/doi/pdf/10.1021/acssynbio.7b00137,https://pubs-acs-org.colorado.idm.oclc.org/asbcd6/article-pdf/6/10/1841/12249060/sb7b00137.pdf,ACS Publications via CU Boulder EZproxy,publishedVersion,,current_version_of_record_at_retrieval,authenticated_acs_version_of_record_pdf_endpoint,not_established,CU Boulder EZproxy authenticated session (curl-cffi),8326799,16f7a2421d686f39c27760636b7c7815d12f6f310e2d93d34dc48290eb8e1827,10,article_pdf,doi,1.0,
doi:10.1021/acssynbio.7b00138,10.1021/acssynbio.7b00138,2017,Yeast Terminator Function Can Be Modulated and Designed on the Basis of Predictions of Nucleosome Occupancy,downloaded,data/papers/2017/10.1021__acssynbio.7b00138/publisher/paper.pdf,2026-09-03T03:29:29+00:00,https://pubs-acs-org.colorado.idm.oclc.org/doi/pdf/10.1021/acssynbio.7b00138,https://pubs-acs-org.colorado.idm.oclc.org/asbcd6/article-pdf/6/11/2086/7259364/sb7b00138.pdf,ACS Publications via CU Boulder EZproxy,publishedVersion,,current_version_of_record_at_retrieval,authenticated_acs_version_of_record_pdf_endpoint,not_established,CU Boulder EZproxy authenticated session (curl-cffi),1436839,4dea8d712b6ba5878504fc6a843f86919886537413c043cdd1a0a4e2777bbe60,10,article_pdf,doi,1.0,
doi:10.1021/acssynbio.7b00144,10.1021/acssynbio.7b00144,2017,Inefficient Ribosomal Skipping Enables Simultaneous Secretion and Display of Proteins in Saccharomyces cerevisiae,downloaded,data/papers/2017/10.1021__acssynbio.7b00144/publisher/paper.pdf,2026-09-03T03:29:30+00:00,https://pubs-acs-org.colorado.idm.oclc.org/doi/pdf/10.1021/acssynbio.7b00144,https://pubs-acs-org.colorado.idm.oclc.org/asbcd6/article-pdf/6/11/2096/7259698/sb7b00144.pdf,ACS Publications via CU Boulder EZproxy,publishedVersion,,current_version_of_record_at_retrieval,authenticated_acs_version_of_record_pdf_endpoint,not_established,CU Boulder EZproxy authenticated session (curl-cffi),2799587,ac8fcfb137d3a5bf566247aed3247964923a19645220889e33e1f71c795e2756,12,article_pdf,doi,1.0,
doi:10.1021/acssynbio.7b00147,10.1021/acssynbio.7b00147,2017,"An Engineered Optogenetic Switch for Spatiotemporal Control of Gene Expression, Cell Differentiation, and Tissue Morphogenesis",downloaded,data/papers/2017/10.1021__acssynbio.7b00147/publisher/paper.pdf,2026-09-03T03:29:08+00:00,https://pubs-acs-org.colorado.idm.oclc.org/doi/pdf/10.1021/acssynbio.7b00147,https://pubs-acs-org.colorado.idm.oclc.org/asbcd6/article-pdf/6/11/2003/7259540/sb7b00147.pdf,ACS Publications via CU Boulder EZproxy,publishedVersion,,current_version_of_record_at_retrieval,authenticated_acs_version_of_record_pdf_endpoint,not_established,CU Boulder EZproxy authenticated session (curl-cffi),4787552,6dc0769b067091e85e3f73104ed43748e75cb13cd4a848b63ded406ec2ab97a4,11,article_pdf,doi,1.0,
doi:10.1021/acssynbio.7b00148,10.1021/acssynbio.7b00148,2017,Orthogonal Ribosome Biofirewall,downloaded,data/papers/2017/10.1021__acssynbio.7b00148/publisher/paper.pdf,2026-09-03T03:29:34+00:00,https://pubs-acs-org.colorado.idm.oclc.org/doi/pdf/10.1021/acssynbio.7b00148,https://pubs-acs-org.colorado.idm.oclc.org/asbcd6/article-pdf/6/11/2108/7260078/sb7b00148.pdf,ACS Publications via CU Boulder EZproxy,publishedVersion,,current_version_of_record_at_retrieval,authenticated_acs_version_of_record_pdf_endpoint,not_established,CU Boulder EZproxy authenticated session (curl-cffi),3320833,75fe1f007e0451426745cf1f4a70ee7993f63e882b8aa0f625255efa855d477a,10,article_pdf,doi,1.0,
doi:10.1021/acssynbio.7b00149,10.1021/acssynbio.7b00149,2017,Adoption of the Q Transcriptional System for Regulating Gene Expression in Stem Cells,downloaded,data/papers/2017/10.1021__acssynbio.7b00149/publisher/paper.pdf,2026-09-03T03:29:11+00:00,https://pubs-acs-org.colorado.idm.oclc.org/doi/pdf/10.1021/acssynbio.7b00149,https://pubs-acs-org.colorado.idm.oclc.org/asbcd6/article-pdf/6/11/2014/7260321/sb7b00149.pdf,ACS Publications via CU Boulder EZproxy,publishedVersion,,current_version_of_record_at_retrieval,authenticated_acs_version_of_record_pdf_endpoint,not_established,CU Boulder EZproxy authenticated session (curl-cffi),2519213,31c7a2ed17bbb49d176fb0d75a369af4f49c856121f4a4ff6a0a8252728a917d,7,article_pdf,doi,1.0,
doi:10.1021/acssynbio.7b00150,10.1021/acssynbio.7b00150,2017,"Structure and Biophysics for a Six Letter DNA Alphabet that Includes Imidazo[1,2-a]-1,3,5-triazine-2(8H)-4(3H)-dione (X) and 2,4-Diaminopyrimidine (K)",downloaded,data/papers/2017/10.1021__acssynbio.7b00150/publisher/paper.pdf,2026-09-03T03:29:33+00:00,https://pubs-acs-org.colorado.idm.oclc.org/doi/pdf/10.1021/acssynbio.7b00150,https://pubs-acs-org.colorado.idm.oclc.org/asbcd6/article-pdf/6/11/2118/7259279/sb7b00150.pdf,ACS Publications via CU Boulder EZproxy,publishedVersion,,current_version_of_record_at_retrieval,authenticated_acs_version_of_record_pdf_endpoint,not_established,CU Boulder EZproxy authenticated session (curl-cffi),4297678,895db016c6fd92c340c5fc0be85f948ad6ca8ce2b661c71789fe069192e28600,12,article_pdf,doi,1.0,
doi:10.1021/acssynbio.7b00154,10.1021/acssynbio.7b00154,2017,Genetic Design via Combinatorial Constraint Specification,downloaded,data/papers/2017/10.1021__acssynbio.7b00154/publisher/paper.pdf,2026-09-03T03:29:36+00:00,https://pubs-acs-org.colorado.idm.oclc.org/doi/pdf/10.1021/acssynbio.7b00154,https://pubs-acs-org.colorado.idm.oclc.org/asbcd6/article-pdf/6/11/2130/7259828/sb7b00154.pdf,ACS Publications via CU Boulder EZproxy,publishedVersion,,current_version_of_record_at_retrieval,authenticated_acs_version_of_record_pdf_endpoint,not_established,CU Boulder EZproxy authenticated session (curl-cffi),1186555,0d37a1cd4c3421e4ac99dc913d652304219dcd886919cbefb4aaffa18566028f,6,article_pdf,doi,1.0,
doi:10.1021/acssynbio.7b00155,10.1021/acssynbio.7b00155,2017,Rapid Generation of Universal Synthetic Promoters for Controlled Gene Expression in Both Gas-Fermenting and Saccharolytic Clostridium Species,downloaded,data/papers/2017/10.1021__acssynbio.7b00155/publisher/paper.pdf,2026-09-03T03:27:26+00:00,https://pubs-acs-org.colorado.idm.oclc.org/doi/pdf/10.1021/acssynbio.7b00155,https://pubs-acs-org.colorado.idm.oclc.org/asbcd6/article-pdf/6/9/1672/6777009/sb7b00155.pdf,ACS Publications via CU Boulder EZproxy,publishedVersion,,current_version_of_record_at_retrieval,authenticated_acs_version_of_record_pdf_endpoint,not_established,CU Boulder EZproxy authenticated session (curl-cffi),1374861,e64d785146cbce542449b646e77e6b48236741b499c6774b42868a768a7e1287,7,article_pdf,doi,1.0,
doi:10.1021/acssynbio.7b00157,10.1021/acssynbio.7b00157,2017,"Systematic Approaches to Efficiently Produce 2,3-Butanediol in a Marine Cyanobacterium",downloaded,data/papers/2017/10.1021__acssynbio.7b00157/publisher/paper.pdf,2026-09-03T03:29:38+00:00,https://pubs-acs-org.colorado.idm.oclc.org/doi/pdf/10.1021/acssynbio.7b00157,https://pubs-acs-org.colorado.idm.oclc.org/asbcd6/article-pdf/6/11/2136/7260204/sb7b00157.pdf,ACS Publications via CU Boulder EZproxy,publishedVersion,,current_version_of_record_at_retrieval,authenticated_acs_version_of_record_pdf_endpoint,not_established,CU Boulder EZproxy authenticated session (curl-cffi),1494974,efb1f9a64774fe75307c6600cc13b00eace7744c212e46b58ac1734ed28b572d,9,article_pdf,doi,1.0,
doi:10.1021/acssynbio.7b00162,10.1021/acssynbio.7b00162,2017,Manipulating Cellular Activities Using an Ultrasound–Chemical Hybrid Tool,downloaded,data/papers/2017/10.1021__acssynbio.7b00162/publisher/paper.pdf,2026-09-03T03:29:13+00:00,https://pubs-acs-org.colorado.idm.oclc.org/doi/pdf/10.1021/acssynbio.7b00162,https://pubs-acs-org.colorado.idm.oclc.org/asbcd6/article-pdf/6/11/2021/7259177/sb7b00162.pdf,ACS Publications via CU Boulder EZproxy,publishedVersion,,current_version_of_record_at_retrieval,authenticated_acs_version_of_record_pdf_endpoint,not_established,CU Boulder EZproxy authenticated session (curl-cffi),4683320,1ec0385de8f78ec8dcbff25719f07684919ade9b59397adbc1d4d83391f7b22d,7,article_pdf,doi,1.0,
doi:10.1021/acssynbio.7b00163,10.1021/acssynbio.7b00163,2017,Enabling Graded and Large-Scale Multiplex of Desired Genes Using a Dual-Mode dCas9 Activator in Saccharomyces cerevisiae,downloaded,data/papers/2017/10.1021__acssynbio.7b00163/publisher/paper.pdf,2026-09-03T03:28:41+00:00,https://pubs-acs-org.colorado.idm.oclc.org/doi/pdf/10.1021/acssynbio.7b00163,https://pubs-acs-org.colorado.idm.oclc.org/asbcd6/article-pdf/6/10/1931/12249774/sb7b00163.pdf,ACS Publications via CU Boulder EZproxy,publishedVersion,,current_version_of_record_at_retrieval,authenticated_acs_version_of_record_pdf_endpoint,not_established,CU Boulder EZproxy authenticated session (curl-cffi),2952727,e9c4246675e7fdb87c1ab4e8af9cd528b553a23d1881848f61c54495a04da090,13,article_pdf,doi,1.0,
doi:10.1021/acssynbio.7b00165,10.1021/acssynbio.7b00165,2017,Unique Thermal Stability of Unnatural Hydrophobic Ds Bases in Double-Stranded DNAs,downloaded,data/papers/2017/10.1021__acssynbio.7b00165/publisher/paper.pdf,2026-09-03T03:28:42+00:00,https://pubs-acs-org.colorado.idm.oclc.org/doi/pdf/10.1021/acssynbio.7b00165,https://pubs-acs-org.colorado.idm.oclc.org/asbcd6/article-pdf/6/10/1944/12249247/sb7b00165.pdf,ACS Publications via CU Boulder EZproxy,publishedVersion,,current_version_of_record_at_retrieval,authenticated_acs_version_of_record_pdf_endpoint,not_established,CU Boulder EZproxy authenticated session (curl-cffi),2555579,cdb84554c4c6d151c63210432f2ae97237eedb748ee8252045f8df5713cc5b86,8,article_pdf,doi,1.0,
doi:10.1021/acssynbio.7b00166,10.1021/acssynbio.7b00166,2017,Rapid Isolation of Centromeres from Scheffersomyces stipitis,downloaded,data/papers/2017/10.1021__acssynbio.7b00166/publisher/paper.pdf,2026-09-03T03:29:17+00:00,https://pubs-acs-org.colorado.idm.oclc.org/doi/pdf/10.1021/acssynbio.7b00166,https://pubs-acs-org.colorado.idm.oclc.org/asbcd6/article-pdf/6/11/2028/7260422/sb7b00166.pdf,ACS Publications via CU Boulder EZproxy,publishedVersion,,current_version_of_record_at_retrieval,authenticated_acs_version_of_record_pdf_endpoint,not_established,CU Boulder EZproxy authenticated session (curl-cffi),4359616,de7dbabb1f24fab572c8901e98f1f181b7f5b9b9506b9ce4d9ada610ce85c089,7,article_pdf,doi,1.0,
doi:10.1021/acssynbio.7b00167,10.1021/acssynbio.7b00167,2017,Construction of Recombinant Pdu Metabolosome Shells for Small Molecule Production in Corynebacterium glutamicum,downloaded,data/papers/2017/10.1021__acssynbio.7b00167/publisher/paper.pdf,2026-09-03T03:29:43+00:00,https://pubs-acs-org.colorado.idm.oclc.org/doi/pdf/10.1021/acssynbio.7b00167,https://pubs-acs-org.colorado.idm.oclc.org/asbcd6/article-pdf/6/11/2145/7260686/sb7b00167.pdf,ACS Publications via CU Boulder EZproxy,publishedVersion,,current_version_of_record_at_retrieval,authenticated_acs_version_of_record_pdf_endpoint,not_established,CU Boulder EZproxy authenticated session (curl-cffi),10564497,9d438d14a23b674f316fd843a60179eec031e7d1e54927982e0e11a6d9e44956,12,article_pdf,doi,1.0,
doi:10.1021/acssynbio.7b00169,10.1021/acssynbio.7b00169,2017,Dynamic Blue Light-Inducible T7 RNA Polymerases (Opto-T7RNAPs) for Precise Spatiotemporal Gene Expression Control,downloaded,data/papers/2017/10.1021__acssynbio.7b00169/publisher/paper.pdf,2026-09-03T03:29:43+00:00,https://pubs-acs-org.colorado.idm.oclc.org/doi/pdf/10.1021/acssynbio.7b00169,https://pubs-acs-org.colorado.idm.oclc.org/asbcd6/article-pdf/6/11/2157/7259935/sb7b00169.pdf,ACS Publications via CU Boulder EZproxy,publishedVersion,,current_version_of_record_at_retrieval,authenticated_acs_version_of_record_pdf_endpoint,not_established,CU Boulder EZproxy authenticated session (curl-cffi),2464359,c34898d1a72e13f8265e987e6fa9c1f4ad18166d23f2aaa23131d862c542c387,11,article_pdf,doi,1.0,
doi:10.1021/acssynbio.7b00171,10.1021/acssynbio.7b00171,2017,Controlling Bdellovibrio bacteriovorus Gene Expression and Predation Using Synthetic Riboswitches,downloaded,data/papers/2017/10.1021__acssynbio.7b00171/publisher/paper.pdf,2026-09-03T03:29:16+00:00,https://pubs-acs-org.colorado.idm.oclc.org/doi/pdf/10.1021/acssynbio.7b00171,https://pubs-acs-org.colorado.idm.oclc.org/asbcd6/article-pdf/6/11/2035/67255343/acssynbio.7b00171.pdf,ACS Publications via CU Boulder EZproxy,publishedVersion,,current_version_of_record_at_retrieval,authenticated_acs_version_of_record_pdf_endpoint,not_established,CU Boulder EZproxy authenticated session (curl-cffi),2699481,b3c3e6463849ac082e9becc17ddd8432eeab9560f7a893d9a78b65779b16070a,7,article_pdf,doi,1.0,
doi:10.1021/acssynbio.7b00172,10.1021/acssynbio.7b00172,2017,Fundamental Design Principles for Transcription-Factor-Based Metabolite Biosensors,downloaded,data/papers/2017/10.1021__acssynbio.7b00172/publisher/paper.pdf,2026-09-03T03:28:19+00:00,https://pubs-acs-org.colorado.idm.oclc.org/doi/pdf/10.1021/acssynbio.7b00172,https://pubs-acs-org.colorado.idm.oclc.org/asbcd6/article-pdf/6/10/1851/67361288/acssynbio.7b00172.pdf,ACS Publications via CU Boulder EZproxy,publishedVersion,,current_version_of_record_at_retrieval,authenticated_acs_version_of_record_pdf_endpoint,not_established,CU Boulder EZproxy authenticated session (curl-cffi),2447046,c96c2e0c73b687818e6bf6615e896e94183e9192600f8ac4f0f4794de31cfe67,9,article_pdf,doi,1.0,
doi:10.1021/acssynbio.7b00174,10.1021/acssynbio.7b00174,2017,Managing the SOS Response for Enhanced CRISPR-Cas-Based Recombineering in E. coli through Transient Inhibition of Host RecA Activity,downloaded,data/papers/2017/10.1021__acssynbio.7b00174/publisher/paper.pdf,2026-09-03T03:29:54+00:00,https://pubs-acs-org.colorado.idm.oclc.org/doi/pdf/10.1021/acssynbio.7b00174,https://pubs-acs-org.colorado.idm.oclc.org/asbcd6/article-pdf/6/12/2209/7263616/sb7b00174.pdf,ACS Publications via CU Boulder EZproxy,publishedVersion,,current_version_of_record_at_retrieval,authenticated_acs_version_of_record_pdf_endpoint,not_established,CU Boulder EZproxy authenticated session (curl-cffi),1946368,7a47e34fc5fe2331fdc6768602b2585f7fada0d878c9cea74bb4db23e0428bd4,10,article_pdf,doi,1.0,
doi:10.1021/acssynbio.7b00177,10.1021/acssynbio.7b00177,2017,Single-Cell Microfluidics to Study the Effects of Genome Deletion on Bacterial Growth Behavior,downloaded,data/papers/2017/10.1021__acssynbio.7b00177/publisher/paper.pdf,2026-09-03T03:29:59+00:00,https://pubs-acs-org.colorado.idm.oclc.org/doi/pdf/10.1021/acssynbio.7b00177,https://pubs-acs-org.colorado.idm.oclc.org/asbcd6/article-pdf/6/12/2219/67117622/acssynbio.7b00177.pdf,ACS Publications via CU Boulder EZproxy,publishedVersion,,current_version_of_record_at_retrieval,authenticated_acs_version_of_record_pdf_endpoint,not_established,CU Boulder EZproxy authenticated session (curl-cffi),3894068,605cbc98f4bb935767eeb467310f30f5a904f6011e45f34b365b9252267b7a1f,9,article_pdf,doi,1.0,
doi:10.1021/acssynbio.7b00179,10.1021/acssynbio.7b00179,2017,Engineering of Bacteriophage T4 Genome Using CRISPR-Cas9,downloaded,data/papers/2017/10.1021__acssynbio.7b00179/publisher/paper.pdf,2026-09-03T03:28:45+00:00,https://pubs-acs-org.colorado.idm.oclc.org/doi/pdf/10.1021/acssynbio.7b00179,https://pubs-acs-org.colorado.idm.oclc.org/asbcd6/article-pdf/6/10/1952/12249360/sb7b00179.pdf,ACS Publications via CU Boulder EZproxy,publishedVersion,,current_version_of_record_at_retrieval,authenticated_acs_version_of_record_pdf_endpoint,not_established,CU Boulder EZproxy authenticated session (curl-cffi),3806053,d93ac4fbd4c8629ba054999c5dad1a02fdf2c0bdfc2e43258285d5bdb19f323a,10,article_pdf,doi,1.0,
doi:10.1021/acssynbio.7b00185,10.1021/acssynbio.7b00185,2017,Rational Modular RNA Engineering Based on In Vivo Profiling of Structural Accessibility,downloaded,data/papers/2017/10.1021__acssynbio.7b00185/publisher/paper.pdf,2026-09-03T03:29:58+00:00,https://pubs-acs-org.colorado.idm.oclc.org/doi/pdf/10.1021/acssynbio.7b00185,https://pubs-acs-org.colorado.idm.oclc.org/asbcd6/article-pdf/6/12/2228/7263530/sb7b00185.pdf,ACS Publications via CU Boulder EZproxy,publishedVersion,,current_version_of_record_at_retrieval,authenticated_acs_version_of_record_pdf_endpoint,not_established,CU Boulder EZproxy authenticated session (curl-cffi),1986493,f52d0404e5f13cadb0f4e5ac08a3ae37991dcddb7d5b6800c7b530fec50e9bb8,13,article_pdf,doi,1.0,
doi:10.1021/acssynbio.7b00192,10.1021/acssynbio.7b00192,2017,Development of Chemical and Metabolite Sensors for Rhodococcus opacus PD630,downloaded,data/papers/2017/10.1021__acssynbio.7b00192/publisher/paper.pdf,2026-09-03T03:28:49+00:00,https://pubs-acs-org.colorado.idm.oclc.org/doi/pdf/10.1021/acssynbio.7b00192,https://pubs-acs-org.colorado.idm.oclc.org/asbcd6/article-pdf/6/10/1973/12249522/sb7b00192.pdf,ACS Publications via CU Boulder EZproxy,publishedVersion,,current_version_of_record_at_retrieval,authenticated_acs_version_of_record_pdf_endpoint,not_established,CU Boulder EZproxy authenticated session (curl-cffi),1001296,8beef8161ef0684071709a83ffc385cebfa44354cc836285c1574d43cf23e6b4,6,article_pdf,doi,1.0,
doi:10.1021/acssynbio.7b00197,10.1021/acssynbio.7b00197,2017,Blue Light Switchable Bacterial Adhesion as a Key Step toward the Design of Biofilms,downloaded,data/papers/2017/10.1021__acssynbio.7b00197/publisher/paper.pdf,2026-09-03T03:29:46+00:00,https://pubs-acs-org.colorado.idm.oclc.org/doi/pdf/10.1021/acssynbio.7b00197,https://pubs-acs-org.colorado.idm.oclc.org/asbcd6/article-pdf/6/12/2170/7263505/sb7b00197.pdf,ACS Publications via CU Boulder EZproxy,publishedVersion,,current_version_of_record_at_retrieval,authenticated_acs_version_of_record_pdf_endpoint,not_established,CU Boulder EZproxy authenticated session (curl-cffi),1356639,257e98ee5caac883939f911799c106d4c2b882fa6914983666a7f6d11f28e910,5,article_pdf,doi,1.0,
doi:10.1021/acssynbio.7b00199,10.1021/acssynbio.7b00199,2017,Rational Design of an Anticalin-Type Sugar-Binding Protein Using a Genetically Encoded Boronate Side Chain,downloaded,data/papers/2017/10.1021__acssynbio.7b00199/publisher/paper.pdf,2026-09-03T03:30:03+00:00,https://pubs-acs-org.colorado.idm.oclc.org/doi/pdf/10.1021/acssynbio.7b00199,https://pubs-acs-org.colorado.idm.oclc.org/asbcd6/article-pdf/6/12/2241/7263698/sb7b00199.pdf,ACS Publications via CU Boulder EZproxy,publishedVersion,,current_version_of_record_at_retrieval,authenticated_acs_version_of_record_pdf_endpoint,not_established,CU Boulder EZproxy authenticated session (curl-cffi),3704972,ca974774f016072d8f2c8084bb5680547ab99d3ac16025c0a1e6fce2042e04c5,7,article_pdf,doi,1.0,
doi:10.1021/acssynbio.7b00203,10.1021/acssynbio.7b00203,2017,NOT Gate Genetic Circuits to Control Gene Expression in Cyanobacteria,downloaded,data/papers/2017/10.1021__acssynbio.7b00203/publisher/paper.pdf,2026-09-03T03:29:47+00:00,https://pubs-acs-org.colorado.idm.oclc.org/doi/pdf/10.1021/acssynbio.7b00203,https://pubs-acs-org.colorado.idm.oclc.org/asbcd6/article-pdf/6/12/2175/7263755/sb7b00203.pdf,ACS Publications via CU Boulder EZproxy,publishedVersion,,current_version_of_record_at_retrieval,authenticated_acs_version_of_record_pdf_endpoint,not_established,CU Boulder EZproxy authenticated session (curl-cffi),4043929,1d91a83f797eef6bca0677a65653945a415d5c487541e537f409e36bbeed57cf,8,article_pdf,doi,1.0,
doi:10.1021/acssynbio.7b00204,10.1021/acssynbio.7b00204,2017,"The Experiment Data Depot: A Web-Based Software Tool for Biological Experimental Data Storage, Sharing, and Visualization",downloaded,data/papers/2017/10.1021__acssynbio.7b00204/publisher/paper.pdf,2026-09-03T03:30:04+00:00,https://pubs-acs-org.colorado.idm.oclc.org/doi/pdf/10.1021/acssynbio.7b00204,https://pubs-acs-org.colorado.idm.oclc.org/asbcd6/article-pdf/6/12/2248/67255357/acssynbio.7b00204.pdf,ACS Publications via CU Boulder EZproxy,publishedVersion,,current_version_of_record_at_retrieval,authenticated_acs_version_of_record_pdf_endpoint,not_established,CU Boulder EZproxy authenticated session (curl-cffi),2164539,ee69a3d38d8da2dfcc48985340b6dd381657481fa3ec0a2b2ff0bf678854ad4c,12,article_pdf,doi,1.0,
doi:10.1021/acssynbio.7b00208,10.1021/acssynbio.7b00208,2017,Split2 Protein-Ligation Generates Active IL-6-Type Hyper-Cytokines from Inactive Precursors,downloaded,data/papers/2017/10.1021__acssynbio.7b00208/publisher/paper.pdf,2026-09-03T03:30:11+00:00,https://pubs-acs-org.colorado.idm.oclc.org/doi/pdf/10.1021/acssynbio.7b00208,https://pubs-acs-org.colorado.idm.oclc.org/asbcd6/article-pdf/6/12/2260/7263865/sb7b00208.pdf,ACS Publications via CU Boulder EZproxy,publishedVersion,,current_version_of_record_at_retrieval,authenticated_acs_version_of_record_pdf_endpoint,not_established,CU Boulder EZproxy authenticated session (curl-cffi),6275122,68d12c38db261f622c3574653fdcb06d93d9606f6be1d6ceebca087d34a5bcef,13,article_pdf,doi,1.0,
doi:10.1021/acssynbio.7b00212,10.1021/acssynbio.7b00212,2017,Leaf LIMS: A Flexible Laboratory Information Management System with a Synthetic Biology Focus,downloaded,data/papers/2017/10.1021__acssynbio.7b00212/publisher/paper.pdf,2026-09-03T03:30:07+00:00,https://pubs-acs-org.colorado.idm.oclc.org/doi/pdf/10.1021/acssynbio.7b00212,https://pubs-acs-org.colorado.idm.oclc.org/asbcd6/article-pdf/6/12/2273/7263644/sb7b00212.pdf,ACS Publications via CU Boulder EZproxy,publishedVersion,,current_version_of_record_at_retrieval,authenticated_acs_version_of_record_pdf_endpoint,not_established,CU Boulder EZproxy authenticated session (curl-cffi),2481366,01b3f651776f2b6c345be8516559a4aebd0232259f2708b0bf332d5da0af7bbd,8,article_pdf,doi,1.0,
doi:10.1021/acssynbio.7b00214,10.1021/acssynbio.7b00214,2017,Engineering Isoprene Synthase Expression and Activity in Cyanobacteria,downloaded,data/papers/2017/10.1021__acssynbio.7b00214/publisher/paper.pdf,2026-09-03T03:30:17+00:00,https://pubs-acs-org.colorado.idm.oclc.org/doi/pdf/10.1021/acssynbio.7b00214,https://pubs-acs-org.colorado.idm.oclc.org/asbcd6/article-pdf/6/12/2281/7263833/sb7b00214.pdf,ACS Publications via CU Boulder EZproxy,publishedVersion,,current_version_of_record_at_retrieval,authenticated_acs_version_of_record_pdf_endpoint,not_established,CU Boulder EZproxy authenticated session (curl-cffi),6897382,0439b0d4e2fa2dba653c064c2ff6315ea31721dcf836bb0981e6182377690688,12,article_pdf,doi,1.0,
doi:10.1021/acssynbio.7b00219,10.1021/acssynbio.7b00219,2017,A Cell-Free Biosensor for Detecting Quorum Sensing Molecules in P.?aeruginosa -Infected Respiratory Samples,downloaded,data/papers/2017/10.1021__acssynbio.7b00219/publisher/paper.pdf,2026-09-03T03:30:14+00:00,https://pubs-acs-org.colorado.idm.oclc.org/doi/pdf/10.1021/acssynbio.7b00219,https://pubs-acs-org.colorado.idm.oclc.org/asbcd6/article-pdf/6/12/2293/67361314/acssynbio.7b00219.pdf,ACS Publications via CU Boulder EZproxy,publishedVersion,,current_version_of_record_at_retrieval,authenticated_acs_version_of_record_pdf_endpoint,not_established,CU Boulder EZproxy authenticated session (curl-cffi),1243960,a680a3cf55047aa7ff2ad1594b51b5d159dc05d0e9bf450a2b551d523b7e1930,9,article_pdf,doi,1.0,
doi:10.1021/acssynbio.7b00234,10.1021/acssynbio.7b00234,2017,Production of Functional Anti-Ebola Antibodies in Pichia pastoris,downloaded,data/papers/2017/10.1021__acssynbio.7b00234/publisher/paper.pdf,2026-09-03T03:29:52+00:00,https://pubs-acs-org.colorado.idm.oclc.org/doi/pdf/10.1021/acssynbio.7b00234,https://pubs-acs-org.colorado.idm.oclc.org/asbcd6/article-pdf/6/12/2183/7263717/sb7b00234.pdf,ACS Publications via CU Boulder EZproxy,publishedVersion,,current_version_of_record_at_retrieval,authenticated_acs_version_of_record_pdf_endpoint,not_established,CU Boulder EZproxy authenticated session (curl-cffi),3068102,a14fd266b1a5c2030c5862c7343f67b7b7e0354522b98ba13ed6aed0242400cb,8,article_pdf,doi,1.0,
doi:10.1021/acssynbio.7b00235,10.1021/acssynbio.7b00235,2017,The Tolerome: A Database of Transcriptome-Level Contributions to Diverse Escherichia coli Resistance and Tolerance Phenotypes,downloaded,data/papers/2017/10.1021__acssynbio.7b00235/publisher/paper.pdf,2026-09-03T03:30:22+00:00,https://pubs-acs-org.colorado.idm.oclc.org/doi/pdf/10.1021/acssynbio.7b00235,https://pubs-acs-org.colorado.idm.oclc.org/asbcd6/article-pdf/6/12/2302/7263902/sb7b00235.pdf,ACS Publications via CU Boulder EZproxy,publishedVersion,,current_version_of_record_at_retrieval,authenticated_acs_version_of_record_pdf_endpoint,not_established,CU Boulder EZproxy authenticated session (curl-cffi),4361794,163ef36b5a739e91dd198aaebb9a3b791c648d2d68f38ac3c82474a01ee1d49d,14,article_pdf,doi,1.0,
doi:10.1021/acssynbio.7b00236,10.1021/acssynbio.7b00236,2017,Genetic Constructor: An Online DNA Design Platform,downloaded,data/papers/2017/10.1021__acssynbio.7b00236/publisher/paper.pdf,2026-09-03T03:30:29+00:00,https://pubs-acs-org.colorado.idm.oclc.org/doi/pdf/10.1021/acssynbio.7b00236,https://pubs-acs-org.colorado.idm.oclc.org/asbcd6/article-pdf/6/12/2362/67464182/acssynbio.7b00236.pdf,ACS Publications via CU Boulder EZproxy,publishedVersion,,current_version_of_record_at_retrieval,authenticated_acs_version_of_record_pdf_endpoint,not_established,CU Boulder EZproxy authenticated session (curl-cffi),1042692,fdfd533f0dd20ab1ea3aa1d9ca27f6eca22876c5652fc9743e94c028ed4b8044,4,article_pdf,doi,1.0,
doi:10.1021/acssynbio.7b00240,10.1021/acssynbio.7b00240,2017,Strategies for Editing Virulent Staphylococcal Phages Using CRISPR-Cas10,downloaded,data/papers/2017/10.1021__acssynbio.7b00240/publisher/paper.pdf,2026-09-03T03:30:19+00:00,https://pubs-acs-org.colorado.idm.oclc.org/doi/pdf/10.1021/acssynbio.7b00240,https://pubs-acs-org.colorado.idm.oclc.org/asbcd6/article-pdf/6/12/2316/7263792/sb7b00240.pdf,ACS Publications via CU Boulder EZproxy,publishedVersion,,current_version_of_record_at_retrieval,authenticated_acs_version_of_record_pdf_endpoint,not_established,CU Boulder EZproxy authenticated session (curl-cffi),1841376,c3ccc6caff6c77aa69fe80e36d59a5f103963bb21fe350ecf88537b6b118ca1e,10,article_pdf,doi,1.0,
doi:10.1021/acssynbio.7b00246,10.1021/acssynbio.7b00246,2017,Control of Adipogenic Differentiation in Mesenchymal Stem Cells via Endogenous Gene Activation Using CRISPR-Cas9,downloaded,data/papers/2017/10.1021__acssynbio.7b00246/publisher/paper.pdf,2026-09-03T03:29:51+00:00,https://pubs-acs-org.colorado.idm.oclc.org/doi/pdf/10.1021/acssynbio.7b00246,https://pubs-acs-org.colorado.idm.oclc.org/asbcd6/article-pdf/6/12/2191/7263800/sb7b00246.pdf,ACS Publications via CU Boulder EZproxy,publishedVersion,,current_version_of_record_at_retrieval,authenticated_acs_version_of_record_pdf_endpoint,not_established,CU Boulder EZproxy authenticated session (curl-cffi),3596003,91c5d90f508891848328bf0452742eb01994101a8e758d496d15c1a812a4ebbb,7,article_pdf,doi,1.0,
doi:10.1021/acssynbio.7b00247,10.1021/acssynbio.7b00247,2017,Maltose Utilization as a Novel Selection Strategy for Continuous Evolution of Microbes with Enhanced Metabolite Production,downloaded,data/papers/2017/10.1021__acssynbio.7b00247/publisher/paper.pdf,2026-09-03T03:30:26+00:00,https://pubs-acs-org.colorado.idm.oclc.org/doi/pdf/10.1021/acssynbio.7b00247,https://pubs-acs-org.colorado.idm.oclc.org/asbcd6/article-pdf/6/12/2326/7263940/sb7b00247.pdf,ACS Publications via CU Boulder EZproxy,publishedVersion,,current_version_of_record_at_retrieval,authenticated_acs_version_of_record_pdf_endpoint,not_established,CU Boulder EZproxy authenticated session (curl-cffi),3573293,6405f472383b6cfb5e51624f75ad62c051845e15afc600a0500bbb8434c18a32,13,article_pdf,doi,1.0,
doi:10.1021/acssynbio.7b00249,10.1021/acssynbio.7b00249,2017,Development of a Terpenoid-Production Platform in Streptomyces reveromyceticus SN-593,downloaded,data/papers/2017/10.1021__acssynbio.7b00249/publisher/paper.pdf,2026-09-03T03:30:24+00:00,https://pubs-acs-org.colorado.idm.oclc.org/doi/pdf/10.1021/acssynbio.7b00249,https://pubs-acs-org.colorado.idm.oclc.org/asbcd6/article-pdf/6/12/2339/7263734/sb7b00249.pdf,ACS Publications via CU Boulder EZproxy,publishedVersion,,current_version_of_record_at_retrieval,authenticated_acs_version_of_record_pdf_endpoint,not_established,CU Boulder EZproxy authenticated session (curl-cffi),1423127,8e0c57d63f7b968050aaaa006354b638ea2b2b629d1bd9e1749f66933e9b8d9f,11,article_pdf,doi,1.0,
doi:10.1021/acssynbio.7b00251,10.1021/acssynbio.7b00251,2017,"Combining CRISPR and CRISPRi Systems for Metabolic Engineering of E. coli and 1,4-BDO Biosynthesis",downloaded,data/papers/2017/10.1021__acssynbio.7b00251/publisher/paper.pdf,2026-09-03T03:30:31+00:00,https://pubs-acs-org.colorado.idm.oclc.org/doi/pdf/10.1021/acssynbio.7b00251,https://pubs-acs-org.colorado.idm.oclc.org/asbcd6/article-pdf/6/12/2350/7263587/sb7b00251.pdf,ACS Publications via CU Boulder EZproxy,publishedVersion,,current_version_of_record_at_retrieval,authenticated_acs_version_of_record_pdf_endpoint,not_established,CU Boulder EZproxy authenticated session (curl-cffi),4204480,37f3902678d2a3af03f2907bb5eddfd33d519e7e30024a03a6df3d032034b787,12,article_pdf,doi,1.0,
doi:10.1021/acssynbio.7b00253,10.1021/acssynbio.7b00253,2017,Rapid and Scalable Preparation of Bacterial Lysates for Cell-Free Gene Expression,downloaded,data/papers/2017/10.1021__acssynbio.7b00253/publisher/paper.pdf,2026-09-03T03:29:55+00:00,https://pubs-acs-org.colorado.idm.oclc.org/doi/pdf/10.1021/acssynbio.7b00253,https://pubs-acs-org.colorado.idm.oclc.org/asbcd6/article-pdf/6/12/2198/7263483/sb7b00253.pdf,ACS Publications via CU Boulder EZproxy,publishedVersion,,current_version_of_record_at_retrieval,authenticated_acs_version_of_record_pdf_endpoint,not_established,CU Boulder EZproxy authenticated session (curl-cffi),1879307,9b07cf3b5b3c9562fe6d57a3482bf6daecefeafc67e44f46f3b03ca4971f5231,11,article_pdf,doi,1.0,
doi:10.1021/acssynbio.6b00287,10.1021/acssynbio.6b00287,2018,Bacterial Genome Editing via a Designed Toxin–Antitoxin Cassette,failed,,,https://pubs-acs-org.colorado.idm.oclc.org/doi/pdf/10.1021/acssynbio.6b00287,https://pubs-acs-org.colorado.idm.oclc.org/doi/pdf/10.1021/acssynbio.6b00287,ACS Publications via CU Boulder EZproxy,,publishedVersion,,,,CU Boulder EZproxy authenticated browser,,,,article_pdf,,,publisher HTTP 200; content-type=text/html; signature=b'<!DOC'
doi:10.1021/acssynbio.6b00390,10.1021/acssynbio.6b00390,2018,Design and Analysis of Compact DNA Strand Displacement Circuits for Analog Computation Using Autocatalytic Amplifiers,downloaded,data/papers/2018/10.1021__acssynbio.6b00390/publisher/paper.pdf,2026-09-03T03:30:45+00:00,https://pubs-acs-org.colorado.idm.oclc.org/doi/pdf/10.1021/acssynbio.6b00390,https://pubs-acs-org.colorado.idm.oclc.org/asbcd6/article-pdf/7/1/46/8421066/sb6b00390.pdf,ACS Publications via CU Boulder EZproxy,publishedVersion,,current_version_of_record_at_retrieval,authenticated_acs_version_of_record_pdf_endpoint,not_established,CU Boulder EZproxy authenticated session (curl-cffi),1008039,231029d6be133e48300b29af405e3633de73a7fceaa58c9eae907e81919f7a5c,8,article_pdf,doi,1.0,
doi:10.1021/acssynbio.7b00122,10.1021/acssynbio.7b00122,2018,Crosstalk between Diverse Synthetic Protein Degradation Tags in Escherichia coli,downloaded,data/papers/2018/10.1021__acssynbio.7b00122/publisher/paper.pdf,2026-09-03T03:30:45+00:00,https://pubs-acs-org.colorado.idm.oclc.org/doi/pdf/10.1021/acssynbio.7b00122,https://pubs-acs-org.colorado.idm.oclc.org/asbcd6/article-pdf/7/1/54/8421602/sb7b00122.pdf,ACS Publications via CU Boulder EZproxy,publishedVersion,,current_version_of_record_at_retrieval,authenticated_acs_version_of_record_pdf_endpoint,not_established,CU Boulder EZproxy authenticated session (curl-cffi),1358408,f334eb11641889b7d00dd0821dc150e5c3caf3df1b4859b16d5c30d795e9d106,9,article_pdf,doi,1.0,
doi:10.1021/acssynbio.7b00134,10.1021/acssynbio.7b00134,2018,Functional Characterization of Insulation Effect for Synthetic Gene Circuits in Mammalian Cells,downloaded,data/papers/2018/10.1021__acssynbio.7b00134/publisher/paper.pdf,2026-09-03T03:32:05+00:00,https://pubs-acs-org.colorado.idm.oclc.org/doi/pdf/10.1021/acssynbio.7b00134,https://pubs-acs-org.colorado.idm.oclc.org/asbcd6/article-pdf/7/2/412/7267639/sb7b00134.pdf,ACS Publications via CU Boulder EZproxy,publishedVersion,,current_version_of_record_at_retrieval,authenticated_acs_version_of_record_pdf_endpoint,not_established,CU Boulder EZproxy authenticated session (curl-cffi),2682238,9b49b0402d1d3b25f3ab0d27d7c659f94002906c2bfe29d65e08027e649f4410,7,article_pdf,doi,1.0,
doi:10.1021/acssynbio.7b00188,10.1021/acssynbio.7b00188,2018,Perfect Adaptation and Optimal Equilibrium Productivity in a Simple Microbial Biofuel Metabolic Pathway Using Dynamic Integral Control,downloaded,data/papers/2018/10.1021__acssynbio.7b00188/publisher/paper.pdf,2026-09-03T03:32:06+00:00,https://pubs-acs-org.colorado.idm.oclc.org/doi/pdf/10.1021/acssynbio.7b00188,https://pubs-acs-org.colorado.idm.oclc.org/asbcd6/article-pdf/7/2/419/7267924/sb7b00188.pdf,ACS Publications via CU Boulder EZproxy,publishedVersion,,current_version_of_record_at_retrieval,authenticated_acs_version_of_record_pdf_endpoint,not_established,CU Boulder EZproxy authenticated session (curl-cffi),2349972,6ffc0ff1a4a971f5db066d69c255b01ac2db096752dc90a5b41512d94c4218be,13,article_pdf,doi,1.0,
doi:10.1021/acssynbio.7b00191,10.1021/acssynbio.7b00191,2018,An Expanded Plasmid-Based Genetic Toolbox Enables Cas9 Genome Editing and Stable Maintenance of Synthetic Pathways in Phaeodactylum tricornutum,downloaded,data/papers/2018/10.1021__acssynbio.7b00191/publisher/paper.pdf,2026-09-03T03:31:43+00:00,https://pubs-acs-org.colorado.idm.oclc.org/doi/pdf/10.1021/acssynbio.7b00191,https://pubs-acs-org.colorado.idm.oclc.org/asbcd6/article-pdf/7/2/328/7268775/sb7b00191.pdf,ACS Publications via CU Boulder EZproxy,publishedVersion,,current_version_of_record_at_retrieval,authenticated_acs_version_of_record_pdf_endpoint,not_established,CU Boulder EZproxy authenticated session (curl-cffi),7922358,d8efa6f24e959e58c98d8f9253f986da0b6a776a8667f3fbe8ca9d2938db74cf,11,article_pdf,doi,1.0,
doi:10.1021/acssynbio.7b00200,10.1021/acssynbio.7b00200,2018,TARSyn: Tunable Antibiotic Resistance Devices Enabling Bacterial Synthetic Evolution and Protein Production,downloaded,data/papers/2018/10.1021__acssynbio.7b00200/publisher/paper.pdf,2026-09-03T03:32:09+00:00,https://pubs-acs-org.colorado.idm.oclc.org/doi/pdf/10.1021/acssynbio.7b00200,https://pubs-acs-org.colorado.idm.oclc.org/asbcd6/article-pdf/7/2/432/7268312/sb7b00200.pdf,ACS Publications via CU Boulder EZproxy,publishedVersion,,current_version_of_record_at_retrieval,authenticated_acs_version_of_record_pdf_endpoint,not_established,CU Boulder EZproxy authenticated session (curl-cffi),4501343,619478ccf56b6ada937211b744e71702ad5a0187a49190de3557525d1754c38d,11,article_pdf,doi,1.0,
doi:10.1021/acssynbio.7b00209,10.1021/acssynbio.7b00209,2018,Method to Assemble Genomic DNA Fragments or Genes on Human Artificial Chromosome with Regulated Kinetochore Using a Multi-Integrase System,downloaded,data/papers/2018/10.1021__acssynbio.7b00209/publisher/paper.pdf,2026-09-03T03:30:49+00:00,https://pubs-acs-org.colorado.idm.oclc.org/doi/pdf/10.1021/acssynbio.7b00209,https://pubs-acs-org.colorado.idm.oclc.org/asbcd6/article-pdf/7/1/63/67117640/acssynbio.7b00209.pdf,ACS Publications via CU Boulder EZproxy,publishedVersion,,current_version_of_record_at_retrieval,authenticated_acs_version_of_record_pdf_endpoint,not_established,CU Boulder EZproxy authenticated session (curl-cffi),4720063,01a0d65753ed6ffda0d195370dffc6737a29a141fb48e525263bffe5694cd940,12,article_pdf,doi,1.0,
doi:10.1021/acssynbio.7b00222,10.1021/acssynbio.7b00222,2018,A Robust Molecular Network Motif for Period-Doubling Devices,downloaded,data/papers/2018/10.1021__acssynbio.7b00222/publisher/paper.pdf,2026-09-03T03:30:50+00:00,https://pubs-acs-org.colorado.idm.oclc.org/doi/pdf/10.1021/acssynbio.7b00222,https://pubs-acs-org.colorado.idm.oclc.org/asbcd6/article-pdf/7/1/75/8423257/sb7b00222.pdf,ACS Publications via CU Boulder EZproxy,publishedVersion,,current_version_of_record_at_retrieval,authenticated_acs_version_of_record_pdf_endpoint,not_established,CU Boulder EZproxy authenticated session (curl-cffi),2260145,ed3f8ff98901e417529f278825ca8a13c03ba3924c55c20a1b00e2ce5396ed9e,11,article_pdf,doi,1.0,
doi:10.1021/acssynbio.7b00223,10.1021/acssynbio.7b00223,2018,Reconstructing Dynamic Promoter Activity Profiles from Reporter Gene Data,failed,,,https://pubs-acs-org.colorado.idm.oclc.org/doi/pdf/10.1021/acssynbio.7b00223,https://pubs-acs-org.colorado.idm.oclc.org/doi/pdf/10.1021/acssynbio.7b00223,ACS Publications via CU Boulder EZproxy,,publishedVersion,,,,CU Boulder EZproxy authenticated browser,,,,article_pdf,,,publisher HTTP 200; content-type=text/html; signature=b'<!DOC'
doi:10.1021/acssynbio.7b00225,10.1021/acssynbio.7b00225,2018,Spatiotemporal Control of TGF-β Signaling with Light,downloaded,data/papers/2018/10.1021__acssynbio.7b00225/publisher/paper.pdf,2026-09-03T03:32:11+00:00,https://pubs-acs-org.colorado.idm.oclc.org/doi/pdf/10.1021/acssynbio.7b00225,https://pubs-acs-org.colorado.idm.oclc.org/asbcd6/article-pdf/7/2/443/7269137/sb7b00225.pdf,ACS Publications via CU Boulder EZproxy,publishedVersion,,current_version_of_record_at_retrieval,authenticated_acs_version_of_record_pdf_endpoint,not_established,CU Boulder EZproxy authenticated session (curl-cffi),10378309,92dac34857a62bb0c3947c231ccc5cb70ec664e91f95db81667d920dc1ec3b2a,9,article_pdf,doi,1.0,
doi:10.1021/acssynbio.7b00229,10.1021/acssynbio.7b00229,2018,Replacing the Ethylmalonyl-CoA Pathway with the Glyoxylate Shunt Provides Metabolic Flexibility in the Central Carbon Metabolism of Methylobacterium extorquens AM1,downloaded,data/papers/2018/10.1021__acssynbio.7b00229/publisher/paper.pdf,2026-09-03T03:30:53+00:00,https://pubs-acs-org.colorado.idm.oclc.org/doi/pdf/10.1021/acssynbio.7b00229,https://pubs-acs-org.colorado.idm.oclc.org/asbcd6/article-pdf/7/1/86/8419978/sb7b00229.pdf,ACS Publications via CU Boulder EZproxy,publishedVersion,,current_version_of_record_at_retrieval,authenticated_acs_version_of_record_pdf_endpoint,not_established,CU Boulder EZproxy authenticated session (curl-cffi),1624462,35c8876dbd3e0e592414e17eb26d794c5d0461f23a90e04cab6f851997d2e30c,12,article_pdf,doi,1.0,
doi:10.1021/acssynbio.7b00237,10.1021/acssynbio.7b00237,2018,Labeling RNAs in Live Cells Using Malachite Green Aptamer Scaffolds as Fluorescent Probes,downloaded,data/papers/2018/10.1021__acssynbio.7b00237/publisher/paper.pdf,2026-09-03T03:33:23+00:00,https://pubs-acs-org.colorado.idm.oclc.org/doi/pdf/10.1021/acssynbio.7b00237,https://pubs-acs-org.colorado.idm.oclc.org/asbcd6/article-pdf/7/3/758/11942407/sb7b00237.pdf,ACS Publications via CU Boulder EZproxy,publishedVersion,,current_version_of_record_at_retrieval,authenticated_acs_version_of_record_pdf_endpoint,not_established,CU Boulder EZproxy authenticated session (curl-cffi),2547221,81079c951bb36034a33f0781414b02c3f9f8856ce49d50ae1c55b15e295ae889,9,article_pdf,doi,1.0,
doi:10.1021/acssynbio.7b00248,10.1021/acssynbio.7b00248,2018,Optogenetic Control of Endoplasmic Reticulum–Mitochondria Tethering,downloaded,data/papers/2018/10.1021__acssynbio.7b00248/publisher/paper.pdf,2026-09-03T03:30:35+00:00,https://pubs-acs-org.colorado.idm.oclc.org/doi/pdf/10.1021/acssynbio.7b00248,https://pubs-acs-org.colorado.idm.oclc.org/asbcd6/article-pdf/7/1/2/8422143/sb7b00248.pdf,ACS Publications via CU Boulder EZproxy,publishedVersion,,current_version_of_record_at_retrieval,authenticated_acs_version_of_record_pdf_endpoint,not_established,CU Boulder EZproxy authenticated session (curl-cffi),6456534,5e65a0d210b35b71b6a6aca04818bb032cbd31b46d5eb4b1b3b974009f719fd1,8,article_pdf,doi,1.0,
doi:10.1021/acssynbio.7b00254,10.1021/acssynbio.7b00254,2018,A Novel Tool for Microbial Genome Editing Using the Restriction-Modification System,downloaded,data/papers/2018/10.1021__acssynbio.7b00254/publisher/paper.pdf,2026-09-03T03:30:53+00:00,https://pubs-acs-org.colorado.idm.oclc.org/doi/pdf/10.1021/acssynbio.7b00254,https://pubs-acs-org.colorado.idm.oclc.org/asbcd6/article-pdf/7/1/98/8420787/sb7b00254.pdf,ACS Publications via CU Boulder EZproxy,publishedVersion,,current_version_of_record_at_retrieval,authenticated_acs_version_of_record_pdf_endpoint,not_established,CU Boulder EZproxy authenticated session (curl-cffi),6704689,6740868d3e6524551cfc39bba0f316d181ada36e6fe3925f3c7da60a1e4ee86a,9,article_pdf,doi,1.0,
doi:10.1021/acssynbio.7b00255,10.1021/acssynbio.7b00255,2018,Reconfigurable Analog Signal Processing by Living Cells,downloaded,data/papers/2018/10.1021__acssynbio.7b00255/publisher/paper.pdf,2026-09-03T03:30:58+00:00,https://pubs-acs-org.colorado.idm.oclc.org/doi/pdf/10.1021/acssynbio.7b00255,https://pubs-acs-org.colorado.idm.oclc.org/asbcd6/article-pdf/7/1/107/8422988/sb7b00255.pdf,ACS Publications via CU Boulder EZproxy,publishedVersion,,current_version_of_record_at_retrieval,authenticated_acs_version_of_record_pdf_endpoint,not_established,CU Boulder EZproxy authenticated session (curl-cffi),3220667,8d2b1656b6fb493e5a73c1b37f6c02b989ce57d2c388c35e80c3b8d8f56351d2,14,article_pdf,doi,1.0,
doi:10.1021/acssynbio.7b00256,10.1021/acssynbio.7b00256,2018,Reconstructing Biosynthetic Pathway of the Plant-Derived Cancer Chemopreventive-Precursor Glucoraphanin in Escherichia coli,downloaded,data/papers/2018/10.1021__acssynbio.7b00256/publisher/paper.pdf,2026-09-03T03:30:56+00:00,https://pubs-acs-org.colorado.idm.oclc.org/doi/pdf/10.1021/acssynbio.7b00256,https://pubs-acs-org.colorado.idm.oclc.org/asbcd6/article-pdf/7/1/121/8419482/sb7b00256.pdf,ACS Publications via CU Boulder EZproxy,publishedVersion,,current_version_of_record_at_retrieval,authenticated_acs_version_of_record_pdf_endpoint,not_established,CU Boulder EZproxy authenticated session (curl-cffi),2067793,a845dc207222ca36cf1ae338312277eec58fec69bb8c4236361c04339468e570,11,article_pdf,doi,1.0,
doi:10.1021/acssynbio.7b00258,10.1021/acssynbio.7b00258,2018,Construction and Characterization of Broad-Spectrum Promoters for Synthetic Biology,downloaded,data/papers/2018/10.1021__acssynbio.7b00258/publisher/paper.pdf,2026-09-03T03:31:32+00:00,https://pubs-acs-org.colorado.idm.oclc.org/doi/pdf/10.1021/acssynbio.7b00258,https://pubs-acs-org.colorado.idm.oclc.org/asbcd6/article-pdf/7/1/287/8419003/sb7b00258.pdf,ACS Publications via CU Boulder EZproxy,publishedVersion,,current_version_of_record_at_retrieval,authenticated_acs_version_of_record_pdf_endpoint,not_established,CU Boulder EZproxy authenticated session (curl-cffi),1118492,9112036ae4317826695fca9cc2805eeeb0f69688ab2b50e13d8d0e61b84c1b01,5,article_pdf,doi,1.0,
doi:10.1021/acssynbio.7b00259,10.1021/acssynbio.7b00259,2018,Multiplexed CRISPR/Cas9 Genome Editing and Gene Regulation Using Csy4 in Saccharomyces cerevisiae,downloaded,data/papers/2018/10.1021__acssynbio.7b00259/publisher/paper.pdf,2026-09-03T03:30:34+00:00,https://pubs-acs-org.colorado.idm.oclc.org/doi/pdf/10.1021/acssynbio.7b00259,https://pubs-acs-org.colorado.idm.oclc.org/asbcd6/article-pdf/7/1/10/8418855/sb7b00259.pdf,ACS Publications via CU Boulder EZproxy,publishedVersion,,current_version_of_record_at_retrieval,authenticated_acs_version_of_record_pdf_endpoint,not_established,CU Boulder EZproxy authenticated session (curl-cffi),1491788,8579c3c62650ae38d028635fcc68e87000803c1d302d859c5ee0f097e3f74bc5,6,article_pdf,doi,1.0,
doi:10.1021/acssynbio.7b00260,10.1021/acssynbio.7b00260,2018,Design and Selection of a Synthetic Feedback Loop for Optimizing Biofuel Tolerance,downloaded,data/papers/2018/10.1021__acssynbio.7b00260/publisher/paper.pdf,2026-09-03T03:30:38+00:00,https://pubs-acs-org.colorado.idm.oclc.org/doi/pdf/10.1021/acssynbio.7b00260,https://pubs-acs-org.colorado.idm.oclc.org/asbcd6/article-pdf/7/1/16/8419422/sb7b00260.pdf,ACS Publications via CU Boulder EZproxy,publishedVersion,,current_version_of_record_at_retrieval,authenticated_acs_version_of_record_pdf_endpoint,not_established,CU Boulder EZproxy authenticated session (curl-cffi),2072564,a27fc3caf2ea9918bd49fe73ba9a242823939b937dc15f0c47b6f852e226d4fa,8,article_pdf,doi,1.0,
doi:10.1021/acssynbio.7b00261,10.1021/acssynbio.7b00261,2018,Corynebacterium glutamicum Chassis C1*: Building and Testing a Novel Platform Host for Synthetic Biology and Industrial Biotechnology,downloaded,data/papers/2018/10.1021__acssynbio.7b00261/publisher/paper.pdf,2026-09-03T03:31:01+00:00,https://pubs-acs-org.colorado.idm.oclc.org/doi/pdf/10.1021/acssynbio.7b00261,https://pubs-acs-org.colorado.idm.oclc.org/asbcd6/article-pdf/7/1/132/8419904/sb7b00261.pdf,ACS Publications via CU Boulder EZproxy,publishedVersion,,current_version_of_record_at_retrieval,authenticated_acs_version_of_record_pdf_endpoint,not_established,CU Boulder EZproxy authenticated session (curl-cffi),4530683,ba889ceae9a5df2c9aca32436db0a1fcc9ba0095a5a73563a1b3a50d4f0f0961,13,article_pdf,doi,1.0,
doi:10.1021/acssynbio.7b00264,10.1021/acssynbio.7b00264,2018,Versatility of Prolyl Oligopeptidase B in Peptide Macrocyclization,downloaded,data/papers/2018/10.1021__acssynbio.7b00264/publisher/paper.pdf,2026-09-03T03:31:01+00:00,https://pubs-acs-org.colorado.idm.oclc.org/doi/pdf/10.1021/acssynbio.7b00264,https://pubs-acs-org.colorado.idm.oclc.org/asbcd6/article-pdf/7/1/145/8420601/sb7b00264.pdf,ACS Publications via CU Boulder EZproxy,publishedVersion,,current_version_of_record_at_retrieval,authenticated_acs_version_of_record_pdf_endpoint,not_established,CU Boulder EZproxy authenticated session (curl-cffi),2226461,1c8e776a0552adc52030572f7634b32970dd029d0c6bf22260f0f97f83d8cdb4,8,article_pdf,doi,1.0,
doi:10.1021/acssynbio.7b00265,10.1021/acssynbio.7b00265,2018,Growing Membranes In Vitro by Continuous Phospholipid Biosynthesis from Free Fatty Acids,downloaded,data/papers/2018/10.1021__acssynbio.7b00265/publisher/paper.pdf,2026-09-03T03:31:06+00:00,https://pubs-acs-org.colorado.idm.oclc.org/doi/pdf/10.1021/acssynbio.7b00265,https://pubs-acs-org.colorado.idm.oclc.org/asbcd6/article-pdf/7/1/153/67255381/acssynbio.7b00265.pdf,ACS Publications via CU Boulder EZproxy,publishedVersion,,current_version_of_record_at_retrieval,authenticated_acs_version_of_record_pdf_endpoint,not_established,CU Boulder EZproxy authenticated session (curl-cffi),8440331,64ca31a67369f9e3fbada438f0ef39a0bf34609bf05ba74b6ed7ae88e29b1d60,13,article_pdf,doi,1.0,
doi:10.1021/acssynbio.7b00266,10.1021/acssynbio.7b00266,2018,A Modular Receptor Platform To Expand the Sensing Repertoire of Bacteria,downloaded,data/papers/2018/10.1021__acssynbio.7b00266/publisher/paper.pdf,2026-09-03T03:31:04+00:00,https://pubs-acs-org.colorado.idm.oclc.org/doi/pdf/10.1021/acssynbio.7b00266,https://pubs-acs-org.colorado.idm.oclc.org/asbcd6/article-pdf/7/1/166/67361329/acssynbio.7b00266.pdf,ACS Publications via CU Boulder EZproxy,publishedVersion,,current_version_of_record_at_retrieval,authenticated_acs_version_of_record_pdf_endpoint,not_established,CU Boulder EZproxy authenticated session (curl-cffi),1239486,1479c385be11b4f6177aa24c039d66a751a35680acf6c5d9b3dff339adc84bcb,10,article_pdf,doi,1.0,
doi:10.1021/acssynbio.7b00268,10.1021/acssynbio.7b00268,2018,Multiplexed sgRNA Expression Allows Versatile Single Nonrepetitive DNA Labeling and Endogenous Gene Regulation,downloaded,data/papers/2018/10.1021__acssynbio.7b00268/publisher/paper.pdf,2026-09-03T03:31:10+00:00,https://pubs-acs-org.colorado.idm.oclc.org/doi/pdf/10.1021/acssynbio.7b00268,https://pubs-acs-org.colorado.idm.oclc.org/asbcd6/article-pdf/7/1/176/8420919/sb7b00268.pdf,ACS Publications via CU Boulder EZproxy,publishedVersion,,current_version_of_record_at_retrieval,authenticated_acs_version_of_record_pdf_endpoint,not_established,CU Boulder EZproxy authenticated session (curl-cffi),5826332,0454717bb1b4b9f43460e7d0b604ee3fe5c946eb467bbf5f0d45ef2316957a85,11,article_pdf,doi,1.0,
doi:10.1021/acssynbio.7b00269,10.1021/acssynbio.7b00269,2018,A Prototype for Modular Cell Engineering,downloaded,data/papers/2018/10.1021__acssynbio.7b00269/publisher/paper.pdf,2026-09-03T03:31:08+00:00,https://pubs-acs-org.colorado.idm.oclc.org/doi/pdf/10.1021/acssynbio.7b00269,https://pubs-acs-org.colorado.idm.oclc.org/asbcd6/article-pdf/7/1/187/8421351/sb7b00269.pdf,ACS Publications via CU Boulder EZproxy,publishedVersion,,current_version_of_record_at_retrieval,authenticated_acs_version_of_record_pdf_endpoint,not_established,CU Boulder EZproxy authenticated session (curl-cffi),2509195,d4bf557c7c5b65342c81e0355e569eca89fa58465158cc9b2a8c18ddbd090767,13,article_pdf,doi,1.0,
doi:10.1021/acssynbio.7b00271,10.1021/acssynbio.7b00271,2018,Investigation of the Synergetic Effect of Xylose Metabolic Pathways on the Production of Glutaric Acid,downloaded,data/papers/2018/10.1021__acssynbio.7b00271/publisher/paper.pdf,2026-09-03T03:30:37+00:00,https://pubs-acs-org.colorado.idm.oclc.org/doi/pdf/10.1021/acssynbio.7b00271,https://pubs-acs-org.colorado.idm.oclc.org/asbcd6/article-pdf/7/1/24/8421180/sb7b00271.pdf,ACS Publications via CU Boulder EZproxy,publishedVersion,,current_version_of_record_at_retrieval,authenticated_acs_version_of_record_pdf_endpoint,not_established,CU Boulder EZproxy authenticated session (curl-cffi),800798,d3d173dc5228c633f2a04521b463e39a8871def5c575020f2f5830212fec8c72,6,article_pdf,doi,1.0,
doi:10.1021/acssynbio.7b00273,10.1021/acssynbio.7b00273,2018,Optogenetics Manipulation Enables Prevention of Biofilm Formation of Engineered Pseudomonas aeruginosa on Surfaces,downloaded,data/papers/2018/10.1021__acssynbio.7b00273/publisher/paper.pdf,2026-09-03T03:31:15+00:00,https://pubs-acs-org.colorado.idm.oclc.org/doi/pdf/10.1021/acssynbio.7b00273,https://pubs-acs-org.colorado.idm.oclc.org/asbcd6/article-pdf/7/1/200/8421992/sb7b00273.pdf,ACS Publications via CU Boulder EZproxy,publishedVersion,,current_version_of_record_at_retrieval,authenticated_acs_version_of_record_pdf_endpoint,not_established,CU Boulder EZproxy authenticated session (curl-cffi),2966320,92cd2ede567b604b244cbfa286cdbcadcbd86fcfdfed34d8fbd8c9b1ba9ca0e1,9,article_pdf,doi,1.0,
doi:10.1021/acssynbio.7b00277,10.1021/acssynbio.7b00277,2018,Dynamic Control of Aptamer–Ligand Activity Using Strand Displacement Reactions,downloaded,data/papers/2018/10.1021__acssynbio.7b00277/publisher/paper.pdf,2026-09-03T03:30:42+00:00,https://pubs-acs-org.colorado.idm.oclc.org/doi/pdf/10.1021/acssynbio.7b00277,https://pubs-acs-org.colorado.idm.oclc.org/asbcd6/article-pdf/7/1/30/8419802/sb7b00277.pdf,ACS Publications via CU Boulder EZproxy,publishedVersion,,current_version_of_record_at_retrieval,authenticated_acs_version_of_record_pdf_endpoint,not_established,CU Boulder EZproxy authenticated session (curl-cffi),1645193,417397558cb5b7c445fa1a4e8fce60654eadb9d3af0ef073d16ccbbb7844b199,8,article_pdf,doi,1.0,
doi:10.1021/acssynbio.7b00278,10.1021/acssynbio.7b00278,2018,DNA Origami Inside-Out Viruses,downloaded,data/papers/2018/10.1021__acssynbio.7b00278/publisher/paper.pdf,2026-09-03T03:33:24+00:00,https://pubs-acs-org.colorado.idm.oclc.org/doi/pdf/10.1021/acssynbio.7b00278,https://pubs-acs-org.colorado.idm.oclc.org/asbcd6/article-pdf/7/3/767/11941595/sb7b00278.pdf,ACS Publications via CU Boulder EZproxy,publishedVersion,,current_version_of_record_at_retrieval,authenticated_acs_version_of_record_pdf_endpoint,not_established,CU Boulder EZproxy authenticated session (curl-cffi),4049489,ffa8e4b26c9b89ef3eae7d6766b73abe5c63cf6920318693a04f2519ced1172d,7,article_pdf,doi,1.0,
doi:10.1021/acssynbio.7b00279,10.1021/acssynbio.7b00279,2018,Cloning and Transplantation of the Mesoplasma florum Genome,downloaded,data/papers/2018/10.1021__acssynbio.7b00279/publisher/paper.pdf,2026-09-03T03:31:14+00:00,https://pubs-acs-org.colorado.idm.oclc.org/doi/pdf/10.1021/acssynbio.7b00279,https://pubs-acs-org.colorado.idm.oclc.org/asbcd6/article-pdf/7/1/209/8422332/sb7b00279.pdf,ACS Publications via CU Boulder EZproxy,publishedVersion,,current_version_of_record_at_retrieval,authenticated_acs_version_of_record_pdf_endpoint,not_established,CU Boulder EZproxy authenticated session (curl-cffi),4479089,861b08162930b6a2a7cc6b1bb1f55836994007645e3667b2f135974dbece104f,9,article_pdf,doi,1.0,
doi:10.1021/acssynbio.7b00280,10.1021/acssynbio.7b00280,2018,Cell-Free Protein Synthesis Enhancement from Real-Time NMR Metabolite Kinetics: Redirecting Energy Fluxes in Hybrid RRL Systems,downloaded,data/papers/2018/10.1021__acssynbio.7b00280/publisher/paper.pdf,2026-09-03T03:31:20+00:00,https://pubs-acs-org.colorado.idm.oclc.org/doi/pdf/10.1021/acssynbio.7b00280,https://pubs-acs-org.colorado.idm.oclc.org/asbcd6/article-pdf/7/1/218/67464322/acssynbio.7b00280.pdf,ACS Publications via CU Boulder EZproxy,publishedVersion,,current_version_of_record_at_retrieval,authenticated_acs_version_of_record_pdf_endpoint,not_established,CU Boulder EZproxy authenticated session (curl-cffi),2022317,658a228e089fcd5f40e9cd42b459174daa63bd0222908c5eea46c3904008d1d8,9,article_pdf,doi,1.0,
doi:10.1021/acssynbio.7b00281,10.1021/acssynbio.7b00281,2018,Tandem Histone-Binding Domains Enhance the Activity of a Synthetic Chromatin Effector,failed,,,https://pubs-acs-org.colorado.idm.oclc.org/doi/pdf/10.1021/acssynbio.7b00281,https://pubs-acs-org.colorado.idm.oclc.org/doi/pdf/10.1021/acssynbio.7b00281,ACS Publications via CU Boulder EZproxy,,publishedVersion,,,,CU Boulder EZproxy authenticated browser,,,,article_pdf,,,publisher HTTP 200; content-type=text/html; signature=b'<!DOC'
doi:10.1021/acssynbio.7b00285,10.1021/acssynbio.7b00285,2018,Sporobeads: The Utilization of the Bacillus subtilis Endospore Crust as a Protein Display Platform,downloaded,data/papers/2018/10.1021__acssynbio.7b00285/publisher/paper.pdf,2026-09-03T03:32:14+00:00,https://pubs-acs-org.colorado.idm.oclc.org/doi/pdf/10.1021/acssynbio.7b00285,https://pubs-acs-org.colorado.idm.oclc.org/asbcd6/article-pdf/7/2/452/7267119/sb7b00285.pdf,ACS Publications via CU Boulder EZproxy,publishedVersion,,current_version_of_record_at_retrieval,authenticated_acs_version_of_record_pdf_endpoint,not_established,CU Boulder EZproxy authenticated session (curl-cffi),2382267,e459151f2dcba1b12f9715a0cb797ba3e213f97599aa0af86a92db28621d3874,10,article_pdf,doi,1.0,
doi:10.1021/acssynbio.7b00287,10.1021/acssynbio.7b00287,2018,Development of Transcription Factor-Based Designer Macrolide Biosensors for Metabolic Engineering and Synthetic Biology,downloaded,data/papers/2018/10.1021__acssynbio.7b00287/publisher/paper.pdf,2026-09-03T03:31:18+00:00,https://pubs-acs-org.colorado.idm.oclc.org/doi/pdf/10.1021/acssynbio.7b00287,https://pubs-acs-org.colorado.idm.oclc.org/asbcd6/article-pdf/7/1/227/8419046/sb7b00287.pdf,ACS Publications via CU Boulder EZproxy,publishedVersion,,current_version_of_record_at_retrieval,authenticated_acs_version_of_record_pdf_endpoint,not_established,CU Boulder EZproxy authenticated session (curl-cffi),4918131,6bc86df5f2aac7a5522abe0675ebaaade3f471f422a0cc75c9a6e2563e7c568b,13,article_pdf,doi,1.0,
doi:10.1021/acssynbio.7b00289,10.1021/acssynbio.7b00289,2018,Engineering an E. coli Near-Infrared Light Sensor,downloaded,data/papers/2018/10.1021__acssynbio.7b00289/publisher/paper.pdf,2026-09-03T03:31:24+00:00,https://pubs-acs-org.colorado.idm.oclc.org/doi/pdf/10.1021/acssynbio.7b00289,https://pubs-acs-org.colorado.idm.oclc.org/asbcd6/article-pdf/7/1/240/8422869/sb7b00289.pdf,ACS Publications via CU Boulder EZproxy,publishedVersion,,current_version_of_record_at_retrieval,authenticated_acs_version_of_record_pdf_endpoint,not_established,CU Boulder EZproxy authenticated session (curl-cffi),1646783,c5f631ecfd9e8f9fbdd0a4b0cc02e49bd09472a7a52a6bcfcc28a1e504d9e6a1,9,article_pdf,doi,1.0,
doi:10.1021/acssynbio.7b00290,10.1021/acssynbio.7b00290,2018,Efficient Expression of Glutathione Peroxidase with Chimeric tRNA in Amber-less Escherichia coli,downloaded,data/papers/2018/10.1021__acssynbio.7b00290/publisher/paper.pdf,2026-09-03T03:31:25+00:00,https://pubs-acs-org.colorado.idm.oclc.org/doi/pdf/10.1021/acssynbio.7b00290,https://pubs-acs-org.colorado.idm.oclc.org/asbcd6/article-pdf/7/1/249/8418683/sb7b00290.pdf,ACS Publications via CU Boulder EZproxy,publishedVersion,,current_version_of_record_at_retrieval,authenticated_acs_version_of_record_pdf_endpoint,not_established,CU Boulder EZproxy authenticated session (curl-cffi),4276430,c0380664dfd033fe584830b1f03d4b821a4aeb35e667f9175f8b5959c1ef771c,9,article_pdf,doi,1.0,
doi:10.1021/acssynbio.7b00292,10.1021/acssynbio.7b00292,2018,Development of a Pigment-Based Whole-Cell Zinc Biosensor for Human Serum,downloaded,data/papers/2018/10.1021__acssynbio.7b00292/publisher/paper.pdf,2026-09-03T03:31:29+00:00,https://pubs-acs-org.colorado.idm.oclc.org/doi/pdf/10.1021/acssynbio.7b00292,https://pubs-acs-org.colorado.idm.oclc.org/asbcd6/article-pdf/7/1/267/67520290/acssynbio.7b00292.pdf,ACS Publications via CU Boulder EZproxy,publishedVersion,,current_version_of_record_at_retrieval,authenticated_acs_version_of_record_pdf_endpoint,not_established,CU Boulder EZproxy authenticated session (curl-cffi),2677696,16551ed215288630bc20da1edbf1ac8c7437fd03585c2d5317a1335cead2fbc6,9,article_pdf,doi,1.0,
doi:10.1021/acssynbio.7b00293,10.1021/acssynbio.7b00293,2018,Yield Improvement of the Anti-MRSA Antibiotics WAP-8294A by CRISPR/dCas9 Combined with Refactoring Self-Protection Genes in Lysobacter enzymogenes OH11,downloaded,data/papers/2018/10.1021__acssynbio.7b00293/publisher/paper.pdf,2026-09-03T03:31:28+00:00,https://pubs-acs-org.colorado.idm.oclc.org/doi/pdf/10.1021/acssynbio.7b00293,https://pubs-acs-org.colorado.idm.oclc.org/asbcd6/article-pdf/7/1/258/8423174/sb7b00293.pdf,ACS Publications via CU Boulder EZproxy,publishedVersion,,current_version_of_record_at_retrieval,authenticated_acs_version_of_record_pdf_endpoint,not_established,CU Boulder EZproxy authenticated session (curl-cffi),3547937,6a7c41510ce47308a908fc3bce70388fbae22590a5bdd37ca55cbb62b2227c95,9,article_pdf,doi,1.0,
doi:10.1021/acssynbio.7b00294,10.1021/acssynbio.7b00294,2018,RNA Thermometers for the PURExpress System,downloaded,data/papers/2018/10.1021__acssynbio.7b00294/publisher/paper.pdf,2026-09-03T03:31:37+00:00,https://pubs-acs-org.colorado.idm.oclc.org/doi/pdf/10.1021/acssynbio.7b00294,https://pubs-acs-org.colorado.idm.oclc.org/asbcd6/article-pdf/7/1/292/8420339/sb7b00294.pdf,ACS Publications via CU Boulder EZproxy,publishedVersion,,current_version_of_record_at_retrieval,authenticated_acs_version_of_record_pdf_endpoint,not_established,CU Boulder EZproxy authenticated session (curl-cffi),876558,55869434083aa7a9a5583696a7978cfbe635ca7c2f2bfed323e52d01f8817bf7,5,article_pdf,doi,1.0,
doi:10.1021/acssynbio.7b00295,10.1021/acssynbio.7b00295,2018,Targeted Gene Repression Using Novel Bifunctional Molecules to Harness Endogenous Histone Deacetylation Activity,downloaded,data/papers/2018/10.1021__acssynbio.7b00295/publisher/paper.pdf,2026-09-03T03:30:41+00:00,https://pubs-acs-org.colorado.idm.oclc.org/doi/pdf/10.1021/acssynbio.7b00295,https://pubs-acs-org.colorado.idm.oclc.org/asbcd6/article-pdf/7/1/38/8420083/sb7b00295.pdf,ACS Publications via CU Boulder EZproxy,publishedVersion,,current_version_of_record_at_retrieval,authenticated_acs_version_of_record_pdf_endpoint,not_established,CU Boulder EZproxy authenticated session (curl-cffi),2352522,3dcea83e10a29eb07c75a13292584d7f9be707eeff075c88740b7d344031ac73,8,article_pdf,doi,1.0,
doi:10.1021/acssynbio.7b00296,10.1021/acssynbio.7b00296,2018,MinGenome: An In Silico Top-Down Approach for the Synthesis of Minimized Genomes,downloaded,data/papers/2018/10.1021__acssynbio.7b00296/publisher/paper.pdf,2026-09-03T03:32:15+00:00,https://pubs-acs-org.colorado.idm.oclc.org/doi/pdf/10.1021/acssynbio.7b00296,https://pubs-acs-org.colorado.idm.oclc.org/asbcd6/article-pdf/7/2/462/67117663/acssynbio.7b00296.pdf,ACS Publications via CU Boulder EZproxy,publishedVersion,,current_version_of_record_at_retrieval,authenticated_acs_version_of_record_pdf_endpoint,not_established,CU Boulder EZproxy authenticated session (curl-cffi),3960209,062bba89b4a8aed0c875bd2b6f0c40be82fb332716991b3820b73e8364b7071b,12,article_pdf,doi,1.0,
doi:10.1021/acssynbio.7b00297,10.1021/acssynbio.7b00297,2018,A Genetic Toolbox for Modulating the Expression of Heterologous Genes in the Cyanobacterium Synechocystis sp. PCC 6803,downloaded,data/papers/2018/10.1021__acssynbio.7b00297/publisher/paper.pdf,2026-09-03T03:31:34+00:00,https://pubs-acs-org.colorado.idm.oclc.org/doi/pdf/10.1021/acssynbio.7b00297,https://pubs-acs-org.colorado.idm.oclc.org/asbcd6/article-pdf/7/1/276/8422741/sb7b00297.pdf,ACS Publications via CU Boulder EZproxy,publishedVersion,,current_version_of_record_at_retrieval,authenticated_acs_version_of_record_pdf_endpoint,not_established,CU Boulder EZproxy authenticated session (curl-cffi),3356698,7629a8bab37b3c690a4d066b27ea347f8c9cbefca385fe7d5206a928c3a892f5,11,article_pdf,doi,1.0,
doi:10.1021/acssynbio.7b00302,10.1021/acssynbio.7b00302,2018,Drug-Inducible Control of Lethality Genes: A Low Background Destabilizing Domain Architecture Applied to the Gal4-UAS System in Drosophila,failed,,,https://pubs-acs-org.colorado.idm.oclc.org/doi/pdf/10.1021/acssynbio.7b00302,https://pubs-acs-org.colorado.idm.oclc.org/doi/pdf/10.1021/acssynbio.7b00302,ACS Publications via CU Boulder EZproxy,,publishedVersion,,,,CU Boulder EZproxy authenticated browser,,,,article_pdf,,,publisher HTTP 200; content-type=text/html; signature=b'<!DOC'
doi:10.1021/acssynbio.7b00303,10.1021/acssynbio.7b00303,2018,A Workflow for In Vivo Evaluation of Candidate Inputs and Outputs for Cell Classifier Gene Circuits,downloaded,data/papers/2018/10.1021__acssynbio.7b00303/publisher/paper.pdf,2026-09-03T03:32:18+00:00,https://pubs-acs-org.colorado.idm.oclc.org/doi/pdf/10.1021/acssynbio.7b00303,https://pubs-acs-org.colorado.idm.oclc.org/asbcd6/article-pdf/7/2/474/7268973/sb7b00303.pdf,ACS Publications via CU Boulder EZproxy,publishedVersion,,current_version_of_record_at_retrieval,authenticated_acs_version_of_record_pdf_endpoint,not_established,CU Boulder EZproxy authenticated session (curl-cffi),6042468,1ea13b0595d4c4f96b6137b3adfedad05b4d517afaaa7631e3f106adcc2bbc74,16,article_pdf,doi,1.0,
doi:10.1021/acssynbio.7b00304,10.1021/acssynbio.7b00304,2018,Toward Synthetic Biology Strategies for Adipic Acid Production: An in Silico Tool for Combined Thermodynamics and Stoichiometric Analysis of Metabolic Networks,downloaded,data/papers/2018/10.1021__acssynbio.7b00304/publisher/paper.pdf,2026-09-03T03:32:25+00:00,https://pubs-acs-org.colorado.idm.oclc.org/doi/pdf/10.1021/acssynbio.7b00304,https://pubs-acs-org.colorado.idm.oclc.org/asbcd6/article-pdf/7/2/490/7269730/sb7b00304.pdf,ACS Publications via CU Boulder EZproxy,publishedVersion,,current_version_of_record_at_retrieval,authenticated_acs_version_of_record_pdf_endpoint,not_established,CU Boulder EZproxy authenticated session (curl-cffi),5501376,30e7010f7105df22d4d6a83ab6b9ba4dec95554f4fe7e66dc28278eb799d68e4,20,article_pdf,doi,1.0,
doi:10.1021/acssynbio.7b00306,10.1021/acssynbio.7b00306,2018,Gene-Mediated Chemical Communication in Synthetic Protocell Communities,downloaded,data/papers/2018/10.1021__acssynbio.7b00306/publisher/paper.pdf,2026-09-03T03:31:47+00:00,https://pubs-acs-org.colorado.idm.oclc.org/doi/pdf/10.1021/acssynbio.7b00306,https://pubs-acs-org.colorado.idm.oclc.org/asbcd6/article-pdf/7/2/339/7267328/sb7b00306.pdf,ACS Publications via CU Boulder EZproxy,publishedVersion,,current_version_of_record_at_retrieval,authenticated_acs_version_of_record_pdf_endpoint,not_established,CU Boulder EZproxy authenticated session (curl-cffi),2899526,20ba8c9898a2e0080241aaf26ff7ffece0cd3129f2fa57f7c83ccbcd52d7394f,8,article_pdf,doi,1.0,
doi:10.1021/acssynbio.7b00308,10.1021/acssynbio.7b00308,2018,Serine Integrases: Advancing Synthetic Biology,downloaded,data/papers/2018/10.1021__acssynbio.7b00308/publisher/paper.pdf,2026-09-03T03:31:37+00:00,https://pubs-acs-org.colorado.idm.oclc.org/doi/pdf/10.1021/acssynbio.7b00308,https://pubs-acs-org.colorado.idm.oclc.org/asbcd6/article-pdf/7/2/299/67255405/acssynbio.7b00308.pdf,ACS Publications via CU Boulder EZproxy,publishedVersion,,current_version_of_record_at_retrieval,authenticated_acs_version_of_record_pdf_endpoint,not_established,CU Boulder EZproxy authenticated session (curl-cffi),1780155,63124e6ff1e9f869ff34d39c52d2ac17784fd373aad58eba901e1b5a4290df44,12,article_pdf,doi,1.0,
doi:10.1021/acssynbio.7b00316,10.1021/acssynbio.7b00316,2018,The Locational Impact of Site-Specific PEGylation: Streamlined Screening with Cell-Free Protein Expression and Coarse-Grain Simulation,downloaded,data/papers/2018/10.1021__acssynbio.7b00316/publisher/paper.pdf,2026-09-03T03:32:30+00:00,https://pubs-acs-org.colorado.idm.oclc.org/doi/pdf/10.1021/acssynbio.7b00316,https://pubs-acs-org.colorado.idm.oclc.org/asbcd6/article-pdf/7/2/510/7268493/sb7b00316.pdf,ACS Publications via CU Boulder EZproxy,publishedVersion,,current_version_of_record_at_retrieval,authenticated_acs_version_of_record_pdf_endpoint,not_established,CU Boulder EZproxy authenticated session (curl-cffi),2141150,7a1d6f2a7ba635ced257a33ccdfa054991d823cd153748941402ba9e032b263d,12,article_pdf,doi,1.0,
doi:10.1021/acssynbio.7b00318,10.1021/acssynbio.7b00318,2018,An Autoregulated Fine-Tuning Strategy for Titer Improvement of Secondary Metabolites Using Native Promoters in Streptomyces,downloaded,data/papers/2018/10.1021__acssynbio.7b00318/publisher/paper.pdf,2026-09-03T03:32:30+00:00,https://pubs-acs-org.colorado.idm.oclc.org/doi/pdf/10.1021/acssynbio.7b00318,https://pubs-acs-org.colorado.idm.oclc.org/asbcd6/article-pdf/7/2/522/7269552/sb7b00318.pdf,ACS Publications via CU Boulder EZproxy,publishedVersion,,current_version_of_record_at_retrieval,authenticated_acs_version_of_record_pdf_endpoint,not_established,CU Boulder EZproxy authenticated session (curl-cffi),3103468,9942ef6870a8bb95a5a6591eef14426b11ea5fe668433c795087437da3bb2bcb,9,article_pdf,doi,1.0,
doi:10.1021/acssynbio.7b00322,10.1021/acssynbio.7b00322,2018,Multilevel Regulation of Bacterial Gene Expression with the Combined STAR and Antisense RNA System,failed,,,https://pubs-acs-org.colorado.idm.oclc.org/doi/pdf/10.1021/acssynbio.7b00322,https://pubs-acs-org.colorado.idm.oclc.org/doi/pdf/10.1021/acssynbio.7b00322,ACS Publications via CU Boulder EZproxy,,publishedVersion,,,,CU Boulder EZproxy authenticated browser,,,,article_pdf,,,publisher HTTP 200; content-type=text/html; signature=b'<!DOC'
doi:10.1021/acssynbio.7b00323,10.1021/acssynbio.7b00323,2018,Antibody-Based Fusion Proteins Allow Ca2+ Rewiring to Most Extracellular Ligands,downloaded,data/papers/2018/10.1021__acssynbio.7b00323/publisher/paper.pdf,2026-09-03T03:32:35+00:00,https://pubs-acs-org.colorado.idm.oclc.org/doi/pdf/10.1021/acssynbio.7b00323,https://pubs-acs-org.colorado.idm.oclc.org/asbcd6/article-pdf/7/2/531/7267560/sb7b00323.pdf,ACS Publications via CU Boulder EZproxy,publishedVersion,,current_version_of_record_at_retrieval,authenticated_acs_version_of_record_pdf_endpoint,not_established,CU Boulder EZproxy authenticated session (curl-cffi),1862972,b54a65cb7e8a7a173670739104ca7fa1afdf65e1ee3fec462d70e674b037d35d,9,article_pdf,doi,1.0,
doi:10.1021/acssynbio.7b00325,10.1021/acssynbio.7b00325,2018,Quantitatively Predictable Control of Cellular Protein Levels through Proteasomal Degradation,downloaded,data/papers/2018/10.1021__acssynbio.7b00325/publisher/paper.pdf,2026-09-03T03:32:34+00:00,https://pubs-acs-org.colorado.idm.oclc.org/doi/pdf/10.1021/acssynbio.7b00325,https://pubs-acs-org.colorado.idm.oclc.org/asbcd6/article-pdf/7/2/540/7267839/sb7b00325.pdf,ACS Publications via CU Boulder EZproxy,publishedVersion,,current_version_of_record_at_retrieval,authenticated_acs_version_of_record_pdf_endpoint,not_established,CU Boulder EZproxy authenticated session (curl-cffi),1863780,f1f18d52c159a6ecf727436ec863a5a8ca1671bfb36b41ceb1872cddced5070a,13,article_pdf,doi,1.0,
doi:10.1021/acssynbio.7b00327,10.1021/acssynbio.7b00327,2018,Part by Part: Synthetic Biology Parts Used in Solventogenic Clostridia,downloaded,data/papers/2018/10.1021__acssynbio.7b00327/publisher/paper.pdf,2026-09-03T03:31:40+00:00,https://pubs-acs-org.colorado.idm.oclc.org/doi/pdf/10.1021/acssynbio.7b00327,https://pubs-acs-org.colorado.idm.oclc.org/asbcd6/article-pdf/7/2/311/7268100/sb7b00327.pdf,ACS Publications via CU Boulder EZproxy,publishedVersion,,current_version_of_record_at_retrieval,authenticated_acs_version_of_record_pdf_endpoint,not_established,CU Boulder EZproxy authenticated session (curl-cffi),1779249,41c13daa5bcc8b0dac3fa3f0a365ee559143e29c2f7aac635ad4c13bafaa5683,17,article_pdf,doi,1.0,
doi:10.1021/acssynbio.7b00328,10.1021/acssynbio.7b00328,2018,Orthogonality and Burdens of Heterologous AND Gate Gene Circuits in E.?coli,downloaded,data/papers/2018/10.1021__acssynbio.7b00328/publisher/paper.pdf,2026-09-03T03:32:39+00:00,https://pubs-acs-org.colorado.idm.oclc.org/doi/pdf/10.1021/acssynbio.7b00328,https://pubs-acs-org.colorado.idm.oclc.org/asbcd6/article-pdf/7/2/553/67361355/acssynbio.7b00328.pdf,ACS Publications via CU Boulder EZproxy,publishedVersion,,current_version_of_record_at_retrieval,authenticated_acs_version_of_record_pdf_endpoint,not_established,CU Boulder EZproxy authenticated session (curl-cffi),2568981,87dc4fa25f33edf4e56ddcdf57c8a59294a16a3b70c6ef44cf9aaa29984cc841,12,article_pdf,doi,1.0,
doi:10.1021/acssynbio.7b00331,10.1021/acssynbio.7b00331,2018,Muconic Acid Production via Alternative Pathways and a Synthetic “Metabolic Funnel”,downloaded,data/papers/2018/10.1021__acssynbio.7b00331/publisher/paper.pdf,2026-09-03T03:32:38+00:00,https://pubs-acs-org.colorado.idm.oclc.org/doi/pdf/10.1021/acssynbio.7b00331,https://pubs-acs-org.colorado.idm.oclc.org/asbcd6/article-pdf/7/2/565/7270011/sb7b00331.pdf,ACS Publications via CU Boulder EZproxy,publishedVersion,,current_version_of_record_at_retrieval,authenticated_acs_version_of_record_pdf_endpoint,not_established,CU Boulder EZproxy authenticated session (curl-cffi),1290576,7f725f3b628b57c1a8343484885225ad23168d40e6d091f4110828da261bf48f,11,article_pdf,doi,1.0,
doi:10.1021/acssynbio.7b00333,10.1021/acssynbio.7b00333,2018,In Vitro Evolution of Unmodified 16S rRNA for Simple Ribosome Reconstitution,downloaded,data/papers/2018/10.1021__acssynbio.7b00333/publisher/paper.pdf,2026-09-03T03:32:43+00:00,https://pubs-acs-org.colorado.idm.oclc.org/doi/pdf/10.1021/acssynbio.7b00333,https://pubs-acs-org.colorado.idm.oclc.org/asbcd6/article-pdf/7/2/576/7270320/sb7b00333.pdf,ACS Publications via CU Boulder EZproxy,publishedVersion,,current_version_of_record_at_retrieval,authenticated_acs_version_of_record_pdf_endpoint,not_established,CU Boulder EZproxy authenticated session (curl-cffi),3654493,ac62efbf69142a4bcfc12d68077f92461403c9ce0ea8ff585674f4da0d4f0b89,8,article_pdf,doi,1.0,
doi:10.1021/acssynbio.7b00334,10.1021/acssynbio.7b00334,2018,Matching Protein Interfaces for Improved Medium-Chain Fatty Acid Production,failed,,,https://pubs-acs-org.colorado.idm.oclc.org/doi/pdf/10.1021/acssynbio.7b00334,https://pubs-acs-org.colorado.idm.oclc.org/doi/pdf/10.1021/acssynbio.7b00334,ACS Publications via CU Boulder EZproxy,,publishedVersion,,,,CU Boulder EZproxy authenticated browser,,,,article_pdf,,,publisher HTTP 200; content-type=text/html; signature=b'<!DOC'
doi:10.1021/acssynbio.7b00338,10.1021/acssynbio.7b00338,2018,Engineering 1-Alkene Biosynthesis and Secretion by Dynamic Regulation in Yeast,downloaded,data/papers/2018/10.1021__acssynbio.7b00338/publisher/paper.pdf,2026-09-03T03:32:43+00:00,https://pubs-acs-org.colorado.idm.oclc.org/doi/pdf/10.1021/acssynbio.7b00338,https://pubs-acs-org.colorado.idm.oclc.org/asbcd6/article-pdf/7/2/584/7268898/sb7b00338.pdf,ACS Publications via CU Boulder EZproxy,publishedVersion,,current_version_of_record_at_retrieval,authenticated_acs_version_of_record_pdf_endpoint,not_established,CU Boulder EZproxy authenticated session (curl-cffi),1212465,6e42b4fb192bd05494d05c80c42e5cd05c47d3435139057d9d692d34ff5ae189,7,article_pdf,doi,1.0,
doi:10.1021/acssynbio.7b00339,10.1021/acssynbio.7b00339,2018,New Intracellular Shikimic Acid Biosensor for Monitoring Shikimate Synthesis in Corynebacterium glutamicum,downloaded,data/papers/2018/10.1021__acssynbio.7b00339/publisher/paper.pdf,2026-09-03T03:32:47+00:00,https://pubs-acs-org.colorado.idm.oclc.org/doi/pdf/10.1021/acssynbio.7b00339,https://pubs-acs-org.colorado.idm.oclc.org/asbcd6/article-pdf/7/2/591/7269026/sb7b00339.pdf,ACS Publications via CU Boulder EZproxy,publishedVersion,,current_version_of_record_at_retrieval,authenticated_acs_version_of_record_pdf_endpoint,not_established,CU Boulder EZproxy authenticated session (curl-cffi),3949355,875573aaaaff40708fec1d7a777c7c1bb6bdc0321cf709e5473a91b839f722b3,11,article_pdf,doi,1.0,
doi:10.1021/acssynbio.7b00342,10.1021/acssynbio.7b00342,2018,Metabolic Feedback Circuits Provide Rapid Control of Metabolite Dynamics,downloaded,data/papers/2018/10.1021__acssynbio.7b00342/publisher/paper.pdf,2026-09-03T03:31:46+00:00,https://pubs-acs-org.colorado.idm.oclc.org/doi/pdf/10.1021/acssynbio.7b00342,https://pubs-acs-org.colorado.idm.oclc.org/asbcd6/article-pdf/7/2/347/7267493/sb7b00342.pdf,ACS Publications via CU Boulder EZproxy,publishedVersion,,current_version_of_record_at_retrieval,authenticated_acs_version_of_record_pdf_endpoint,not_established,CU Boulder EZproxy authenticated session (curl-cffi),2873386,54015c063681654bc8a280b1fe3c813d89b35b2d3e52689af3d9941751f3b32d,10,article_pdf,doi,1.0,
doi:10.1021/acssynbio.7b00344,10.1021/acssynbio.7b00344,2018,Emergent Properties in Complex Synthetic Bacterial Promoters,downloaded,data/papers/2018/10.1021__acssynbio.7b00344/publisher/paper.pdf,2026-09-03T03:32:47+00:00,https://pubs-acs-org.colorado.idm.oclc.org/doi/pdf/10.1021/acssynbio.7b00344,https://pubs-acs-org.colorado.idm.oclc.org/asbcd6/article-pdf/7/2/602/7269281/sb7b00344.pdf,ACS Publications via CU Boulder EZproxy,publishedVersion,,current_version_of_record_at_retrieval,authenticated_acs_version_of_record_pdf_endpoint,not_established,CU Boulder EZproxy authenticated session (curl-cffi),1761560,22e59a77df4c28a75deab3f82501ac3067b0df2e0c56b0bf39af5765bf4a2c1a,11,article_pdf,doi,1.0,
doi:10.1021/acssynbio.7b00349,10.1021/acssynbio.7b00349,2018,Native and Engineered Clifednamide Biosynthesis in Multiple Streptomyces spp.,downloaded,data/papers/2018/10.1021__acssynbio.7b00349/publisher/paper.pdf,2026-09-03T03:31:51+00:00,https://pubs-acs-org.colorado.idm.oclc.org/doi/pdf/10.1021/acssynbio.7b00349,https://pubs-acs-org.colorado.idm.oclc.org/asbcd6/article-pdf/7/2/357/7270125/sb7b00349.pdf,ACS Publications via CU Boulder EZproxy,publishedVersion,,current_version_of_record_at_retrieval,authenticated_acs_version_of_record_pdf_endpoint,not_established,CU Boulder EZproxy authenticated session (curl-cffi),1282566,96bc57fdc76c16898e26528c4e5df5883507a85ae7149c5eceae255850ad5e8f,6,article_pdf,doi,1.0,
doi:10.1021/acssynbio.7b00350,10.1021/acssynbio.7b00350,2018,"De Novo Synthesis of Basal Bacterial Cell Division Proteins FtsZ, FtsA, and ZipA Inside Giant Vesicles",failed,,,https://pubs-acs-org.colorado.idm.oclc.org/doi/pdf/10.1021/acssynbio.7b00350,https://pubs-acs-org.colorado.idm.oclc.org/doi/pdf/10.1021/acssynbio.7b00350,ACS Publications via CU Boulder EZproxy,,publishedVersion,,,,CU Boulder EZproxy authenticated browser,,,,article_pdf,,,publisher HTTP 200; content-type=text/html; signature=b'<!DOC'
doi:10.1021/acssynbio.7b00355,10.1021/acssynbio.7b00355,2018,An Expanded Heterologous GAL Promoter Collection for Diauxie-Inducible Expression in Saccharomyces cerevisiae,downloaded,data/papers/2018/10.1021__acssynbio.7b00355/publisher/paper.pdf,2026-09-03T03:33:20+00:00,https://pubs-acs-org.colorado.idm.oclc.org/doi/pdf/10.1021/acssynbio.7b00355,https://pubs-acs-org.colorado.idm.oclc.org/asbcd6/article-pdf/7/2/748/7270043/sb7b00355.pdf,ACS Publications via CU Boulder EZproxy,publishedVersion,,current_version_of_record_at_retrieval,authenticated_acs_version_of_record_pdf_endpoint,not_established,CU Boulder EZproxy authenticated session (curl-cffi),980071,04fada6c701ccde101f08a844e8bff4d11e8daa6c824e8173b12d78bfc548c38,4,article_pdf,doi,1.0,
doi:10.1021/acssynbio.7b00356,10.1021/acssynbio.7b00356,2018,Design of a Temperature-Responsive Transcription Terminator,downloaded,data/papers/2018/10.1021__acssynbio.7b00356/publisher/paper.pdf,2026-09-03T03:32:51+00:00,https://pubs-acs-org.colorado.idm.oclc.org/doi/pdf/10.1021/acssynbio.7b00356,https://pubs-acs-org.colorado.idm.oclc.org/asbcd6/article-pdf/7/2/613/7268667/sb7b00356.pdf,ACS Publications via CU Boulder EZproxy,publishedVersion,,current_version_of_record_at_retrieval,authenticated_acs_version_of_record_pdf_endpoint,not_established,CU Boulder EZproxy authenticated session (curl-cffi),4396917,f2cd735268d921b72b1747e0f9d9d35a447dd2daf0fa3c4b9c8a98174cbaf0e3,9,article_pdf,doi,1.0,
doi:10.1021/acssynbio.7b00362,10.1021/acssynbio.7b00362,2018,"Nontransgenic Marker-Free Gene Disruption by an Episomal CRISPR System in the Oleaginous Microalga, Nannochloropsis oceanica CCMP1779",failed,,,https://pubs-acs-org.colorado.idm.oclc.org/doi/pdf/10.1021/acssynbio.7b00362,https://pubs-acs-org.colorado.idm.oclc.org/doi/pdf/10.1021/acssynbio.7b00362,ACS Publications via CU Boulder EZproxy,,publishedVersion,,,,CU Boulder EZproxy authenticated browser,,,,article_pdf,,,publisher HTTP 200; content-type=text/html; signature=b'<!DOC'
doi:10.1021/acssynbio.7b00363,10.1021/acssynbio.7b00363,2018,MIDAS: A Modular DNA Assembly System for Synthetic Biology,failed,,,https://pubs-acs-org.colorado.idm.oclc.org/doi/pdf/10.1021/acssynbio.7b00363,https://pubs-acs-org.colorado.idm.oclc.org/doi/pdf/10.1021/acssynbio.7b00363,ACS Publications via CU Boulder EZproxy,,publishedVersion,,,,CU Boulder EZproxy authenticated browser,,,,article_pdf,,,publisher HTTP 200; content-type=text/html; signature=b'<!DOC'
doi:10.1021/acssynbio.7b00365,10.1021/acssynbio.7b00365,2018,Artificial Cell Fermentation as a Platform for Highly Efficient Cascade Conversion,downloaded,data/papers/2018/10.1021__acssynbio.7b00365/publisher/paper.pdf,2026-09-03T03:31:50+00:00,https://pubs-acs-org.colorado.idm.oclc.org/doi/pdf/10.1021/acssynbio.7b00365,https://pubs-acs-org.colorado.idm.oclc.org/asbcd6/article-pdf/7/2/363/7270432/sb7b00365.pdf,ACS Publications via CU Boulder EZproxy,publishedVersion,,current_version_of_record_at_retrieval,authenticated_acs_version_of_record_pdf_endpoint,not_established,CU Boulder EZproxy authenticated session (curl-cffi),1815725,55bbbd67bf1ec146faec6f1417ba5e4e9ae9385e9c83d8009092df509410a01b,8,article_pdf,doi,1.0,
doi:10.1021/acssynbio.7b00366,10.1021/acssynbio.7b00366,2018,Toward Predictable 5′UTRs in Saccharomyces cerevisiae: Development of a yUTR Calculator,downloaded,data/papers/2018/10.1021__acssynbio.7b00366/publisher/paper.pdf,2026-09-03T03:32:51+00:00,https://pubs-acs-org.colorado.idm.oclc.org/doi/pdf/10.1021/acssynbio.7b00366,https://pubs-acs-org.colorado.idm.oclc.org/asbcd6/article-pdf/7/2/622/7267243/sb7b00366.pdf,ACS Publications via CU Boulder EZproxy,publishedVersion,,current_version_of_record_at_retrieval,authenticated_acs_version_of_record_pdf_endpoint,not_established,CU Boulder EZproxy authenticated session (curl-cffi),1392162,90e48d33e218377b03d264afedf1c59e5831f1375aaf5900de44e96ab5403628,13,article_pdf,doi,1.0,
doi:10.1021/acssynbio.7b00367,10.1021/acssynbio.7b00367,2018,Analyzing and Tuning Ribozyme Activity by Deep Sequencing To Modulate Gene Expression Level in Mammalian Cells,downloaded,data/papers/2018/10.1021__acssynbio.7b00367/publisher/paper.pdf,2026-09-03T03:31:54+00:00,https://pubs-acs-org.colorado.idm.oclc.org/doi/pdf/10.1021/acssynbio.7b00367,https://pubs-acs-org.colorado.idm.oclc.org/asbcd6/article-pdf/7/2/371/67464198/acssynbio.7b00367.pdf,ACS Publications via CU Boulder EZproxy,publishedVersion,,current_version_of_record_at_retrieval,authenticated_acs_version_of_record_pdf_endpoint,not_established,CU Boulder EZproxy authenticated session (curl-cffi),1200961,bf73e837e3c482a287efaf12692e1cbc3ed301415acacba33d64036d4e42a334,6,article_pdf,doi,1.0,
doi:10.1021/acssynbio.7b00368,10.1021/acssynbio.7b00368,2018,Co-Compartmentation of Terpene Biosynthesis and Storage via Synthetic Droplet,downloaded,data/papers/2018/10.1021__acssynbio.7b00368/publisher/paper.pdf,2026-09-03T03:33:28+00:00,https://pubs-acs-org.colorado.idm.oclc.org/doi/pdf/10.1021/acssynbio.7b00368,https://pubs-acs-org.colorado.idm.oclc.org/asbcd6/article-pdf/7/3/774/11942804/sb7b00368.pdf,ACS Publications via CU Boulder EZproxy,publishedVersion,,current_version_of_record_at_retrieval,authenticated_acs_version_of_record_pdf_endpoint,not_established,CU Boulder EZproxy authenticated session (curl-cffi),5178325,985242a928db42d03b6815fbc30b549f0e31c7db10cc33fa74ea9137f14ce083,8,article_pdf,doi,1.0,
doi:10.1021/acssynbio.7b00372,10.1021/acssynbio.7b00372,2018,Huntingtin Polyglutamine-Dependent Protein Aggregation in Reconstituted Cells,downloaded,data/papers/2018/10.1021__acssynbio.7b00372/publisher/paper.pdf,2026-09-03T03:31:54+00:00,https://pubs-acs-org.colorado.idm.oclc.org/doi/pdf/10.1021/acssynbio.7b00372,https://pubs-acs-org.colorado.idm.oclc.org/asbcd6/article-pdf/7/2/377/7270875/sb7b00372.pdf,ACS Publications via CU Boulder EZproxy,publishedVersion,,current_version_of_record_at_retrieval,authenticated_acs_version_of_record_pdf_endpoint,not_established,CU Boulder EZproxy authenticated session (curl-cffi),4871646,b1ca4e6e61446831b4d03b276ec9b7ef63610e0a47b39c1018b3295971c411a1,7,article_pdf,doi,1.0,
doi:10.1021/acssynbio.7b00373,10.1021/acssynbio.7b00373,2018,Reprogramming One-Carbon Metabolic Pathways To Decouple l-Serine Catabolism from Cell Growth in Corynebacterium glutamicum,downloaded,data/papers/2018/10.1021__acssynbio.7b00373/publisher/paper.pdf,2026-09-03T03:32:56+00:00,https://pubs-acs-org.colorado.idm.oclc.org/doi/pdf/10.1021/acssynbio.7b00373,https://pubs-acs-org.colorado.idm.oclc.org/asbcd6/article-pdf/7/2/635/7268392/sb7b00373.pdf,ACS Publications via CU Boulder EZproxy,publishedVersion,,current_version_of_record_at_retrieval,authenticated_acs_version_of_record_pdf_endpoint,not_established,CU Boulder EZproxy authenticated session (curl-cffi),3511222,080d4b0c363e28b358066d2e59cf52e4388278fec46d667588ae9134a1e8d37f,12,article_pdf,doi,1.0,
doi:10.1021/acssynbio.7b00375,10.1021/acssynbio.7b00375,2018,Enhanced Biosynthesis Performance of Heterologous Proteins in CHO-K1 Cells Using CRISPR-Cas9,failed,,,https://pubs-acs-org.colorado.idm.oclc.org/doi/pdf/10.1021/acssynbio.7b00375,https://pubs-acs-org.colorado.idm.oclc.org/doi/pdf/10.1021/acssynbio.7b00375,ACS Publications via CU Boulder EZproxy,,publishedVersion,,,,CU Boulder EZproxy authenticated browser,,,,article_pdf,,,publisher HTTP 200; content-type=text/html; signature=b'<!DOC'
doi:10.1021/acssynbio.7b00376,10.1021/acssynbio.7b00376,2018,"Cell-Free and In Vivo Characterization of Lux, Las, and Rpa Quorum Activation Systems in E. coli",downloaded,data/papers/2018/10.1021__acssynbio.7b00376/publisher/paper.pdf,2026-09-03T03:33:19+00:00,https://pubs-acs-org.colorado.idm.oclc.org/doi/pdf/10.1021/acssynbio.7b00376,https://pubs-acs-org.colorado.idm.oclc.org/asbcd6/article-pdf/7/2/752/7268847/sb7b00376.pdf,ACS Publications via CU Boulder EZproxy,publishedVersion,,current_version_of_record_at_retrieval,authenticated_acs_version_of_record_pdf_endpoint,not_established,CU Boulder EZproxy authenticated session (curl-cffi),883754,e5151ee05301a67bab02ea964d2d1c4e222b1c743f1f3f4016508c55f9cced1f,4,article_pdf,doi,1.0,
doi:10.1021/acssynbio.7b00377,10.1021/acssynbio.7b00377,2018,High-CO 2 Requirement as a Mechanism for the Containment of Genetically Modified Cyanobacteria,downloaded,data/papers/2018/10.1021__acssynbio.7b00377/publisher/paper.pdf,2026-09-03T03:31:57+00:00,https://pubs-acs-org.colorado.idm.oclc.org/doi/pdf/10.1021/acssynbio.7b00377,https://pubs-acs-org.colorado.idm.oclc.org/asbcd6/article-pdf/7/2/384/7269932/sb7b00377.pdf,ACS Publications via CU Boulder EZproxy,publishedVersion,,current_version_of_record_at_retrieval,authenticated_acs_version_of_record_pdf_endpoint,not_established,CU Boulder EZproxy authenticated session (curl-cffi),2257355,6788d045726b6317bbd0f8e23e9d817cc4eb37270d128ef839bb7e1a37d7f43c,8,article_pdf,doi,1.0,
doi:10.1021/acssynbio.7b00382,10.1021/acssynbio.7b00382,2018,"Orthogonal Information Encoding in Living Cells with High Error-Tolerance, Safety, and Fidelity",failed,,,https://pubs-acs-org.colorado.idm.oclc.org/doi/pdf/10.1021/acssynbio.7b00382,https://pubs-acs-org.colorado.idm.oclc.org/doi/pdf/10.1021/acssynbio.7b00382,ACS Publications via CU Boulder EZproxy,,publishedVersion,,,,CU Boulder EZproxy authenticated browser,,,,article_pdf,,,publisher HTTP 200; content-type=text/html; signature=b'<!DOC'
doi:10.1021/acssynbio.7b00383,10.1021/acssynbio.7b00383,2018,Expanding One-Pot Cell-Free Protein Synthesis and Immobilization for On-Demand Manufacturing of Biomaterials,failed,,,https://pubs-acs-org.colorado.idm.oclc.org/doi/pdf/10.1021/acssynbio.7b00383,https://pubs-acs-org.colorado.idm.oclc.org/doi/pdf/10.1021/acssynbio.7b00383,ACS Publications via CU Boulder EZproxy,,publishedVersion,,,,CU Boulder EZproxy authenticated browser,,,,article_pdf,,,publisher HTTP 200; content-type=text/html; signature=b'<!DOC'
doi:10.1021/acssynbio.7b00385,10.1021/acssynbio.7b00385,2018,Establishing an Artificial Pathway for Efficient Biosynthesis of Hydroxytyrosol,downloaded,data/papers/2018/10.1021__acssynbio.7b00385/publisher/paper.pdf,2026-09-03T03:32:54+00:00,https://pubs-acs-org.colorado.idm.oclc.org/doi/pdf/10.1021/acssynbio.7b00385,https://pubs-acs-org.colorado.idm.oclc.org/asbcd6/article-pdf/7/2/647/7270778/sb7b00385.pdf,ACS Publications via CU Boulder EZproxy,publishedVersion,,current_version_of_record_at_retrieval,authenticated_acs_version_of_record_pdf_endpoint,not_established,CU Boulder EZproxy authenticated session (curl-cffi),1415689,1f77a5f4fe7a0e51fee97451291dd25ce55c252a00c668c51d9d09ae75706871,8,article_pdf,doi,1.0,
doi:10.1021/acssynbio.7b00386,10.1021/acssynbio.7b00386,2018,Discovering Putative Peptides Encoded from Noncoding RNAs in Ribosome Profiling Data of Arabidopsis thaliana,downloaded,data/papers/2018/10.1021__acssynbio.7b00386/publisher/paper.pdf,2026-09-03T03:33:02+00:00,https://pubs-acs-org.colorado.idm.oclc.org/doi/pdf/10.1021/acssynbio.7b00386,https://pubs-acs-org.colorado.idm.oclc.org/asbcd6/article-pdf/7/2/655/7269461/sb7b00386.pdf,ACS Publications via CU Boulder EZproxy,publishedVersion,,current_version_of_record_at_retrieval,authenticated_acs_version_of_record_pdf_endpoint,not_established,CU Boulder EZproxy authenticated session (curl-cffi),6513792,5c91cff81adb985935175e391d946078d4cb1256d179ce09d71c3d5010b99706,9,article_pdf,doi,1.0,
doi:10.1021/acssynbio.7b00387,10.1021/acssynbio.7b00387,2018,Quantitative Characterization of Translational Riboregulators Using an in Vitro Transcription–Translation System,failed,,,https://pubs-acs-org.colorado.idm.oclc.org/doi/pdf/10.1021/acssynbio.7b00387,https://pubs-acs-org.colorado.idm.oclc.org/doi/pdf/10.1021/acssynbio.7b00387,ACS Publications via CU Boulder EZproxy,,publishedVersion,,,,CU Boulder EZproxy authenticated browser,,,,article_pdf,,,publisher HTTP 200; content-type=text/html; signature=b'<!DOC'
doi:10.1021/acssynbio.7b00390,10.1021/acssynbio.7b00390,2018,Modular Engineering Intracellular NADH Regeneration Boosts Extracellular Electron Transfer of Shewanella oneidensis MR-1,failed,,,https://pubs-acs-org.colorado.idm.oclc.org/doi/pdf/10.1021/acssynbio.7b00390,https://pubs-acs-org.colorado.idm.oclc.org/doi/pdf/10.1021/acssynbio.7b00390,ACS Publications via CU Boulder EZproxy,,publishedVersion,,,,CU Boulder EZproxy authenticated browser,,,,article_pdf,,,publisher HTTP 200; content-type=text/html; signature=b'<!DOC'
doi:10.1021/acssynbio.7b00391,10.1021/acssynbio.7b00391,2018,Wicket: A Versatile Tool for the Integration and Optimization of Exogenous Pathways in Saccharomyces cerevisiae,downloaded,data/papers/2018/10.1021__acssynbio.7b00391/publisher/paper.pdf,2026-09-03T03:33:27+00:00,https://pubs-acs-org.colorado.idm.oclc.org/doi/pdf/10.1021/acssynbio.7b00391,https://pubs-acs-org.colorado.idm.oclc.org/asbcd6/article-pdf/7/3/782/11941313/sb7b00391.pdf,ACS Publications via CU Boulder EZproxy,publishedVersion,,current_version_of_record_at_retrieval,authenticated_acs_version_of_record_pdf_endpoint,not_established,CU Boulder EZproxy authenticated session (curl-cffi),2755974,55c6a61e42f4008d344ff9a8840c68069766c6303195820c568243f020abd3ec,7,article_pdf,doi,1.0,
doi:10.1021/acssynbio.7b00394,10.1021/acssynbio.7b00394,2018,Engineering a Dual Small Molecule Gated ZAP70 Switch in T Cells,failed,,,https://pubs-acs-org.colorado.idm.oclc.org/doi/pdf/10.1021/acssynbio.7b00394,https://pubs-acs-org.colorado.idm.oclc.org/doi/pdf/10.1021/acssynbio.7b00394,ACS Publications via CU Boulder EZproxy,,publishedVersion,,,,CU Boulder EZproxy authenticated browser,,,,article_pdf,,,publisher HTTP 200; content-type=text/html; signature=b'<!DOC'
doi:10.1021/acssynbio.7b00396,10.1021/acssynbio.7b00396,2018,Yeast-Based Synthetic Biology Platform for Antimicrobial Peptide Production,failed,,,https://pubs-acs-org.colorado.idm.oclc.org/doi/pdf/10.1021/acssynbio.7b00396,https://pubs-acs-org.colorado.idm.oclc.org/doi/pdf/10.1021/acssynbio.7b00396,ACS Publications via CU Boulder EZproxy,,publishedVersion,,,,CU Boulder EZproxy authenticated browser,,,,article_pdf,,,publisher HTTP 200; content-type=text/html; signature=b'<!DOC'
doi:10.1021/acssynbio.7b00397,10.1021/acssynbio.7b00397,2018,Photosynthetic Production of Sunscreen Shinorine Using an Engineered Cyanobacterium,downloaded,data/papers/2018/10.1021__acssynbio.7b00397/publisher/paper.pdf,2026-09-03T03:32:59+00:00,https://pubs-acs-org.colorado.idm.oclc.org/doi/pdf/10.1021/acssynbio.7b00397,https://pubs-acs-org.colorado.idm.oclc.org/asbcd6/article-pdf/7/2/664/7267450/sb7b00397.pdf,ACS Publications via CU Boulder EZproxy,publishedVersion,,current_version_of_record_at_retrieval,authenticated_acs_version_of_record_pdf_endpoint,not_established,CU Boulder EZproxy authenticated session (curl-cffi),1193286,f46242a320cece35ab9efb86a74afbf629d3c2acaa836560ef56d358ed06da13,8,article_pdf,doi,1.0,
doi:10.1021/acssynbio.7b00398,10.1021/acssynbio.7b00398,2018,Stringency of Synthetic Promoter Sequences in Clostridium Revealed and Circumvented by Tuning Promoter Library Mutation Rates,downloaded,data/papers/2018/10.1021__acssynbio.7b00398/publisher/paper.pdf,2026-09-03T03:33:04+00:00,https://pubs-acs-org.colorado.idm.oclc.org/doi/pdf/10.1021/acssynbio.7b00398,https://pubs-acs-org.colorado.idm.oclc.org/asbcd6/article-pdf/7/2/672/67520310/acssynbio.7b00398.pdf,ACS Publications via CU Boulder EZproxy,publishedVersion,,current_version_of_record_at_retrieval,authenticated_acs_version_of_record_pdf_endpoint,not_established,CU Boulder EZproxy authenticated session (curl-cffi),1437971,997db2f85e2ef9f0c43bc00def01c6a2753e92b014792f15e2f4dfef01d14009,10,article_pdf,doi,1.0,
doi:10.1021/acssynbio.7b00399,10.1021/acssynbio.7b00399,2018,Genetic Engineering of Bee Gut Microbiome Bacteria with a Toolkit for Modular Assembly of Broad-Host-Range Plasmids,failed,,,https://pubs-acs-org.colorado.idm.oclc.org/doi/pdf/10.1021/acssynbio.7b00399,https://pubs-acs-org.colorado.idm.oclc.org/doi/pdf/10.1021/acssynbio.7b00399,ACS Publications via CU Boulder EZproxy,,publishedVersion,,,,CU Boulder EZproxy authenticated browser,,,,article_pdf,,,publisher HTTP 200; content-type=text/html; signature=b'<!DOC'
doi:10.1021/acssynbio.7b00400,10.1021/acssynbio.7b00400,2018,Engineering Extracellular Expression Systems in Escherichia coli Based on Transcriptome Analysis and Cell Growth State,failed,,,https://pubs-acs-org.colorado.idm.oclc.org/doi/pdf/10.1021/acssynbio.7b00400,https://pubs-acs-org.colorado.idm.oclc.org/doi/pdf/10.1021/acssynbio.7b00400,ACS Publications via CU Boulder EZproxy,,publishedVersion,,,,CU Boulder EZproxy authenticated browser,,,,article_pdf,,,publisher HTTP 200; content-type=text/html; signature=b'<!DOC'
doi:10.1021/acssynbio.7b00403,10.1021/acssynbio.7b00403,2018,SynBioHub: A Standards-Enabled Design Repository for Synthetic Biology,downloaded,data/papers/2018/10.1021__acssynbio.7b00403/publisher/paper.pdf,2026-09-03T03:33:05+00:00,https://pubs-acs-org.colorado.idm.oclc.org/doi/pdf/10.1021/acssynbio.7b00403,https://pubs-acs-org.colorado.idm.oclc.org/asbcd6/article-pdf/7/2/682/7267785/sb7b00403.pdf,ACS Publications via CU Boulder EZproxy,publishedVersion,,current_version_of_record_at_retrieval,authenticated_acs_version_of_record_pdf_endpoint,not_established,CU Boulder EZproxy authenticated session (curl-cffi),1337808,d2fd8fbb7baa60ad2d31b339d6a510c5a1044a522a637be75b06cf801976e0dd,7,article_pdf,doi,1.0,
doi:10.1021/acssynbio.7b00404,10.1021/acssynbio.7b00404,2018,Rational Design of Mini-Cas9 for Transcriptional Activation,failed,,,https://pubs-acs-org.colorado.idm.oclc.org/doi/pdf/10.1021/acssynbio.7b00404,https://pubs-acs-org.colorado.idm.oclc.org/doi/pdf/10.1021/acssynbio.7b00404,ACS Publications via CU Boulder EZproxy,,publishedVersion,,,,CU Boulder EZproxy authenticated browser,,,,article_pdf,,,publisher HTTP 200; content-type=text/html; signature=b'<!DOC'
doi:10.1021/acssynbio.7b00405,10.1021/acssynbio.7b00405,2018,Ratiometric Gas Reporting: A Nondisruptive Approach To Monitor Gene Expression in Soils,failed,,,https://pubs-acs-org.colorado.idm.oclc.org/doi/pdf/10.1021/acssynbio.7b00405,https://pubs-acs-org.colorado.idm.oclc.org/doi/pdf/10.1021/acssynbio.7b00405,ACS Publications via CU Boulder EZproxy,,publishedVersion,,,,CU Boulder EZproxy authenticated browser,,,,article_pdf,,,publisher HTTP 200; content-type=text/html; signature=b'<!DOC'
doi:10.1021/acssynbio.7b00406,10.1021/acssynbio.7b00406,2018,Quantitative Investigation of the Role of Intra-/Intercellular Dynamics in Bacterial Quorum Sensing,failed,,,https://pubs-acs-org.colorado.idm.oclc.org/doi/pdf/10.1021/acssynbio.7b00406,https://pubs-acs-org.colorado.idm.oclc.org/doi/pdf/10.1021/acssynbio.7b00406,ACS Publications via CU Boulder EZproxy,,publishedVersion,,,,CU Boulder EZproxy authenticated browser,,,,article_pdf,,,publisher HTTP 200; content-type=text/html; signature=b'<!DOC'
doi:10.1021/acssynbio.7b00407,10.1021/acssynbio.7b00407,2018,Directed Evolution of Membrane Transport Using Synthetic Selections,downloaded,data/papers/2018/10.1021__acssynbio.7b00407/publisher/paper.pdf,2026-09-03T03:33:31+00:00,https://pubs-acs-org.colorado.idm.oclc.org/doi/pdf/10.1021/acssynbio.7b00407,https://pubs-acs-org.colorado.idm.oclc.org/asbcd6/article-pdf/7/3/789/11941267/sb7b00407.pdf,ACS Publications via CU Boulder EZproxy,publishedVersion,,current_version_of_record_at_retrieval,authenticated_acs_version_of_record_pdf_endpoint,not_established,CU Boulder EZproxy authenticated session (curl-cffi),2069970,2131710fb539054fc41134b990bdcf372ba008dddba2884fde90cb53061fc4f1,5,article_pdf,doi,1.0,
doi:10.1021/acssynbio.7b00408,10.1021/acssynbio.7b00408,2018,Genetically Incorporating Two Distinct Post-translational Modifications into One Protein Simultaneously,downloaded,data/papers/2018/10.1021__acssynbio.7b00408/publisher/paper.pdf,2026-09-03T03:33:07+00:00,https://pubs-acs-org.colorado.idm.oclc.org/doi/pdf/10.1021/acssynbio.7b00408,https://pubs-acs-org.colorado.idm.oclc.org/asbcd6/article-pdf/7/2/689/7269167/sb7b00408.pdf,ACS Publications via CU Boulder EZproxy,publishedVersion,,current_version_of_record_at_retrieval,authenticated_acs_version_of_record_pdf_endpoint,not_established,CU Boulder EZproxy authenticated session (curl-cffi),2303463,51e0c7c75828c5d271e59155bb4ee98b16692e75f3638c0b0e239528658f61a2,7,article_pdf,doi,1.0,
doi:10.1021/acssynbio.7b00409,10.1021/acssynbio.7b00409,2018,Rearrangement of Coenzyme A-Acylated Carbon Chain Enables Synthesis of Isobutanol via a Novel Pathway in Ralstonia eutropha,downloaded,data/papers/2018/10.1021__acssynbio.7b00409/publisher/paper.pdf,2026-09-03T03:33:32+00:00,https://pubs-acs-org.colorado.idm.oclc.org/doi/pdf/10.1021/acssynbio.7b00409,https://pubs-acs-org.colorado.idm.oclc.org/asbcd6/article-pdf/7/3/794/11941788/sb7b00409.pdf,ACS Publications via CU Boulder EZproxy,publishedVersion,,current_version_of_record_at_retrieval,authenticated_acs_version_of_record_pdf_endpoint,not_established,CU Boulder EZproxy authenticated session (curl-cffi),1401706,5d55dbb452a745cd9df6e32e85e0c677b56bee20e23d67941a789f36af1c6a28,7,article_pdf,doi,1.0,
doi:10.1021/acssynbio.7b00410,10.1021/acssynbio.7b00410,2018,Detection of a Peptide Biomarker by Engineered Yeast Receptors,downloaded,data/papers/2018/10.1021__acssynbio.7b00410/publisher/paper.pdf,2026-09-03T03:33:08+00:00,https://pubs-acs-org.colorado.idm.oclc.org/doi/pdf/10.1021/acssynbio.7b00410,https://pubs-acs-org.colorado.idm.oclc.org/asbcd6/article-pdf/7/2/696/67556240/acssynbio.7b00410.pdf,ACS Publications via CU Boulder EZproxy,publishedVersion,,current_version_of_record_at_retrieval,authenticated_acs_version_of_record_pdf_endpoint,not_established,CU Boulder EZproxy authenticated session (curl-cffi),1994050,64d6879c3c90c6b33b9b01003269cbd8f171be18debc80c731cb45fc9e61b808,10,article_pdf,doi,1.0,
doi:10.1021/acssynbio.7b00412,10.1021/acssynbio.7b00412,2018,An Improved Whole-Cell Biosensor for the Discovery of Lignin-Transforming Enzymes in Functional Metagenomic Screens,downloaded,data/papers/2018/10.1021__acssynbio.7b00412/publisher/paper.pdf,2026-09-03T03:31:58+00:00,https://pubs-acs-org.colorado.idm.oclc.org/doi/pdf/10.1021/acssynbio.7b00412,https://pubs-acs-org.colorado.idm.oclc.org/asbcd6/article-pdf/7/2/392/7267998/sb7b00412.pdf,ACS Publications via CU Boulder EZproxy,publishedVersion,,current_version_of_record_at_retrieval,authenticated_acs_version_of_record_pdf_endpoint,not_established,CU Boulder EZproxy authenticated session (curl-cffi),2194925,446f892532ac134fecb58945f53da0b196e62b4aea6af574d4178605b7d76f32,7,article_pdf,doi,1.0,
doi:10.1021/acssynbio.7b00413,10.1021/acssynbio.7b00413,2018,Biosynthesis of Orthogonal Molecules Using Ferredoxin and Ferredoxin-NADP+ Reductase Systems Enables Genetically Encoded PhyB Optogenetics,downloaded,data/papers/2018/10.1021__acssynbio.7b00413/publisher/paper.pdf,2026-09-03T03:33:12+00:00,https://pubs-acs-org.colorado.idm.oclc.org/doi/pdf/10.1021/acssynbio.7b00413,https://pubs-acs-org.colorado.idm.oclc.org/asbcd6/article-pdf/7/2/706/67583812/acssynbio.7b00413.pdf,ACS Publications via CU Boulder EZproxy,publishedVersion,,current_version_of_record_at_retrieval,authenticated_acs_version_of_record_pdf_endpoint,not_established,CU Boulder EZproxy authenticated session (curl-cffi),2279946,431eadb4c9048445d4a2bedcb54d619c577ae81068e99fa030352d804fcfba19,12,article_pdf,doi,1.0,
doi:10.1021/acssynbio.7b00414,10.1021/acssynbio.7b00414,2018,Engineering the Ultrasensitive Transcription Factors by Fusing a Modular Oligomerization Domain,failed,,,https://pubs-acs-org.colorado.idm.oclc.org/doi/pdf/10.1021/acssynbio.7b00414,https://pubs-acs-org.colorado.idm.oclc.org/doi/pdf/10.1021/acssynbio.7b00414,ACS Publications via CU Boulder EZproxy,,publishedVersion,,,,CU Boulder EZproxy authenticated browser,,,,article_pdf,,,publisher HTTP 200; content-type=text/html; signature=b'<!DOC'
doi:10.1021/acssynbio.7b00415,10.1021/acssynbio.7b00415,2018,Genetically Encoded Circuit for Remote Regulation of Cell Migration by Magnetic Fields,downloaded,data/papers/2018/10.1021__acssynbio.7b00415/publisher/paper.pdf,2026-09-03T03:33:11+00:00,https://pubs-acs-org.colorado.idm.oclc.org/doi/pdf/10.1021/acssynbio.7b00415,https://pubs-acs-org.colorado.idm.oclc.org/asbcd6/article-pdf/7/2/718/7269643/sb7b00415.pdf,ACS Publications via CU Boulder EZproxy,publishedVersion,,current_version_of_record_at_retrieval,authenticated_acs_version_of_record_pdf_endpoint,not_established,CU Boulder EZproxy authenticated session (curl-cffi),2410657,8b8cc511c3642375191a461a5402e3035d8dc66c3506c62cb97d7e0aa1ae73a1,9,article_pdf,doi,1.0,
doi:10.1021/acssynbio.7b00416,10.1021/acssynbio.7b00416,2018,Molecular Toolkit for Gene Expression Control and Genome Modification inRhodococcus opacusPD630,downloaded,data/papers/2018/10.1021__acssynbio.7b00416/publisher/paper.pdf,2026-09-03T03:33:15+00:00,https://pubs-acs-org.colorado.idm.oclc.org/doi/pdf/10.1021/acssynbio.7b00416,https://pubs-acs-org.colorado.idm.oclc.org/asbcd6/article-pdf/7/2/727/7270538/sb7b00416.pdf,ACS Publications via CU Boulder EZproxy,publishedVersion,,current_version_of_record_at_retrieval,authenticated_acs_version_of_record_pdf_endpoint,not_established,CU Boulder EZproxy authenticated session (curl-cffi),1233796,1d8490c9397cd76cc9ddc1f277c6a4e31f301f7436307d154ef9d926d80f90b1,12,article_pdf,doi,1.0,
doi:10.1021/acssynbio.7b00419,10.1021/acssynbio.7b00419,2018,Modularization and Response Curve Engineering of a Naringenin-Responsive Transcriptional Biosensor,failed,,,https://pubs-acs-org.colorado.idm.oclc.org/doi/pdf/10.1021/acssynbio.7b00419,https://pubs-acs-org.colorado.idm.oclc.org/doi/pdf/10.1021/acssynbio.7b00419,ACS Publications via CU Boulder EZproxy,,publishedVersion,,,,CU Boulder EZproxy authenticated browser,,,,article_pdf,,,publisher HTTP 200; content-type=text/html; signature=b'<!DOC'
doi:10.1021/acssynbio.7b00421,10.1021/acssynbio.7b00421,2018,Directed Evolution of Heterologous tRNAs Leads to Reduced Dependence on Post-transcriptional Modifications,failed,,,https://pubs-acs-org.colorado.idm.oclc.org/doi/pdf/10.1021/acssynbio.7b00421,https://pubs-acs-org.colorado.idm.oclc.org/doi/pdf/10.1021/acssynbio.7b00421,ACS Publications via CU Boulder EZproxy,,publishedVersion,,,,CU Boulder EZproxy authenticated browser,,,,article_pdf,,,publisher HTTP 200; content-type=text/html; signature=b'<!DOC'
doi:10.1021/acssynbio.7b00422,10.1021/acssynbio.7b00422,2018,Cell-Free Optogenetic Gene Expression System,failed,,,https://pubs-acs-org.colorado.idm.oclc.org/doi/pdf/10.1021/acssynbio.7b00422,https://pubs-acs-org.colorado.idm.oclc.org/doi/pdf/10.1021/acssynbio.7b00422,ACS Publications via CU Boulder EZproxy,,publishedVersion,,,,CU Boulder EZproxy authenticated browser,,,,article_pdf,,,publisher HTTP 200; content-type=text/html; signature=b'<!DOC'
doi:10.1021/acssynbio.7b00423,10.1021/acssynbio.7b00423,2018,Cameo: A Python Library for Computer Aided Metabolic Engineering and Optimization of Cell Factories,failed,,,https://pubs-acs-org.colorado.idm.oclc.org/doi/pdf/10.1021/acssynbio.7b00423,https://pubs-acs-org.colorado.idm.oclc.org/doi/pdf/10.1021/acssynbio.7b00423,ACS Publications via CU Boulder EZproxy,,publishedVersion,,,,CU Boulder EZproxy authenticated browser,,,,article_pdf,,,publisher HTTP 200; content-type=text/html; signature=b'<!DOC'
doi:10.1021/acssynbio.7b00424,10.1021/acssynbio.7b00424,2018,"Printing of Patterned, Engineered E. coli Biofilms with a Low-Cost 3D Printer",failed,,,https://pubs-acs-org.colorado.idm.oclc.org/doi/pdf/10.1021/acssynbio.7b00424,https://pubs-acs-org.colorado.idm.oclc.org/doi/pdf/10.1021/acssynbio.7b00424,ACS Publications via CU Boulder EZproxy,,publishedVersion,,,,CU Boulder EZproxy authenticated browser,,,,article_pdf,,,publisher HTTP 200; content-type=text/html; signature=b'<!DOC'
doi:10.1021/acssynbio.7b00425,10.1021/acssynbio.7b00425,2018,Orthogonal Regulatory Circuits for Escherichia coli Based on the γ-Butyrolactone System of Streptomyces coelicolor,failed,,,https://pubs-acs-org.colorado.idm.oclc.org/doi/pdf/10.1021/acssynbio.7b00425,https://pubs-acs-org.colorado.idm.oclc.org/doi/pdf/10.1021/acssynbio.7b00425,ACS Publications via CU Boulder EZproxy,,publishedVersion,,,,CU Boulder EZproxy authenticated browser,,,,article_pdf,,,publisher HTTP 200; content-type=text/html; signature=b'<!DOC'
doi:10.1021/acssynbio.7b00426,10.1021/acssynbio.7b00426,2018,Engineering Bifunctional Enzymes Capable of Adenylating and Selectively Methylating the Side Chain or Core of Amino Acids,downloaded,data/papers/2018/10.1021__acssynbio.7b00426/publisher/paper.pdf,2026-09-03T03:32:00+00:00,https://pubs-acs-org.colorado.idm.oclc.org/doi/pdf/10.1021/acssynbio.7b00426,https://pubs-acs-org.colorado.idm.oclc.org/asbcd6/article-pdf/7/2/399/7269875/sb7b00426.pdf,ACS Publications via CU Boulder EZproxy,publishedVersion,,current_version_of_record_at_retrieval,authenticated_acs_version_of_record_pdf_endpoint,not_established,CU Boulder EZproxy authenticated session (curl-cffi),1078645,bed3bba115fe92ccdcf8ee14634090e3f33569736787e978418f2f0bdab9140a,6,article_pdf,doi,1.0,
doi:10.1021/acssynbio.7b00431,10.1021/acssynbio.7b00431,2018,Heterologous Leader Sequences in Fusion Constructs Enhance Expression of Geranyl Diphosphate Synthase and Yield of β-Phellandrene Production in Cyanobacteria (Synechocystis),failed,,,https://pubs-acs-org.colorado.idm.oclc.org/doi/pdf/10.1021/acssynbio.7b00431,https://pubs-acs-org.colorado.idm.oclc.org/doi/pdf/10.1021/acssynbio.7b00431,ACS Publications via CU Boulder EZproxy,,publishedVersion,,,,CU Boulder EZproxy authenticated browser,,,,article_pdf,,,publisher HTTP 200; content-type=text/html; signature=b'<!DOC'
doi:10.1021/acssynbio.7b00433,10.1021/acssynbio.7b00433,2018,Cotranslational Incorporation into Proteins of a Fluorophore Suitable for smFRET Studies,downloaded,data/papers/2018/10.1021__acssynbio.7b00433/publisher/paper.pdf,2026-09-03T03:32:02+00:00,https://pubs-acs-org.colorado.idm.oclc.org/doi/pdf/10.1021/acssynbio.7b00433,https://pubs-acs-org.colorado.idm.oclc.org/asbcd6/article-pdf/7/2/405/7269818/sb7b00433.pdf,ACS Publications via CU Boulder EZproxy,publishedVersion,,current_version_of_record_at_retrieval,authenticated_acs_version_of_record_pdf_endpoint,not_established,CU Boulder EZproxy authenticated session (curl-cffi),2315868,6627bd3a84980a649d8df67e6dfbebaab5ff56e99872f40a1c0026f23db036d6,7,article_pdf,doi,1.0,
doi:10.1021/acssynbio.7b00435,10.1021/acssynbio.7b00435,2018,A Rhamnose-Inducible System for Precise and Temporal Control of Gene Expression in Cyanobacteria,failed,,,https://pubs-acs-org.colorado.idm.oclc.org/doi/pdf/10.1021/acssynbio.7b00435,https://pubs-acs-org.colorado.idm.oclc.org/doi/pdf/10.1021/acssynbio.7b00435,ACS Publications via CU Boulder EZproxy,,publishedVersion,,,,CU Boulder EZproxy authenticated browser,,,,article_pdf,,,publisher HTTP 200; content-type=text/html; signature=b'<!DOC'
doi:10.1021/acssynbio.7b00437,10.1021/acssynbio.7b00437,2018,Genetic Code Expansion of the Silkworm Bombyx mori to Functionalize Silk Fiber,failed,,,https://pubs-acs-org.colorado.idm.oclc.org/doi/pdf/10.1021/acssynbio.7b00437,https://pubs-acs-org.colorado.idm.oclc.org/doi/pdf/10.1021/acssynbio.7b00437,ACS Publications via CU Boulder EZproxy,,publishedVersion,,,,CU Boulder EZproxy authenticated browser,,,,article_pdf,,,publisher HTTP 200; content-type=text/html; signature=b'<!DOC'
doi:10.1021/acssynbio.7b00439,10.1021/acssynbio.7b00439,2018,An Orthogonal and pH-Tunable Sensor-Selector for Muconic Acid Biosynthesis in Yeast,failed,,,https://pubs-acs-org.colorado.idm.oclc.org/doi/pdf/10.1021/acssynbio.7b00439,https://pubs-acs-org.colorado.idm.oclc.org/doi/pdf/10.1021/acssynbio.7b00439,ACS Publications via CU Boulder EZproxy,,publishedVersion,,,,CU Boulder EZproxy authenticated browser,,,,article_pdf,,,publisher HTTP 200; content-type=text/html; signature=b'<!DOC'
doi:10.1021/acssynbio.7b00440,10.1021/acssynbio.7b00440,2018,Engineering a Functional Small RNA Negative Autoregulation Network with Model-Guided Design,failed,,,https://pubs-acs-org.colorado.idm.oclc.org/doi/pdf/10.1021/acssynbio.7b00440,https://pubs-acs-org.colorado.idm.oclc.org/doi/pdf/10.1021/acssynbio.7b00440,ACS Publications via CU Boulder EZproxy,,publishedVersion,,,,CU Boulder EZproxy authenticated browser,,,,article_pdf,,,publisher HTTP 200; content-type=text/html; signature=b'<!DOC'
doi:10.1021/acssynbio.7b00442,10.1021/acssynbio.7b00442,2018,Homogeneous Time Constants Promote Oscillations in Negative Feedback Loops,failed,,,https://pubs-acs-org.colorado.idm.oclc.org/doi/pdf/10.1021/acssynbio.7b00442,https://pubs-acs-org.colorado.idm.oclc.org/doi/pdf/10.1021/acssynbio.7b00442,ACS Publications via CU Boulder EZproxy,,publishedVersion,,,,CU Boulder EZproxy authenticated browser,,,,article_pdf,,,publisher HTTP 200; content-type=text/html; signature=b'<!DOC'
doi:10.1021/acssynbio.7b00446,10.1021/acssynbio.7b00446,2018,Highly Effective and Low-Cost MicroRNA Detection with CRISPR-Cas9,failed,,,https://pubs-acs-org.colorado.idm.oclc.org/doi/pdf/10.1021/acssynbio.7b00446,https://pubs-acs-org.colorado.idm.oclc.org/doi/pdf/10.1021/acssynbio.7b00446,ACS Publications via CU Boulder EZproxy,,publishedVersion,,,,CU Boulder EZproxy authenticated browser,,,,article_pdf,,,publisher HTTP 200; content-type=text/html; signature=b'<!DOC'
doi:10.1021/acssynbio.7b00447,10.1021/acssynbio.7b00447,2018,Programmed Protein Self-Assembly Driven by Genetically Encoded Intein-Mediated Native Chemical Ligation,failed,,,https://pubs-acs-org.colorado.idm.oclc.org/doi/pdf/10.1021/acssynbio.7b00447,https://pubs-acs-org.colorado.idm.oclc.org/doi/pdf/10.1021/acssynbio.7b00447,ACS Publications via CU Boulder EZproxy,,publishedVersion,,,,CU Boulder EZproxy authenticated browser,,,,article_pdf,,,publisher HTTP 200; content-type=text/html; signature=b'<!DOC'
doi:10.1021/acssynbio.7b00448,10.1021/acssynbio.7b00448,2018,High GC Content Cas9-Mediated Genome-Editing and Biosynthetic Gene Cluster Activation in Saccharopolyspora erythraea,failed,,,https://pubs-acs-org.colorado.idm.oclc.org/doi/pdf/10.1021/acssynbio.7b00448,https://pubs-acs-org.colorado.idm.oclc.org/doi/pdf/10.1021/acssynbio.7b00448,ACS Publications via CU Boulder EZproxy,,publishedVersion,,,,CU Boulder EZproxy authenticated browser,,,,article_pdf,,,publisher HTTP 200; content-type=text/html; signature=b'<!DOC'
doi:10.1021/acssynbio.7b00450,10.1021/acssynbio.7b00450,2018,A Green-Light-Responsive System for the Control of Transgene Expression in Mammalian and Plant Cells,failed,,,https://pubs-acs-org.colorado.idm.oclc.org/doi/pdf/10.1021/acssynbio.7b00450,https://pubs-acs-org.colorado.idm.oclc.org/doi/pdf/10.1021/acssynbio.7b00450,ACS Publications via CU Boulder EZproxy,,publishedVersion,,,,CU Boulder EZproxy authenticated browser,,,,article_pdf,,,publisher HTTP 200; content-type=text/html; signature=b'<!DOC'
doi:10.1021/acssynbio.7b00451,10.1021/acssynbio.7b00451,2018,"Engineered Reciprocal Chromosome Translocations Drive High Threshold, Reversible Population Replacement in Drosophila",failed,,,https://pubs-acs-org.colorado.idm.oclc.org/doi/pdf/10.1021/acssynbio.7b00451,https://pubs-acs-org.colorado.idm.oclc.org/doi/pdf/10.1021/acssynbio.7b00451,ACS Publications via CU Boulder EZproxy,,publishedVersion,,,,CU Boulder EZproxy authenticated browser,,,,article_pdf,,,publisher HTTP 200; content-type=text/html; signature=b'<!DOC'
doi:10.1021/acssynbio.7b00453,10.1021/acssynbio.7b00453,2018,Overproduction of Fatty Acid Ethyl Esters by the Oleaginous Yeast Yarrowia lipolytica through Metabolic Engineering and Process Optimization,failed,,,https://pubs-acs-org.colorado.idm.oclc.org/doi/pdf/10.1021/acssynbio.7b00453,https://pubs-acs-org.colorado.idm.oclc.org/doi/pdf/10.1021/acssynbio.7b00453,ACS Publications via CU Boulder EZproxy,,publishedVersion,,,,CU Boulder EZproxy authenticated browser,,,,article_pdf,,,publisher HTTP 200; content-type=text/html; signature=b'<!DOC'
doi:10.1021/acssynbio.7b00454,10.1021/acssynbio.7b00454,2018,Concurrent In Vitro Synthesis and Functional Detection of Nascent Activity of the KcsA Channel under a Membrane Potential,failed,,,https://pubs-acs-org.colorado.idm.oclc.org/doi/pdf/10.1021/acssynbio.7b00454,https://pubs-acs-org.colorado.idm.oclc.org/doi/pdf/10.1021/acssynbio.7b00454,ACS Publications via CU Boulder EZproxy,,publishedVersion,,,,CU Boulder EZproxy authenticated browser,,,,article_pdf,,,publisher HTTP 200; content-type=text/html; signature=b'<!DOC'
doi:10.1021/acssynbio.7b00455,10.1021/acssynbio.7b00455,2018,Remote Control of Mammalian Cells with Heat-Triggered Gene Switches and Photothermal Pulse Trains,failed,,,https://pubs-acs-org.colorado.idm.oclc.org/doi/pdf/10.1021/acssynbio.7b00455,https://pubs-acs-org.colorado.idm.oclc.org/doi/pdf/10.1021/acssynbio.7b00455,ACS Publications via CU Boulder EZproxy,,publishedVersion,,,,CU Boulder EZproxy authenticated browser,,,,article_pdf,,,publisher HTTP 200; content-type=text/html; signature=b'<!DOC'
doi:10.1021/acssynbio.7b00460,10.1021/acssynbio.7b00460,2018,Deformation Modes of Giant Unilamellar Vesicles Encapsulating Biopolymers,downloaded,data/papers/2018/10.1021__acssynbio.7b00460/publisher/paper.pdf,2026-09-03T03:33:17+00:00,https://pubs-acs-org.colorado.idm.oclc.org/doi/pdf/10.1021/acssynbio.7b00460,https://pubs-acs-org.colorado.idm.oclc.org/asbcd6/article-pdf/7/2/739/7267709/sb7b00460.pdf,ACS Publications via CU Boulder EZproxy,publishedVersion,,current_version_of_record_at_retrieval,authenticated_acs_version_of_record_pdf_endpoint,not_established,CU Boulder EZproxy authenticated session (curl-cffi),4822623,bbf1db435280d239f60819e4333523939c4bcf130572bf66e19d8bbad2db6c41,9,article_pdf,doi,1.0,
doi:10.1021/acssynbio.7b00461,10.1021/acssynbio.7b00461,2018,T7 Polymerase Expression of Guide RNAs in vivo Allows Exportable CRISPR-Cas9 Editing in Multiple Yeast Hosts,failed,,,https://pubs-acs-org.colorado.idm.oclc.org/doi/pdf/10.1021/acssynbio.7b00461,https://pubs-acs-org.colorado.idm.oclc.org/doi/pdf/10.1021/acssynbio.7b00461,ACS Publications via CU Boulder EZproxy,,publishedVersion,,,,CU Boulder EZproxy authenticated browser,,,,article_pdf,,,publisher HTTP 200; content-type=text/html; signature=b'<!DOC'
doi:10.1021/acssynbio.7b00462,10.1021/acssynbio.7b00462,2018,High-Level dCas9 Expression Induces Abnormal Cell Morphology in Escherichia coli,failed,,,https://pubs-acs-org.colorado.idm.oclc.org/doi/pdf/10.1021/acssynbio.7b00462,https://pubs-acs-org.colorado.idm.oclc.org/doi/pdf/10.1021/acssynbio.7b00462,ACS Publications via CU Boulder EZproxy,,publishedVersion,,,,CU Boulder EZproxy authenticated browser,,,,article_pdf,,,publisher HTTP 200; content-type=text/html; signature=b'<!DOC'
doi:10.1021/acssynbio.7b00463,10.1021/acssynbio.7b00463,2018,Plug-and-Play Multicellular Circuits with Time-Dependent Dynamic Responses,failed,,,https://pubs-acs-org.colorado.idm.oclc.org/doi/pdf/10.1021/acssynbio.7b00463,https://pubs-acs-org.colorado.idm.oclc.org/doi/pdf/10.1021/acssynbio.7b00463,ACS Publications via CU Boulder EZproxy,,publishedVersion,,,,CU Boulder EZproxy authenticated browser,,,,article_pdf,,,publisher HTTP 200; content-type=text/html; signature=b'<!DOC'
doi:10.1021/acssynbio.7b00466,10.1021/acssynbio.7b00466,2018,Engineered Production of Short-Chain Acyl-Coenzyme A Esters in Saccharomyces cerevisiae,failed,,,https://pubs-acs-org.colorado.idm.oclc.org/doi/pdf/10.1021/acssynbio.7b00466,https://pubs-acs-org.colorado.idm.oclc.org/doi/pdf/10.1021/acssynbio.7b00466,ACS Publications via CU Boulder EZproxy,,publishedVersion,,,,CU Boulder EZproxy authenticated browser,,,,article_pdf,,,publisher HTTP 200; content-type=text/html; signature=b'<!DOC'
doi:10.1021/acssynbio.7b00467,10.1021/acssynbio.7b00467,2018,Rewiring Calcium Signaling for Precise Transcriptional Reprogramming,failed,,,https://pubs-acs-org.colorado.idm.oclc.org/doi/pdf/10.1021/acssynbio.7b00467,https://pubs-acs-org.colorado.idm.oclc.org/doi/pdf/10.1021/acssynbio.7b00467,ACS Publications via CU Boulder EZproxy,,publishedVersion,,,,CU Boulder EZproxy authenticated browser,,,,article_pdf,,,publisher HTTP 200; content-type=text/html; signature=b'<!DOC'
doi:10.1021/acssynbio.8b00002,10.1021/acssynbio.8b00002,2018,An Engineered Device for Indoleacetic Acid Production under Quorum Sensing Signals Enables Cupriavidus pinatubonensis JMP134 To Stimulate Plant Growth,failed,,,https://pubs-acs-org.colorado.idm.oclc.org/doi/pdf/10.1021/acssynbio.8b00002,https://pubs-acs-org.colorado.idm.oclc.org/doi/pdf/10.1021/acssynbio.8b00002,ACS Publications via CU Boulder EZproxy,,publishedVersion,,,,CU Boulder EZproxy authenticated browser,,,,article_pdf,,,publisher HTTP 200; content-type=text/html; signature=b'<!DOC'
doi:10.1021/acssynbio.8b00003,10.1021/acssynbio.8b00003,2018,Bioprinting Living Biofilms through Optogenetic Manipulation,failed,,,https://pubs-acs-org.colorado.idm.oclc.org/doi/pdf/10.1021/acssynbio.8b00003,https://pubs-acs-org.colorado.idm.oclc.org/doi/pdf/10.1021/acssynbio.8b00003,ACS Publications via CU Boulder EZproxy,,publishedVersion,,,,CU Boulder EZproxy authenticated browser,,,,article_pdf,,,publisher HTTP 200; content-type=text/html; signature=b'<!DOC'
doi:10.1021/acssynbio.8b00007,10.1021/acssynbio.8b00007,2018,Self-Assembling Supramolecular Nanostructures Constructed from de Novo Extender Protein Nanobuilding Blocks,failed,,,https://pubs-acs-org.colorado.idm.oclc.org/doi/pdf/10.1021/acssynbio.8b00007,https://pubs-acs-org.colorado.idm.oclc.org/doi/pdf/10.1021/acssynbio.8b00007,ACS Publications via CU Boulder EZproxy,,publishedVersion,,,,CU Boulder EZproxy authenticated browser,,,,article_pdf,,,publisher HTTP 200; content-type=text/html; signature=b'<!DOC'
doi:10.1021/acssynbio.8b00011,10.1021/acssynbio.8b00011,2018,Synthetic Gene Network with Positive Feedback Loop Amplifies Cellulase Gene Expression in Neurospora crassa,failed,,,https://pubs-acs-org.colorado.idm.oclc.org/doi/pdf/10.1021/acssynbio.8b00011,https://pubs-acs-org.colorado.idm.oclc.org/doi/pdf/10.1021/acssynbio.8b00011,ACS Publications via CU Boulder EZproxy,,publishedVersion,,,,CU Boulder EZproxy authenticated browser,,,,article_pdf,,,publisher HTTP 200; content-type=text/html; signature=b'<!DOC'
doi:10.1021/acssynbio.8b00014,10.1021/acssynbio.8b00014,2018,Probing Intercell Variability Using Bulk Measurements,failed,,,https://pubs-acs-org.colorado.idm.oclc.org/doi/pdf/10.1021/acssynbio.8b00014,https://pubs-acs-org.colorado.idm.oclc.org/doi/pdf/10.1021/acssynbio.8b00014,ACS Publications via CU Boulder EZproxy,,publishedVersion,,,,CU Boulder EZproxy authenticated browser,,,,article_pdf,,,publisher HTTP 200; content-type=text/html; signature=b'<!DOC'
doi:10.1021/acssynbio.8b00015,10.1021/acssynbio.8b00015,2018,A Dynamic Model of Resource Allocation in Response to the Presence of a Synthetic Construct,failed,,,https://pubs-acs-org.colorado.idm.oclc.org/doi/pdf/10.1021/acssynbio.8b00015,https://pubs-acs-org.colorado.idm.oclc.org/doi/pdf/10.1021/acssynbio.8b00015,ACS Publications via CU Boulder EZproxy,,publishedVersion,,,,CU Boulder EZproxy authenticated browser,,,,article_pdf,,,publisher HTTP 200; content-type=text/html; signature=b'<!DOC'
doi:10.1021/acssynbio.8b00016,10.1021/acssynbio.8b00016,2018,An Automated Design Framework for Multicellular Recombinase Logic,failed,,,https://pubs-acs-org.colorado.idm.oclc.org/doi/pdf/10.1021/acssynbio.8b00016,https://pubs-acs-org.colorado.idm.oclc.org/doi/pdf/10.1021/acssynbio.8b00016,ACS Publications via CU Boulder EZproxy,,publishedVersion,,,,CU Boulder EZproxy authenticated browser,,,,article_pdf,,,publisher HTTP 200; content-type=text/html; signature=b'<!DOC'
doi:10.1021/acssynbio.8b00018,10.1021/acssynbio.8b00018,2018,Generation of a Synthetic Human Chromosome with Two Centromeric Domains for Advanced Epigenetic Engineering Studies,failed,,,https://pubs-acs-org.colorado.idm.oclc.org/doi/pdf/10.1021/acssynbio.8b00018,https://pubs-acs-org.colorado.idm.oclc.org/doi/pdf/10.1021/acssynbio.8b00018,ACS Publications via CU Boulder EZproxy,,publishedVersion,,,,CU Boulder EZproxy authenticated browser,,,,article_pdf,,,publisher HTTP 200; content-type=text/html; signature=b'<!DOC'
doi:10.1021/acssynbio.8b00020,10.1021/acssynbio.8b00020,2018,Artificial Mating-Type Conversion and Repetitive Mating for Polyploid Generation,failed,,,https://pubs-acs-org.colorado.idm.oclc.org/doi/pdf/10.1021/acssynbio.8b00020,https://pubs-acs-org.colorado.idm.oclc.org/doi/pdf/10.1021/acssynbio.8b00020,ACS Publications via CU Boulder EZproxy,,publishedVersion,,,,CU Boulder EZproxy authenticated browser,,,,article_pdf,,,publisher HTTP 200; content-type=text/html; signature=b'<!DOC'
doi:10.1021/acssynbio.8b00021,10.1021/acssynbio.8b00021,2018,Automated Planning Enables Complex Protocols on Liquid-Handling Robots,failed,,,https://pubs-acs-org.colorado.idm.oclc.org/doi/pdf/10.1021/acssynbio.8b00021,https://pubs-acs-org.colorado.idm.oclc.org/doi/pdf/10.1021/acssynbio.8b00021,ACS Publications via CU Boulder EZproxy,,publishedVersion,,,,CU Boulder EZproxy authenticated browser,,,,article_pdf,,,publisher HTTP 200; content-type=text/html; signature=b'<!DOC'
doi:10.1021/acssynbio.8b00025,10.1021/acssynbio.8b00025,2018,An Automated Induction Microfluidics System for Synthetic Biology,failed,,,https://pubs-acs-org.colorado.idm.oclc.org/doi/pdf/10.1021/acssynbio.8b00025,https://pubs-acs-org.colorado.idm.oclc.org/doi/pdf/10.1021/acssynbio.8b00025,ACS Publications via CU Boulder EZproxy,,publishedVersion,,,,CU Boulder EZproxy authenticated browser,,,,article_pdf,,,publisher HTTP 200; content-type=text/html; signature=b'<!DOC'
doi:10.1021/acssynbio.8b00028,10.1021/acssynbio.8b00028,2018,Tuning Gene Activity by Inducible and Targeted Regulation of Gene Expression in Minimal Bacterial Cells,failed,,,https://pubs-acs-org.colorado.idm.oclc.org/doi/pdf/10.1021/acssynbio.8b00028,https://pubs-acs-org.colorado.idm.oclc.org/doi/pdf/10.1021/acssynbio.8b00028,ACS Publications via CU Boulder EZproxy,,publishedVersion,,,,CU Boulder EZproxy authenticated browser,,,,article_pdf,,,publisher HTTP 200; content-type=text/html; signature=b'<!DOC'
doi:10.1021/acssynbio.8b00037,10.1021/acssynbio.8b00037,2018,A Framework for Engineering Stress Resilient Plants Using Genetic Feedback Control and Regulatory Network Rewiring,failed,,,https://pubs-acs-org.colorado.idm.oclc.org/doi/pdf/10.1021/acssynbio.8b00037,https://pubs-acs-org.colorado.idm.oclc.org/doi/pdf/10.1021/acssynbio.8b00037,ACS Publications via CU Boulder EZproxy,,publishedVersion,,,,CU Boulder EZproxy authenticated browser,,,,article_pdf,,,publisher HTTP 200; content-type=text/html; signature=b'<!DOC'
doi:10.1021/acssynbio.8b00038,10.1021/acssynbio.8b00038,2018,Rapid and Robust Yeast-Mediated Pathway Refactoring Generates Multiple New Bottromycin-Related Metabolites,failed,,,https://pubs-acs-org.colorado.idm.oclc.org/doi/pdf/10.1021/acssynbio.8b00038,https://pubs-acs-org.colorado.idm.oclc.org/doi/pdf/10.1021/acssynbio.8b00038,ACS Publications via CU Boulder EZproxy,,publishedVersion,,,,CU Boulder EZproxy authenticated browser,,,,article_pdf,,,publisher HTTP 200; content-type=text/html; signature=b'<!DOC'
doi:10.1021/acssynbio.8b00040,10.1021/acssynbio.8b00040,2018,Mathematical Modeling of RNA-Based Architectures for Closed Loop Control of Gene Expression,failed,,,https://pubs-acs-org.colorado.idm.oclc.org/doi/pdf/10.1021/acssynbio.8b00040,https://pubs-acs-org.colorado.idm.oclc.org/doi/pdf/10.1021/acssynbio.8b00040,ACS Publications via CU Boulder EZproxy,,publishedVersion,,,,CU Boulder EZproxy authenticated browser,,,,article_pdf,,,publisher HTTP 200; content-type=text/html; signature=b'<!DOC'
doi:10.1021/acssynbio.8b00045,10.1021/acssynbio.8b00045,2018,Thylakoid Containing Artificial Cells for the Inhibition Investigation of Light-Driven Electron Transfer during Photosynthesis,failed,,,https://pubs-acs-org.colorado.idm.oclc.org/doi/pdf/10.1021/acssynbio.8b00045,https://pubs-acs-org.colorado.idm.oclc.org/doi/pdf/10.1021/acssynbio.8b00045,ACS Publications via CU Boulder EZproxy,,publishedVersion,,,,CU Boulder EZproxy authenticated browser,,,,article_pdf,,,publisher HTTP 200; content-type=text/html; signature=b'<!DOC'
doi:10.1021/acssynbio.8b00047,10.1021/acssynbio.8b00047,2018,Development of a Plasmid-Free Biosynthetic Pathway for Enhanced Muconic Acid Production in Pseudomonas chlororaphis HT66,failed,,,https://pubs-acs-org.colorado.idm.oclc.org/doi/pdf/10.1021/acssynbio.8b00047,https://pubs-acs-org.colorado.idm.oclc.org/doi/pdf/10.1021/acssynbio.8b00047,ACS Publications via CU Boulder EZproxy,,publishedVersion,,,,CU Boulder EZproxy authenticated browser,,,,article_pdf,,,publisher HTTP 200; content-type=text/html; signature=b'<!DOC'
doi:10.1021/acssynbio.8b00048,10.1021/acssynbio.8b00048,2018,Metabolic Recruitment and Directed Evolution of Nucleoside Triphosphate Uptake in Escherichia coli,failed,,,https://pubs-acs-org.colorado.idm.oclc.org/doi/pdf/10.1021/acssynbio.8b00048,https://pubs-acs-org.colorado.idm.oclc.org/doi/pdf/10.1021/acssynbio.8b00048,ACS Publications via CU Boulder EZproxy,,publishedVersion,,,,CU Boulder EZproxy authenticated browser,,,,article_pdf,,,publisher HTTP 200; content-type=text/html; signature=b'<!DOC'
doi:10.1021/acssynbio.8b00051,10.1021/acssynbio.8b00051,2018,Establishment of Novel Biosynthetic Pathways for the Production of Salicyl Alcohol and Gentisyl Alcohol in Engineered Escherichia coli,failed,,,https://pubs-acs-org.colorado.idm.oclc.org/doi/pdf/10.1021/acssynbio.8b00051,https://pubs-acs-org.colorado.idm.oclc.org/doi/pdf/10.1021/acssynbio.8b00051,ACS Publications via CU Boulder EZproxy,,publishedVersion,,,,CU Boulder EZproxy authenticated browser,,,,article_pdf,,,publisher HTTP 200; content-type=text/html; signature=b'<!DOC'
doi:10.1021/acssynbio.8b00055,10.1021/acssynbio.8b00055,2018,Integrating T7 RNA Polymerase and Its Cognate Transcriptional Units for a Host-Independent and Stable Expression System in Single Plasmid,failed,,,https://pubs-acs-org.colorado.idm.oclc.org/doi/pdf/10.1021/acssynbio.8b00055,https://pubs-acs-org.colorado.idm.oclc.org/doi/pdf/10.1021/acssynbio.8b00055,ACS Publications via CU Boulder EZproxy,,publishedVersion,,,,CU Boulder EZproxy authenticated browser,,,,article_pdf,,,publisher HTTP 200; content-type=text/html; signature=b'<!DOC'
doi:10.1021/acssynbio.8b00057,10.1021/acssynbio.8b00057,2018,A Transcription Factor-Based Biosensor for Detection of Itaconic Acid,failed,,,https://pubs-acs-org.colorado.idm.oclc.org/doi/pdf/10.1021/acssynbio.8b00057,https://pubs-acs-org.colorado.idm.oclc.org/doi/pdf/10.1021/acssynbio.8b00057,ACS Publications via CU Boulder EZproxy,,publishedVersion,,,,CU Boulder EZproxy authenticated browser,,,,article_pdf,,,publisher HTTP 200; content-type=text/html; signature=b'<!DOC'
doi:10.1021/acssynbio.8b00060,10.1021/acssynbio.8b00060,2018,Single Day Construction of Multigene Circuits with 3G Assembly,failed,,,https://pubs-acs-org.colorado.idm.oclc.org/doi/pdf/10.1021/acssynbio.8b00060,https://pubs-acs-org.colorado.idm.oclc.org/doi/pdf/10.1021/acssynbio.8b00060,ACS Publications via CU Boulder EZproxy,,publishedVersion,,,,CU Boulder EZproxy authenticated browser,,,,article_pdf,,,publisher HTTP 200; content-type=text/html; signature=b'<!DOC'
doi:10.1021/acssynbio.8b00063,10.1021/acssynbio.8b00063,2018,Reprogramming Probiotic Lactobacillus reuteri as a Biosensor for Staphylococcus aureus Derived AIP-I Detection,failed,,,https://pubs-acs-org.colorado.idm.oclc.org/doi/pdf/10.1021/acssynbio.8b00063,https://pubs-acs-org.colorado.idm.oclc.org/doi/pdf/10.1021/acssynbio.8b00063,ACS Publications via CU Boulder EZproxy,,publishedVersion,,,,CU Boulder EZproxy authenticated browser,,,,article_pdf,,,publisher HTTP 200; content-type=text/html; signature=b'<!DOC'
doi:10.1021/acssynbio.8b00065,10.1021/acssynbio.8b00065,2018,Optogenetic Inhibition of Gαq Protein Signaling Reduces Calcium Oscillation Stochasticity,failed,,,https://pubs-acs-org.colorado.idm.oclc.org/doi/pdf/10.1021/acssynbio.8b00065,https://pubs-acs-org.colorado.idm.oclc.org/doi/pdf/10.1021/acssynbio.8b00065,ACS Publications via CU Boulder EZproxy,,publishedVersion,,,,CU Boulder EZproxy authenticated browser,,,,article_pdf,,,publisher HTTP 200; content-type=text/html; signature=b'<!DOC'
doi:10.1021/acssynbio.8b00067,10.1021/acssynbio.8b00067,2018,Exploring the Promiscuity of Phenol Hydroxylase from Pseudomonas stutzeri OX1 for the Biosynthesis of Phenolic Compounds,failed,,,https://pubs-acs-org.colorado.idm.oclc.org/doi/pdf/10.1021/acssynbio.8b00067,https://pubs-acs-org.colorado.idm.oclc.org/doi/pdf/10.1021/acssynbio.8b00067,ACS Publications via CU Boulder EZproxy,,publishedVersion,,,,CU Boulder EZproxy authenticated browser,,,,article_pdf,,,publisher HTTP 200; content-type=text/html; signature=b'<!DOC'
doi:10.1021/acssynbio.8b00074,10.1021/acssynbio.8b00074,2018,CADS: CRISPR/Cas12a-Assisted DNA Steganography for Securing the Storage and Transfer of DNA-Encoded Information,failed,,,https://pubs-acs-org.colorado.idm.oclc.org/doi/pdf/10.1021/acssynbio.8b00074,https://pubs-acs-org.colorado.idm.oclc.org/doi/pdf/10.1021/acssynbio.8b00074,ACS Publications via CU Boulder EZproxy,,publishedVersion,,,,CU Boulder EZproxy authenticated browser,,,,article_pdf,,,publisher HTTP 200; content-type=text/html; signature=b'<!DOC'
doi:10.1021/acssynbio.8b00076,10.1021/acssynbio.8b00076,2018,Synthetic Toolkit for Complex Genetic Circuit Engineering in Saccharomyces cerevisiae,failed,,,https://pubs-acs-org.colorado.idm.oclc.org/doi/pdf/10.1021/acssynbio.8b00076,https://pubs-acs-org.colorado.idm.oclc.org/doi/pdf/10.1021/acssynbio.8b00076,ACS Publications via CU Boulder EZproxy,,publishedVersion,,,,CU Boulder EZproxy authenticated browser,,,,article_pdf,,,publisher HTTP 200; content-type=text/html; signature=b'<!DOC'
doi:10.1021/acssynbio.8b00083,10.1021/acssynbio.8b00083,2018,Reconstitution of an Ultradian Oscillator in Mammalian Cells by a Synthetic Biology Approach,failed,,,https://pubs-acs-org.colorado.idm.oclc.org/doi/pdf/10.1021/acssynbio.8b00083,https://pubs-acs-org.colorado.idm.oclc.org/doi/pdf/10.1021/acssynbio.8b00083,ACS Publications via CU Boulder EZproxy,,publishedVersion,,,,CU Boulder EZproxy authenticated browser,,,,article_pdf,,,publisher HTTP 200; content-type=text/html; signature=b'<!DOC'
doi:10.1021/acssynbio.8b00086,10.1021/acssynbio.8b00086,2018,Manufacturing Multienzymatic Complex Reactors In Vivo by Self-Assembly To Improve the Biosynthesis of Itaconic Acid in Escherichia coli,failed,,,https://pubs-acs-org.colorado.idm.oclc.org/doi/pdf/10.1021/acssynbio.8b00086,https://pubs-acs-org.colorado.idm.oclc.org/doi/pdf/10.1021/acssynbio.8b00086,ACS Publications via CU Boulder EZproxy,,publishedVersion,,,,CU Boulder EZproxy authenticated browser,,,,article_pdf,,,publisher HTTP 200; content-type=text/html; signature=b'<!DOC'
doi:10.1021/acssynbio.8b00087,10.1021/acssynbio.8b00087,2018,Multiplexed CRISPR-Cpf1-Mediated Genome Editing in Clostridium difficile toward the Understanding of Pathogenesis of C. difficile Infection,failed,,,https://pubs-acs-org.colorado.idm.oclc.org/doi/pdf/10.1021/acssynbio.8b00087,https://pubs-acs-org.colorado.idm.oclc.org/doi/pdf/10.1021/acssynbio.8b00087,ACS Publications via CU Boulder EZproxy,,publishedVersion,,,,CU Boulder EZproxy authenticated browser,,,,article_pdf,,,publisher HTTP 200; content-type=text/html; signature=b'<!DOC'
doi:10.1021/acssynbio.8b00088,10.1021/acssynbio.8b00088,2018,Enzyme-Regulated DNA-Based Logic Device,failed,,,https://pubs-acs-org.colorado.idm.oclc.org/doi/pdf/10.1021/acssynbio.8b00088,https://pubs-acs-org.colorado.idm.oclc.org/doi/pdf/10.1021/acssynbio.8b00088,ACS Publications via CU Boulder EZproxy,,publishedVersion,,,,CU Boulder EZproxy authenticated browser,,,,article_pdf,,,publisher HTTP 200; content-type=text/html; signature=b'<!DOC'
doi:10.1021/acssynbio.8b00091,10.1021/acssynbio.8b00091,2018,An In Vitro and In Vivo Study of Broad-Range Phosphopantetheinyl Transferases for Heterologous Expression of Cyanobacterial Natural Products,failed,,,https://pubs-acs-org.colorado.idm.oclc.org/doi/pdf/10.1021/acssynbio.8b00091,https://pubs-acs-org.colorado.idm.oclc.org/doi/pdf/10.1021/acssynbio.8b00091,ACS Publications via CU Boulder EZproxy,,publishedVersion,,,,CU Boulder EZproxy authenticated browser,,,,article_pdf,,,publisher HTTP 200; content-type=text/html; signature=b'<!DOC'
doi:10.1021/acssynbio.8b00093,10.1021/acssynbio.8b00093,2018,Ribulose Monophosphate Shunt Provides Nearly All Biomass and Energy Required for Growth of E. coli,failed,,,https://pubs-acs-org.colorado.idm.oclc.org/doi/pdf/10.1021/acssynbio.8b00093,https://pubs-acs-org.colorado.idm.oclc.org/doi/pdf/10.1021/acssynbio.8b00093,ACS Publications via CU Boulder EZproxy,,publishedVersion,,,,CU Boulder EZproxy authenticated browser,,,,article_pdf,,,publisher HTTP 200; content-type=text/html; signature=b'<!DOC'
doi:10.1021/acssynbio.8b00096,10.1021/acssynbio.8b00096,2018,Controlling the Replication of a Genomically Recoded HIV-1 with a Functional Quadruplet Codon in Mammalian Cells,failed,,,https://pubs-acs-org.colorado.idm.oclc.org/doi/pdf/10.1021/acssynbio.8b00096,https://pubs-acs-org.colorado.idm.oclc.org/doi/pdf/10.1021/acssynbio.8b00096,ACS Publications via CU Boulder EZproxy,,publishedVersion,,,,CU Boulder EZproxy authenticated browser,,,,article_pdf,,,publisher HTTP 200; content-type=text/html; signature=b'<!DOC'
doi:10.1021/acssynbio.8b00100,10.1021/acssynbio.8b00100,2018,Genetic Code Expansion in Rhodobacter sphaeroides to Incorporate Noncanonical Amino Acids into Photosynthetic Reaction Centers,failed,,,https://pubs-acs-org.colorado.idm.oclc.org/doi/pdf/10.1021/acssynbio.8b00100,https://pubs-acs-org.colorado.idm.oclc.org/doi/pdf/10.1021/acssynbio.8b00100,ACS Publications via CU Boulder EZproxy,,publishedVersion,,,,CU Boulder EZproxy authenticated browser,,,,article_pdf,,,publisher HTTP 200; content-type=text/html; signature=b'<!DOC'
doi:10.1021/acssynbio.8b00116,10.1021/acssynbio.8b00116,2018,Rerouting of Metabolism into Desired Cellular Products by Nutrient Stress: Fluxes Reveal the Selected Pathways in Cyanobacterial Photosynthesis,failed,,,https://pubs-acs-org.colorado.idm.oclc.org/doi/pdf/10.1021/acssynbio.8b00116,https://pubs-acs-org.colorado.idm.oclc.org/doi/pdf/10.1021/acssynbio.8b00116,ACS Publications via CU Boulder EZproxy,,publishedVersion,,,,CU Boulder EZproxy authenticated browser,,,,article_pdf,,,publisher HTTP 200; content-type=text/html; signature=b'<!DOC'
doi:10.1021/acssynbio.8b00119,10.1021/acssynbio.8b00119,2018,"Protein-Scaffold Directed Nanoscale Assembly of T Cell Ligands: Artificial Antigen Presentation with Defined Valency, Density, and Ratio",failed,,,https://pubs-acs-org.colorado.idm.oclc.org/doi/pdf/10.1021/acssynbio.8b00119,https://pubs-acs-org.colorado.idm.oclc.org/doi/pdf/10.1021/acssynbio.8b00119,ACS Publications via CU Boulder EZproxy,,publishedVersion,,,,CU Boulder EZproxy authenticated browser,,,,article_pdf,,,publisher HTTP 200; content-type=text/html; signature=b'<!DOC'
doi:10.1021/acssynbio.8b00124,10.1021/acssynbio.8b00124,2018,Modulating Antibody Structure and Function through Directed Mutations and Chemical Rescue,failed,,,https://pubs-acs-org.colorado.idm.oclc.org/doi/pdf/10.1021/acssynbio.8b00124,https://pubs-acs-org.colorado.idm.oclc.org/doi/pdf/10.1021/acssynbio.8b00124,ACS Publications via CU Boulder EZproxy,,publishedVersion,,,,CU Boulder EZproxy authenticated browser,,,,article_pdf,,,publisher HTTP 200; content-type=text/html; signature=b'<!DOC'
doi:10.1021/acssynbio.8b00139,10.1021/acssynbio.8b00139,2018,Macromolecular Crowding Induces Spatial Correlations That Control Gene Expression Bursting Patterns,failed,,,https://pubs-acs-org.colorado.idm.oclc.org/doi/pdf/10.1021/acssynbio.8b00139,https://pubs-acs-org.colorado.idm.oclc.org/doi/pdf/10.1021/acssynbio.8b00139,ACS Publications via CU Boulder EZproxy,,publishedVersion,,,,CU Boulder EZproxy authenticated browser,,,,article_pdf,,,publisher HTTP 200; content-type=text/html; signature=b'<!DOC'
