year,issue_month,website_row,title_website,figures_sbol_visual_compliant,figures_best_practices,star,matched_record_id,matched_doi,title_match_score,matches_yearly_workbook_counts,matches_fully_compliant_filter,matches_star_semantics,source_url,source_path
2012,January,1,Engineering Artificial Small RNAs for Conditional Gene Silencing in Escherichia coli,1,0,False,doi:10.1021/sb200001q,10.1021/sb200001q,1.0,True,True,True,https://sbolstandard.org/sbolv-10-years/acs-2012/,data/raw/website/2012.html
2012,January,2,j5 DNA Assembly Design Automation Software,3,1,False,doi:10.1021/sb2000116,10.1021/sb2000116,1.0,True,True,True,https://sbolstandard.org/sbolv-10-years/acs-2012/,data/raw/website/2012.html
2012,April,1,SYNZIP Protein Interaction Toolbox: in Vitro and in Vivo Specifications of Heterospecific Coiled-Coil Interaction Domains,1,0,False,doi:10.1021/sb200015u,10.1021/sb200015u,1.0,True,True,True,https://sbolstandard.org/sbolv-10-years/acs-2012/,data/raw/website/2012.html
2012,July,1,ePathBrick: A Synthetic Biology Platform for Engineering Metabolic Pathways in E. coli,4,0,False,doi:10.1021/sb300016b,10.1021/sb300016b,1.0,True,True,True,https://sbolstandard.org/sbolv-10-years/acs-2012/,data/raw/website/2012.html
2012,August,1,An End-to-End Workflow for Engineering of Biological Networks from High-Level Specifications,4,2,False,doi:10.1021/sb300030d,10.1021/sb300030d,1.0,True,True,True,https://sbolstandard.org/sbolv-10-years/acs-2012/,data/raw/website/2012.html
2012,August,2,Computational Modeling of Synthetic Microbial Biofilms,1,1,True,doi:10.1021/sb300031n,10.1021/sb300031n,1.0,True,True,True,https://sbolstandard.org/sbolv-10-years/acs-2012/,data/raw/website/2012.html
2012,August,3,Hierarchical Modeling for Synthetic Biology,7,7,True,doi:10.1021/sb300033q,10.1021/sb300033q,1.0,True,True,True,https://sbolstandard.org/sbolv-10-years/acs-2012/,data/raw/website/2012.html
2012,August,4,Specification and Simulation of Synthetic Multicelled Behaviors,3,3,True,doi:10.1021/sb300034m,10.1021/sb300034m,1.0,True,True,True,https://sbolstandard.org/sbolv-10-years/acs-2012/,data/raw/website/2012.html
2012,September,1,A Synthetic Biology Approach to Understanding Cellular Information Processing,2,0,False,doi:10.1021/sb300044r,10.1021/sb300044r,1.0,True,True,True,https://sbolstandard.org/sbolv-10-years/acs-2012/,data/raw/website/2012.html
2012,October,1,Stable Maintenance of Multiple Plasmids in E. coli Using a Single Selective Marker,2,0,False,doi:10.1021/sb3000589,10.1021/sb3000589,1.0,True,True,True,https://sbolstandard.org/sbolv-10-years/acs-2012/,data/raw/website/2012.html
2012,November,1,Rational Design of Escherichia coli for l-Isoleucine Production,1,1,True,doi:10.1021/sb300071a,10.1021/sb300071a,1.0,True,True,True,https://sbolstandard.org/sbolv-10-years/acs-2012/,data/raw/website/2012.html
2012,November,2,Genetic Circuit Performance under Conditions Relevant for Industrial Bioreactors,1,1,True,doi:10.1021/sb3000832,10.1021/sb3000832,1.0,True,True,True,https://sbolstandard.org/sbolv-10-years/acs-2012/,data/raw/website/2012.html
2013,February,1,Synthesizing Biomolecule-Based Boolean Logic Gates,3,3,True,doi:10.1021/sb3001112,10.1021/sb3001112,1.0,True,True,True,https://sbolstandard.org/sbolv-10-years/acs-2013/,data/raw/website/2013.html
2013,February,2,"Self-Assembly of Synthetic Metabolons through Synthetic Protein Scaffolds: One-Step Purification, Co-immobilization, and Substrate Channeling",2,2,True,doi:10.1021/sb300068g,10.1021/sb300068g,1.0,True,True,True,https://sbolstandard.org/sbolv-10-years/acs-2013/,data/raw/website/2013.html
2013,March,1,Tuning Primary Metabolism for Heterologous Pathway Productivity,1,0,False,doi:10.1021/sb300055e,10.1021/sb300055e,1.0,True,True,True,https://sbolstandard.org/sbolv-10-years/acs-2013/,data/raw/website/2013.html
2013,May,1,Dynamic Modeling of Cellular Populations within iBioSim,1,0,False,doi:10.1021/sb300082b,10.1021/sb300082b,1.0,True,True,True,https://sbolstandard.org/sbolv-10-years/acs-2013/,data/raw/website/2013.html
2013,May,2,AutoBioCAD: Full Biodesign Automation of Genetic Circuits,2,2,True,doi:10.1021/sb300084h,10.1021/sb300084h,1.0,True,True,True,https://sbolstandard.org/sbolv-10-years/acs-2013/,data/raw/website/2013.html
2013,May,3,Reverse Engineering Validation using a Benchmark Synthetic Gene Circuit in Human Cells,1,1,True,doi:10.1021/sb300093y,10.1021/sb300093y,1.0,True,True,True,https://sbolstandard.org/sbolv-10-years/acs-2013/,data/raw/website/2013.html
2013,May,4,SBROME: A Scalable Optimization and Module Matching Framework for Automated Biosystems Design,2,2,True,doi:10.1021/sb300095m,10.1021/sb300095m,1.0,True,True,True,https://sbolstandard.org/sbolv-10-years/acs-2013/,data/raw/website/2013.html
2013,June,1,Pigeon: A Design Visualizer for Synthetic Biology,1,1,True,doi:10.1021/sb400024s,10.1021/sb400024s,1.0,True,True,True,https://sbolstandard.org/sbolv-10-years/acs-2013/,data/raw/website/2013.html
2013,July,1,Synthetic Biology of Antimicrobial Discovery,1,1,True,doi:10.1021/sb300101g,10.1021/sb300101g,1.0,True,True,True,https://sbolstandard.org/sbolv-10-years/acs-2013/,data/raw/website/2013.html
2013,August,1,Synthetic Gene Circuit-Mediated Monitoring of Endogenous Metabolites: Identification of GAL11 as a Novel Multicopy Enhancer of S-Adenosylmethionine Level in Yeast,3,3,True,doi:10.1021/sb300115n,10.1021/sb300115n,1.0,True,True,True,https://sbolstandard.org/sbolv-10-years/acs-2013/,data/raw/website/2013.html
2013,August,2,Retroactivity Controls the Temporal Dynamics of Gene Transcription,1,0,False,doi:10.1021/sb300098w,10.1021/sb300098w,1.0,True,True,True,https://sbolstandard.org/sbolv-10-years/acs-2013/,data/raw/website/2013.html
2013,August,3,Analysis and Design of a Genetic Circuit for Dynamic Metabolic Engineering,1,0,False,doi:10.1021/sb300129j,10.1021/sb300129j,1.0,True,True,True,https://sbolstandard.org/sbolv-10-years/acs-2013/,data/raw/website/2013.html
2013,September,1,Randomized BioBrick Assembly: A Novel DNA Assembly Method for Randomizing and Optimizing Genetic Circuits and Metabolic Pathways,5,5,True,doi:10.1021/sb4000542,10.1021/sb4000542,1.0,True,True,True,https://sbolstandard.org/sbolv-10-years/acs-2013/,data/raw/website/2013.html
2013,September,2,Visualization of Evolutionary Stability Dynamics and Competitive Fitness of Escherichia coli Engineered with Randomized Multigene Circuits,2,2,True,doi:10.1021/sb400055h,10.1021/sb400055h,1.0,True,True,True,https://sbolstandard.org/sbolv-10-years/acs-2013/,data/raw/website/2013.html
2013,October,1,Tuning Response Curves for Synthetic Biology,3,0,False,doi:10.1021/sb4000564,10.1021/sb4000564,1.0,True,True,True,https://sbolstandard.org/sbolv-10-years/acs-2013/,data/raw/website/2013.html
2013,October,2,Engineering the esaR Promoter for Tunable Quorum Sensing-Dependent Gene Expression,1,0,False,doi:10.1021/sb4000433,10.1021/sb4000433,1.0,True,True,True,https://sbolstandard.org/sbolv-10-years/acs-2013/,data/raw/website/2013.html
2013,October,3,Reliable Prediction of Complex Phenotypes from a Modular Design in Free Energy Space: An Extensive Exploration of the lac Operon,1,0,False,doi:10.1021/sb400013w,10.1021/sb400013w,1.0,True,True,True,https://sbolstandard.org/sbolv-10-years/acs-2013/,data/raw/website/2013.html
2013,October,4,Expanding the Boolean Logic of the Prokaryotic Transcription Factor XylR by Functionalization of Permissive Sites with a Protease-Target Sequence,6,0,False,doi:10.1021/sb400050k,10.1021/sb400050k,1.0,True,True,True,https://sbolstandard.org/sbolv-10-years/acs-2013/,data/raw/website/2013.html
2013,October,5,Genetic Sensor for Strong Methylating Compounds,2,2,True,doi:10.1021/sb400086p,10.1021/sb400086p,1.0,True,True,True,https://sbolstandard.org/sbolv-10-years/acs-2013/,data/raw/website/2013.html
2013,November,1,Discovery of Cryptic Polyketide Metabolites from Dermatophytes Using Heterologous Expression in Aspergillus nidulans,2,2,True,doi:10.1021/sb400048b,10.1021/sb400048b,1.0,True,True,True,https://sbolstandard.org/sbolv-10-years/acs-2013/,data/raw/website/2013.html
2013,November,2,"Sequence, Cloning, and Analysis of the Fluvirucin B1 Polyketide Synthase from Actinomadura vulgaris",1,1,True,doi:10.1021/sb4000355,10.1021/sb4000355,1.0,True,True,True,https://sbolstandard.org/sbolv-10-years/acs-2013/,data/raw/website/2013.html
2013,November,3,Multiplex Iterative Plasmid Engineering for Combinatorial Optimization of Metabolic Pathways and Diversification of Protein Coding Sequences,4,3,False,doi:10.1021/sb400051t,10.1021/sb400051t,1.0,True,True,True,https://sbolstandard.org/sbolv-10-years/acs-2013/,data/raw/website/2013.html
2013,November,4,Refactoring the Silent Spectinabilin Gene Cluster Using a Plug-and-Play Scaffold,2,2,True,doi:10.1021/sb400058n,10.1021/sb400058n,1.0,True,True,True,https://sbolstandard.org/sbolv-10-years/acs-2013/,data/raw/website/2013.html
2013,November,5,Facile Method for Site-specific Gene Integration in Lysobacter enzymogenes for Yield Improvement of the Anti-MRSA Antibiotics WAP-8294A and the Antifungal Antibiotic HSAF,2,2,True,doi:10.1021/sb4000806,10.1021/sb4000806,1.0,True,True,True,https://sbolstandard.org/sbolv-10-years/acs-2013/,data/raw/website/2013.html
2013,December,1,Artificial Conversion of the Mating-Type of Saccharomyces cerevisiae without Autopolyploidization,4,0,False,doi:10.1021/sb400016j,10.1021/sb400016j,1.0,True,True,True,https://sbolstandard.org/sbolv-10-years/acs-2013/,data/raw/website/2013.html
2013,December,2,"Cell Polarity-Driven Instability Generates Self-Organized, Fractal Patterning of Cell Layers",1,0,False,doi:10.1021/sb400030p,10.1021/sb400030p,1.0,True,True,True,https://sbolstandard.org/sbolv-10-years/acs-2013/,data/raw/website/2013.html
2013,December,3,Yeast Oligo-Mediated Genome Engineering (YOGE),1,0,False,doi:10.1021/sb400117c,10.1021/sb400117c,1.0,True,True,True,https://sbolstandard.org/sbolv-10-years/acs-2013/,data/raw/website/2013.html
2014,January,1,Taking Control over Control: Use of Product Sensing in Single Cells to Remove Flux Control at Key Enzymes in Biosynthesis Pathways,1,1,True,doi:10.1021/sb400059y,10.1021/sb400059y,1.0,True,True,True,https://sbolstandard.org/sbolv-10-years/acs-2014/,data/raw/website/2014.html
2014,February,1,Bi-HAC Vector System toward Gene and Cell Therapy,3,0,False,doi:10.1021/sb400166j,10.1021/sb400166j,1.0,True,True,True,https://sbolstandard.org/sbolv-10-years/acs-2014/,data/raw/website/2014.html
2014,February,2,Engineered DNA Sequence Syntax Inspector,2,2,True,doi:10.1021/sb400176e,10.1021/sb400176e,1.0,True,True,True,https://sbolstandard.org/sbolv-10-years/acs-2014/,data/raw/website/2014.html
2014,March,1,Using Synthetic Biological Parts and Microbioreactors to Explore the Protein Expression Characteristics of Escherichia coli,1,1,True,doi:10.1021/sb4001245,10.1021/sb4001245,1.0,True,True,True,https://sbolstandard.org/sbolv-10-years/acs-2014/,data/raw/website/2014.html
2014,March,2,Improving the Gene-Regulation Ability of Small RNAs by Scaffold Engineering in Escherichia coli,2,2,True,doi:10.1021/sb4000959,10.1021/sb4000959,1.0,True,True,True,https://sbolstandard.org/sbolv-10-years/acs-2014/,data/raw/website/2014.html
2014,March,3,Toward a Generalized and High-throughput Enzyme Screening System Based on Artificial Genetic Circuits,2,0,False,doi:10.1021/sb400112u,10.1021/sb400112u,1.0,True,True,True,https://sbolstandard.org/sbolv-10-years/acs-2014/,data/raw/website/2014.html
2014,April,1,Engineering Multicellular Logic in Bacteria with Metabolic Wires,2,2,True,doi:10.1021/sb400064y,10.1021/sb400064y,1.0,True,True,True,https://sbolstandard.org/sbolv-10-years/acs-2014/,data/raw/website/2014.html
2014,April,2,"Evolved Quorum Sensing Regulator, LsrR, for Altered Switching Functions",1,0,False,doi:10.1021/sb400068z,10.1021/sb400068z,1.0,True,True,True,https://sbolstandard.org/sbolv-10-years/acs-2014/,data/raw/website/2014.html
2014,April,3,Generic Metric to Quantify Quorum Sensing Activation Dynamics,2,1,False,doi:10.1021/sb400069w,10.1021/sb400069w,1.0,True,True,True,https://sbolstandard.org/sbolv-10-years/acs-2014/,data/raw/website/2014.html
2014,April,4,Reprogramming Microbes to Be Pathogen-Seeking Killers,1,1,True,doi:10.1021/sb400077j,10.1021/sb400077j,1.0,True,True,True,https://sbolstandard.org/sbolv-10-years/acs-2014/,data/raw/website/2014.html
2014,April,5,Quorum Sensing-Modulated AND-Gate Promoters Control Gene Expression in Response to a Combination of Endogenous and Exogenous Signals,1,0,False,doi:10.1021/sb4000965,10.1021/sb4000965,1.0,True,True,True,https://sbolstandard.org/sbolv-10-years/acs-2014/,data/raw/website/2014.html
2014,May,1,Optimization of a Yeast RNA Interference System for Controlling Gene Expression and Enabling Rapid Metabolic Engineering,1,1,True,doi:10.1021/sb4001432,10.1021/sb4001432,1.0,True,True,True,https://sbolstandard.org/sbolv-10-years/acs-2014/,data/raw/website/2014.html
2014,May,2,MicroRNA-Based Single-Gene Circuits Buffer Protein Synthesis Rates against Perturbations,2,0,False,doi:10.1021/sb4001867,10.1021/sb4001867,1.0,True,True,True,https://sbolstandard.org/sbolv-10-years/acs-2014/,data/raw/website/2014.html
2014,June,1,Gene Position More Strongly Influences Cell-Free Protein Expression from Operons than T7 Transcriptional Promoter Strength,2,2,True,doi:10.1021/sb4000977,10.1021/sb4000977,1.0,True,True,True,https://sbolstandard.org/sbolv-10-years/acs-2014/,data/raw/website/2014.html
2014,August,1,PR-PR: Cross-Platform Laboratory Automation System,2,2,True,doi:10.1021/sb4001728,10.1021/sb4001728,1.0,True,True,True,https://sbolstandard.org/sbolv-10-years/acs-2014/,data/raw/website/2014.html
2014,August,2,Optimal Part and Module Selection for Synthetic Gene Circuit Design Automation,2,1,False,doi:10.1021/sb400139h,10.1021/sb400139h,1.0,True,True,True,https://sbolstandard.org/sbolv-10-years/acs-2014/,data/raw/website/2014.html
2014,August,3,Biological 2-Input Decoder Circuit in Human Cells,1,0,False,doi:10.1021/sb4001596,10.1021/sb4001596,1.0,True,True,True,https://sbolstandard.org/sbolv-10-years/acs-2014/,data/raw/website/2014.html
2014,September,1,General Applicability of Synthetic Gene-Overexpression for Cell-Type Ratio Control via Reprogramming,1,0,False,doi:10.1021/sb400102w,10.1021/sb400102w,1.0,True,True,True,https://sbolstandard.org/sbolv-10-years/acs-2014/,data/raw/website/2014.html
2014,September,2,Framework for Engineering Finite State Machines in Gene Regulatory Networks,3,1,False,doi:10.1021/sb4001799,10.1021/sb4001799,1.0,True,True,True,https://sbolstandard.org/sbolv-10-years/acs-2014/,data/raw/website/2014.html
2014,October,1,Development of an Artificial Calcium-Dependent Transcription Factor To Detect Sustained Intracellular Calcium Elevation,1,0,False,doi:10.1021/sb500070c,10.1021/sb500070c,1.0,True,True,True,https://sbolstandard.org/sbolv-10-years/acs-2014/,data/raw/website/2014.html
2014,October,2,Rule-Based Design of Synthetic Transcription Factors in Eukaryotes,1,0,False,doi:10.1021/sb400134k,10.1021/sb400134k,1.0,True,True,True,https://sbolstandard.org/sbolv-10-years/acs-2014/,data/raw/website/2014.html
2014,November,1,Near-infrared Light Responsive Synthetic c-di-GMP Module for Optogenetic Applications,3,3,True,doi:10.1021/sb400182x,10.1021/sb400182x,1.0,True,True,True,https://sbolstandard.org/sbolv-10-years/acs-2014/,data/raw/website/2014.html
2014,November,2,Refactoring and Optimization of Light-Switchable Escherichia coli Two-Component Systems,2,1,False,doi:10.1021/sb500273n,10.1021/sb500273n,1.0,True,True,True,https://sbolstandard.org/sbolv-10-years/acs-2014/,data/raw/website/2014.html
2014,November,3,A Golden Gate Modular Cloning Toolbox for Plants,2,1,False,doi:10.1021/sb4001504,10.1021/sb4001504,1.0,True,True,True,https://sbolstandard.org/sbolv-10-years/acs-2014/,data/raw/website/2014.html
2014,December,1,Systematic Transfer of Prokaryotic Sensors and Circuits to Mammalian Cells,3,3,True,doi:10.1021/sb5002856,10.1021/sb5002856,1.0,True,True,True,https://sbolstandard.org/sbolv-10-years/acs-2014/,data/raw/website/2014.html
2014,December,2,Specific Gene Repression by CRISPRi System Transferred through Bacterial Conjugation,1,0,False,doi:10.1021/sb500036q,10.1021/sb500036q,1.0,True,True,True,https://sbolstandard.org/sbolv-10-years/acs-2014/,data/raw/website/2014.html
2014,December,3,Natural LacI from E. coli Yields Faster Response and Higher Level of Expression than the LVA-Tagged LacI,1,1,True,doi:10.1021/sb500031h,10.1021/sb500031h,1.0,True,True,True,https://sbolstandard.org/sbolv-10-years/acs-2014/,data/raw/website/2014.html
2014,December,4,Standardization of Functional Reporter and Antibiotic Resistance Cassettes to Facilitate the Genetic Engineering of Filamentous Fungi,1,1,True,doi:10.1021/sb5000143,10.1021/sb5000143,1.0,True,True,True,https://sbolstandard.org/sbolv-10-years/acs-2014/,data/raw/website/2014.html
2014,December,5,Solving a Four-Destination Traveling Salesman Problem Using Escherichia coli Cells As Biocomputers,2,0,False,doi:10.1021/sb5000466,10.1021/sb5000466,1.0,True,True,True,https://sbolstandard.org/sbolv-10-years/acs-2014/,data/raw/website/2014.html
2015,January,1,Model-Driven Engineering of Gene Expression from RNA Replicons,1,0,False,doi:10.1021/sb500173f,10.1021/sb500173f,1.0,True,True,True,https://sbolstandard.org/sbolv-10-years/acs-2015/,data/raw/website/2015.html
2015,January,2,Proposed Data Model for the Next Version of the Synthetic Biology Open Language,4,4,True,doi:10.1021/sb500176h,10.1021/sb500176h,1.0,True,True,True,https://sbolstandard.org/sbolv-10-years/acs-2015/,data/raw/website/2015.html
2015,January,3,Distributed Classifier Based on Genetically Engineered Bacterial Cell Cultures,2,0,False,doi:10.1021/sb500235p,10.1021/sb500235p,1.0,True,True,True,https://sbolstandard.org/sbolv-10-years/acs-2015/,data/raw/website/2015.html
2015,February,1,A Synthetic Anhydrotetracycline-Controllable Gene Expression System in Ralstonia eutropha H16,4,4,True,doi:10.1021/sb4001189,10.1021/sb4001189,1.0,True,True,True,https://sbolstandard.org/sbolv-10-years/acs-2015/,data/raw/website/2015.html
2015,February,2,Noise Propagation in Synthetic Gene Circuits for Metabolic Control,1,0,False,doi:10.1021/sb400126a,10.1021/sb400126a,1.0,True,True,True,https://sbolstandard.org/sbolv-10-years/acs-2015/,data/raw/website/2015.html
2015,February,3,Negative Feedback Regulation of Fatty Acid Production Based on a Malonyl-CoA Sensor–Actuator,3,0,False,doi:10.1021/sb400158w,10.1021/sb400158w,1.0,True,True,True,https://sbolstandard.org/sbolv-10-years/acs-2015/,data/raw/website/2015.html
2015,February,4,Trade-offs in Engineering Sugar Utilization Pathways for Titratable Control,1,1,True,doi:10.1021/sb400162z,10.1021/sb400162z,1.0,True,True,True,https://sbolstandard.org/sbolv-10-years/acs-2015/,data/raw/website/2015.html
2015,March,1,"RADOM, an Efficient In Vivo Method for Assembling Designed DNA Fragments up to 10 kb Long in Saccharomyces cerevisiae",4,0,False,doi:10.1021/sb500241e,10.1021/sb500241e,1.0,True,True,True,https://sbolstandard.org/sbolv-10-years/acs-2015/,data/raw/website/2015.html
2015,March,2,Avoidance of Truncated Proteins from Unintended Ribosome Binding Sites within Heterologous Protein Coding Sequences,1,0,False,doi:10.1021/sb500003x,10.1021/sb500003x,1.0,True,True,True,https://sbolstandard.org/sbolv-10-years/acs-2015/,data/raw/website/2015.html
2015,March,3,Using Dynamic Noise Propagation to Infer Causal Regulatory Relationships in Biochemical Networks,1,0,False,doi:10.1021/sb5000059,10.1021/sb5000059,1.0,True,True,True,https://sbolstandard.org/sbolv-10-years/acs-2015/,data/raw/website/2015.html
2015,March,4,Assembly of Highly Standardized Gene Fragments for High-Level Production of Porphyrins in E. coli,2,0,False,doi:10.1021/sb500055u,10.1021/sb500055u,1.0,True,True,True,https://sbolstandard.org/sbolv-10-years/acs-2015/,data/raw/website/2015.html
2015,March,5,RNAi-Assisted Genome Evolution in Saccharomyces cerevisiae for Complex Phenotype Engineering,1,0,False,doi:10.1021/sb500074a,10.1021/sb500074a,1.0,True,True,True,https://sbolstandard.org/sbolv-10-years/acs-2015/,data/raw/website/2015.html
2015,April,1,Rapid Evaluation of Tyrosine Kinase Activity of Membrane-Integrated Human Epidermal Growth Factor Receptor Using the Yeast Gγ Recruitment System,1,0,False,doi:10.1021/sb500083t,10.1021/sb500083t,1.0,True,True,True,https://sbolstandard.org/sbolv-10-years/acs-2015/,data/raw/website/2015.html
2015,April,2,"A Set of Versatile Brick Vectors and Promoters for the Assembly, Expression, and Integration of Synthetic Operons in Methylobacterium extorquens AM1 and Other Alphaproteobacteria",1,0,False,doi:10.1021/sb500221v,10.1021/sb500221v,1.0,True,True,True,https://sbolstandard.org/sbolv-10-years/acs-2015/,data/raw/website/2015.html
2015,April,3,Engineering Bacterial Microcompartment Shells: Chimeric Shell Proteins and Chimeric Carboxysome Shells,1,0,False,doi:10.1021/sb500226j,10.1021/sb500226j,1.0,True,True,True,https://sbolstandard.org/sbolv-10-years/acs-2015/,data/raw/website/2015.html
2015,April,4,"Programming Controlled Adhesion of E. coli to Target Surfaces, Cells, and Tumors with Synthetic Adhesins",1,1,True,doi:10.1021/sb500252a,10.1021/sb500252a,1.0,True,True,True,https://sbolstandard.org/sbolv-10-years/acs-2015/,data/raw/website/2015.html
2015,May,1,Rapidly Characterizing the Fast Dynamics of RNA Genetic Circuitry with Cell-Free Transcription–Translation (TX-TL) Systems,6,6,True,doi:10.1021/sb400206c,10.1021/sb400206c,1.0,True,True,True,https://sbolstandard.org/sbolv-10-years/acs-2015/,data/raw/website/2015.html
2015,May,2,Synthetic Tunable Amplifying Buffer Circuit in E. coli,2,0,False,doi:10.1021/sb5002533,10.1021/sb5002533,1.0,True,True,True,https://sbolstandard.org/sbolv-10-years/acs-2015/,data/raw/website/2015.html
2015,May,3,Homology-Integrated CRISPR–Cas (HI-CRISPR) System for One-Step Multigene Disruption in Saccharomyces cerevisiae,5,0,False,doi:10.1021/sb500255k,10.1021/sb500255k,1.0,True,True,True,https://sbolstandard.org/sbolv-10-years/acs-2015/,data/raw/website/2015.html
2015,May,4,Synthetic Biology Toolbox for Controlling Gene Expression in the Cyanobacterium Synechococcus sp. strain PCC 7002,2,0,False,doi:10.1021/sb500260k,10.1021/sb500260k,1.0,True,True,True,https://sbolstandard.org/sbolv-10-years/acs-2015/,data/raw/website/2015.html
2015,June,1,Accurate Predictions of Genetic Circuit Behavior from Part Characterization and Modular Composition,4,0,False,doi:10.1021/sb500263b,10.1021/sb500263b,1.0,True,True,True,https://sbolstandard.org/sbolv-10-years/acs-2015/,data/raw/website/2015.html
2015,June,2,Expansion of Bisindole Biosynthetic Pathways by Combinatorial Construction,1,0,False,doi:10.1021/sb5003218,10.1021/sb5003218,1.0,True,True,True,https://sbolstandard.org/sbolv-10-years/acs-2015/,data/raw/website/2015.html
2015,June,3,Web-Based Software Tool for Constraint-Based Design Specification of Synthetic Biological Systems,1,0,False,doi:10.1021/sb500352b,10.1021/sb500352b,1.0,True,True,True,https://sbolstandard.org/sbolv-10-years/acs-2015/,data/raw/website/2015.html
2015,July,1,"BASIC: A New Biopart Assembly Standard for Idempotent Cloning Provides Accurate, Single-Tier DNA Assembly for Synthetic Biology",1,1,True,doi:10.1021/sb500356d,10.1021/sb500356d,1.0,True,True,True,https://sbolstandard.org/sbolv-10-years/acs-2015/,data/raw/website/2015.html
2015,July,2,Rationally Designed MicroRNA-Based Genetic Classifiers Target Specific Neurons in the Brain,1,0,False,doi:10.1021/acssynbio.5b00040,10.1021/acssynbio.5b00040,1.0,True,True,True,https://sbolstandard.org/sbolv-10-years/acs-2015/,data/raw/website/2015.html
2015,July,3,Enhancing Bidirectional Electron Transfer of Shewanella oneidensis by a Synthetic Flavin Pathway,1,1,True,doi:10.1021/sb500331x,10.1021/sb500331x,1.0,True,True,True,https://sbolstandard.org/sbolv-10-years/acs-2015/,data/raw/website/2015.html
2015,August,1,Generating Systems Biology Markup Language Models from the Synthetic Biology Open Language,3,3,True,doi:10.1021/sb5003289,10.1021/sb5003289,1.0,True,True,True,https://sbolstandard.org/sbolv-10-years/acs-2015/,data/raw/website/2015.html
2015,August,2,Genome Calligrapher: A Web Tool for Refactoring Bacterial Genome Sequences for de Novo DNA Synthesis,1,0,False,doi:10.1021/acssynbio.5b00087,10.1021/acssynbio.5b00087,1.0,True,True,True,https://sbolstandard.org/sbolv-10-years/acs-2015/,data/raw/website/2015.html
2015,September,1,Enhanced Protein Production in Escherichia coli by Optimization of Cloning Scars at the Vector–Coding Sequence Junction,1,0,False,doi:10.1021/acssynbio.5b00033,10.1021/acssynbio.5b00033,1.0,True,True,True,https://sbolstandard.org/sbolv-10-years/acs-2015/,data/raw/website/2015.html
2015,September,2,Regulation of Bacterial Gene Expression by Protease-Alleviated Spatial Sequestration (PASS),4,0,False,doi:10.1021/sb500302y,10.1021/sb500302y,1.0,True,True,True,https://sbolstandard.org/sbolv-10-years/acs-2015/,data/raw/website/2015.html
2015,October,1,Enzymatic Menthol Production: One-Pot Approach Using Engineered Escherichia coli,1,0,False,doi:10.1021/acssynbio.5b00092,10.1021/acssynbio.5b00092,1.0,True,True,True,https://sbolstandard.org/sbolv-10-years/acs-2015/,data/raw/website/2015.html
2015,November,1,"Genome Engineering of the 2,3-Butanediol Biosynthetic Pathway for Tight Regulation in Cyanobacteria",5,4,False,doi:10.1021/acssynbio.5b00057,10.1021/acssynbio.5b00057,1.0,True,True,True,https://sbolstandard.org/sbolv-10-years/acs-2015/,data/raw/website/2015.html
2015,November,2,A Barcoding Strategy Enabling Higher-Throughput Library Screening by Microscopy,1,0,False,doi:10.1021/acssynbio.5b00060,10.1021/acssynbio.5b00060,1.0,True,True,True,https://sbolstandard.org/sbolv-10-years/acs-2015/,data/raw/website/2015.html
2015,November,3,CasEMBLR: Cas9-Facilitated Multiloci Genomic Integration of in Vivo Assembled DNA Parts in Saccharomyces cerevisiae,2,0,False,doi:10.1021/acssynbio.5b00007,10.1021/acssynbio.5b00007,1.0,True,True,True,https://sbolstandard.org/sbolv-10-years/acs-2015/,data/raw/website/2015.html
2015,December,1,Synthetic Auxotrophs with Ligand-Dependent Essential Genes for a BL21(DE3) Biosafety Strain,1,0,False,doi:10.1021/acssynbio.5b00085,10.1021/acssynbio.5b00085,1.0,True,True,True,https://sbolstandard.org/sbolv-10-years/acs-2015/,data/raw/website/2015.html
2015,December,2,Development of a Synthetic Malonyl-CoA Sensor in Saccharomyces cerevisiae for Intracellular Metabolite Monitoring and Genetic Screening,1,0,False,doi:10.1021/acssynbio.5b00069,10.1021/acssynbio.5b00069,1.0,True,True,True,https://sbolstandard.org/sbolv-10-years/acs-2015/,data/raw/website/2015.html
2015,December,3,Engineering a Lysine-ON Riboswitch for Metabolic Control of Lysine Production in Corynebacterium glutamicum,2,0,False,doi:10.1021/acssynbio.5b00075,10.1021/acssynbio.5b00075,1.0,True,True,True,https://sbolstandard.org/sbolv-10-years/acs-2015/,data/raw/website/2015.html
2015,December,4,Evolutionary Design of Choline-Inducible and -Repressible T7-Based Induction Systems,2,0,False,doi:10.1021/acssynbio.5b00107,10.1021/acssynbio.5b00107,1.0,True,True,True,https://sbolstandard.org/sbolv-10-years/acs-2015/,data/raw/website/2015.html
2015,December,5,Memory and Combinatorial Logic Based on DNA Inversions: Dynamics and Evolutionary Stability,3,3,True,doi:10.1021/acssynbio.5b00170,10.1021/acssynbio.5b00170,1.0,True,True,True,https://sbolstandard.org/sbolv-10-years/acs-2015/,data/raw/website/2015.html
2016,January,1,Metabolic Engineering toward Sustainable Production of Nylon-6,1,1,True,doi:10.1021/acssynbio.5b00129,10.1021/acssynbio.5b00129,1.0,True,True,True,https://sbolstandard.org/sbolv-10-years/acs-2016/,data/raw/website/2016.html
2016,January,2,Orthogonal Modular Gene Repression in Escherichia coli Using Engineered CRISPR/Cas9,4,0,False,doi:10.1021/acssynbio.5b00147,10.1021/acssynbio.5b00147,1.0,True,True,True,https://sbolstandard.org/sbolv-10-years/acs-2016/,data/raw/website/2016.html
2016,January,3,CIDAR MoClo: Improved MoClo Assembly Standard and New E. coli Part Library Enable Rapid Combinatorial Design for Synthetic and Traditional Biology,2,2,True,doi:10.1021/acssynbio.5b00124,10.1021/acssynbio.5b00124,1.0,True,True,True,https://sbolstandard.org/sbolv-10-years/acs-2016/,data/raw/website/2016.html
2016,February,1,Slowing Translation between Protein Domains by Increasing Affinity between mRNAs and the Ribosomal Anti-Shine–Dalgarno Sequence Improves Solubility,1,0,False,doi:10.1021/acssynbio.5b00193,10.1021/acssynbio.5b00193,1.0,True,True,True,https://sbolstandard.org/sbolv-10-years/acs-2016/,data/raw/website/2016.html
2016,March,1,Multiple Gene Repression in Cyanobacteria Using CRISPRi,1,1,True,doi:10.1021/acssynbio.5b00264,10.1021/acssynbio.5b00264,1.0,True,True,True,https://sbolstandard.org/sbolv-10-years/acs-2016/,data/raw/website/2016.html
2016,March,2,Assays To Detect the Formation of Triphosphates of Unnatural Nucleotides: Application to Escherichia coli Nucleoside Diphosphate Kinase,1,1,True,doi:10.1021/acssynbio.5b00172,10.1021/acssynbio.5b00172,1.0,True,True,True,https://sbolstandard.org/sbolv-10-years/acs-2016/,data/raw/website/2016.html
2016,March,3,Circumvention of Learning Increases Intoxication Efficacy of Nematicidal Engineered Bacteria,1,1,True,doi:10.1021/acssynbio.5b00192,10.1021/acssynbio.5b00192,1.0,True,True,True,https://sbolstandard.org/sbolv-10-years/acs-2016/,data/raw/website/2016.html
2016,March,4,Measurements of Gene Expression at Steady State Improve the Predictability of Part Assembly,3,3,True,doi:10.1021/acssynbio.5b00156,10.1021/acssynbio.5b00156,1.0,True,True,True,https://sbolstandard.org/sbolv-10-years/acs-2016/,data/raw/website/2016.html
2016,April,1,Automatic Control of Gene Expression in Mammalian Cells,1,0,False,doi:10.1021/acssynbio.5b00141,10.1021/acssynbio.5b00141,1.0,True,True,True,https://sbolstandard.org/sbolv-10-years/acs-2016/,data/raw/website/2016.html
2016,June,1,Improving Synthetic Biology Communication: Recommended Practices for Visual Depiction and Digital Submission of Genetic Designs,1,1,True,doi:10.1021/acssynbio.6b00146,10.1021/acssynbio.6b00146,1.0,True,True,True,https://sbolstandard.org/sbolv-10-years/acs-2016/,data/raw/website/2016.html
2016,June,2,Genotype Specification Language,1,1,True,doi:10.1021/acssynbio.5b00194,10.1021/acssynbio.5b00194,1.0,True,True,True,https://sbolstandard.org/sbolv-10-years/acs-2016/,data/raw/website/2016.html
2016,June,3,A Converter from the Systems Biology Markup Language to the Synthetic Biology Open Language,4,4,True,doi:10.1021/acssynbio.5b00212,10.1021/acssynbio.5b00212,1.0,True,True,True,https://sbolstandard.org/sbolv-10-years/acs-2016/,data/raw/website/2016.html
2016,June,4,"The SBOL Stack: A Platform for Storing, Publishing, and Sharing Synthetic Biology Designs",1,1,True,doi:10.1021/acssynbio.5b00210,10.1021/acssynbio.5b00210,1.0,True,True,True,https://sbolstandard.org/sbolv-10-years/acs-2016/,data/raw/website/2016.html
2016,June,5,Sharing Structure and Function in Biological Design with SBOL 2.0,3,3,True,doi:10.1021/acssynbio.5b00215,10.1021/acssynbio.5b00215,1.0,True,True,True,https://sbolstandard.org/sbolv-10-years/acs-2016/,data/raw/website/2016.html
2016,June,6,Double Dutch: A Tool for Designing Combinatorial Libraries of Biological Systems,3,3,True,doi:10.1021/acssynbio.5b00232,10.1021/acssynbio.5b00232,1.0,True,True,True,https://sbolstandard.org/sbolv-10-years/acs-2016/,data/raw/website/2016.html
2016,July,1,Two Distinct Cyclodipeptide Synthases from a Marine Actinomycete Catalyze Biosynthesis of the Same Diketopiperazine Natural Product,1,1,True,doi:10.1021/acssynbio.5b00120,10.1021/acssynbio.5b00120,1.0,True,True,True,https://sbolstandard.org/sbolv-10-years/acs-2016/,data/raw/website/2016.html
2016,July,2,Optical Control of Peroxisomal Trafficking,1,0,False,doi:10.1021/acssynbio.5b00144,10.1021/acssynbio.5b00144,1.0,True,True,True,https://sbolstandard.org/sbolv-10-years/acs-2016/,data/raw/website/2016.html
2016,July,3,Multiplexed Targeted Genome Engineering Using a Universal Nuclease-Assisted Vector Integration System,3,3,True,doi:10.1021/acssynbio.6b00056,10.1021/acssynbio.6b00056,1.0,True,True,True,https://sbolstandard.org/sbolv-10-years/acs-2016/,data/raw/website/2016.html
2016,July,4,Refactoring the Six-Gene Photosystem II Core in the Chloroplast of the Green Algae Chlamydomonas reinhardtii,1,0,False,doi:10.1021/acssynbio.5b00076,10.1021/acssynbio.5b00076,1.0,True,True,True,https://sbolstandard.org/sbolv-10-years/acs-2016/,data/raw/website/2016.html
2016,July,5,Synthetic Quorum Sensing and Cell–Cell Communication in Gram-Positive Bacillus megaterium,1,0,False,doi:10.1021/acssynbio.5b00099,10.1021/acssynbio.5b00099,1.0,True,True,True,https://sbolstandard.org/sbolv-10-years/acs-2016/,data/raw/website/2016.html
2016,July,6,Molecular Buffers Permit Sensitivity Tuning and Inversion of Riboswitch Signals,3,0,False,doi:10.1021/acssynbio.5b00213,10.1021/acssynbio.5b00213,1.0,True,True,True,https://sbolstandard.org/sbolv-10-years/acs-2016/,data/raw/website/2016.html
2016,July,7,Entrainment and Control of Bacterial Populations: An in Silico Study over a Spatially Extended Agent Based Model,1,0,False,doi:10.1021/acssynbio.5b00243,10.1021/acssynbio.5b00243,1.0,True,True,True,https://sbolstandard.org/sbolv-10-years/acs-2016/,data/raw/website/2016.html
2016,July,8,A Minimal Model of Ribosome Allocation Dynamics Captures Trade-offs in Expression between Endogenous and Synthetic Genes,2,2,True,doi:10.1021/acssynbio.6b00040,10.1021/acssynbio.6b00040,1.0,True,True,True,https://sbolstandard.org/sbolv-10-years/acs-2016/,data/raw/website/2016.html
2016,July,9,"Bacterial Genome Editing with CRISPR-Cas9: Deletion, Integration, Single Nucleotide Modification, and Desirable “Clean” Mutant Selection in Clostridium beijerinckii as an Example",4,4,True,doi:10.1021/acssynbio.6b00060,10.1021/acssynbio.6b00060,1.0,True,True,True,https://sbolstandard.org/sbolv-10-years/acs-2016/,data/raw/website/2016.html
2016,July,10,Repurposing Synechocystis PCC6803 UirS–UirR as a UV-Violet/Green Photoreversible Transcriptional Regulatory Tool in E. coli,1,1,True,doi:10.1021/acssynbio.6b00068,10.1021/acssynbio.6b00068,1.0,True,True,True,https://sbolstandard.org/sbolv-10-years/acs-2016/,data/raw/website/2016.html
2016,July,11,CRISPR/Cas9 Based Genome Editing of Penicillium chrysogenum,4,4,True,doi:10.1021/acssynbio.6b00082,10.1021/acssynbio.6b00082,1.0,True,True,True,https://sbolstandard.org/sbolv-10-years/acs-2016/,data/raw/website/2016.html
2016,August,1,Using RNA as Molecular Code for Programming Cellular Function,2,2,True,doi:10.1021/acssynbio.5b00297,10.1021/acssynbio.5b00297,1.0,True,True,True,https://sbolstandard.org/sbolv-10-years/acs-2016/,data/raw/website/2016.html
2016,August,2,VisBOL: Web-Based Tools for Synthetic Biology Design Visualization,2,2,True,doi:10.1021/acssynbio.5b00244,10.1021/acssynbio.5b00244,1.0,True,True,True,https://sbolstandard.org/sbolv-10-years/acs-2016/,data/raw/website/2016.html
2016,September,1,Programming Surface Chemistry with Engineered Cells,1,1,True,doi:10.1021/acssynbio.6b00037,10.1021/acssynbio.6b00037,1.0,True,True,True,https://sbolstandard.org/sbolv-10-years/acs-2016/,data/raw/website/2016.html
2016,September,2,Quorum Sensing Communication Modules for Microbial Consortia,3,2,False,doi:10.1021/acssynbio.5b00286,10.1021/acssynbio.5b00286,1.0,True,True,True,https://sbolstandard.org/sbolv-10-years/acs-2016/,data/raw/website/2016.html
2016,September,3,DATEL: A Scarless and Sequence-Independent DNA Assembly Method Using Thermostable Exonucleases and Ligase,2,2,True,doi:10.1021/acssynbio.6b00078,10.1021/acssynbio.6b00078,1.0,True,True,True,https://sbolstandard.org/sbolv-10-years/acs-2016/,data/raw/website/2016.html
2016,October,1,Mammalian Synthetic Biology: Time for Big MACs,2,2,True,doi:10.1021/acssynbio.6b00074,10.1021/acssynbio.6b00074,1.0,True,True,True,https://sbolstandard.org/sbolv-10-years/acs-2016/,data/raw/website/2016.html
2016,October,2,EcoFlex: A Multifunctional MoClo Kit for E. coli Synthetic Biology,2,0,False,doi:10.1021/acssynbio.6b00031,10.1021/acssynbio.6b00031,1.0,True,True,True,https://sbolstandard.org/sbolv-10-years/acs-2016/,data/raw/website/2016.html
2016,October,3,Expanding Biosensing Abilities through Computer-Aided Design of Metabolic Pathways,1,0,False,doi:10.1021/acssynbio.5b00225,10.1021/acssynbio.5b00225,1.0,True,True,True,https://sbolstandard.org/sbolv-10-years/acs-2016/,data/raw/website/2016.html
2016,October,4,Library-Aided Probing of Linker Determinants in Hybrid Photoreceptors,1,0,False,doi:10.1021/acssynbio.6b00028,10.1021/acssynbio.6b00028,1.0,True,True,True,https://sbolstandard.org/sbolv-10-years/acs-2016/,data/raw/website/2016.html
2016,October,5,An Implementation-Focused Bio/Algorithmic Workflow for Synthetic Biology,3,2,False,doi:10.1021/acssynbio.6b00029,10.1021/acssynbio.6b00029,1.0,True,True,True,https://sbolstandard.org/sbolv-10-years/acs-2016/,data/raw/website/2016.html
2016,October,6,SEVA Linkers: A Versatile and Automatable DNA Backbone Exchange Standard for Synthetic Biology,2,0,False,doi:10.1021/acssynbio.5b00257,10.1021/acssynbio.5b00257,1.0,True,True,True,https://sbolstandard.org/sbolv-10-years/acs-2016/,data/raw/website/2016.html
2016,November,1,Construction and Characterization of a Synthetic MicroRNA Cluster for Multiplex RNA Interference in Mammalian Cells,4,0,False,doi:10.1021/acssynbio.5b00180,10.1021/acssynbio.5b00180,1.0,True,True,True,https://sbolstandard.org/sbolv-10-years/acs-2016/,data/raw/website/2016.html
2016,November,2,A Cell–Cell Communication-Based Screening System for Novel Microbes with Target Enzyme Activities,1,1,True,doi:10.1021/acssynbio.5b00287,10.1021/acssynbio.5b00287,1.0,True,True,True,https://sbolstandard.org/sbolv-10-years/acs-2016/,data/raw/website/2016.html
2016,November,3,EcoExpress—Highly Efficient Construction and Expression of Multicomponent Protein Complexes in Escherichia coli,1,1,True,doi:10.1021/acssynbio.5b00291,10.1021/acssynbio.5b00291,1.0,True,True,True,https://sbolstandard.org/sbolv-10-years/acs-2016/,data/raw/website/2016.html
2016,November,4,Optimum Rebalancing of the 3-Hydroxypropionic Acid Production Pathway from Glycerol in Escherichia coli,1,0,False,doi:10.1021/acssynbio.5b00303,10.1021/acssynbio.5b00303,1.0,True,True,True,https://sbolstandard.org/sbolv-10-years/acs-2016/,data/raw/website/2016.html
2016,November,5,Metabolic Engineering of Escherichia coli for the Production of 3-Hydroxypropionic Acid and Malonic Acid through β-Alanine Route,1,0,False,doi:10.1021/acssynbio.6b00007,10.1021/acssynbio.6b00007,1.0,True,True,True,https://sbolstandard.org/sbolv-10-years/acs-2016/,data/raw/website/2016.html
2016,November,6,Microbial Synthesis of 5-Aminolevulinic Acid and Its Coproduction with Polyhydroxybutyrate,3,3,True,doi:10.1021/acssynbio.6b00105,10.1021/acssynbio.6b00105,1.0,True,True,True,https://sbolstandard.org/sbolv-10-years/acs-2016/,data/raw/website/2016.html
2016,November,7,Biosensing Vibrio cholerae with Genetically Engineered Escherichia coli,3,3,True,doi:10.1021/acssynbio.6b00079,10.1021/acssynbio.6b00079,1.0,True,True,True,https://sbolstandard.org/sbolv-10-years/acs-2016/,data/raw/website/2016.html
2016,November,8,Development of Colorimetric-Based Whole-Cell Biosensor for Organophosphorus Compounds by Engineering Transcription Regulator DmpR,1,1,True,doi:10.1021/acssynbio.6b00061,10.1021/acssynbio.6b00061,1.0,True,True,True,https://sbolstandard.org/sbolv-10-years/acs-2016/,data/raw/website/2016.html
2016,November,9,Semirational Approach for Ultrahigh Poly(3-hydroxybutyrate) Accumulation in Escherichia coli by Combining One-Step Library Construction and High-Throughput Screening,1,1,True,doi:10.1021/acssynbio.6b00083,10.1021/acssynbio.6b00083,1.0,True,True,True,https://sbolstandard.org/sbolv-10-years/acs-2016/,data/raw/website/2016.html
2016,December,1,The Geobacillus Plasmid Set: A Modular Toolkit for Thermophile Engineering,1,1,True,doi:10.1021/acssynbio.5b00298,10.1021/acssynbio.5b00298,1.0,True,True,True,https://sbolstandard.org/sbolv-10-years/acs-2016/,data/raw/website/2016.html
2016,December,2,Combinatorial Pairwise Assembly Efficiently Generates High Affinity Binders and Enables a “Mix-and-Read” Detection Scheme,1,0,False,doi:10.1021/acssynbio.6b00034,10.1021/acssynbio.6b00034,1.0,True,True,True,https://sbolstandard.org/sbolv-10-years/acs-2016/,data/raw/website/2016.html
2016,December,3,Design and Assembly of DNA Sequence Libraries for Chromosomal Insertion in Bacteria Based on a Set of Modified MoClo Vectors,3,0,False,doi:10.1021/acssynbio.6b00089,10.1021/acssynbio.6b00089,1.0,True,True,True,https://sbolstandard.org/sbolv-10-years/acs-2016/,data/raw/website/2016.html
2016,December,4,Tapping the Unused Potential of Photosynthesis with a Heterologous Electron Sink,1,1,True,doi:10.1021/acssynbio.6b00100,10.1021/acssynbio.6b00100,1.0,True,True,True,https://sbolstandard.org/sbolv-10-years/acs-2016/,data/raw/website/2016.html
2016,December,5,C-Brick: A New Standard for Assembly of Biological Parts Using Cpf1,3,0,False,doi:10.1021/acssynbio.6b00114,10.1021/acssynbio.6b00114,1.0,True,True,True,https://sbolstandard.org/sbolv-10-years/acs-2016/,data/raw/website/2016.html
2016,December,6,Programming Saposin-Mediated Compensatory Metabolic Sinks for Enhanced Ubiquinone Production,1,0,False,doi:10.1021/acssynbio.6b00148,10.1021/acssynbio.6b00148,1.0,True,True,True,https://sbolstandard.org/sbolv-10-years/acs-2016/,data/raw/website/2016.html
2016,December,7,A Parts Database with Consensus Parameter Estimation for Synthetic Circuit Design,2,2,True,doi:10.1021/acssynbio.5b00205,10.1021/acssynbio.5b00205,1.0,True,True,True,https://sbolstandard.org/sbolv-10-years/acs-2016/,data/raw/website/2016.html
2016,December,8,Development of Design Rules for Reliable Antisense RNA Behavior in E. coli,5,2,False,doi:10.1021/acssynbio.6b00036,10.1021/acssynbio.6b00036,1.0,True,True,True,https://sbolstandard.org/sbolv-10-years/acs-2016/,data/raw/website/2016.html
2016,December,9,Converting a Natural Protein Compartment into a Nanofactory for the Size-Constrained Synthesis of Antimicrobial Silver Nanoparticles,1,1,True,doi:10.1021/acssynbio.6b00117,10.1021/acssynbio.6b00117,1.0,True,True,True,https://sbolstandard.org/sbolv-10-years/acs-2016/,data/raw/website/2016.html
2016,December,10,OptSSeq: High-Throughput Sequencing Readout of Growth Enrichment Defines Optimal Gene Expression Elements for Homoethanologenesis,5,5,True,doi:10.1021/acssynbio.6b00121,10.1021/acssynbio.6b00121,1.0,True,True,True,https://sbolstandard.org/sbolv-10-years/acs-2016/,data/raw/website/2016.html
2016,December,11,Multigene Pathway Engineering with Regulatory Linkers (M-PERL),4,4,True,doi:10.1021/acssynbio.6b00123,10.1021/acssynbio.6b00123,1.0,True,True,True,https://sbolstandard.org/sbolv-10-years/acs-2016/,data/raw/website/2016.html
2016,December,12,Biosynthesis of the High-Value Plant Secondary Product Benzyl Isothiocyanate via Functional Expression of Multiple Heterologous Enzymes in Escherichia coli,2,0,False,doi:10.1021/acssynbio.6b00143,10.1021/acssynbio.6b00143,1.0,True,True,True,https://sbolstandard.org/sbolv-10-years/acs-2016/,data/raw/website/2016.html
2017,January,1,Rapid and Inexpensive Evaluation of Nonstandard Amino Acid Incorporation in Escherichia coli,1,1,True,doi:10.1021/acssynbio.6b00192,10.1021/acssynbio.6b00192,1.0,True,True,True,https://sbolstandard.org/sbolv-10-years/acs-2017/,data/raw/website/2017.html
2017,January,2,Designing Synthetic Flexible Gene Regulation Networks Using RNA Devices in Cyanobacteria,1,1,True,doi:10.1021/acssynbio.6b00201,10.1021/acssynbio.6b00201,1.0,True,True,True,https://sbolstandard.org/sbolv-10-years/acs-2017/,data/raw/website/2017.html
2017,January,3,Short Synthetic Terminators for Assembly of Transcription Units in Vitro and Stable Chromosomal Integration in Yeast S. cerevisiae,5,2,False,doi:10.1021/acssynbio.6b00165,10.1021/acssynbio.6b00165,1.0,True,True,True,https://sbolstandard.org/sbolv-10-years/acs-2017/,data/raw/website/2017.html
2017,January,4,Improving Metabolic Pathway Efficiency by Statistical Model-Based Multivariate Regulatory Metabolic Engineering,3,3,True,doi:10.1021/acssynbio.6b00187,10.1021/acssynbio.6b00187,1.0,True,True,True,https://sbolstandard.org/sbolv-10-years/acs-2017/,data/raw/website/2017.html
2017,February,1,Discovery of a Phosphonoacetic Acid Derived Natural Product by Pathway Refactoring,1,0,False,doi:10.1021/acssynbio.6b00299,10.1021/acssynbio.6b00299,1.0,True,True,True,https://sbolstandard.org/sbolv-10-years/acs-2017/,data/raw/website/2017.html
2017,February,2,Direct Combinatorial Pathway Optimization,1,0,False,doi:10.1021/acssynbio.6b00122,10.1021/acssynbio.6b00122,1.0,True,True,True,https://sbolstandard.org/sbolv-10-years/acs-2017/,data/raw/website/2017.html
2017,February,3,Artificial Symmetry-Breaking for Morphogenetic Engineering Bacterial Colonies,5,4,False,doi:10.1021/acssynbio.6b00149,10.1021/acssynbio.6b00149,1.0,True,True,True,https://sbolstandard.org/sbolv-10-years/acs-2017/,data/raw/website/2017.html
2017,February,4,Synthetic Biogenesis of Bacterial Amyloid Nanomaterials with Tunable Inorganic–Organic Interfaces and Electrical Conductivity,1,0,False,doi:10.1021/acssynbio.6b00166,10.1021/acssynbio.6b00166,1.0,True,True,True,https://sbolstandard.org/sbolv-10-years/acs-2017/,data/raw/website/2017.html
2017,February,5,Resource Sharing Controls Gene Expression Bursting,1,0,False,doi:10.1021/acssynbio.6b00189,10.1021/acssynbio.6b00189,1.0,True,True,True,https://sbolstandard.org/sbolv-10-years/acs-2017/,data/raw/website/2017.html
2017,February,6,Characterization of Endogenous and Reduced Promoters for Oxygen-Limited Processes Using Escherichia coli,1,1,True,doi:10.1021/acssynbio.6b00233,10.1021/acssynbio.6b00233,1.0,True,True,True,https://sbolstandard.org/sbolv-10-years/acs-2017/,data/raw/website/2017.html
2017,February,7,Reproducibility of High-Throughput Plate-Reader Experiments in Synthetic Biology,1,0,False,doi:10.1021/acssynbio.6b00198,10.1021/acssynbio.6b00198,1.0,True,True,True,https://sbolstandard.org/sbolv-10-years/acs-2017/,data/raw/website/2017.html
2017,March,1,Standardized Markerless Gene Integration for Pathway Engineering in Yarrowia lipolytica,1,0,False,doi:10.1021/acssynbio.6b00285,10.1021/acssynbio.6b00285,1.0,True,True,True,https://sbolstandard.org/sbolv-10-years/acs-2017/,data/raw/website/2017.html
2017,March,2,Introduction of Premature Stop Codons as an Evolutionary Strategy To Rescue Signaling Network Function,2,0,False,doi:10.1021/acssynbio.6b00142,10.1021/acssynbio.6b00142,1.0,True,True,True,https://sbolstandard.org/sbolv-10-years/acs-2017/,data/raw/website/2017.html
2017,March,3,Synthetic Core Promoters as Universal Parts for Fine-Tuning Expression in Different Yeast Species,1,0,False,doi:10.1021/acssynbio.6b00178,10.1021/acssynbio.6b00178,1.0,True,True,True,https://sbolstandard.org/sbolv-10-years/acs-2017/,data/raw/website/2017.html
2017,March,4,Reprogramming the Transcriptional Response to Hypoxia with a Chromosomally Encoded Cyclic Peptide HIF-1 Inhibitor,2,0,False,doi:10.1021/acssynbio.6b00219,10.1021/acssynbio.6b00219,1.0,True,True,True,https://sbolstandard.org/sbolv-10-years/acs-2017/,data/raw/website/2017.html
2017,March,5,"A Novel Approach for Gene Expression Optimization through Native Promoter and 5′ UTR Combinations Based on RNA-seq, Ribo-seq, and TSS-seq of Streptomyces coelicolor",1,0,False,doi:10.1021/acssynbio.6b00263,10.1021/acssynbio.6b00263,1.0,True,True,True,https://sbolstandard.org/sbolv-10-years/acs-2017/,data/raw/website/2017.html
2017,April,1,Engineering a Thermostable Keto Acid Decarboxylase Using Directed Evolution and Computationally Directed Protein Design,1,0,False,doi:10.1021/acssynbio.6b00240,10.1021/acssynbio.6b00240,1.0,True,True,True,https://sbolstandard.org/sbolv-10-years/acs-2017/,data/raw/website/2017.html
2017,April,2,Quantitative Tracking of Combinatorially Engineered Populations with Multiplexed Binary Assemblies,1,0,False,doi:10.1021/acssynbio.6b00376,10.1021/acssynbio.6b00376,1.0,True,True,True,https://sbolstandard.org/sbolv-10-years/acs-2017/,data/raw/website/2017.html
2017,April,3,Controlling Multicycle Replication of Live-Attenuated HIV-1 Using an Unnatural Genetic Switch,2,2,True,doi:10.1021/acssynbio.6b00373,10.1021/acssynbio.6b00373,1.0,True,True,True,https://sbolstandard.org/sbolv-10-years/acs-2017/,data/raw/website/2017.html
2017,May,1,AGOS: A Plug-and-Play Method for the Assembly of Artificial Gene Operons into Functional Biosynthetic Gene Clusters,3,3,True,doi:10.1021/acssynbio.6b00319,10.1021/acssynbio.6b00319,1.0,True,True,True,https://sbolstandard.org/sbolv-10-years/acs-2017/,data/raw/website/2017.html
2017,May,2,Efficient Genome Editing of a Facultative Thermophile Using Mesophilic spCas9,2,1,False,doi:10.1021/acssynbio.6b00339,10.1021/acssynbio.6b00339,1.0,True,True,True,https://sbolstandard.org/sbolv-10-years/acs-2017/,data/raw/website/2017.html
2017,May,3,Mechanistic Modeling of Genetic Circuits for ArsR Arsenic Regulation,2,2,True,doi:10.1021/acssynbio.6b00364,10.1021/acssynbio.6b00364,1.0,True,True,True,https://sbolstandard.org/sbolv-10-years/acs-2017/,data/raw/website/2017.html
2017,May,4,An Engineered Survival-Selection Assay for Extracellular Protein Expression Uncovers Hypersecretory Phenotypes in Escherichia coli,1,0,False,doi:10.1021/acssynbio.6b00366,10.1021/acssynbio.6b00366,1.0,True,True,True,https://sbolstandard.org/sbolv-10-years/acs-2017/,data/raw/website/2017.html
2017,June,1,Engineering Iron Responses in Mammalian Cells by Signal-Induced Protein Proximity,3,0,False,doi:10.1021/acssynbio.6b00255,10.1021/acssynbio.6b00255,1.0,True,True,True,https://sbolstandard.org/sbolv-10-years/acs-2017/,data/raw/website/2017.html
2017,June,2,Recursive DNA Assembly Using Protected Oligonucleotide Duplex Assisted Cloning (PODAC),2,2,True,doi:10.1021/acssynbio.7b00017,10.1021/acssynbio.7b00017,1.0,True,True,True,https://sbolstandard.org/sbolv-10-years/acs-2017/,data/raw/website/2017.html
2017,June,3,Extracellular Self-Assembly of Functional and Tunable Protein Conjugates from Bacillus subtilis,1,1,True,doi:10.1021/acssynbio.6b00292,10.1021/acssynbio.6b00292,1.0,True,True,True,https://sbolstandard.org/sbolv-10-years/acs-2017/,data/raw/website/2017.html
2017,June,4,Tailoring Escherichia coli for the l-Rhamnose PBAD Promoter-Based Production of Membrane and Secretory Proteins,3,0,False,doi:10.1021/acssynbio.6b00321,10.1021/acssynbio.6b00321,1.0,True,True,True,https://sbolstandard.org/sbolv-10-years/acs-2017/,data/raw/website/2017.html
2017,June,5,Heterologous Biosynthesis of Spinosad: An Omics-Guided Large Polyketide Synthase Gene Cluster Reconstitution in Streptomyces,4,4,True,doi:10.1021/acssynbio.6b00330,10.1021/acssynbio.6b00330,1.0,True,True,True,https://sbolstandard.org/sbolv-10-years/acs-2017/,data/raw/website/2017.html
2017,June,6,A Modular Toolkit for Generating Pichia pastoris Secretion Libraries,5,5,True,doi:10.1021/acssynbio.6b00337,10.1021/acssynbio.6b00337,1.0,True,True,True,https://sbolstandard.org/sbolv-10-years/acs-2017/,data/raw/website/2017.html
2017,June,7,Development of a Biosensor Concept to Detect the Production of Cluster-Specific Secondary Metabolites,2,1,False,doi:10.1021/acssynbio.6b00353,10.1021/acssynbio.6b00353,1.0,True,True,True,https://sbolstandard.org/sbolv-10-years/acs-2017/,data/raw/website/2017.html
2017,June,8,A Scalable Epitope Tagging Approach for High Throughput ChIP-Seq Analysis,1,1,True,doi:10.1021/acssynbio.6b00358,10.1021/acssynbio.6b00358,1.0,True,True,True,https://sbolstandard.org/sbolv-10-years/acs-2017/,data/raw/website/2017.html
2017,June,9,Formation of Nitrogenase NifDK Tetramers in the Mitochondria of Saccharomyces cerevisiae,1,1,True,doi:10.1021/acssynbio.6b00371,10.1021/acssynbio.6b00371,1.0,True,True,True,https://sbolstandard.org/sbolv-10-years/acs-2017/,data/raw/website/2017.html
2017,June,10,Obtaining a Panel of Cascade Promoter-5′-UTR Complexes in Escherichia coli,1,0,False,doi:10.1021/acssynbio.7b00006,10.1021/acssynbio.7b00006,1.0,True,True,True,https://sbolstandard.org/sbolv-10-years/acs-2017/,data/raw/website/2017.html
2017,June,11,The Impact of DNA Topology and Guide Length on Target Selection by a Cytosine-Specific Cas9,2,2,True,doi:10.1021/acssynbio.7b00050,10.1021/acssynbio.7b00050,1.0,True,True,True,https://sbolstandard.org/sbolv-10-years/acs-2017/,data/raw/website/2017.html
2017,July,1,DNAplotlib: Programmable Visualization of Genetic Designs and Associated Data,5,5,True,doi:10.1021/acssynbio.6b00252,10.1021/acssynbio.6b00252,1.0,True,True,True,https://sbolstandard.org/sbolv-10-years/acs-2017/,data/raw/website/2017.html
2017,July,2,SBOLDesigner 2: An Intuitive Tool for Structural Genetic Design,3,3,True,doi:10.1021/acssynbio.6b00275,10.1021/acssynbio.6b00275,1.0,True,True,True,https://sbolstandard.org/sbolv-10-years/acs-2017/,data/raw/website/2017.html
2017,July,3,A Validator and Converter for the Synthetic Biology Open Language,2,2,True,doi:10.1021/acssynbio.6b00277,10.1021/acssynbio.6b00277,1.0,True,True,True,https://sbolstandard.org/sbolv-10-years/acs-2017/,data/raw/website/2017.html
2017,July,4,Simulation Approach for Timing Analysis of Genetic Logic Circuits,2,2,True,doi:10.1021/acssynbio.6b00296,10.1021/acssynbio.6b00296,1.0,True,True,True,https://sbolstandard.org/sbolv-10-years/acs-2017/,data/raw/website/2017.html
2017,July,5,Automated Design Framework for Synthetic Biology Exploiting Pareto Optimality,1,1,True,doi:10.1021/acssynbio.6b00306,10.1021/acssynbio.6b00306,1.0,True,True,True,https://sbolstandard.org/sbolv-10-years/acs-2017/,data/raw/website/2017.html
2017,July,6,sbml-diff: A Tool for Visually Comparing SBML Models in Synthetic Biology,1,1,True,doi:10.1021/acssynbio.6b00273,10.1021/acssynbio.6b00273,1.0,True,True,True,https://sbolstandard.org/sbolv-10-years/acs-2017/,data/raw/website/2017.html
2017,July,7,Improvement of Squalene Production from CO2 in Synechococcus elongatus PCC 7942 by Metabolic Engineering and Scalable Production in a Photobioreactor,2,0,False,doi:10.1021/acssynbio.7b00083,10.1021/acssynbio.7b00083,1.0,True,True,True,https://sbolstandard.org/sbolv-10-years/acs-2017/,data/raw/website/2017.html
2017,July,8,Measurement of In Vivo Protein Binding Affinities in a Signaling Network with Mass Spectrometry,2,1,False,doi:10.1021/acssynbio.6b00282,10.1021/acssynbio.6b00282,1.0,True,True,True,https://sbolstandard.org/sbolv-10-years/acs-2017/,data/raw/website/2017.html
2017,July,9,Genome Engineering of Virulent Lactococcal Phages Using CRISPR-Cas9,3,0,False,doi:10.1021/acssynbio.6b00388,10.1021/acssynbio.6b00388,1.0,True,True,True,https://sbolstandard.org/sbolv-10-years/acs-2017/,data/raw/website/2017.html
2017,July,10,Deconvolution of Gene Expression Noise into Spatial Dynamics of Transcription Factor–Promoter Interplay,4,4,True,doi:10.1021/acssynbio.6b00397,10.1021/acssynbio.6b00397,1.0,True,True,True,https://sbolstandard.org/sbolv-10-years/acs-2017/,data/raw/website/2017.html
2017,July,11,EMMA: An Extensible Mammalian Modular Assembly Toolkit for the Rapid Design and Production of Diverse Expression Vectors,6,6,True,doi:10.1021/acssynbio.7b00016,10.1021/acssynbio.7b00016,1.0,True,True,True,https://sbolstandard.org/sbolv-10-years/acs-2017/,data/raw/website/2017.html
2017,July,12,Construction and Rescue of a Functional Synthetic Baculovirus,2,2,True,doi:10.1021/acssynbio.7b00028,10.1021/acssynbio.7b00028,1.0,True,True,True,https://sbolstandard.org/sbolv-10-years/acs-2017/,data/raw/website/2017.html
2017,July,13,Repurposing a Two-Component System-Based Biosensor for the Killing of Vibrio cholerae,2,2,True,doi:10.1021/acssynbio.7b00058,10.1021/acssynbio.7b00058,1.0,True,True,True,https://sbolstandard.org/sbolv-10-years/acs-2017/,data/raw/website/2017.html
2017,August,1,Amplifying Riboswitch Signal Output Using Cellular Wiring,2,2,True,doi:10.1021/acssynbio.6b00191,10.1021/acssynbio.6b00191,1.0,True,True,True,https://sbolstandard.org/sbolv-10-years/acs-2017/,data/raw/website/2017.html
2017,August,2,Rational Design of an Ultrasensitive Quorum-Sensing Switch,1,1,True,doi:10.1021/acssynbio.6b00367,10.1021/acssynbio.6b00367,1.0,True,True,True,https://sbolstandard.org/sbolv-10-years/acs-2017/,data/raw/website/2017.html
2017,August,3,Genome-Wide Abolishment of Mobile Genetic Elements Using Genome Shuffling and CRISPR/Cas-Assisted MAGE Allows the Efficient Stabilization of a Bacterial Chassis,1,1,True,doi:10.1021/acssynbio.6b00378,10.1021/acssynbio.6b00378,1.0,True,True,True,https://sbolstandard.org/sbolv-10-years/acs-2017/,data/raw/website/2017.html
2017,August,4,A New Improved and Extended Version of the Multicell Bacterial Simulator gro,1,1,True,doi:10.1021/acssynbio.7b00003,10.1021/acssynbio.7b00003,1.0,True,True,True,https://sbolstandard.org/sbolv-10-years/acs-2017/,data/raw/website/2017.html
2017,August,5,Synthetic Protein Scaffolds for Biosynthetic Pathway Colocalization on Lipid Droplet Membranes,2,2,True,doi:10.1021/acssynbio.7b00041,10.1021/acssynbio.7b00041,1.0,True,True,True,https://sbolstandard.org/sbolv-10-years/acs-2017/,data/raw/website/2017.html
2017,August,6,Programming Post-Translational Control over the Metabolic Labeling of Cellular Proteins with a Noncanonical Amino Acid,1,1,True,doi:10.1021/acssynbio.7b00100,10.1021/acssynbio.7b00100,1.0,True,True,True,https://sbolstandard.org/sbolv-10-years/acs-2017/,data/raw/website/2017.html
2017,August,7,Sort-Seq Approach to Engineering a Formaldehyde-Inducible Promoter for Dynamically Regulated Escherichia coli Growth on Methanol,1,1,True,doi:10.1021/acssynbio.7b00114,10.1021/acssynbio.7b00114,1.0,True,True,True,https://sbolstandard.org/sbolv-10-years/acs-2017/,data/raw/website/2017.html
2017,September,1,Engineering a Native Inducible Expression System in Shewanella oneidensis to Control Extracellular Electron Transfer,2,2,True,doi:10.1021/acssynbio.6b00349,10.1021/acssynbio.6b00349,1.0,True,True,True,https://sbolstandard.org/sbolv-10-years/acs-2017/,data/raw/website/2017.html
2017,September,2,Multiplex Genome Editing by Natural Transformation (MuGENT) for Synthetic Biology in Vibrio natriegens,2,2,True,doi:10.1021/acssynbio.7b00116,10.1021/acssynbio.7b00116,1.0,True,True,True,https://sbolstandard.org/sbolv-10-years/acs-2017/,data/raw/website/2017.html
2017,September,3,Rapid Generation of Universal Synthetic Promoters for Controlled Gene Expression in Both Gas-Fermenting and Saccharolytic Clostridium Species,2,1,False,doi:10.1021/acssynbio.7b00155,10.1021/acssynbio.7b00155,1.0,True,True,True,https://sbolstandard.org/sbolv-10-years/acs-2017/,data/raw/website/2017.html
2017,September,4,Mini Photobioreactors for in Vivo Real-Time Characterization and Evolutionary Tuning of Bacterial Optogenetic Circuit,1,0,False,doi:10.1021/acssynbio.7b00091,10.1021/acssynbio.7b00091,1.0,True,True,True,https://sbolstandard.org/sbolv-10-years/acs-2017/,data/raw/website/2017.html
2017,October,1,"Developing a Genetically Encoded, Cross-Species Biosensor for Detecting Ammonium and Regulating Biosynthesis of Cyanophycin",2,2,True,doi:10.1021/acssynbio.7b00069,10.1021/acssynbio.7b00069,1.0,True,True,True,https://sbolstandard.org/sbolv-10-years/acs-2017/,data/raw/website/2017.html
2017,October,2,Rapid and Programmable Protein Mutagenesis Using Plasmid Recombineering,2,2,True,doi:10.1021/acssynbio.7b00112,10.1021/acssynbio.7b00112,1.0,True,True,True,https://sbolstandard.org/sbolv-10-years/acs-2017/,data/raw/website/2017.html
2017,October,3,A Synthetic Circuit for Mercury Bioremediation Using Self-Assembling Functional Amyloids,1,0,False,doi:10.1021/acssynbio.7b00137,10.1021/acssynbio.7b00137,1.0,True,True,True,https://sbolstandard.org/sbolv-10-years/acs-2017/,data/raw/website/2017.html
2017,October,4,Fundamental Design Principles for Transcription-Factor-Based Metabolite Biosensors,3,0,False,doi:10.1021/acssynbio.7b00172,10.1021/acssynbio.7b00172,1.0,True,True,True,https://sbolstandard.org/sbolv-10-years/acs-2017/,data/raw/website/2017.html
2017,October,5,Evidence for Improved Encapsulated Pathway Behavior in a Bacterial Microcompartment through Shell Protein Engineering,1,1,True,doi:10.1021/acssynbio.7b00042,10.1021/acssynbio.7b00042,1.0,True,True,True,https://sbolstandard.org/sbolv-10-years/acs-2017/,data/raw/website/2017.html
2017,October,6,A Versatile Toolbox for the Control of Protein Levels Using Nε-Acetyl-l-lysine Dependent Amber Suppression,4,0,False,doi:10.1021/acssynbio.7b00048,10.1021/acssynbio.7b00048,1.0,True,True,True,https://sbolstandard.org/sbolv-10-years/acs-2017/,data/raw/website/2017.html
2017,October,7,"Engineered Control of Genetic Variability Reveals Interplay among Quorum Sensing, Feedback Regulation, and Biochemical Noise",1,1,True,doi:10.1021/acssynbio.7b00087,10.1021/acssynbio.7b00087,1.0,True,True,True,https://sbolstandard.org/sbolv-10-years/acs-2017/,data/raw/website/2017.html
2017,October,8,Multiple T-DNA Delivery to Plants Using Novel Mini Binary Vectors with Compatible Replication Origins,4,4,True,doi:10.1021/acssynbio.6b00354,10.1021/acssynbio.6b00354,1.0,True,True,True,https://sbolstandard.org/sbolv-10-years/acs-2017/,data/raw/website/2017.html
2017,October,9,Development of Chemical and Metabolite Sensors for Rhodococcus opacus PD630,1,1,True,doi:10.1021/acssynbio.7b00192,10.1021/acssynbio.7b00192,1.0,True,True,True,https://sbolstandard.org/sbolv-10-years/acs-2017/,data/raw/website/2017.html
2017,November,1,The Timing of Transcriptional Regulation in Synthetic Gene Circuits,3,0,False,doi:10.1021/acssynbio.7b00118,10.1021/acssynbio.7b00118,1.0,True,True,True,https://sbolstandard.org/sbolv-10-years/acs-2017/,data/raw/website/2017.html
2017,November,2,A Tug-of-War Mechanism for Pattern Formation in a Genetic Network,2,0,False,doi:10.1021/acssynbio.7b00077,10.1021/acssynbio.7b00077,1.0,True,True,True,https://sbolstandard.org/sbolv-10-years/acs-2017/,data/raw/website/2017.html
2017,November,3,A Small-Molecule Inducible Synthetic Circuit for Control of the SOS Gene Network without DNA Damage,1,1,True,doi:10.1021/acssynbio.7b00108,10.1021/acssynbio.7b00108,1.0,True,True,True,https://sbolstandard.org/sbolv-10-years/acs-2017/,data/raw/website/2017.html
2017,November,4,Orthogonal Ribosome Biofirewall,5,0,False,doi:10.1021/acssynbio.7b00148,10.1021/acssynbio.7b00148,1.0,True,True,True,https://sbolstandard.org/sbolv-10-years/acs-2017/,data/raw/website/2017.html
2017,November,5,Genetic Design via Combinatorial Constraint Specification,2,2,True,doi:10.1021/acssynbio.7b00154,10.1021/acssynbio.7b00154,1.0,True,True,True,https://sbolstandard.org/sbolv-10-years/acs-2017/,data/raw/website/2017.html
2017,November,6,"Systematic Approaches to Efficiently Produce 2,3-Butanediol in a Marine Cyanobacterium",1,1,True,doi:10.1021/acssynbio.7b00157,10.1021/acssynbio.7b00157,1.0,True,True,True,https://sbolstandard.org/sbolv-10-years/acs-2017/,data/raw/website/2017.html
2017,November,7,Construction of Recombinant Pdu Metabolosome Shells for Small Molecule Production in Corynebacterium glutamicum,2,2,True,doi:10.1021/acssynbio.7b00167,10.1021/acssynbio.7b00167,1.0,True,True,True,https://sbolstandard.org/sbolv-10-years/acs-2017/,data/raw/website/2017.html
2017,November,8,Dynamic Blue Light-Inducible T7 RNA Polymerases (Opto-T7RNAPs) for Precise Spatiotemporal Gene Expression Control,2,0,False,doi:10.1021/acssynbio.7b00169,10.1021/acssynbio.7b00169,1.0,True,True,True,https://sbolstandard.org/sbolv-10-years/acs-2017/,data/raw/website/2017.html
2017,December,1,Production of Functional Anti-Ebola Antibodies in Pichia pastoris,1,0,False,doi:10.1021/acssynbio.7b00234,10.1021/acssynbio.7b00234,1.0,True,True,True,https://sbolstandard.org/sbolv-10-years/acs-2017/,data/raw/website/2017.html
2017,December,2,Managing the SOS Response for Enhanced CRISPR-Cas-Based Recombineering in E. coli through Transient Inhibition of Host RecA Activity,1,0,False,doi:10.1021/acssynbio.7b00174,10.1021/acssynbio.7b00174,1.0,True,True,True,https://sbolstandard.org/sbolv-10-years/acs-2017/,data/raw/website/2017.html
2017,December,3,Leaf LIMS: A Flexible Laboratory Information Management System with a Synthetic Biology Focus,1,1,True,doi:10.1021/acssynbio.7b00212,10.1021/acssynbio.7b00212,1.0,True,True,True,https://sbolstandard.org/sbolv-10-years/acs-2017/,data/raw/website/2017.html
2017,December,4,Engineering Isoprene Synthase Expression and Activity in Cyanobacteria,1,1,True,doi:10.1021/acssynbio.7b00214,10.1021/acssynbio.7b00214,1.0,True,True,True,https://sbolstandard.org/sbolv-10-years/acs-2017/,data/raw/website/2017.html
2017,December,5,Genetic Constructor: An Online DNA Design Platform,2,0,False,doi:10.1021/acssynbio.7b00236,10.1021/acssynbio.7b00236,1.0,True,True,True,https://sbolstandard.org/sbolv-10-years/acs-2017/,data/raw/website/2017.html
2018,January,1,Multiplexed CRISPR/Cas9 Genome Editing and Gene Regulation Using Csy4 in Saccharomyces cerevisiae,3,0,False,doi:10.1021/acssynbio.7b00259,10.1021/acssynbio.7b00259,1.0,True,True,True,https://sbolstandard.org/sbolv-10-years/acs-2018/,data/raw/website/2018.html
2018,January,2,Design and Selection of a Synthetic Feedback Loop for Optimizing Biofuel Tolerance,2,0,False,doi:10.1021/acssynbio.7b00260,10.1021/acssynbio.7b00260,1.0,True,True,True,https://sbolstandard.org/sbolv-10-years/acs-2018/,data/raw/website/2018.html
2018,January,3,Dynamic Control of Aptamer–Ligand Activity Using Strand Displacement Reactions,2,2,True,doi:10.1021/acssynbio.7b00277,10.1021/acssynbio.7b00277,1.0,True,True,True,https://sbolstandard.org/sbolv-10-years/acs-2018/,data/raw/website/2018.html
2018,January,4,Reconfigurable Analog Signal Processing by Living Cells,1,0,False,doi:10.1021/acssynbio.7b00255,10.1021/acssynbio.7b00255,1.0,True,True,True,https://sbolstandard.org/sbolv-10-years/acs-2018/,data/raw/website/2018.html
2018,January,5,Corynebacterium glutamicum Chassis C1*: Building and Testing a Novel Platform Host for Synthetic Biology and Industrial Biotechnology,1,1,True,doi:10.1021/acssynbio.7b00261,10.1021/acssynbio.7b00261,1.0,True,True,True,https://sbolstandard.org/sbolv-10-years/acs-2018/,data/raw/website/2018.html
2018,January,6,A Modular Receptor Platform To Expand the Sensing Repertoire of Bacteria,3,1,False,doi:10.1021/acssynbio.7b00266,10.1021/acssynbio.7b00266,1.0,True,True,True,https://sbolstandard.org/sbolv-10-years/acs-2018/,data/raw/website/2018.html
2018,January,7,A Prototype for Modular Cell Engineering,4,4,True,doi:10.1021/acssynbio.7b00269,10.1021/acssynbio.7b00269,1.0,True,True,True,https://sbolstandard.org/sbolv-10-years/acs-2018/,data/raw/website/2018.html
2018,January,8,Engineering an E. coli Near-Infrared Light Sensor,2,2,True,doi:10.1021/acssynbio.7b00289,10.1021/acssynbio.7b00289,1.0,True,True,True,https://sbolstandard.org/sbolv-10-years/acs-2018/,data/raw/website/2018.html
2018,January,9,Development of a Pigment-Based Whole-Cell Zinc Biosensor for Human Serum,1,1,True,doi:10.1021/acssynbio.7b00292,10.1021/acssynbio.7b00292,1.0,True,True,True,https://sbolstandard.org/sbolv-10-years/acs-2018/,data/raw/website/2018.html
2018,February,1,Part by Part: Synthetic Biology Parts Used in Solventogenic Clostridia,2,2,True,doi:10.1021/acssynbio.7b00327,10.1021/acssynbio.7b00327,1.0,True,True,True,https://sbolstandard.org/sbolv-10-years/acs-2018/,data/raw/website/2018.html
2018,February,2,Gene-Mediated Chemical Communication in Synthetic Protocell Communities,1,1,True,doi:10.1021/acssynbio.7b00306,10.1021/acssynbio.7b00306,1.0,True,True,True,https://sbolstandard.org/sbolv-10-years/acs-2018/,data/raw/website/2018.html
2018,February,3,Metabolic Feedback Circuits Provide Rapid Control of Metabolite Dynamics,3,2,False,doi:10.1021/acssynbio.7b00342,10.1021/acssynbio.7b00342,1.0,True,True,True,https://sbolstandard.org/sbolv-10-years/acs-2018/,data/raw/website/2018.html
2018,February,4,Native and Engineered Clifednamide Biosynthesis in Multiple Streptomyces spp.,1,1,True,doi:10.1021/acssynbio.7b00349,10.1021/acssynbio.7b00349,1.0,True,True,True,https://sbolstandard.org/sbolv-10-years/acs-2018/,data/raw/website/2018.html
2018,February,5,High-CO2 Requirement as a Mechanism for the Containment of Genetically Modified Cyanobacteria,1,1,True,doi:10.1021/acssynbio.7b00377,10.1021/acssynbio.7b00377,1.0,True,True,True,https://sbolstandard.org/sbolv-10-years/acs-2018/,data/raw/website/2018.html
2018,February,6,Functional Characterization of Insulation Effect for Synthetic Gene Circuits in Mammalian Cells,3,0,False,doi:10.1021/acssynbio.7b00134,10.1021/acssynbio.7b00134,1.0,True,True,True,https://sbolstandard.org/sbolv-10-years/acs-2018/,data/raw/website/2018.html
2018,February,7,Perfect Adaptation and Optimal Equilibrium Productivity in a Simple Microbial Biofuel Metabolic Pathway Using Dynamic Integral Control,1,1,True,doi:10.1021/acssynbio.7b00188,10.1021/acssynbio.7b00188,1.0,True,True,True,https://sbolstandard.org/sbolv-10-years/acs-2018/,data/raw/website/2018.html
2018,February,8,TARSyn: Tunable Antibiotic Resistance Devices Enabling Bacterial Synthetic Evolution and Protein Production,5,5,True,doi:10.1021/acssynbio.7b00200,10.1021/acssynbio.7b00200,1.0,True,True,True,https://sbolstandard.org/sbolv-10-years/acs-2018/,data/raw/website/2018.html
2018,February,9,Sporobeads: The Utilization of the Bacillus subtilis Endospore Crust as a Protein Display Platform,2,1,False,doi:10.1021/acssynbio.7b00285,10.1021/acssynbio.7b00285,1.0,True,True,True,https://sbolstandard.org/sbolv-10-years/acs-2018/,data/raw/website/2018.html
2018,February,10,A Workflow for In Vivo Evaluation of Candidate Inputs and Outputs for Cell Classifier Gene Circuits,3,1,False,doi:10.1021/acssynbio.7b00303,10.1021/acssynbio.7b00303,1.0,True,True,True,https://sbolstandard.org/sbolv-10-years/acs-2018/,data/raw/website/2018.html
2018,February,11,An Autoregulated Fine-Tuning Strategy for Titer Improvement of Secondary Metabolites Using Native Promoters in Streptomyces,2,0,False,doi:10.1021/acssynbio.7b00318,10.1021/acssynbio.7b00318,1.0,True,True,True,https://sbolstandard.org/sbolv-10-years/acs-2018/,data/raw/website/2018.html
2018,February,12,Quantitatively Predictable Control of Cellular Protein Levels through Proteasomal Degradation,2,0,False,doi:10.1021/acssynbio.7b00325,10.1021/acssynbio.7b00325,1.0,True,True,True,https://sbolstandard.org/sbolv-10-years/acs-2018/,data/raw/website/2018.html
2018,February,13,Orthogonality and Burdens of Heterologous AND Gate Gene Circuits in E. coli,2,0,False,doi:10.1021/acssynbio.7b00328,10.1021/acssynbio.7b00328,1.0,True,True,True,https://sbolstandard.org/sbolv-10-years/acs-2018/,data/raw/website/2018.html
2018,February,14,New Intracellular Shikimic Acid Biosensor for Monitoring Shikimate Synthesis in Corynebacterium glutamicum,2,1,False,doi:10.1021/acssynbio.7b00339,10.1021/acssynbio.7b00339,1.0,True,True,True,https://sbolstandard.org/sbolv-10-years/acs-2018/,data/raw/website/2018.html
2018,February,15,Toward Predictable 5′UTRs in Saccharomyces cerevisiae: Development of a yUTR Calculator,4,1,False,doi:10.1021/acssynbio.7b00366,10.1021/acssynbio.7b00366,1.0,True,True,True,https://sbolstandard.org/sbolv-10-years/acs-2018/,data/raw/website/2018.html
2018,February,16,Reprogramming One-Carbon Metabolic Pathways To Decouple l-Serine Catabolism from Cell Growth in Corynebacterium glutamicum,2,1,False,doi:10.1021/acssynbio.7b00373,10.1021/acssynbio.7b00373,1.0,True,True,True,https://sbolstandard.org/sbolv-10-years/acs-2018/,data/raw/website/2018.html
2018,February,17,Photosynthetic Production of Sunscreen Shinorine Using an Engineered Cyanobacterium,1,1,True,doi:10.1021/acssynbio.7b00397,10.1021/acssynbio.7b00397,1.0,True,True,True,https://sbolstandard.org/sbolv-10-years/acs-2018/,data/raw/website/2018.html
2018,February,18,SynBioHub: A Standards-Enabled Design Repository for Synthetic Biology,1,1,True,doi:10.1021/acssynbio.7b00403,10.1021/acssynbio.7b00403,1.0,True,True,True,https://sbolstandard.org/sbolv-10-years/acs-2018/,data/raw/website/2018.html
2018,February,19,Biosynthesis of Orthogonal Molecules Using Ferredoxin and Ferredoxin-NADP+ Reductase Systems Enables Genetically Encoded PhyB Optogenetics,5,0,False,doi:10.1021/acssynbio.7b00413,10.1021/acssynbio.7b00413,1.0,True,True,True,https://sbolstandard.org/sbolv-10-years/acs-2018/,data/raw/website/2018.html
2018,February,20,Molecular Toolkit for Gene Expression Control and Genome Modification in Rhodococcus opacus PD630,1,0,False,doi:10.1021/acssynbio.7b00416,10.1021/acssynbio.7b00416,1.0,True,True,True,https://sbolstandard.org/sbolv-10-years/acs-2018/,data/raw/website/2018.html
2018,March,1,Labeling RNAs in Live Cells Using Malachite Green Aptamer Scaffolds as Fluorescent Probes,3,3,True,doi:10.1021/acssynbio.7b00237,10.1021/acssynbio.7b00237,1.0,True,True,True,https://sbolstandard.org/sbolv-10-years/acs-2018/,data/raw/website/2018.html
2018,March,2,Directed Evolution of Membrane Transport Using Synthetic Selections,1,1,True,doi:10.1021/acssynbio.7b00407,10.1021/acssynbio.7b00407,1.0,True,True,True,https://sbolstandard.org/sbolv-10-years/acs-2018/,data/raw/website/2018.html
2018,March,3,Rewiring Calcium Signaling for Precise Transcriptional Reprogramming,3,1,False,doi:10.1021/acssynbio.7b00467,10.1021/acssynbio.7b00467,1.0,True,True,True,https://sbolstandard.org/sbolv-10-years/acs-2018/,data/raw/website/2018.html
2018,March,4,Reconstructing Dynamic Promoter Activity Profiles from Reporter Gene Data,1,0,False,doi:10.1021/acssynbio.7b00223,10.1021/acssynbio.7b00223,1.0,True,True,True,https://sbolstandard.org/sbolv-10-years/acs-2018/,data/raw/website/2018.html
2018,March,5,Tandem Histone-Binding Domains Enhance the Activity of a Synthetic Chromatin Effector,2,0,False,doi:10.1021/acssynbio.7b00281,10.1021/acssynbio.7b00281,1.0,True,True,True,https://sbolstandard.org/sbolv-10-years/acs-2018/,data/raw/website/2018.html
2018,March,6,Multilevel Regulation of Bacterial Gene Expression with the Combined STAR and Antisense RNA System,3,1,False,doi:10.1021/acssynbio.7b00322,10.1021/acssynbio.7b00322,1.0,True,True,True,https://sbolstandard.org/sbolv-10-years/acs-2018/,data/raw/website/2018.html
2018,March,7,Expanding One-Pot Cell-Free Protein Synthesis and Immobilization for On-Demand Manufacturing of Biomaterials,1,1,True,doi:10.1021/acssynbio.7b00383,10.1021/acssynbio.7b00383,1.0,True,True,True,https://sbolstandard.org/sbolv-10-years/acs-2018/,data/raw/website/2018.html
2018,March,8,Modular Engineering Intracellular NADH Regeneration Boosts Extracellular Electron Transfer of Shewanella oneidensis MR-1,2,2,True,doi:10.1021/acssynbio.7b00390,10.1021/acssynbio.7b00390,1.0,True,True,True,https://sbolstandard.org/sbolv-10-years/acs-2018/,data/raw/website/2018.html
2018,March,9,Ratiometric Gas Reporting: A Nondisruptive Approach To Monitor Gene Expression in Soils,3,2,False,doi:10.1021/acssynbio.7b00405,10.1021/acssynbio.7b00405,1.0,True,True,True,https://sbolstandard.org/sbolv-10-years/acs-2018/,data/raw/website/2018.html
2018,April,1,Engineering a Dual Small Molecule Gated ZAP70 Switch in T Cells,1,1,True,doi:10.1021/acssynbio.7b00394,10.1021/acssynbio.7b00394,1.0,True,True,True,https://sbolstandard.org/sbolv-10-years/acs-2018/,data/raw/website/2018.html
2018,April,2,Cell-Free Optogenetic Gene Expression System,2,2,True,doi:10.1021/acssynbio.7b00422,10.1021/acssynbio.7b00422,1.0,True,True,True,https://sbolstandard.org/sbolv-10-years/acs-2018/,data/raw/website/2018.html
2018,April,3,A Rhamnose-Inducible System for Precise and Temporal Control of Gene Expression in Cyanobacteria,1,1,True,doi:10.1021/acssynbio.7b00435,10.1021/acssynbio.7b00435,1.0,True,True,True,https://sbolstandard.org/sbolv-10-years/acs-2018/,data/raw/website/2018.html
2018,April,4,T7 Polymerase Expression of Guide RNAs in vivo Allows Exportable CRISPR-Cas9 Editing in Multiple Yeast Hosts,1,0,False,doi:10.1021/acssynbio.7b00461,10.1021/acssynbio.7b00461,1.0,True,True,True,https://sbolstandard.org/sbolv-10-years/acs-2018/,data/raw/website/2018.html
2018,April,5,Engineered Production of Short-Chain Acyl-Coenzyme A Esters in Saccharomyces cerevisiae,1,0,False,doi:10.1021/acssynbio.7b00466,10.1021/acssynbio.7b00466,1.0,True,True,True,https://sbolstandard.org/sbolv-10-years/acs-2018/,data/raw/website/2018.html
2018,April,6,Generation of a Synthetic Human Chromosome with Two Centromeric Domains for Advanced Epigenetic Engineering Studies,4,0,False,doi:10.1021/acssynbio.8b00018,10.1021/acssynbio.8b00018,1.0,True,True,True,https://sbolstandard.org/sbolv-10-years/acs-2018/,data/raw/website/2018.html
2018,April,7,Development of a Plasmid-Free Biosynthetic Pathway for Enhanced Muconic Acid Production in Pseudomonas chlororaphis HT66,3,1,False,doi:10.1021/acssynbio.8b00047,10.1021/acssynbio.8b00047,1.0,True,True,True,https://sbolstandard.org/sbolv-10-years/acs-2018/,data/raw/website/2018.html
2018,May,1,Engineering the Ultrasensitive Transcription Factors by Fusing a Modular Oligomerization Domain,1,1,True,doi:10.1021/acssynbio.7b00414,10.1021/acssynbio.7b00414,1.0,True,True,True,https://sbolstandard.org/sbolv-10-years/acs-2018/,data/raw/website/2018.html
2018,May,2,Mathematical Modeling of RNA-Based Architectures for Closed Loop Control of Gene Expression,1,0,False,doi:10.1021/acssynbio.8b00040,10.1021/acssynbio.8b00040,1.0,True,True,True,https://sbolstandard.org/sbolv-10-years/acs-2018/,data/raw/website/2018.html
2018,May,3,Reprogramming Probiotic Lactobacillus reuteri as a Biosensor for Staphylococcus aureus Derived AIP-I Detection,2,0,False,doi:10.1021/acssynbio.8b00063,10.1021/acssynbio.8b00063,1.0,True,True,True,https://sbolstandard.org/sbolv-10-years/acs-2018/,data/raw/website/2018.html
2018,May,4,Exploring the Promiscuity of Phenol Hydroxylase from Pseudomonas stutzeri OX1 for the Biosynthesis of Phenolic Compounds,1,1,True,doi:10.1021/acssynbio.8b00067,10.1021/acssynbio.8b00067,1.0,True,True,True,https://sbolstandard.org/sbolv-10-years/acs-2018/,data/raw/website/2018.html
2018,May,5,Engineering Extracellular Expression Systems in Escherichia coli Based on Transcriptome Analysis and Cell Growth State,1,0,False,doi:10.1021/acssynbio.7b00400,10.1021/acssynbio.7b00400,1.0,True,True,True,https://sbolstandard.org/sbolv-10-years/acs-2018/,data/raw/website/2018.html
2018,May,6,Modularization and Response Curve Engineering of a Naringenin-Responsive Transcriptional Biosensor,5,1,False,doi:10.1021/acssynbio.7b00419,10.1021/acssynbio.7b00419,1.0,True,True,True,https://sbolstandard.org/sbolv-10-years/acs-2018/,data/raw/website/2018.html
2018,May,7,Overproduction of Fatty Acid Ethyl Esters by the Oleaginous Yeast Yarrowia lipolytica through Metabolic Engineering and Process Optimization,1,1,True,doi:10.1021/acssynbio.7b00453,10.1021/acssynbio.7b00453,1.0,True,True,True,https://sbolstandard.org/sbolv-10-years/acs-2018/,data/raw/website/2018.html
2018,May,8,An Automated Design Framework for Multicellular Recombinase Logic,3,2,False,doi:10.1021/acssynbio.8b00016,10.1021/acssynbio.8b00016,1.0,True,True,True,https://sbolstandard.org/sbolv-10-years/acs-2018/,data/raw/website/2018.html
2018,May,9,A Transcription Factor-Based Biosensor for Detection of Itaconic Acid,2,2,True,doi:10.1021/acssynbio.8b00057,10.1021/acssynbio.8b00057,1.0,True,True,True,https://sbolstandard.org/sbolv-10-years/acs-2018/,data/raw/website/2018.html
2018,June,1,Engineering a Functional Small RNA Negative Autoregulation Network with Model-Guided Design,2,0,False,doi:10.1021/acssynbio.7b00440,10.1021/acssynbio.7b00440,1.0,True,True,True,https://sbolstandard.org/sbolv-10-years/acs-2018/,data/raw/website/2018.html
2018,June,2,An Engineered Device for Indoleacetic Acid Production under Quorum Sensing Signals Enables Cupriavidus pinatubonensis JMP134 To Stimulate Plant Growth,1,1,True,doi:10.1021/acssynbio.8b00002,10.1021/acssynbio.8b00002,1.0,True,True,True,https://sbolstandard.org/sbolv-10-years/acs-2018/,data/raw/website/2018.html
2018,June,3,Probing Intercell Variability Using Bulk Measurements,1,0,False,doi:10.1021/acssynbio.8b00014,10.1021/acssynbio.8b00014,1.0,True,True,True,https://sbolstandard.org/sbolv-10-years/acs-2018/,data/raw/website/2018.html
2018,June,4,Tracking of Engineered Bacteria In Vivo Using Nonstandard Amino Acid Incorporation,1,1,True,doi:10.1021/acssynbio.8b00135,10.1021/acssynbio.8b00135,1.0,True,True,True,https://sbolstandard.org/sbolv-10-years/acs-2018/,data/raw/website/2018.html
2018,July,1,Rationalizing Context-Dependent Performance of Dynamic RNA Regulatory Devices,2,2,True,doi:10.1021/acssynbio.8b00041,10.1021/acssynbio.8b00041,1.0,True,True,True,https://sbolstandard.org/sbolv-10-years/acs-2018/,data/raw/website/2018.html
2018,July,2,Mutually Orthogonal DNA Replication Systems In Vivo,3,0,False,doi:10.1021/acssynbio.8b00195,10.1021/acssynbio.8b00195,1.0,True,True,True,https://sbolstandard.org/sbolv-10-years/acs-2018/,data/raw/website/2018.html
2018,July,3,Exploring the Nonconserved Sequence Space of Synthetic Expression Modules in Bacillus subtilis,1,1,True,doi:10.1021/acssynbio.8b00110,10.1021/acssynbio.8b00110,1.0,True,True,True,https://sbolstandard.org/sbolv-10-years/acs-2018/,data/raw/website/2018.html
2018,August,1,Predicting Transcriptional Output of Synthetic Multi-input Promoters,3,0,False,doi:10.1021/acssynbio.8b00165,10.1021/acssynbio.8b00165,1.0,True,True,True,https://sbolstandard.org/sbolv-10-years/acs-2018/,data/raw/website/2018.html
2018,August,2,Promoter Engineering for Enhanced P(3HB-co-4HB) Production by Halomonas bluephagenesis,2,0,False,doi:10.1021/acssynbio.8b00102,10.1021/acssynbio.8b00102,1.0,True,True,True,https://sbolstandard.org/sbolv-10-years/acs-2018/,data/raw/website/2018.html
2018,August,3,An Engineered Constitutive Promoter Set with Broad Activity Range for Cupriavidus necator H16,4,2,False,doi:10.1021/acssynbio.8b00136,10.1021/acssynbio.8b00136,1.0,True,True,True,https://sbolstandard.org/sbolv-10-years/acs-2018/,data/raw/website/2018.html
2018,August,4,Fluorescent Guide RNAs Facilitate Development of Layered Pol II-Driven CRISPR Circuits,3,0,False,doi:10.1021/acssynbio.8b00153,10.1021/acssynbio.8b00153,1.0,True,True,True,https://sbolstandard.org/sbolv-10-years/acs-2018/,data/raw/website/2018.html
2018,September,1,Human Artificial Chromosome with Regulated Centromere: A Tool for Genome and Cancer Studies,6,1,False,doi:10.1021/acssynbio.8b00230,10.1021/acssynbio.8b00230,1.0,True,True,True,https://sbolstandard.org/sbolv-10-years/acs-2018/,data/raw/website/2018.html
2018,September,2,A Biosensor Strategy for E. coli Based on Ligand-Dependent Stabilization,1,0,False,doi:10.1021/acssynbio.8b00052,10.1021/acssynbio.8b00052,1.0,True,True,True,https://sbolstandard.org/sbolv-10-years/acs-2018/,data/raw/website/2018.html
2018,September,3,Engineering Riboswitches in Vivo Using Dual Genetic Selection and Fluorescence-Activated Cell Sorting,1,0,False,doi:10.1021/acssynbio.8b00099,10.1021/acssynbio.8b00099,1.0,True,True,True,https://sbolstandard.org/sbolv-10-years/acs-2018/,data/raw/website/2018.html
2018,September,4,A Synthetic Microbial Operational Amplifier,4,0,False,doi:10.1021/acssynbio.8b00138,10.1021/acssynbio.8b00138,1.0,True,True,True,https://sbolstandard.org/sbolv-10-years/acs-2018/,data/raw/website/2018.html
2018,September,5,A Single-Component Optogenetic System Allows Stringent Switch of Gene Expression in Yeast Cells,2,0,False,doi:10.1021/acssynbio.8b00180,10.1021/acssynbio.8b00180,1.0,True,True,True,https://sbolstandard.org/sbolv-10-years/acs-2018/,data/raw/website/2018.html
2018,September,6,Birth of a Photosynthetic Chassis: A MoClo Toolkit Enabling Synthetic Biology in the Microalga Chlamydomonas reinhardtii,6,2,False,doi:10.1021/acssynbio.8b00251,10.1021/acssynbio.8b00251,1.0,True,True,True,https://sbolstandard.org/sbolv-10-years/acs-2018/,data/raw/website/2018.html
2018,September,7,Identification of Novel Cryptic Multifunctional Antimicrobial Peptides from the Human Stomach Enabled by a Computational–Experimental Platform,1,0,False,doi:10.1021/acssynbio.8b00084,10.1021/acssynbio.8b00084,1.0,True,True,True,https://sbolstandard.org/sbolv-10-years/acs-2018/,data/raw/website/2018.html
2018,September,8,A Split Transcriptional Repressor That Links Protein Solubility to an Orthogonal Genetic Circuit,4,0,False,doi:10.1021/acssynbio.8b00129,10.1021/acssynbio.8b00129,1.0,True,True,True,https://sbolstandard.org/sbolv-10-years/acs-2018/,data/raw/website/2018.html
2018,September,9,A Robust and Quantitative Reporter System To Evaluate Noncanonical Amino Acid Incorporation in Yeast,2,0,False,doi:10.1021/acssynbio.8b00260,10.1021/acssynbio.8b00260,1.0,True,True,True,https://sbolstandard.org/sbolv-10-years/acs-2018/,data/raw/website/2018.html
2018,September,10,Quorum Sensing Can Be Repurposed To Promote Information Transfer between Bacteria in the Mammalian Gut,1,1,True,doi:10.1021/acssynbio.8b00271,10.1021/acssynbio.8b00271,1.0,True,True,True,https://sbolstandard.org/sbolv-10-years/acs-2018/,data/raw/website/2018.html
2018,September,11,"Metabolic Engineering of Escherichia coli for Efficient Production of 2-Pyrone-4,6-dicarboxylic Acid from Glucose",2,0,False,doi:10.1021/acssynbio.8b00281,10.1021/acssynbio.8b00281,1.0,True,True,True,https://sbolstandard.org/sbolv-10-years/acs-2018/,data/raw/website/2018.html
2018,September,12,Large Scale Synthetic Site Saturation GPCR Libraries Reveal Novel Mutations That Alter Glucose Signaling,2,0,False,doi:10.1021/acssynbio.8b00118,10.1021/acssynbio.8b00118,1.0,True,True,True,https://sbolstandard.org/sbolv-10-years/acs-2018/,data/raw/website/2018.html
2018,October,1,A Genetically Encoded Protein Polymer for Uranyl Binding and Extraction Based on the SpyTag–SpyCatcher Chemistry,1,1,True,doi:10.1021/acssynbio.8b00223,10.1021/acssynbio.8b00223,1.0,True,True,True,https://sbolstandard.org/sbolv-10-years/acs-2018/,data/raw/website/2018.html
2018,October,2,A Genetically Encoded Biosensor for Monitoring Isoprene Production in Engineered Escherichia coli,3,1,False,doi:10.1021/acssynbio.8b00164,10.1021/acssynbio.8b00164,1.0,True,True,True,https://sbolstandard.org/sbolv-10-years/acs-2018/,data/raw/website/2018.html
2018,October,3,Artificial Repeat-Structured siRNA Precursors as Tunable Regulators for Saccharomyces cerevisiae,4,0,False,doi:10.1021/acssynbio.8b00185,10.1021/acssynbio.8b00185,1.0,True,True,True,https://sbolstandard.org/sbolv-10-years/acs-2018/,data/raw/website/2018.html
2018,October,4,"Enhancing Light-Driven 1,3-Propanediol Production by Using Natural Compartmentalization of Differentiated Cells",3,2,False,doi:10.1021/acssynbio.8b00239,10.1021/acssynbio.8b00239,1.0,True,True,True,https://sbolstandard.org/sbolv-10-years/acs-2018/,data/raw/website/2018.html
2018,November,1,Rational Control of Calcium Carbonate Precipitation by Engineered Escherichia coli,1,0,False,doi:10.1021/acssynbio.8b00194,10.1021/acssynbio.8b00194,1.0,True,True,True,https://sbolstandard.org/sbolv-10-years/acs-2018/,data/raw/website/2018.html
2018,November,2,Transcription Driven by Reversible Photocontrol of Hyperstable G-Quadruplexes,1,0,False,doi:10.1021/acssynbio.8b00216,10.1021/acssynbio.8b00216,1.0,True,True,True,https://sbolstandard.org/sbolv-10-years/acs-2018/,data/raw/website/2018.html
2018,November,3,Regulation of Gene Expression and Signaling Pathway Activity in Mammalian Cells by Automated Microfluidics Feedback Control,2,0,False,doi:10.1021/acssynbio.8b00235,10.1021/acssynbio.8b00235,1.0,True,True,True,https://sbolstandard.org/sbolv-10-years/acs-2018/,data/raw/website/2018.html
2018,November,4,Systematic Analysis of Bottlenecks in a Multibranched and Multilevel Regulated Pathway: The Molecular Fundamentals of l-Methionine Biosynthesis in Escherichia coli,1,0,False,doi:10.1021/acssynbio.8b00249,10.1021/acssynbio.8b00249,1.0,True,True,True,https://sbolstandard.org/sbolv-10-years/acs-2018/,data/raw/website/2018.html
2018,November,5,Retroelement-Based Genome Editing and Evolution,4,0,False,doi:10.1021/acssynbio.8b00273,10.1021/acssynbio.8b00273,1.0,True,True,True,https://sbolstandard.org/sbolv-10-years/acs-2018/,data/raw/website/2018.html
2018,November,6,Programming the Dynamic Control of Bacterial Gene Expression with a Chimeric Ligand- and Light-Based Promoter System,3,1,False,doi:10.1021/acssynbio.8b00280,10.1021/acssynbio.8b00280,1.0,True,True,True,https://sbolstandard.org/sbolv-10-years/acs-2018/,data/raw/website/2018.html
2018,November,7,A Yeast-Based Biosensor for Screening of Short- and Medium-Chain Fatty Acid Production,1,1,True,doi:10.1021/acssynbio.8b00309,10.1021/acssynbio.8b00309,1.0,True,True,True,https://sbolstandard.org/sbolv-10-years/acs-2018/,data/raw/website/2018.html
2018,November,8,Highly Multiplexed CRISPRi Repression of Respiratory Functions Enhances Mitochondrial Localized Ethyl Acetate Biosynthesis in Kluyveromyces marxianus,1,1,True,doi:10.1021/acssynbio.8b00331,10.1021/acssynbio.8b00331,1.0,True,True,True,https://sbolstandard.org/sbolv-10-years/acs-2018/,data/raw/website/2018.html
2018,November,9,Enhancing the Translational Capacity of E. coli by Resolving the Codon Bias,1,1,True,doi:10.1021/acssynbio.8b00332,10.1021/acssynbio.8b00332,1.0,True,True,True,https://sbolstandard.org/sbolv-10-years/acs-2018/,data/raw/website/2018.html
2018,December,1,Selective Enrichment of Slow-Growing Bacteria in a Metabolism-Wide CRISPRi Library with a TIMER Protein,1,1,True,doi:10.1021/acssynbio.8b00379,10.1021/acssynbio.8b00379,1.0,True,True,True,https://sbolstandard.org/sbolv-10-years/acs-2018/,data/raw/website/2018.html
2018,December,2,Cell-Based Biosensor with Dual Signal Outputs for Simultaneous Quantification of Phenylacetic Acid and Phenylethylamine,1,0,False,doi:10.1021/acssynbio.8b00416,10.1021/acssynbio.8b00416,1.0,True,True,True,https://sbolstandard.org/sbolv-10-years/acs-2018/,data/raw/website/2018.html
2018,December,3,A Genetic Circuit Compiler: Generating Combinatorial Genetic Circuits with Web Semantics and Inference,2,2,True,doi:10.1021/acssynbio.8b00201,10.1021/acssynbio.8b00201,1.0,True,True,True,https://sbolstandard.org/sbolv-10-years/acs-2018/,data/raw/website/2018.html
2018,December,4,Genomic Deoxyxylulose Phosphate Reductoisomerase (DXR) Mutations Conferring Resistance to the Antimalarial Drug Fosmidomycin in E. coli,1,0,False,doi:10.1021/acssynbio.8b00219,10.1021/acssynbio.8b00219,1.0,True,True,True,https://sbolstandard.org/sbolv-10-years/acs-2018/,data/raw/website/2018.html
2018,December,5,An Optimized Bistable Metabolic Switch To Decouple Phenotypic States during Anaerobic Fermentation,4,1,False,doi:10.1021/acssynbio.8b00284,10.1021/acssynbio.8b00284,1.0,True,True,True,https://sbolstandard.org/sbolv-10-years/acs-2018/,data/raw/website/2018.html
2018,December,6,Sigma Factor-Mediated Tuning of Bacterial Cell-Free Synthetic Genetic Oscillators,3,3,True,doi:10.1021/acssynbio.8b00300,10.1021/acssynbio.8b00300,1.0,True,True,True,https://sbolstandard.org/sbolv-10-years/acs-2018/,data/raw/website/2018.html
2018,December,7,Phosphate Lock Residues of Acidothermus cellulolyticus Cas9 Are Critical to Its Substrate Specificity,2,1,False,doi:10.1021/acssynbio.8b00455,10.1021/acssynbio.8b00455,1.0,True,True,True,https://sbolstandard.org/sbolv-10-years/acs-2018/,data/raw/website/2018.html
2019,January,1,Designing Spatially Distributed Gene Regulatory Networks To Elicit Contrasting Patterns,1,0,False,doi:10.1021/acssynbio.8b00377,10.1021/acssynbio.8b00377,1.0,True,True,True,https://sbolstandard.org/sbolv-10-years/acs-2019/,data/raw/website/2019.html
2019,January,2,Machine Learning of Designed Translational Control Allows Predictive Pathway Optimization in Escherichia coli,2,2,True,doi:10.1021/acssynbio.8b00398,10.1021/acssynbio.8b00398,1.0,True,True,True,https://sbolstandard.org/sbolv-10-years/acs-2019/,data/raw/website/2019.html
2019,January,3,"Engineering the S-Layer of Caulobacter crescentus as a Foundation for Stable, High-Density, 2D Living Materials",1,0,False,doi:10.1021/acssynbio.8b00448,10.1021/acssynbio.8b00448,1.0,True,True,True,https://sbolstandard.org/sbolv-10-years/acs-2019/,data/raw/website/2019.html
2019,January,4,sboljs: Bringing the Synthetic Biology Open Language to the Web Browser,2,2,True,doi:10.1021/acssynbio.8b00338,10.1021/acssynbio.8b00338,1.0,True,True,True,https://sbolstandard.org/sbolv-10-years/acs-2019/,data/raw/website/2019.html
2019,February,1,Riboswitch Signal Amplification by Controlling Plasmid Copy Number,2,2,True,doi:10.1021/acssynbio.8b00454,10.1021/acssynbio.8b00454,1.0,True,True,True,https://sbolstandard.org/sbolv-10-years/acs-2019/,data/raw/website/2019.html
2019,February,2,Building Microbial Hosts for Heterologous Production of N-Methylpyrrolinium,2,0,False,doi:10.1021/acssynbio.8b00483,10.1021/acssynbio.8b00483,1.0,True,True,True,https://sbolstandard.org/sbolv-10-years/acs-2019/,data/raw/website/2019.html
2019,February,3,A Regulatory NADH/NAD+ Redox Biosensor for Bacteria,1,1,True,doi:10.1021/acssynbio.8b00485,10.1021/acssynbio.8b00485,1.0,True,True,True,https://sbolstandard.org/sbolv-10-years/acs-2019/,data/raw/website/2019.html
2019,February,4,Chimeric LysR-Type Transcriptional Biosensors for Customizing Ligand Specificity Profiles toward Flavonoids,7,0,False,doi:10.1021/acssynbio.8b00326,10.1021/acssynbio.8b00326,1.0,True,True,True,https://sbolstandard.org/sbolv-10-years/acs-2019/,data/raw/website/2019.html
2019,February,5,CRISPR/Cas9-Based Genome Editing in the Filamentous Fungus Fusarium fujikuroi and Its Application in Strain Engineering for Gibberellic Acid Production,2,2,True,doi:10.1021/acssynbio.8b00478,10.1021/acssynbio.8b00478,1.0,True,True,True,https://sbolstandard.org/sbolv-10-years/acs-2019/,data/raw/website/2019.html
2019,March,1,Characterizing Transcriptional Interference between Converging Genes in Bacteria,4,4,True,doi:10.1021/acssynbio.8b00477,10.1021/acssynbio.8b00477,1.0,True,True,True,https://sbolstandard.org/sbolv-10-years/acs-2019/,data/raw/website/2019.html
2019,March,2,Construction of a Nonnatural C60 Carotenoid Biosynthetic Pathway,5,5,True,doi:10.1021/acssynbio.8b00385,10.1021/acssynbio.8b00385,1.0,True,True,True,https://sbolstandard.org/sbolv-10-years/acs-2019/,data/raw/website/2019.html
2019,March,3,Synthetic Genome Defenses against Selfish DNA Elements Stabilize Engineered Bacteria against Evolutionary Failure,7,7,True,doi:10.1021/acssynbio.8b00426,10.1021/acssynbio.8b00426,1.0,True,True,True,https://sbolstandard.org/sbolv-10-years/acs-2019/,data/raw/website/2019.html
2019,March,4,"An Artificial Biosynthetic Pathway for 2-Amino-1,3-Propanediol Production Using Metabolically Engineered Escherichia coli",2,0,False,doi:10.1021/acssynbio.8b00466,10.1021/acssynbio.8b00466,1.0,True,True,True,https://sbolstandard.org/sbolv-10-years/acs-2019/,data/raw/website/2019.html
2019,March,5,"Metabolic Engineering of a Homoserine-Derived Non-Natural Pathway for the De NovoProduction of 1,3-Propanediol from Glucose",4,0,False,doi:10.1021/acssynbio.9b00003,10.1021/acssynbio.9b00003,1.0,True,True,True,https://sbolstandard.org/sbolv-10-years/acs-2019/,data/raw/website/2019.html
2019,March,6,Modulating Responses of Toehold Switches by an Inhibitory Hairpin,2,0,False,doi:10.1021/acssynbio.8b00488,10.1021/acssynbio.8b00488,1.0,True,True,True,https://sbolstandard.org/sbolv-10-years/acs-2019/,data/raw/website/2019.html
2019,March,7,Construction of Incoherent Feedforward Loop Circuits in a Cell-Free System and in Cells,2,2,True,doi:10.1021/acssynbio.8b00493,10.1021/acssynbio.8b00493,1.0,True,True,True,https://sbolstandard.org/sbolv-10-years/acs-2019/,data/raw/website/2019.html
2019,April,1,Developing Riboswitch-Mediated Gene Regulatory Controls in Thermophilic Bacteria,2,1,False,doi:10.1021/acssynbio.8b00487,10.1021/acssynbio.8b00487,1.0,True,True,True,https://sbolstandard.org/sbolv-10-years/acs-2019/,data/raw/website/2019.html
2019,April,2,Spatiotemporal Gene Repression System in the Heterocyst-Forming Multicellular Cyanobacterium Anabaena sp. PCC 7120,2,2,True,doi:10.1021/acssynbio.8b00496,10.1021/acssynbio.8b00496,1.0,True,True,True,https://sbolstandard.org/sbolv-10-years/acs-2019/,data/raw/website/2019.html
2019,April,3,Building an Inducible T7 RNA Polymerase/T7 Promoter Circuit in Synechocystis sp. PCC6803,4,1,False,doi:10.1021/acssynbio.8b00515,10.1021/acssynbio.8b00515,1.0,True,True,True,https://sbolstandard.org/sbolv-10-years/acs-2019/,data/raw/website/2019.html
2019,April,4,Modeling Genetic Circuit Behavior in Transiently Transfected Mammalian Cells,3,3,True,doi:10.1021/acssynbio.8b00166,10.1021/acssynbio.8b00166,1.0,True,True,True,https://sbolstandard.org/sbolv-10-years/acs-2019/,data/raw/website/2019.html
2019,April,5,An Expanded Synthetic Biology Toolkit for Gene Expression Control in Acetobacteraceae,6,0,False,doi:10.1021/acssynbio.8b00168,10.1021/acssynbio.8b00168,1.0,True,True,True,https://sbolstandard.org/sbolv-10-years/acs-2019/,data/raw/website/2019.html
2019,April,6,Direct Aromatic Nitration System for Synthesis of Nitrotryptophans in Escherichia coli,1,1,True,doi:10.1021/acssynbio.8b00534,10.1021/acssynbio.8b00534,1.0,True,True,True,https://sbolstandard.org/sbolv-10-years/acs-2019/,data/raw/website/2019.html
2019,April,7,PLANT-Dx: A Molecular Diagnostic for Point-of-Use Detection of Plant Pathogens,1,0,False,doi:10.1021/acssynbio.8b00526,10.1021/acssynbio.8b00526,1.0,True,True,True,https://sbolstandard.org/sbolv-10-years/acs-2019/,data/raw/website/2019.html
2019,April,8,Rapid Assembly of gRNA Arrays via Modular Cloning in Yeast,2,0,False,doi:10.1021/acssynbio.9b00041,10.1021/acssynbio.9b00041,1.0,True,True,True,https://sbolstandard.org/sbolv-10-years/acs-2019/,data/raw/website/2019.html
2019,May,1,Core Catalysis of the Reductive Glycine Pathway Demonstrated in Yeast,1,0,False,doi:10.1021/acssynbio.8b00464,10.1021/acssynbio.8b00464,1.0,True,True,True,https://sbolstandard.org/sbolv-10-years/acs-2019/,data/raw/website/2019.html
2019,May,2,Endocytosing Escherichia coli as a Whole-Cell Biocatalyst of Fatty Acids,2,0,False,doi:10.1021/acssynbio.8b00519,10.1021/acssynbio.8b00519,1.0,True,True,True,https://sbolstandard.org/sbolv-10-years/acs-2019/,data/raw/website/2019.html
2019,May,3,Genetic Incorporation of Noncanonical Amino Acids Using Two Mutually Orthogonal Quadruplet Codons,1,0,False,doi:10.1021/acssynbio.9b00051,10.1021/acssynbio.9b00051,1.0,True,True,True,https://sbolstandard.org/sbolv-10-years/acs-2019/,data/raw/website/2019.html
2019,May,4,"Rapid, Heuristic Discovery and Design of Promoter Collections in Non-Model Microbes for Industrial Applications",1,1,True,doi:10.1021/acssynbio.9b00061,10.1021/acssynbio.9b00061,1.0,True,True,True,https://sbolstandard.org/sbolv-10-years/acs-2019/,data/raw/website/2019.html
2019,June,1,Design and Evaluation of Synthetic Terminators for Regulating Mammalian Cell Transgene Expression,1,0,False,doi:10.1021/acssynbio.8b00285,10.1021/acssynbio.8b00285,1.0,True,True,True,https://sbolstandard.org/sbolv-10-years/acs-2019/,data/raw/website/2019.html
2019,June,2,Guiding Biomolecular Interactions in Cells Using de Novo Protein–Protein Interfaces,5,0,False,doi:10.1021/acssynbio.8b00501,10.1021/acssynbio.8b00501,1.0,True,True,True,https://sbolstandard.org/sbolv-10-years/acs-2019/,data/raw/website/2019.html
2019,June,3,Expanding the Isoprenoid Building Block Repertoire with an IPP Methyltransferase from Streptomyces monomycini,1,0,False,doi:10.1021/acssynbio.8b00525,10.1021/acssynbio.8b00525,1.0,True,True,True,https://sbolstandard.org/sbolv-10-years/acs-2019/,data/raw/website/2019.html
2019,June,4,Engineering Adenylate Cyclase Activated by Near-Infrared Window Light for Mammalian Optogenetic Applications,2,1,False,doi:10.1021/acssynbio.8b00528,10.1021/acssynbio.8b00528,1.0,True,True,True,https://sbolstandard.org/sbolv-10-years/acs-2019/,data/raw/website/2019.html
2019,June,5,Lessons from Two Design–Build–Test–Learn Cycles of Dodecanol Production in Escherichia coli Aided by Machine Learning,3,3,True,doi:10.1021/acssynbio.9b00020,10.1021/acssynbio.9b00020,1.0,True,True,True,https://sbolstandard.org/sbolv-10-years/acs-2019/,data/raw/website/2019.html
2019,June,6,Intracellular Noise Level Determines Ratio Control Strategy Confined by Speed–Accuracy Trade-off,1,0,False,doi:10.1021/acssynbio.9b00030,10.1021/acssynbio.9b00030,1.0,True,True,True,https://sbolstandard.org/sbolv-10-years/acs-2019/,data/raw/website/2019.html
2019,June,7,RiboCas: A Universal CRISPR-Based Editing Tool for Clostridium,3,0,False,doi:10.1021/acssynbio.9b00075,10.1021/acssynbio.9b00075,1.0,True,True,True,https://sbolstandard.org/sbolv-10-years/acs-2019/,data/raw/website/2019.html
2019,June,8,Development of a Genetically Encoded Biosensor for Detection of Polyketide Synthase Extender Units in Escherichia coli,2,0,False,doi:10.1021/acssynbio.9b00078,10.1021/acssynbio.9b00078,1.0,True,True,True,https://sbolstandard.org/sbolv-10-years/acs-2019/,data/raw/website/2019.html
2019,June,9,Engineered Reversal of Function in Glycolytic Yeast Promoters,1,0,False,doi:10.1021/acssynbio.9b00027,10.1021/acssynbio.9b00027,1.0,True,True,True,https://sbolstandard.org/sbolv-10-years/acs-2019/,data/raw/website/2019.html
2019,June,10,Characterization of a Panel of Strong Constitutive Promoters from Streptococcus thermophilus for Fine-Tuning Gene Expression,1,0,False,doi:10.1021/acssynbio.9b00045,10.1021/acssynbio.9b00045,1.0,True,True,True,https://sbolstandard.org/sbolv-10-years/acs-2019/,data/raw/website/2019.html
2019,July,1,An Automated Biomodel Selection System (BMSS) for Gene Circuit Designs,3,3,True,doi:10.1021/acssynbio.8b00523,10.1021/acssynbio.8b00523,1.0,True,True,True,https://sbolstandard.org/sbolv-10-years/acs-2019/,data/raw/website/2019.html
2019,July,2,SBOL-OWL: An Ontological Approach for Formal and Semantic Representation of Synthetic Biology Information,4,4,True,doi:10.1021/acssynbio.8b00532,10.1021/acssynbio.8b00532,1.0,True,True,True,https://sbolstandard.org/sbolv-10-years/acs-2019/,data/raw/website/2019.html
2019,July,3,pySBOL: A Python Package for Genetic Design Automation and Standardization,1,1,True,doi:10.1021/acssynbio.8b00336,10.1021/acssynbio.8b00336,1.0,True,True,True,https://sbolstandard.org/sbolv-10-years/acs-2019/,data/raw/website/2019.html
2019,July,4,Specifying Combinatorial Designs with the Synthetic Biology Open Language (SBOL),2,2,True,doi:10.1021/acssynbio.9b00092,10.1021/acssynbio.9b00092,1.0,True,True,True,https://sbolstandard.org/sbolv-10-years/acs-2019/,data/raw/website/2019.html
2019,July,5,A Computational Workflow for the Automated Generation of Models of Genetic Designs,8,8,True,doi:10.1021/acssynbio.7b00459,10.1021/acssynbio.7b00459,1.0,True,True,True,https://sbolstandard.org/sbolv-10-years/acs-2019/,data/raw/website/2019.html
2019,July,6,Design Principles for Compartmentalization and Spatial Organization of Synthetic Genetic Circuits,1,0,False,doi:10.1021/acssynbio.8b00522,10.1021/acssynbio.8b00522,1.0,True,True,True,https://sbolstandard.org/sbolv-10-years/acs-2019/,data/raw/website/2019.html
2019,July,7,An Engineered B. subtilis Inducible Promoter System with over 10 000-Fold Dynamic Range,1,1,True,doi:10.1021/acssynbio.8b00469,10.1021/acssynbio.8b00469,1.0,True,True,True,https://sbolstandard.org/sbolv-10-years/acs-2019/,data/raw/website/2019.html
2019,August,1,"Synthetic, Context-Dependent Microbial Consortium of Predator and Prey",2,2,True,doi:10.1021/acssynbio.9b00110,10.1021/acssynbio.9b00110,1.0,True,True,True,https://sbolstandard.org/sbolv-10-years/acs-2019/,data/raw/website/2019.html
2019,August,2,Inducible Gene Switches with Memory in Human T Cells for Cellular Immunotherapy,4,4,True,doi:10.1021/acssynbio.8b00512,10.1021/acssynbio.8b00512,1.0,True,True,True,https://sbolstandard.org/sbolv-10-years/acs-2019/,data/raw/website/2019.html
2019,August,3,Decorating the Outer Surface of Microbially Produced Protein Nanowires with Peptides,2,0,False,doi:10.1021/acssynbio.9b00131,10.1021/acssynbio.9b00131,1.0,True,True,True,https://sbolstandard.org/sbolv-10-years/acs-2019/,data/raw/website/2019.html
2019,August,4,Communicating Structure and Function in Synthetic Biology Diagrams,7,7,True,doi:10.1021/acssynbio.9b00139,10.1021/acssynbio.9b00139,1.0,True,True,True,https://sbolstandard.org/sbolv-10-years/acs-2019/,data/raw/website/2019.html
2019,August,5,Producing Gram-Scale Unnatural Rosavin Analogues from Glucose by Engineered Escherichia coli,2,0,False,doi:10.1021/acssynbio.9b00219,10.1021/acssynbio.9b00219,1.0,True,True,True,https://sbolstandard.org/sbolv-10-years/acs-2019/,data/raw/website/2019.html
2019,September,1,Development of a Vanillate Biosensor for the Vanillin Biosynthesis Pathway in E. coli,2,1,False,doi:10.1021/acssynbio.9b00071,10.1021/acssynbio.9b00071,1.0,True,True,True,https://sbolstandard.org/sbolv-10-years/acs-2019/,data/raw/website/2019.html
2019,September,2,A Model for the Spatiotemporal Design of Gene Regulatory Circuits,2,2,True,doi:10.1021/acssynbio.9b00022,10.1021/acssynbio.9b00022,1.0,True,True,True,https://sbolstandard.org/sbolv-10-years/acs-2019/,data/raw/website/2019.html
2019,September,3,Spatiotemporal Dynamics of Synthetic Microbial Consortia in Microfluidic Devices,1,0,False,doi:10.1021/acssynbio.9b00146,10.1021/acssynbio.9b00146,1.0,True,True,True,https://sbolstandard.org/sbolv-10-years/acs-2019/,data/raw/website/2019.html
2019,September,4,Genome Engineering of Eubacterium limosum Using Expanded Genetic Tools and the CRISPR-Cas9 System,1,1,True,doi:10.1021/acssynbio.9b00150,10.1021/acssynbio.9b00150,1.0,True,True,True,https://sbolstandard.org/sbolv-10-years/acs-2019/,data/raw/website/2019.html
2019,September,5,Synthetic Biology Tools for the Fast-Growing Marine Bacterium Vibrio natriegens,2,2,True,doi:10.1021/acssynbio.9b00176,10.1021/acssynbio.9b00176,1.0,True,True,True,https://sbolstandard.org/sbolv-10-years/acs-2019/,data/raw/website/2019.html
2019,September,6,Quantification of Interlaboratory Cell-Free Protein Synthesis Variability,1,1,True,doi:10.1021/acssynbio.9b00178,10.1021/acssynbio.9b00178,1.0,True,True,True,https://sbolstandard.org/sbolv-10-years/acs-2019/,data/raw/website/2019.html
2019,September,7,ynthetic Gene Circuits Enable Escherichia coli To Use Endogenous H2S as a Signaling Molecule for Quorum Sensing,5,5,True,doi:10.1021/acssynbio.9b00210,10.1021/acssynbio.9b00210,1.0,True,True,True,https://sbolstandard.org/sbolv-10-years/acs-2019/,data/raw/website/2019.html
2019,October,1,Low-Burden Biological Feedback Controllers for Near-Perfect Adaptation,1,1,True,doi:10.1021/acssynbio.9b00125,10.1021/acssynbio.9b00125,1.0,True,True,True,https://sbolstandard.org/sbolv-10-years/acs-2019/,data/raw/website/2019.html
2019,October,2,Amelioration of Diabetes in a Murine Model upon Transplantation of Pancreatic β-Cells with Optogenetic Control of Cyclic Adenosine Monophosphate,1,1,True,doi:10.1021/acssynbio.9b00262,10.1021/acssynbio.9b00262,1.0,True,True,True,https://sbolstandard.org/sbolv-10-years/acs-2019/,data/raw/website/2019.html
2019,October,3,Modular Thermal Control of Protein Dimerization,3,3,True,doi:10.1021/acssynbio.9b00275,10.1021/acssynbio.9b00275,1.0,True,True,True,https://sbolstandard.org/sbolv-10-years/acs-2019/,data/raw/website/2019.html
2019,October,4,SBOLExplorer: Data Infrastructure and Data Mining for Genetic Design Repositories,2,2,True,doi:10.1021/acssynbio.9b00089,10.1021/acssynbio.9b00089,1.0,True,True,True,https://sbolstandard.org/sbolv-10-years/acs-2019/,data/raw/website/2019.html
2019,October,5,Development of a Highly Sensitive Whole-Cell Biosensor for Arsenite Detection through Engineered Promoter Modifications,1,1,True,doi:10.1021/acssynbio.9b00093,10.1021/acssynbio.9b00093,1.0,True,True,True,https://sbolstandard.org/sbolv-10-years/acs-2019/,data/raw/website/2019.html
2019,October,6,Characterization and Engineering of a Clostridium Glycine Riboswitch and Its Use To Control a Novel Metabolic Pathway for 5-Aminolevulinic Acid Production in Escherichia coli,1,0,False,doi:10.1021/acssynbio.9b00137,10.1021/acssynbio.9b00137,1.0,True,True,True,https://sbolstandard.org/sbolv-10-years/acs-2019/,data/raw/website/2019.html
2019,October,7,Industrializing a Bacterial Strain for l-Serine Production through Translation Initiation Optimization,4,3,False,doi:10.1021/acssynbio.9b00169,10.1021/acssynbio.9b00169,1.0,True,True,True,https://sbolstandard.org/sbolv-10-years/acs-2019/,data/raw/website/2019.html
2019,October,8,An AND-Gated Drug and Photoactivatable Cre-loxP System for Spatiotemporal Control in Cell-Based Therapeutics,4,0,False,doi:10.1021/acssynbio.9b00175,10.1021/acssynbio.9b00175,1.0,True,True,True,https://sbolstandard.org/sbolv-10-years/acs-2019/,data/raw/website/2019.html
2019,October,9,"Semisynthesis of the Neuroprotective Metabolite, Serofendic Acid",3,3,True,doi:10.1021/acssynbio.9b00261,10.1021/acssynbio.9b00261,1.0,True,True,True,https://sbolstandard.org/sbolv-10-years/acs-2019/,data/raw/website/2019.html
2019,October,10,Genetic Circuits To Detect Nanomaterial Triggered Toxicity through Engineered Heat Shock Response Mechanism,2,1,False,doi:10.1021/acssynbio.9b00291,10.1021/acssynbio.9b00291,1.0,True,True,True,https://sbolstandard.org/sbolv-10-years/acs-2019/,data/raw/website/2019.html
2019,October,11,Production of Phytochromes by High-Cell-Density E. coli Fermentation,1,0,False,doi:10.1021/acssynbio.9b00267,10.1021/acssynbio.9b00267,1.0,True,True,True,https://sbolstandard.org/sbolv-10-years/acs-2019/,data/raw/website/2019.html
2019,November,1,Model-Driven Engineering of N-Linked Glycosylation in Chinese Hamster Ovary Cells,2,2,True,doi:10.1021/acssynbio.9b00215,10.1021/acssynbio.9b00215,1.0,True,True,True,https://sbolstandard.org/sbolv-10-years/acs-2019/,data/raw/website/2019.html
2019,November,2,In Vitro Transcriptional Regulation via Nucleic-Acid-Based Transcription Factors,4,2,False,doi:10.1021/acssynbio.9b00242,10.1021/acssynbio.9b00242,1.0,True,True,True,https://sbolstandard.org/sbolv-10-years/acs-2019/,data/raw/website/2019.html
2019,December,1,Advancing CRISPR-Based Programmable Platforms beyond Genome Editing in Mammalian Cells,1,0,False,doi:10.1021/acssynbio.9b00297,10.1021/acssynbio.9b00297,1.0,True,True,True,https://sbolstandard.org/sbolv-10-years/acs-2019/,data/raw/website/2019.html
2019,December,2,Detecting Changes in the Caenorhabditis elegans Intestinal Environment Using an Engineered Bacterial Biosensor,1,1,True,doi:10.1021/acssynbio.9b00166,10.1021/acssynbio.9b00166,1.0,True,True,True,https://sbolstandard.org/sbolv-10-years/acs-2019/,data/raw/website/2019.html
2019,December,3,Seeded Chain-Growth Polymerization of Proteins in Living Bacterial Cells,1,0,False,doi:10.1021/acssynbio.9b00362,10.1021/acssynbio.9b00362,1.0,True,True,True,https://sbolstandard.org/sbolv-10-years/acs-2019/,data/raw/website/2019.html
2019,December,4,Pregnenolone Overproduction in Yarrowia lipolytica by Integrative Components Pairing of the Cytochrome P450scc System,2,2,True,doi:10.1021/acssynbio.9b00018,10.1021/acssynbio.9b00018,1.0,True,True,True,https://sbolstandard.org/sbolv-10-years/acs-2019/,data/raw/website/2019.html
2019,December,5,Switching the Ligand Specificity of the Biosensor XylS from meta to para-Toluic Acid through Directed Evolution Exploiting a Dual Selection System,1,1,True,doi:10.1021/acssynbio.9b00237,10.1021/acssynbio.9b00237,1.0,True,True,True,https://sbolstandard.org/sbolv-10-years/acs-2019/,data/raw/website/2019.html
2019,December,6,Engineering New Branches of the Kynurenine Pathway To Produce Oxo-(2-aminophenyl) and Quinoline Scaffolds in Yeast,1,1,True,doi:10.1021/acssynbio.9b00368,10.1021/acssynbio.9b00368,1.0,True,True,True,https://sbolstandard.org/sbolv-10-years/acs-2019/,data/raw/website/2019.html
2019,December,7,Organism Engineering for the Bioproduction of the Triaminotrinitrobenzene (TATB) Precursor Phloroglucinol (PG),1,1,True,doi:10.1021/acssynbio.9b00393,10.1021/acssynbio.9b00393,1.0,True,True,True,https://sbolstandard.org/sbolv-10-years/acs-2019/,data/raw/website/2019.html
2020,January,1,Point-of-Use Detection of Environmental Fluoride via a Cell-Free Riboswitch-Based Biosensor,3,0,False,doi:10.1021/acssynbio.9b00347,10.1021/acssynbio.9b00347,1.0,True,True,True,https://sbolstandard.org/sbolv-10-years/acs-2020/,data/raw/website/2020.html
2020,January,2,Design of Mammalian ON-Riboswitches Based on Tandemly Fused Aptamer and Ribozyme,1,1,True,doi:10.1021/acssynbio.9b00371,10.1021/acssynbio.9b00371,1.0,True,True,True,https://sbolstandard.org/sbolv-10-years/acs-2020/,data/raw/website/2020.html
2020,January,3,"Identification, Characterization, and Application of a Highly Sensitive Lactam Biosensor from Pseudomonas putida",3,0,False,doi:10.1021/acssynbio.9b00292,10.1021/acssynbio.9b00292,1.0,True,True,True,https://sbolstandard.org/sbolv-10-years/acs-2020/,data/raw/website/2020.html
2020,January,4,Artificial Cells Capable of Long-Lived Protein Synthesis by Using Aptamer Grafted Polymer Hydrogel,1,0,False,doi:10.1021/acssynbio.9b00338,10.1021/acssynbio.9b00338,1.0,True,True,True,https://sbolstandard.org/sbolv-10-years/acs-2020/,data/raw/website/2020.html
2020,January,5,"Design of a Transcriptional Biosensor for the Portable, On-Demand Detection of Cyanuric Acid",3,3,True,doi:10.1021/acssynbio.9b00348,10.1021/acssynbio.9b00348,1.0,True,True,True,https://sbolstandard.org/sbolv-10-years/acs-2020/,data/raw/website/2020.html
2020,January,6,Multiple-Site Diversification of Regulatory Sequences Enables Interspecies Operability of Genetic Devices,3,3,True,doi:10.1021/acssynbio.9b00375,10.1021/acssynbio.9b00375,1.0,True,True,True,https://sbolstandard.org/sbolv-10-years/acs-2020/,data/raw/website/2020.html
2020,January,7,Tunable Repression of Key Photosynthetic Processes Using Cas12a CRISPR Interference in the Fast-Growing Cyanobacterium Synechococcus sp. UTEX 2973,3,2,False,doi:10.1021/acssynbio.9b00417,10.1021/acssynbio.9b00417,1.0,True,True,True,https://sbolstandard.org/sbolv-10-years/acs-2020/,data/raw/website/2020.html
2020,January,8,Cell-Free Protein Synthesis as a Prototyping Platform for Mammalian Synthetic Biology,5,5,True,doi:10.1021/acssynbio.9b00437,10.1021/acssynbio.9b00437,1.0,True,True,True,https://sbolstandard.org/sbolv-10-years/acs-2020/,data/raw/website/2020.html
2020,January,9,Orthogonal Protein-Responsive mRNA Switches for Mammalian Synthetic Biology,1,0,False,doi:10.1021/acssynbio.9b00343,10.1021/acssynbio.9b00343,1.0,True,True,True,https://sbolstandard.org/sbolv-10-years/acs-2020/,data/raw/website/2020.html
2020,January,10,mpCRISTAR: Multiple Plasmid Approach for CRISPR/Cas9 and TAR-Mediated Multiplexed Refactoring of Natural Product Biosynthetic Gene Clusters,2,0,False,doi:10.1021/acssynbio.9b00382,10.1021/acssynbio.9b00382,1.0,True,True,True,https://sbolstandard.org/sbolv-10-years/acs-2020/,data/raw/website/2020.html
2020,February,1,High-Resolution Scanning of Optimal Biosensor Reporter Promoters in Yeast,3,1,False,doi:10.1021/acssynbio.9b00333,10.1021/acssynbio.9b00333,1.0,True,True,True,https://sbolstandard.org/sbolv-10-years/acs-2020/,data/raw/website/2020.html
2020,February,2,Light-Inducible Recombinases for Bacterial Optogenetics,2,0,False,doi:10.1021/acssynbio.9b00395,10.1021/acssynbio.9b00395,1.0,True,True,True,https://sbolstandard.org/sbolv-10-years/acs-2020/,data/raw/website/2020.html
2020,February,3,Engineering a DNAzyme-Based Operon System for the Production of DNA Nanoscaffolds in Living Bacteria,3,2,False,doi:10.1021/acssynbio.9b00415,10.1021/acssynbio.9b00415,1.0,True,True,True,https://sbolstandard.org/sbolv-10-years/acs-2020/,data/raw/website/2020.html
2020,February,4,Heterologous Production of Lasso Peptide Capistruin in a Burkholderia Host,1,1,True,doi:10.1021/acssynbio.9b00438,10.1021/acssynbio.9b00438,1.0,True,True,True,https://sbolstandard.org/sbolv-10-years/acs-2020/,data/raw/website/2020.html
2020,February,5,Daisy Chain Topology Based Mammalian Synthetic Circuits for RNA-Only Delivery,9,9,True,doi:10.1021/acssynbio.9b00313,10.1021/acssynbio.9b00313,1.0,True,True,True,https://sbolstandard.org/sbolv-10-years/acs-2020/,data/raw/website/2020.html
2020,February,6,A Validamycin Shunt Pathway for Valienamine Synthesis in Engineered Streptomyces hygroscopicus 5008,1,1,True,doi:10.1021/acssynbio.9b00319,10.1021/acssynbio.9b00319,1.0,True,True,True,https://sbolstandard.org/sbolv-10-years/acs-2020/,data/raw/website/2020.html
2020,February,7,Metabolic Engineering of Clostridium cellulovorans to Improve Butanol Production by Consolidated Bioprocessing,2,2,True,doi:10.1021/acssynbio.9b00331,10.1021/acssynbio.9b00331,1.0,True,True,True,https://sbolstandard.org/sbolv-10-years/acs-2020/,data/raw/website/2020.html
2020,February,8,Codon Selection Affects Recruitment of Ribosome-Associating Factors during Translation,2,2,True,doi:10.1021/acssynbio.9b00344,10.1021/acssynbio.9b00344,1.0,True,True,True,https://sbolstandard.org/sbolv-10-years/acs-2020/,data/raw/website/2020.html
2020,February,9,A Multifunction Lipid-Based CRISPR-Cas13a Genetic Circuit Delivery System for Bladder Cancer Gene Therapy,1,1,True,doi:10.1021/acssynbio.9b00349,10.1021/acssynbio.9b00349,1.0,True,True,True,https://sbolstandard.org/sbolv-10-years/acs-2020/,data/raw/website/2020.html
2020,February,10,Genetic Encoding of Targeted Magnetic Resonance Imaging Contrast Agents for Tumor Imaging,1,0,False,doi:10.1021/acssynbio.9b00416,10.1021/acssynbio.9b00416,1.0,True,True,True,https://sbolstandard.org/sbolv-10-years/acs-2020/,data/raw/website/2020.html
2020,February,11,Active Analyte Import Improves the Dynamic Range and Sensitivity of a Vitamin B12 Biosensor,3,2,False,doi:10.1021/acssynbio.9b00429,10.1021/acssynbio.9b00429,1.0,True,True,True,https://sbolstandard.org/sbolv-10-years/acs-2020/,data/raw/website/2020.html
2020,February,12,Engineered Recombinant Escherichia coli Probiotic Strains Integrated with F4 and F18 Fimbriae Cluster Genes in the Chromosome and Their Assessment of Immunogenic Efficacy in Vivo,2,1,False,doi:10.1021/acssynbio.9b00430,10.1021/acssynbio.9b00430,1.0,True,True,True,https://sbolstandard.org/sbolv-10-years/acs-2020/,data/raw/website/2020.html
2020,February,13,De Novo Designed Protein-Interaction Modules for In-Cell Applications,3,3,True,doi:10.1021/acssynbio.9b00453,10.1021/acssynbio.9b00453,1.0,True,True,True,https://sbolstandard.org/sbolv-10-years/acs-2020/,data/raw/website/2020.html
2020,March,1,Site-Specific Post-translational Surface Modification of Adeno-Associated Virus Vectors Using Leucine Zippers,1,1,True,doi:10.1021/acssynbio.9b00341,10.1021/acssynbio.9b00341,1.0,True,True,True,https://sbolstandard.org/sbolv-10-years/acs-2020/,data/raw/website/2020.html
2020,March,2,Adenosine Triphosphate and Carbon Efficient Route to Second Generation Biofuel Isopentanol,1,0,False,doi:10.1021/acssynbio.9b00402,10.1021/acssynbio.9b00402,1.0,True,True,True,https://sbolstandard.org/sbolv-10-years/acs-2020/,data/raw/website/2020.html
2020,March,3,"Genetic Code Expansion, Protein Expression, and Protein Functionalization in Bacillus subtilis",4,0,False,doi:10.1021/acssynbio.9b00458,10.1021/acssynbio.9b00458,1.0,True,True,True,https://sbolstandard.org/sbolv-10-years/acs-2020/,data/raw/website/2020.html
2020,March,4,SPLIT: Stable Protein Coacervation Using a Light Induced Transition,1,0,False,doi:10.1021/acssynbio.9b00503,10.1021/acssynbio.9b00503,1.0,True,True,True,https://sbolstandard.org/sbolv-10-years/acs-2020/,data/raw/website/2020.html
2020,March,5,Linking Engineered Cells to Their Digital Twins: A Version Control System for Strain Engineering,1,0,False,doi:10.1021/acssynbio.9b00400,10.1021/acssynbio.9b00400,1.0,True,True,True,https://sbolstandard.org/sbolv-10-years/acs-2020/,data/raw/website/2020.html
2020,March,6,Directed Evolution of the Stringency of the LuxR Vibrio fischeri Quorum Sensor without OFF-State Selection,3,3,True,doi:10.1021/acssynbio.9b00444,10.1021/acssynbio.9b00444,1.0,True,True,True,https://sbolstandard.org/sbolv-10-years/acs-2020/,data/raw/website/2020.html
2020,March,7,Development of High-Performance Whole Cell Biosensors Aided by Statistical Modeling,5,0,False,doi:10.1021/acssynbio.9b00448,10.1021/acssynbio.9b00448,1.0,True,True,True,https://sbolstandard.org/sbolv-10-years/acs-2020/,data/raw/website/2020.html
2020,March,8,Development of a Quorum-Sensing Based Circuit for Control of Coculture Population Composition in a Naringenin Production System,1,1,True,doi:10.1021/acssynbio.9b00451,10.1021/acssynbio.9b00451,1.0,True,True,True,https://sbolstandard.org/sbolv-10-years/acs-2020/,data/raw/website/2020.html
2020,March,9,New Insight into Plasmid-Driven T7 RNA Polymerase in Escherichia coli and Use as a Genetic Amplifier for a Biosensor,3,1,False,doi:10.1021/acssynbio.9b00466,10.1021/acssynbio.9b00466,1.0,True,True,True,https://sbolstandard.org/sbolv-10-years/acs-2020/,data/raw/website/2020.html
2020,March,10,Expanding the CRISPR Toolbox in Culicine Mosquitoes: In Vitro Validation of Pol III Promoters,1,1,True,doi:10.1021/acssynbio.9b00436,10.1021/acssynbio.9b00436,1.0,True,True,True,https://sbolstandard.org/sbolv-10-years/acs-2020/,data/raw/website/2020.html
2020,April,1,A New Biosensor for Stilbenes and a Cannabinoid Enabled by Genome Mining of a Transcriptional Regulator,3,1,False,doi:10.1021/acssynbio.9b00443,10.1021/acssynbio.9b00443,1.0,True,True,True,https://sbolstandard.org/sbolv-10-years/acs-2020/,data/raw/website/2020.html
2020,April,2,Balancing Cell Populations Endowed with a Synthetic Toggle Switch via Adaptive Pulsatile Feedback Control,1,0,False,doi:10.1021/acssynbio.9b00464,10.1021/acssynbio.9b00464,1.0,True,True,True,https://sbolstandard.org/sbolv-10-years/acs-2020/,data/raw/website/2020.html
2020,April,3,Comparative Dose–Response Analysis of Inducible Promoters in Cyanobacteria,5,0,False,doi:10.1021/acssynbio.9b00505,10.1021/acssynbio.9b00505,1.0,True,True,True,https://sbolstandard.org/sbolv-10-years/acs-2020/,data/raw/website/2020.html
2020,April,4,"Systematic Tools for Reprogramming Plant Gene Expression in a Simple Model, Marchantia polymorpha",5,4,False,doi:10.1021/acssynbio.9b00511,10.1021/acssynbio.9b00511,1.0,True,True,True,https://sbolstandard.org/sbolv-10-years/acs-2020/,data/raw/website/2020.html
2020,April,5,Designing an Artificial Pathway for the Biosynthesis of a Novel Phenazine N-Oxide in Pseudomonas chlororaphis HT66,2,2,True,doi:10.1021/acssynbio.9b00515,10.1021/acssynbio.9b00515,1.0,True,True,True,https://sbolstandard.org/sbolv-10-years/acs-2020/,data/raw/website/2020.html
2020,April,6,Toolkit Development for Cyanogenic and Gold Biorecovery Chassis Chromobacterium violaceum,3,3,True,doi:10.1021/acssynbio.0c00064,10.1021/acssynbio.0c00064,1.0,True,True,True,https://sbolstandard.org/sbolv-10-years/acs-2020/,data/raw/website/2020.html
2020,April,7,SBOL Visual 2 Ontology,3,3,True,doi:10.1021/acssynbio.0c00046,10.1021/acssynbio.0c00046,1.0,True,True,True,https://sbolstandard.org/sbolv-10-years/acs-2020/,data/raw/website/2020.html
2020,May,1,"Multiplex Generation, Tracking, and Functional Screening of Substitution Mutants Using a CRISPR/Retron System",3,3,True,doi:10.1021/acssynbio.0c00002,10.1021/acssynbio.0c00002,1.0,True,True,True,https://sbolstandard.org/sbolv-10-years/acs-2020/,data/raw/website/2020.html
2020,May,2,A Synthetic Genetic Circuit Enables Precise Quantification of Direct Repeat Deletion in Bacteria,2,0,False,doi:10.1021/acssynbio.9b00256,10.1021/acssynbio.9b00256,1.0,True,True,True,https://sbolstandard.org/sbolv-10-years/acs-2020/,data/raw/website/2020.html
2020,May,3,A Synthetic Malonyl-CoA Metabolic Oscillator in Komagataella phaffii,4,4,True,doi:10.1021/acssynbio.9b00378,10.1021/acssynbio.9b00378,1.0,True,True,True,https://sbolstandard.org/sbolv-10-years/acs-2020/,data/raw/website/2020.html
2020,May,4,Determinants for Efficient Editing with Cas9-Mediated Recombineering in Escherichia coli,2,1,False,doi:10.1021/acssynbio.9b00440,10.1021/acssynbio.9b00440,1.0,True,True,True,https://sbolstandard.org/sbolv-10-years/acs-2020/,data/raw/website/2020.html
2020,May,5,A Coculture Based Tyrosine-Tyrosinase Electrochemical Gene Circuit for Connecting Cellular Communication with Electronic Networks,2,0,False,doi:10.1021/acssynbio.9b00469,10.1021/acssynbio.9b00469,1.0,True,True,True,https://sbolstandard.org/sbolv-10-years/acs-2020/,data/raw/website/2020.html
2020,May,6,"Engineering Stable Pseudomonas putida S12 by CRISPR for 2,5-Furandicarboxylic Acid (FDCA) Production",4,1,False,doi:10.1021/acssynbio.0c00006,10.1021/acssynbio.0c00006,1.0,True,True,True,https://sbolstandard.org/sbolv-10-years/acs-2020/,data/raw/website/2020.html
2020,May,7,A Novel Biosynthetic Pathway for the Production of Acrylic Acid through β-Alanine Route in Escherichia coli,3,3,True,doi:10.1021/acssynbio.0c00019,10.1021/acssynbio.0c00019,1.0,True,True,True,https://sbolstandard.org/sbolv-10-years/acs-2020/,data/raw/website/2020.html
2020,May,8,Introduction of the Menaquinone Biosynthetic Pathway into Rhodobacter sphaeroides and de Novo Synthesis of Menaquinone for Incorporation into Heterologously Expressed Integral Membrane Proteins,2,1,False,doi:10.1021/acssynbio.0c00066,10.1021/acssynbio.0c00066,1.0,True,True,True,https://sbolstandard.org/sbolv-10-years/acs-2020/,data/raw/website/2020.html
2020,June,1,Microbial Synthesis of Human-Hormone Melatonin at Gram Scales,1,0,False,doi:10.1021/acssynbio.0c00065,10.1021/acssynbio.0c00065,1.0,True,True,True,https://sbolstandard.org/sbolv-10-years/acs-2020/,data/raw/website/2020.html
2020,June,2,Comprehensive Analysis of Genomic Safe Harbors as Target Sites for Stable Expression of the Heterologous Gene in HEK293 Cells,2,0,False,doi:10.1021/acssynbio.0c00097,10.1021/acssynbio.0c00097,1.0,True,True,True,https://sbolstandard.org/sbolv-10-years/acs-2020/,data/raw/website/2020.html
2020,June,3,Dynamic Cell Programming with Quorum Sensing-Controlled CRISPRi Circuit,3,0,False,doi:10.1021/acssynbio.0c00148,10.1021/acssynbio.0c00148,1.0,True,True,True,https://sbolstandard.org/sbolv-10-years/acs-2020/,data/raw/website/2020.html
2020,June,4,A Small-Molecule-Responsive Riboswitch Enables Conditional Induction of Viral Vector-Mediated Gene Expression in Mice,5,0,False,doi:10.1021/acssynbio.9b00410,10.1021/acssynbio.9b00410,1.0,True,True,True,https://sbolstandard.org/sbolv-10-years/acs-2020/,data/raw/website/2020.html
2020,June,5,Two-Component Biosensors: Unveiling the Mechanisms of Predictable Tunability,1,1,True,doi:10.1021/acssynbio.0c00010,10.1021/acssynbio.0c00010,1.0,True,True,True,https://sbolstandard.org/sbolv-10-years/acs-2020/,data/raw/website/2020.html
2020,June,6,"Design and Experimental Evaluation of a Minimal, Innocuous Watermarking Strategy to Distinguish Near-Identical DNA and RNA Sequences",1,1,True,doi:10.1021/acssynbio.0c00045,10.1021/acssynbio.0c00045,1.0,True,True,True,https://sbolstandard.org/sbolv-10-years/acs-2020/,data/raw/website/2020.html
2020,June,7,sRNA-Based Screening Chromosomal Gene Targets and Modular Designing Escherichia coli for High-Titer Production of Aglycosylated Immunoglobulin G,3,0,False,doi:10.1021/acssynbio.0c00062,10.1021/acssynbio.0c00062,1.0,True,True,True,https://sbolstandard.org/sbolv-10-years/acs-2020/,data/raw/website/2020.html
2020,June,8,Efficient Biosynthesis of Low-Molecular-Weight Poly-γ-glutamic Acid Based on Stereochemistry Regulation in Bacillus amyloliquefaciens,1,0,False,doi:10.1021/acssynbio.0c00080,10.1021/acssynbio.0c00080,1.0,True,True,True,https://sbolstandard.org/sbolv-10-years/acs-2020/,data/raw/website/2020.html
2020,June,9,Development of Novel Riboswitches for Synthetic Biology in the Green Alga Chlamydomonas,4,4,True,doi:10.1021/acssynbio.0c00082,10.1021/acssynbio.0c00082,1.0,True,True,True,https://sbolstandard.org/sbolv-10-years/acs-2020/,data/raw/website/2020.html
2020,June,10,Construction of Inducible Genetic Switch for the Global Regulator WblA To Sustain Both Overproduction of Tiancimycins and On-Demand Sporulation in Streptomyces sp. CB03234,3,0,False,doi:10.1021/acssynbio.0c00114,10.1021/acssynbio.0c00114,1.0,True,True,True,https://sbolstandard.org/sbolv-10-years/acs-2020/,data/raw/website/2020.html
2020,June,11,Media Robustness and Scalability of Phosphate Regulated Promoters Useful for Two-Stage Autoinduction in E. coli,1,0,False,doi:10.1021/acssynbio.0c00182,10.1021/acssynbio.0c00182,1.0,True,True,True,https://sbolstandard.org/sbolv-10-years/acs-2020/,data/raw/website/2020.html
2020,July,1,Assessment of Robustness to Temperature in a Negative Feedback Loop and a Feedforward Loop,2,0,False,doi:10.1021/acssynbio.0c00023,10.1021/acssynbio.0c00023,1.0,True,True,True,https://sbolstandard.org/sbolv-10-years/acs-2020/,data/raw/website/2020.html
2020,July,2,Purification of an Intact Human Protein Overexpressed from Its Endogenous Locus via Direct Genome Engineering,1,0,False,doi:10.1021/acssynbio.0c00090,10.1021/acssynbio.0c00090,1.0,True,True,True,https://sbolstandard.org/sbolv-10-years/acs-2020/,data/raw/website/2020.html
2020,July,3,Artificial Protein-Responsive Riboswitches Upregulate Non-AUG Translation Initiation in Yeast,6,0,False,doi:10.1021/acssynbio.0c00206,10.1021/acssynbio.0c00206,1.0,True,True,True,https://sbolstandard.org/sbolv-10-years/acs-2020/,data/raw/website/2020.html
2020,July,4,Controlled Functional Zonation of Hepatocytes In Vitro by Engineering of Wnt Signaling,1,0,False,doi:10.1021/acssynbio.9b00435,10.1021/acssynbio.9b00435,1.0,True,True,True,https://sbolstandard.org/sbolv-10-years/acs-2020/,data/raw/website/2020.html
2020,July,5,Universal Actuator for Efficient Silencing of Escherichia coli Genes Based on Convergent Transcription Resistant to Rho-Dependent Termination,3,3,True,doi:10.1021/acssynbio.9b00463,10.1021/acssynbio.9b00463,1.0,True,True,True,https://sbolstandard.org/sbolv-10-years/acs-2020/,data/raw/website/2020.html
2020,July,6,Mycoplasma pneumoniae Genome Editing Based on Oligo Recombineering and Cas9-Mediated Counterselection,1,0,False,doi:10.1021/acssynbio.0c00022,10.1021/acssynbio.0c00022,1.0,True,True,True,https://sbolstandard.org/sbolv-10-years/acs-2020/,data/raw/website/2020.html
2020,July,7,Leveraging the Hermes Transposon to Accelerate the Development of Nonconventional Yeast-based Microbial Cell Factories,2,0,False,doi:10.1021/acssynbio.0c00123,10.1021/acssynbio.0c00123,1.0,True,True,True,https://sbolstandard.org/sbolv-10-years/acs-2020/,data/raw/website/2020.html
2020,July,8,"A Library of Tunable, Portable, and Inducer-Free Promoters Derived from Cyanobacteria",1,1,True,doi:10.1021/acssynbio.0c00152,10.1021/acssynbio.0c00152,1.0,True,True,True,https://sbolstandard.org/sbolv-10-years/acs-2020/,data/raw/website/2020.html
2020,July,9,Identification of a Strong Quorum Sensing- and Thermo-Regulated Promoter for the Biosynthesis of a New Metabolite Pesticide Phenazine-1-carboxamide in Pseudomonas strain PA1201,1,1,True,doi:10.1021/acssynbio.0c00161,10.1021/acssynbio.0c00161,1.0,True,True,True,https://sbolstandard.org/sbolv-10-years/acs-2020/,data/raw/website/2020.html
2020,July,10,Highly Efficient Production of l-Histidine from Glucose by Metabolically Engineered Escherichia coli,1,1,True,doi:10.1021/acssynbio.0c00163,10.1021/acssynbio.0c00163,1.0,True,True,True,https://sbolstandard.org/sbolv-10-years/acs-2020/,data/raw/website/2020.html
2020,July,11,MiniBacillus PG10 as a Convenient and Effective Production Host for Lantibiotics,1,1,True,doi:10.1021/acssynbio.0c00194,10.1021/acssynbio.0c00194,1.0,True,True,True,https://sbolstandard.org/sbolv-10-years/acs-2020/,data/raw/website/2020.html
2020,July,12,CRISPR-Mediated Activation of Biosynthetic Gene Clusters for Bioactive Molecule Discovery in Filamentous Fungi,3,1,False,doi:10.1021/acssynbio.0c00197,10.1021/acssynbio.0c00197,1.0,True,True,True,https://sbolstandard.org/sbolv-10-years/acs-2020/,data/raw/website/2020.html
2020,July,13,Development of a Proline-Based Selection System for Reliable Genetic Engineering in Chinese Hamster Ovary Cells,5,5,True,doi:10.1021/acssynbio.0c00221,10.1021/acssynbio.0c00221,1.0,True,True,True,https://sbolstandard.org/sbolv-10-years/acs-2020/,data/raw/website/2020.html
2020,July,14,Mapping Protein–Protein Interaction Interface Peptides with Jun-Fos Assisted Phage Display and Deep Sequencing,2,2,True,doi:10.1021/acssynbio.0c00242,10.1021/acssynbio.0c00242,1.0,True,True,True,https://sbolstandard.org/sbolv-10-years/acs-2020/,data/raw/website/2020.html
2020,July,15,De Novo Engineering of Corynebacterium glutamicum for l-Proline Production,3,0,False,doi:10.1021/acssynbio.0c00249,10.1021/acssynbio.0c00249,1.0,True,True,True,https://sbolstandard.org/sbolv-10-years/acs-2020/,data/raw/website/2020.html
2020,July,16,Site-Directed Mutagenesis of Large Biosynthetic Gene Clusters via Oligonucleotide Recombineering and CRISPR/Cas9 Targeting,2,0,False,doi:10.1021/acssynbio.0c00265,10.1021/acssynbio.0c00265,1.0,True,True,True,https://sbolstandard.org/sbolv-10-years/acs-2020/,data/raw/website/2020.html
2020,September,1,Applications of CRISPR in a Microbial Cell Factory: From Genome Reconstruction to Metabolic Network Reprogramming,3,0,False,doi:10.1021/acssynbio.0c00349,10.1021/acssynbio.0c00349,1.0,True,True,True,https://sbolstandard.org/sbolv-10-years/acs-2020/,data/raw/website/2020.html
2020,September,2,FlopR: An Open Source Software Package for Calibration and Normalization of Plate Reader and Flow Cytometry Data,1,1,True,doi:10.1021/acssynbio.0c00296,10.1021/acssynbio.0c00296,1.0,True,True,True,https://sbolstandard.org/sbolv-10-years/acs-2020/,data/raw/website/2020.html
2020,September,3,Rapid Fabrication of Protein Microarrays via Autogeneration and on-Chip Purification of Biotinylated Probes,1,0,False,doi:10.1021/acssynbio.0c00343,10.1021/acssynbio.0c00343,1.0,True,True,True,https://sbolstandard.org/sbolv-10-years/acs-2020/,data/raw/website/2020.html
2020,September,4,Optogenetic Control of Heterologous Metabolism in E. coli,1,0,False,doi:10.1021/acssynbio.9b00454,10.1021/acssynbio.9b00454,1.0,True,True,True,https://sbolstandard.org/sbolv-10-years/acs-2020/,data/raw/website/2020.html
2020,September,5,Tuning Extracellular Electron Transfer by Shewanella oneidensis Using Transcriptional Logic Gates,4,4,True,doi:10.1021/acssynbio.9b00517,10.1021/acssynbio.9b00517,1.0,True,True,True,https://sbolstandard.org/sbolv-10-years/acs-2020/,data/raw/website/2020.html
2020,September,6,Conditional Recruitment to a DNA-Bound CRISPR–Cas Complex Using a Colocalization-Dependent Protein Switch,4,0,False,doi:10.1021/acssynbio.0c00012,10.1021/acssynbio.0c00012,1.0,True,True,True,https://sbolstandard.org/sbolv-10-years/acs-2020/,data/raw/website/2020.html
2020,September,7,Genetic Circuit Dynamics: Hazard and Glitch Analysis,2,2,True,doi:10.1021/acssynbio.0c00055,10.1021/acssynbio.0c00055,1.0,True,True,True,https://sbolstandard.org/sbolv-10-years/acs-2020/,data/raw/website/2020.html
2020,October,1,In Vivo Feedback Control of an Antithetic Molecular-Titration Motif in Escherichia coli Using Microfluidics,1,1,True,doi:10.1021/acssynbio.0c00105,10.1021/acssynbio.0c00105,1.0,True,True,True,https://sbolstandard.org/sbolv-10-years/acs-2020/,data/raw/website/2020.html
2020,October,2,Construction of Fully Segregated Genomic Libraries in Polyploid Organisms Such as Synechocystis sp. PCC 6803,2,0,False,doi:10.1021/acssynbio.0c00353,10.1021/acssynbio.0c00353,1.0,True,True,True,https://sbolstandard.org/sbolv-10-years/acs-2020/,data/raw/website/2020.html
2020,October,3,Securing the Exchange of Synthetic Genetic Constructs Using Digital Signatures,2,0,False,doi:10.1021/acssynbio.0c00401,10.1021/acssynbio.0c00401,1.0,True,True,True,https://sbolstandard.org/sbolv-10-years/acs-2020/,data/raw/website/2020.html
2020,October,4,Homologous Quorum Sensing Regulatory Circuit: A Dual-Input Genetic Controller for Modulating Quorum Sensing-Mediated Protein Expression in E. coli,2,2,True,doi:10.1021/acssynbio.0c00179,10.1021/acssynbio.0c00179,1.0,True,True,True,https://sbolstandard.org/sbolv-10-years/acs-2020/,data/raw/website/2020.html
2020,October,5,"Design, Evolution, and Characterization of a Xylose Biosensor in Escherichia coli Using the XylR/xylO System with an Expanded Operating Range",1,0,False,doi:10.1021/acssynbio.0c00225,10.1021/acssynbio.0c00225,1.0,True,True,True,https://sbolstandard.org/sbolv-10-years/acs-2020/,data/raw/website/2020.html
2020,October,6,A RAGE Based Strategy for the Genome Engineering of the Human Respiratory Pathogen Mycoplasma pneumoniae,2,2,True,doi:10.1021/acssynbio.0c00263,10.1021/acssynbio.0c00263,1.0,True,True,True,https://sbolstandard.org/sbolv-10-years/acs-2020/,data/raw/website/2020.html
2020,October,7,Surface Display of Designer Protein Scaffolds on Genome-Reduced Strains of Pseudomonas putida,1,0,False,doi:10.1021/acssynbio.0c00276,10.1021/acssynbio.0c00276,1.0,True,True,True,https://sbolstandard.org/sbolv-10-years/acs-2020/,data/raw/website/2020.html
2020,October,8,Exploiting Single Domain Antibodies as Regulatory Parts to Modulate Monoterpenoid Production in E. coli,1,0,False,doi:10.1021/acssynbio.0c00375,10.1021/acssynbio.0c00375,1.0,True,True,True,https://sbolstandard.org/sbolv-10-years/acs-2020/,data/raw/website/2020.html
2020,October,9,Protecting Linear DNA Templates in Cell-Free Expression Systems from Diverse Bacteria,1,1,True,doi:10.1021/acssynbio.0c00277,10.1021/acssynbio.0c00277,1.0,True,True,True,https://sbolstandard.org/sbolv-10-years/acs-2020/,data/raw/website/2020.html
2020,November,1,Multidimensional Characterization of Parts Enhances Modeling Accuracy in Genetic Circuits,3,0,False,doi:10.1021/acssynbio.0c00288,10.1021/acssynbio.0c00288,1.0,True,True,True,https://sbolstandard.org/sbolv-10-years/acs-2020/,data/raw/website/2020.html
2020,November,2,Integrative Biosynthetic Gene Cluster Mining to Optimize a Metabolic Pathway to Efficiently Produce l-Homophenylalanine in Escherichia coli,3,0,False,doi:10.1021/acssynbio.0c00363,10.1021/acssynbio.0c00363,1.0,True,True,True,https://sbolstandard.org/sbolv-10-years/acs-2020/,data/raw/website/2020.html
2020,November,3,Biosynthesis of the Calorie-Free Sweetener Precursor ent-Kaurenoic Acid from CO2 Using Engineered Cyanobacteria,1,1,True,doi:10.1021/acssynbio.0c00523,10.1021/acssynbio.0c00523,1.0,True,True,True,https://sbolstandard.org/sbolv-10-years/acs-2020/,data/raw/website/2020.html
2020,November,4,Aptamer-Mediated Control of Polyadenylation for Gene Expression Regulation in Mammalian Cells,5,0,False,doi:10.1021/acssynbio.0c00222,10.1021/acssynbio.0c00222,1.0,True,True,True,https://sbolstandard.org/sbolv-10-years/acs-2020/,data/raw/website/2020.html
2020,November,5,De Novo Biosynthesis of Multiple Pinocembrin Derivatives in Saccharomyces cerevisiae,1,1,True,doi:10.1021/acssynbio.0c00289,10.1021/acssynbio.0c00289,1.0,True,True,True,https://sbolstandard.org/sbolv-10-years/acs-2020/,data/raw/website/2020.html
2020,November,6,Decoupling Protein Production from Cell Growth Enhances the Site-Specific Incorporation of Noncanonical Amino Acids in E. coli,1,0,False,doi:10.1021/acssynbio.0c00298,10.1021/acssynbio.0c00298,1.0,True,True,True,https://sbolstandard.org/sbolv-10-years/acs-2020/,data/raw/website/2020.html
2020,November,7,Genome Modularization Reveals Overlapped Gene Topology Is Necessary for Efficient Viral Reproduction,2,2,True,doi:10.1021/acssynbio.0c00323,10.1021/acssynbio.0c00323,1.0,True,True,True,https://sbolstandard.org/sbolv-10-years/acs-2020/,data/raw/website/2020.html
2020,November,8,A Split Methyl Halide Transferase AND Gate That Reports by Synthesizing an Indicator Gas,1,1,True,doi:10.1021/acssynbio.0c00355,10.1021/acssynbio.0c00355,1.0,True,True,True,https://sbolstandard.org/sbolv-10-years/acs-2020/,data/raw/website/2020.html
2020,November,9,Optimally Designed Model Selection for Synthetic Biology,1,0,False,doi:10.1021/acssynbio.0c00393,10.1021/acssynbio.0c00393,1.0,True,True,True,https://sbolstandard.org/sbolv-10-years/acs-2020/,data/raw/website/2020.html
2020,November,10,An Automated Model Test System for Systematic Development and Improvement of Gene Expression Models,1,1,True,doi:10.1021/acssynbio.0c00394,10.1021/acssynbio.0c00394,1.0,True,True,True,https://sbolstandard.org/sbolv-10-years/acs-2020/,data/raw/website/2020.html
2020,November,11,A Lambda Red and FLP/FRT-Mediated Site-Specific Recombination System in Komagataeibacter xylinus and Its Application to Enhance the Productivity of Bacterial Cellulose,1,0,False,doi:10.1021/acssynbio.0c00450,10.1021/acssynbio.0c00450,1.0,True,True,True,https://sbolstandard.org/sbolv-10-years/acs-2020/,data/raw/website/2020.html
2020,December,1,Living Therapeutics: The Next Frontier of Precision Medicine,2,2,True,doi:10.1021/acssynbio.0c00444,10.1021/acssynbio.0c00444,1.0,True,True,True,https://sbolstandard.org/sbolv-10-years/acs-2020/,data/raw/website/2020.html
2020,December,2,A Logic NAND Gate for Controlling Gene Expression in a Circadian Rhythm in Cyanobacteria,3,3,True,doi:10.1021/acssynbio.0c00455,10.1021/acssynbio.0c00455,1.0,True,True,True,https://sbolstandard.org/sbolv-10-years/acs-2020/,data/raw/website/2020.html
2020,December,3,Automating Cloning by Natural Transformation,4,4,True,doi:10.1021/acssynbio.0c00240,10.1021/acssynbio.0c00240,1.0,True,True,True,https://sbolstandard.org/sbolv-10-years/acs-2020/,data/raw/website/2020.html
2020,December,4,Recombination of 2Fe-2S Ferredoxins Reveals Differences in the Inheritance of Thermostability and Midpoint Potential,1,1,True,doi:10.1021/acssynbio.0c00303,10.1021/acssynbio.0c00303,1.0,True,True,True,https://sbolstandard.org/sbolv-10-years/acs-2020/,data/raw/website/2020.html
2020,December,5,Design and Characterization of Rapid Optogenetic Circuits for Dynamic Control in Yeast Metabolic Engineering,2,0,False,doi:10.1021/acssynbio.0c00305,10.1021/acssynbio.0c00305,1.0,True,True,True,https://sbolstandard.org/sbolv-10-years/acs-2020/,data/raw/website/2020.html
2020,December,6,Analysis of Complex DNA Rearrangements during Early Stages of HAC Formation,5,0,False,doi:10.1021/acssynbio.0c00326,10.1021/acssynbio.0c00326,1.0,True,True,True,https://sbolstandard.org/sbolv-10-years/acs-2020/,data/raw/website/2020.html
2020,December,7,Synthetic Virus-like Particles for Glutathione Biosynthesis,1,0,False,doi:10.1021/acssynbio.0c00368,10.1021/acssynbio.0c00368,1.0,True,True,True,https://sbolstandard.org/sbolv-10-years/acs-2020/,data/raw/website/2020.html
2020,December,8,Random Chromosomal Integration and Screening Yields E. coli K-12 Derivatives Capable of Efficient Sucrose Utilization,3,0,False,doi:10.1021/acssynbio.0c00392,10.1021/acssynbio.0c00392,1.0,True,True,True,https://sbolstandard.org/sbolv-10-years/acs-2020/,data/raw/website/2020.html
2020,December,9,Creating Red Light-Switchable Protein Dimerization Systems as Genetically Encoded Actuators with High Specificity,2,0,False,doi:10.1021/acssynbio.0c00397,10.1021/acssynbio.0c00397,1.0,True,True,True,https://sbolstandard.org/sbolv-10-years/acs-2020/,data/raw/website/2020.html
2020,December,10,Low-Bias Manipulation of DNA Oligo Pool for Robust Data Storage,1,0,False,doi:10.1021/acssynbio.0c00419,10.1021/acssynbio.0c00419,1.0,True,True,True,https://sbolstandard.org/sbolv-10-years/acs-2020/,data/raw/website/2020.html
2020,December,11,Single Cell Characterization of a Synthetic Bacterial Clock with a Hybrid Feedback Loop Containing dCas9-sgRNA,2,1,False,doi:10.1021/acssynbio.0c00438,10.1021/acssynbio.0c00438,1.0,True,True,True,https://sbolstandard.org/sbolv-10-years/acs-2020/,data/raw/website/2020.html
2020,December,12,In Vivo Biogenesis of a De Novo Designed Iron–Sulfur Protein,1,0,False,doi:10.1021/acssynbio.0c00514,10.1021/acssynbio.0c00514,1.0,True,True,True,https://sbolstandard.org/sbolv-10-years/acs-2020/,data/raw/website/2020.html
2021,January,1,Statistical Design of Experiments for Synthetic Biology,1,1,True,doi:10.1021/acssynbio.0c00385,10.1021/acssynbio.0c00385,1.0,True,True,True,https://sbolstandard.org/sbolv-10-years/acs-2021/,data/raw/website/2021.html
2021,January,2,Fine-Tuning Multi-Gene Clusters via Well-Characterized Gene Expression Regulatory Elements: Case Study of the Arginine Synthesis Pathway in C. glutamicum,3,1,False,doi:10.1021/acssynbio.0c00405,10.1021/acssynbio.0c00405,1.0,True,True,True,https://sbolstandard.org/sbolv-10-years/acs-2021/,data/raw/website/2021.html
2021,January,3,"YESS 2.0, a Tunable Platform for Enzyme Evolution, Yields Highly Active TEV Protease Variants",2,2,True,doi:10.1021/acssynbio.0c00452,10.1021/acssynbio.0c00452,1.0,True,True,True,https://sbolstandard.org/sbolv-10-years/acs-2021/,data/raw/website/2021.html
2021,January,4,Repurposing the Endogenous Type I-E CRISPR/Cas System for Gene Repression in Gluconobacter oxydans WSH-003,3,2,False,doi:10.1021/acssynbio.0c00456,10.1021/acssynbio.0c00456,1.0,True,True,True,https://sbolstandard.org/sbolv-10-years/acs-2021/,data/raw/website/2021.html
2021,January,5,Plasmid Vectors for in Vivo Selection-Free Use with the Probiotic E. coli Nissle 1917,4,0,False,doi:10.1021/acssynbio.0c00466,10.1021/acssynbio.0c00466,1.0,True,True,True,https://sbolstandard.org/sbolv-10-years/acs-2021/,data/raw/website/2021.html
2021,January,6,Engineering Bacteria to Produce Pure Phage-like Particles for Gene Delivery,1,1,True,doi:10.1021/acssynbio.0c00467,10.1021/acssynbio.0c00467,1.0,True,True,True,https://sbolstandard.org/sbolv-10-years/acs-2021/,data/raw/website/2021.html
2021,January,7,A Golden-Gate Based Cloning Toolkit to Build Violacein Pathway Libraries in Yarrowia lipolytica,2,0,False,doi:10.1021/acssynbio.0c00469,10.1021/acssynbio.0c00469,1.0,True,True,True,https://sbolstandard.org/sbolv-10-years/acs-2021/,data/raw/website/2021.html
2021,January,8,Engineering an Optogenetic CRISPRi Platform for Improved Chemical Production,2,1,False,doi:10.1021/acssynbio.0c00488,10.1021/acssynbio.0c00488,1.0,True,True,True,https://sbolstandard.org/sbolv-10-years/acs-2021/,data/raw/website/2021.html
2021,January,9,Optimization of a p-Coumaric Acid Biosensor System for Versatile Dynamic Performance,3,0,False,doi:10.1021/acssynbio.0c00500,10.1021/acssynbio.0c00500,1.0,True,True,True,https://sbolstandard.org/sbolv-10-years/acs-2021/,data/raw/website/2021.html
2021,January,10,Rational Design of Single Copy Expression Cassettes in Defined Chromosomal Sites Overcomes Intraclonal Cell-to-Cell Expression Heterogeneity and Ensures Robust Antibody Production,1,0,False,doi:10.1021/acssynbio.0c00519,10.1021/acssynbio.0c00519,1.0,True,True,True,https://sbolstandard.org/sbolv-10-years/acs-2021/,data/raw/website/2021.html
2021,January,11,An Aspergillus nidulans Platform for the Complete Cluster Refactoring and Total Biosynthesis of Fungal Natural Products,5,0,False,doi:10.1021/acssynbio.0c00536,10.1021/acssynbio.0c00536,1.0,True,True,True,https://sbolstandard.org/sbolv-10-years/acs-2021/,data/raw/website/2021.html
2021,January,12,"Metabolic Engineering of Escherichia coli for De Novo Production of 1,5-Pentanediol from Glucose",6,6,True,doi:10.1021/acssynbio.0c00567,10.1021/acssynbio.0c00567,1.0,True,True,True,https://sbolstandard.org/sbolv-10-years/acs-2021/,data/raw/website/2021.html
2021,January,13,Engineered Bacterial Production of Volatile Methyl Salicylate,1,0,False,doi:10.1021/acssynbio.0c00497,10.1021/acssynbio.0c00497,1.0,True,True,True,https://sbolstandard.org/sbolv-10-years/acs-2021/,data/raw/website/2021.html
2021,January,14,A Standardized Inverter Package Borne by Broad Host Range Plasmids for Genetic Circuit Design in Gram-Negative Bacteria,1,1,True,doi:10.1021/acssynbio.0c00529,10.1021/acssynbio.0c00529,1.0,True,True,True,https://sbolstandard.org/sbolv-10-years/acs-2021/,data/raw/website/2021.html
2021,February,1,Promiscuous Installation of d-Amino Acids in Gene-Encoded Peptides,1,1,True,doi:10.1021/acssynbio.0c00470,10.1021/acssynbio.0c00470,1.0,True,True,True,https://sbolstandard.org/sbolv-10-years/acs-2021/,data/raw/website/2021.html
2021,February,2,Biosynthesis of Diverse Type II Polyketide Core Structures in Streptomyces coelicolor M1152,3,3,True,doi:10.1021/acssynbio.0c00482,10.1021/acssynbio.0c00482,1.0,True,True,True,https://sbolstandard.org/sbolv-10-years/acs-2021/,data/raw/website/2021.html
2021,February,3,Macrolide Biosensor Optimization through Cellular Substrate Sequestration,1,0,False,doi:10.1021/acssynbio.0c00572,10.1021/acssynbio.0c00572,1.0,True,True,True,https://sbolstandard.org/sbolv-10-years/acs-2021/,data/raw/website/2021.html
2021,February,4,Rational Design of the N-Terminal Coding Sequence for Regulating Enzyme Expression in Bacillus subtilis,4,4,True,doi:10.1021/acssynbio.0c00309,10.1021/acssynbio.0c00309,1.0,True,True,True,https://sbolstandard.org/sbolv-10-years/acs-2021/,data/raw/website/2021.html
2021,February,5,Systematic Quantification of Sequence and Structural Determinants Controlling mRNA stability in Bacterial Operons,5,5,True,doi:10.1021/acssynbio.0c00471,10.1021/acssynbio.0c00471,1.0,True,True,True,https://sbolstandard.org/sbolv-10-years/acs-2021/,data/raw/website/2021.html
2021,February,6,A Whole-Cell Biosensor for Point-of-Care Detection of Waterborne Bacterial Pathogens,1,0,False,doi:10.1021/acssynbio.0c00491,10.1021/acssynbio.0c00491,1.0,True,True,True,https://sbolstandard.org/sbolv-10-years/acs-2021/,data/raw/website/2021.html
2021,February,7,A Streptomyces venezuelae Cell-Free Toolkit for Synthetic Biology,3,3,True,doi:10.1021/acssynbio.0c00581,10.1021/acssynbio.0c00581,1.0,True,True,True,https://sbolstandard.org/sbolv-10-years/acs-2021/,data/raw/website/2021.html
2021,February,8,CRISPRi-Mediated NIMPLY Logic Gate for Fine-Tuning the Whole-Cell Sensing toward Simple Urine Glucose Detection,4,4,True,doi:10.1021/acssynbio.1c00014,10.1021/acssynbio.1c00014,1.0,True,True,True,https://sbolstandard.org/sbolv-10-years/acs-2021/,data/raw/website/2021.html
2021,March,1,Expanding the Potential of Mammalian Genome Engineering via Targeted DNA Integration,1,0,False,doi:10.1021/acssynbio.0c00576,10.1021/acssynbio.0c00576,1.0,True,True,True,https://sbolstandard.org/sbolv-10-years/acs-2021/,data/raw/website/2021.html
2021,March,2,Small Antisense DNA-Based Gene Silencing Enables Cell-Free Bacteriophage Manipulation and Genome Replication,2,2,True,doi:10.1021/acssynbio.0c00402,10.1021/acssynbio.0c00402,1.0,True,True,True,https://sbolstandard.org/sbolv-10-years/acs-2021/,data/raw/website/2021.html
2021,March,3,A Reporter System for Cytosolic Protein Aggregates in Yeast,2,2,True,doi:10.1021/acssynbio.0c00476,10.1021/acssynbio.0c00476,1.0,True,True,True,https://sbolstandard.org/sbolv-10-years/acs-2021/,data/raw/website/2021.html
2021,March,4,"Efficient Production of 1,3-Propanediol from Diverse Carbohydrates via a Non-natural Pathway Using 3-Hydroxypropionic Acid as an Intermediate",2,2,True,doi:10.1021/acssynbio.0c00486,10.1021/acssynbio.0c00486,1.0,True,True,True,https://sbolstandard.org/sbolv-10-years/acs-2021/,data/raw/website/2021.html
2021,March,5,Genetically Engineered Methanotroph as a Platform for Bioaugmentation of Chemical Pesticide Contaminated Soil,3,2,False,doi:10.1021/acssynbio.0c00532,10.1021/acssynbio.0c00532,1.0,True,True,True,https://sbolstandard.org/sbolv-10-years/acs-2021/,data/raw/website/2021.html
2021,March,6,Metabolic Engineering of Saccharomyces cerevisiae for Ethyl Acetate Biosynthesis,2,2,True,doi:10.1021/acssynbio.0c00446,10.1021/acssynbio.0c00446,1.0,True,True,True,https://sbolstandard.org/sbolv-10-years/acs-2021/,data/raw/website/2021.html
2021,March,7,Optogenetic Modification of Pseudomonas aeruginosa Enables Controllable Twitching Motility and Host Infection,1,1,True,doi:10.1021/acssynbio.0c00559,10.1021/acssynbio.0c00559,1.0,True,True,True,https://sbolstandard.org/sbolv-10-years/acs-2021/,data/raw/website/2021.html
2021,March,8,Engineering Alternate Ligand Recognition in the PurR Topology: A System of Novel Caffeine Biosensing Transcriptional Antirepressors,3,3,True,doi:10.1021/acssynbio.0c00582,10.1021/acssynbio.0c00582,1.0,True,True,True,https://sbolstandard.org/sbolv-10-years/acs-2021/,data/raw/website/2021.html
2021,March,9,Guanidine Biosensors Enable Comparison of Cellular Turn-on Kinetics of Riboswitch-Based Biosensor and Reporter,1,1,True,doi:10.1021/acssynbio.0c00583,10.1021/acssynbio.0c00583,1.0,True,True,True,https://sbolstandard.org/sbolv-10-years/acs-2021/,data/raw/website/2021.html
2021,March,10,Automated Rational Strain Construction Based on High-Throughput Conjugation,1,1,True,doi:10.1021/acssynbio.0c00599,10.1021/acssynbio.0c00599,1.0,True,True,True,https://sbolstandard.org/sbolv-10-years/acs-2021/,data/raw/website/2021.html
2021,April,1,Membrane Augmented Cell-Free Systems: A New Frontier in Biotechnology,1,0,False,doi:10.1021/acssynbio.0c00625,10.1021/acssynbio.0c00625,1.0,True,True,True,https://sbolstandard.org/sbolv-10-years/acs-2021/,data/raw/website/2021.html
2021,April,2,"Engineered Regulon to Enable Autonomous Azide Ion Biosensing, Recombinant Protein Production, and in Vivo Glycoengineering",4,0,False,doi:10.1021/acssynbio.0c00449,10.1021/acssynbio.0c00449,1.0,True,True,True,https://sbolstandard.org/sbolv-10-years/acs-2021/,data/raw/website/2021.html
2021,April,3,Refactoring the Conjugation Machinery of Promiscuous Plasmid RP4 into a Device for Conversion of Gram-Negative Isolates to Hfr Strains,1,1,True,doi:10.1021/acssynbio.0c00611,10.1021/acssynbio.0c00611,1.0,True,True,True,https://sbolstandard.org/sbolv-10-years/acs-2021/,data/raw/website/2021.html
2021,April,4,A Cell Factory of a Fungicolous Fungus Calcarisporium arbuscula for Efficient Production of Natural Products,2,2,True,doi:10.1021/acssynbio.0c00371,10.1021/acssynbio.0c00371,1.0,True,True,True,https://sbolstandard.org/sbolv-10-years/acs-2021/,data/raw/website/2021.html
2021,April,5,Engineering Transcriptional Interference through RNA Polymerase Processivity Control,4,4,True,doi:10.1021/acssynbio.0c00534,10.1021/acssynbio.0c00534,1.0,True,True,True,https://sbolstandard.org/sbolv-10-years/acs-2021/,data/raw/website/2021.html
2021,April,6,An Automated Tabletop Continuous Culturing System with Multicolor Fluorescence Monitoring for Microbial Gene Expression and Long-Term Population Dynamics,2,0,False,doi:10.1021/acssynbio.0c00574,10.1021/acssynbio.0c00574,1.0,True,True,True,https://sbolstandard.org/sbolv-10-years/acs-2021/,data/raw/website/2021.html
2021,April,7,Genetically Intact Bioengineered Spores of Bacillus subtilis,1,0,False,doi:10.1021/acssynbio.0c00578,10.1021/acssynbio.0c00578,1.0,True,True,True,https://sbolstandard.org/sbolv-10-years/acs-2021/,data/raw/website/2021.html
2021,April,8,An Improved CRISPR Interference Tool to Engineer Rhodococcus opacus,2,2,True,doi:10.1021/acssynbio.0c00591,10.1021/acssynbio.0c00591,1.0,True,True,True,https://sbolstandard.org/sbolv-10-years/acs-2021/,data/raw/website/2021.html
2021,April,9,"An Aldolase-Based New Pathway for Bioconversion of Formaldehyde and Ethanol into 1,3-Propanediol in Escherichia coli",1,1,True,doi:10.1021/acssynbio.0c00597,10.1021/acssynbio.0c00597,1.0,True,True,True,https://sbolstandard.org/sbolv-10-years/acs-2021/,data/raw/website/2021.html
2021,April,10,Recombinant Protein Stability in Cyanobacteria,5,0,False,doi:10.1021/acssynbio.0c00610,10.1021/acssynbio.0c00610,1.0,True,True,True,https://sbolstandard.org/sbolv-10-years/acs-2021/,data/raw/website/2021.html
2021,April,11,Engineering a Central Carbon Metabolism Pathway to Increase the Intracellular Acetyl-CoA Pool in Synechocystis sp. PCC 6803 Grown under Photomixotrophic Conditions,3,3,True,doi:10.1021/acssynbio.0c00629,10.1021/acssynbio.0c00629,1.0,True,True,True,https://sbolstandard.org/sbolv-10-years/acs-2021/,data/raw/website/2021.html
2021,April,12,Rational Promoter Engineering Enables Robust Terpene Production in Microalgae,5,5,True,doi:10.1021/acssynbio.0c00632,10.1021/acssynbio.0c00632,1.0,True,True,True,https://sbolstandard.org/sbolv-10-years/acs-2021/,data/raw/website/2021.html
2021,April,13,Saccharomyces cerevisiae Synthetic Transcriptional Networks Harnessing dCas12a and Type V-A anti-CRISPR Proteins,4,4,True,doi:10.1021/acssynbio.1c00006,10.1021/acssynbio.1c00006,1.0,True,True,True,https://sbolstandard.org/sbolv-10-years/acs-2021/,data/raw/website/2021.html
2021,May,1,Transcription-Factor-based Biosensor Engineering for Applications in Synthetic Biology,4,0,False,doi:10.1021/acssynbio.0c00252,10.1021/acssynbio.0c00252,1.0,True,True,True,https://sbolstandard.org/sbolv-10-years/acs-2021/,data/raw/website/2021.html
2021,May,2,Engineered Microbial Routes for Human Milk Oligosaccharides Synthesis,1,0,False,doi:10.1021/acssynbio.1c00063,10.1021/acssynbio.1c00063,1.0,True,True,True,https://sbolstandard.org/sbolv-10-years/acs-2021/,data/raw/website/2021.html
2021,May,3,Cheetah: A Computational Toolkit for Cybergenetic Control,1,1,True,doi:10.1021/acssynbio.0c00463,10.1021/acssynbio.0c00463,1.0,True,True,True,https://sbolstandard.org/sbolv-10-years/acs-2021/,data/raw/website/2021.html
2021,May,4,The Tryptophan-Induced tnaC Ribosome Stalling Sequence Exposes High Amino Acid Cross-Talk That Can Be Mitigated by Removal of NusB for Higher Orthogonality,1,1,True,doi:10.1021/acssynbio.0c00547,10.1021/acssynbio.0c00547,1.0,True,True,True,https://sbolstandard.org/sbolv-10-years/acs-2021/,data/raw/website/2021.html
2021,May,5,Antisense RNA Interference-Enhanced CRISPR/Cas9 Base Editing Method for Improving Base Editing Efficiency in Streptomyces lividans 66,3,3,True,doi:10.1021/acssynbio.0c00563,10.1021/acssynbio.0c00563,1.0,True,True,True,https://sbolstandard.org/sbolv-10-years/acs-2021/,data/raw/website/2021.html
2021,May,6,Improve the Biosynthesis of Baicalein and Scutellarein via Manufacturing Self-Assembly Enzyme Reactor In Vivo,1,1,True,doi:10.1021/acssynbio.0c00606,10.1021/acssynbio.0c00606,1.0,True,True,True,https://sbolstandard.org/sbolv-10-years/acs-2021/,data/raw/website/2021.html
2021,May,7,Creating RNA Specific C-to-U Editase from APOBEC3A by Separation of Its Activities on DNA and RNA Substrates,1,0,False,doi:10.1021/acssynbio.0c00627,10.1021/acssynbio.0c00627,1.0,True,True,True,https://sbolstandard.org/sbolv-10-years/acs-2021/,data/raw/website/2021.html
2021,May,8,Impact of Porous Matrices and Concentration by Lyophilization on Cell-Free Expression,1,1,True,doi:10.1021/acssynbio.0c00634,10.1021/acssynbio.0c00634,1.0,True,True,True,https://sbolstandard.org/sbolv-10-years/acs-2021/,data/raw/website/2021.html
2021,May,9,A Whole-Cell Bacterial Biosensor for Blood Markers Detection in Urine,3,0,False,doi:10.1021/acssynbio.0c00640,10.1021/acssynbio.0c00640,1.0,True,True,True,https://sbolstandard.org/sbolv-10-years/acs-2021/,data/raw/website/2021.html
2021,May,10,Optogenetic Amplification Circuits for Light-Induced Metabolic Control,2,0,False,doi:10.1021/acssynbio.0c00642,10.1021/acssynbio.0c00642,1.0,True,True,True,https://sbolstandard.org/sbolv-10-years/acs-2021/,data/raw/website/2021.html
2021,May,11,Systematically Engineered Fatty Acid Catabolite Pathway for the Production of (2S)-Naringenin in Saccharomyces cerevisiae,1,0,False,doi:10.1021/acssynbio.1c00002,10.1021/acssynbio.1c00002,1.0,True,True,True,https://sbolstandard.org/sbolv-10-years/acs-2021/,data/raw/website/2021.html
2021,May,12,Dynamic Control of Gene Expression with Riboregulated Switchable Feedback Promoters,9,0,False,doi:10.1021/acssynbio.1c00015,10.1021/acssynbio.1c00015,1.0,True,True,True,https://sbolstandard.org/sbolv-10-years/acs-2021/,data/raw/website/2021.html
2021,May,13,Spatiotemporal Manipulation of the Mismatch Repair System of Pseudomonas putida Accelerates Phenotype Emergence,3,3,True,doi:10.1021/acssynbio.1c00031,10.1021/acssynbio.1c00031,1.0,True,True,True,https://sbolstandard.org/sbolv-10-years/acs-2021/,data/raw/website/2021.html
2021,May,14,Emergent Damped Oscillation Induced by Nutrient-Modulating Growth Feedback,4,0,False,doi:10.1021/acssynbio.1c00041,10.1021/acssynbio.1c00041,1.0,True,True,True,https://sbolstandard.org/sbolv-10-years/acs-2021/,data/raw/website/2021.html
2021,June,1,A Tail Fiber Engineering Platform for Improved Bacterial Transduction-Based Diagnostic Reagents,2,2,True,doi:10.1021/acssynbio.1c00036,10.1021/acssynbio.1c00036,1.0,True,True,True,https://sbolstandard.org/sbolv-10-years/acs-2021/,data/raw/website/2021.html
2021,June,2,Precise Regulation of Cas9-Mediated Genome Engineering by Anti-CRISPR-Based Inducible CRISPR Controllers,1,0,False,doi:10.1021/acssynbio.0c00548,10.1021/acssynbio.0c00548,1.0,True,True,True,https://sbolstandard.org/sbolv-10-years/acs-2021/,data/raw/website/2021.html
2021,June,3,GTR 2.0: gRNA-tRNA Array and Cas9-NG Based Genome Disruption and Single-Nucleotide Conversion in Saccharomyces cerevisiae,1,0,False,doi:10.1021/acssynbio.0c00560,10.1021/acssynbio.0c00560,1.0,True,True,True,https://sbolstandard.org/sbolv-10-years/acs-2021/,data/raw/website/2021.html
2021,June,4,Genetically Programmable Microbial Assembly,1,1,True,doi:10.1021/acssynbio.0c00616,10.1021/acssynbio.0c00616,1.0,True,True,True,https://sbolstandard.org/sbolv-10-years/acs-2021/,data/raw/website/2021.html
2021,June,5,Establishment of a Biosensor-based High-Throughput Screening Platform for Tryptophan Overproduction,1,0,False,doi:10.1021/acssynbio.0c00647,10.1021/acssynbio.0c00647,1.0,True,True,True,https://sbolstandard.org/sbolv-10-years/acs-2021/,data/raw/website/2021.html
2021,June,6,A Computational Framework for Identifying Promoter Sequences in Nonmodel Organisms Using RNA-seq Data Sets,2,0,False,doi:10.1021/acssynbio.1c00017,10.1021/acssynbio.1c00017,1.0,True,True,True,https://sbolstandard.org/sbolv-10-years/acs-2021/,data/raw/website/2021.html
2021,June,7,Cell-Free Characterization of Coherent Feed-Forward Loop-Based Synthetic Genetic Circuits,5,5,True,doi:10.1021/acssynbio.1c00024,10.1021/acssynbio.1c00024,1.0,True,True,True,https://sbolstandard.org/sbolv-10-years/acs-2021/,data/raw/website/2021.html
2021,June,8,Improved Bioproduction of 1-Octanol Using Engineered Synechocystis sp. PCC 6803,2,2,True,doi:10.1021/acssynbio.1c00029,10.1021/acssynbio.1c00029,1.0,True,True,True,https://sbolstandard.org/sbolv-10-years/acs-2021/,data/raw/website/2021.html
2021,June,9,Data-Driven and in Silico-Assisted Design of Broad Host-Range Minimal Intrinsic Terminators Adapted for Bacteria,2,2,True,doi:10.1021/acssynbio.1c00050,10.1021/acssynbio.1c00050,1.0,True,True,True,https://sbolstandard.org/sbolv-10-years/acs-2021/,data/raw/website/2021.html
2021,June,10,Microbially Guided Discovery and Biosynthesis of Biologically Active Natural Products,3,0,False,doi:10.1021/acssynbio.1c00074,10.1021/acssynbio.1c00074,1.0,True,True,True,https://sbolstandard.org/sbolv-10-years/acs-2021/,data/raw/website/2021.html
2021,June,11,Engineering Gac/Rsm Signaling Cascade for Optogenetic Induction of the Pathogenicity Switch in Pseudomonas aeruginosa,1,1,True,doi:10.1021/acssynbio.1c00075,10.1021/acssynbio.1c00075,1.0,True,True,True,https://sbolstandard.org/sbolv-10-years/acs-2021/,data/raw/website/2021.html
2021,June,12,Combining Metabolic and Monoterpene Synthase Engineering for de Novo Production of Monoterpene Alcohols in Escherichia coli,1,1,True,doi:10.1021/acssynbio.1c00081,10.1021/acssynbio.1c00081,1.0,True,True,True,https://sbolstandard.org/sbolv-10-years/acs-2021/,data/raw/website/2021.html
2021,June,13,High-Yielding Terpene-Based Biofuel Production in Rhodobacter capsulatus,1,1,True,doi:10.1021/acssynbio.1c00146,10.1021/acssynbio.1c00146,1.0,True,True,True,https://sbolstandard.org/sbolv-10-years/acs-2021/,data/raw/website/2021.html
2021,June,14,Ecofriendly Synthesis of l-Carnosine in Metabolically Engineered Corynebacterium glutamicum by Reinforcing Precursor Accumulation,1,0,False,doi:10.1021/acssynbio.1c00168,10.1021/acssynbio.1c00168,1.0,True,True,True,https://sbolstandard.org/sbolv-10-years/acs-2021/,data/raw/website/2021.html
2021,June,15,Dual Regulation of Cytoplasm and Peroxisomes for Improved Α-Farnesene Production in Recombinant Pichia pastoris,1,0,False,doi:10.1021/acssynbio.1c00186,10.1021/acssynbio.1c00186,1.0,True,True,True,https://sbolstandard.org/sbolv-10-years/acs-2021/,data/raw/website/2021.html
2021,July,1,Multilayer Genetic Circuits for Dynamic Regulation of Metabolic Pathways,3,2,False,doi:10.1021/acssynbio.1c00073,10.1021/acssynbio.1c00073,1.0,True,True,True,https://sbolstandard.org/sbolv-10-years/acs-2021/,data/raw/website/2021.html
2021,July,2,A Biosensor for Detection of Indole Metabolites,1,1,True,doi:10.1021/acssynbio.1c00090,10.1021/acssynbio.1c00090,1.0,True,True,True,https://sbolstandard.org/sbolv-10-years/acs-2021/,data/raw/website/2021.html
2021,July,3,"The pIT5 Plasmid Series, an Improved Toolkit for Repeated Genome Integration in E. coli",3,3,True,doi:10.1021/acssynbio.1c00215,10.1021/acssynbio.1c00215,1.0,True,True,True,https://sbolstandard.org/sbolv-10-years/acs-2021/,data/raw/website/2021.html
2021,July,4,Yeast Synthetic Minimal Biosensors for Evaluating Protein Production,1,0,False,doi:10.1021/acssynbio.0c00633,10.1021/acssynbio.0c00633,1.0,True,True,True,https://sbolstandard.org/sbolv-10-years/acs-2021/,data/raw/website/2021.html
2021,July,5,Construction of DNA Tools for Hyperexpression in Marchantia Chloroplasts,3,2,False,doi:10.1021/acssynbio.0c00637,10.1021/acssynbio.0c00637,1.0,True,True,True,https://sbolstandard.org/sbolv-10-years/acs-2021/,data/raw/website/2021.html
2021,July,6,Orthogonal Degron System for Controlled Protein Degradation in Cyanobacteria,3,3,True,doi:10.1021/acssynbio.1c00035,10.1021/acssynbio.1c00035,1.0,True,True,True,https://sbolstandard.org/sbolv-10-years/acs-2021/,data/raw/website/2021.html
2021,July,7,Engineering a Bifunctional ComQXPA-PsrfA Quorum-Sensing Circuit for Dynamic Control of Gene Expression in Corynebacterium glutamicum,6,6,True,doi:10.1021/acssynbio.1c00149,10.1021/acssynbio.1c00149,1.0,True,True,True,https://sbolstandard.org/sbolv-10-years/acs-2021/,data/raw/website/2021.html
2021,July,8,SBOLCanvas: A Visual Editor for Genetic Designs,2,2,True,doi:10.1021/acssynbio.1c00096,10.1021/acssynbio.1c00096,1.0,True,True,True,https://sbolstandard.org/sbolv-10-years/acs-2021/,data/raw/website/2021.html
2021,August,1,Genetically Encoding Ultrastable Virus-like Particles Encapsulating Functional DNA Nanostructures in Living Bacteria,2,0,False,doi:10.1021/acssynbio.0c00586,10.1021/acssynbio.0c00586,1.0,True,True,True,https://sbolstandard.org/sbolv-10-years/acs-2021/,data/raw/website/2021.html
2021,August,2,Localized Proteolysis for the Construction of Intracellular Asymmetry in Escherichia coli,3,3,True,doi:10.1021/acssynbio.1c00200,10.1021/acssynbio.1c00200,1.0,True,True,True,https://sbolstandard.org/sbolv-10-years/acs-2021/,data/raw/website/2021.html
2021,August,3,High-Throughput Transcriptional Characterization of Regulatory Sequences from Bacterial Biosynthetic Gene Clusters,1,1,True,doi:10.1021/acssynbio.0c00639,10.1021/acssynbio.0c00639,1.0,True,True,True,https://sbolstandard.org/sbolv-10-years/acs-2021/,data/raw/website/2021.html
2021,August,4,A Titratable Cell Lysis-on-Demand System for Droplet-Compartmentalized Ultrahigh-Throughput Screening in Functional Metagenomics and Directed Evolution,1,1,True,doi:10.1021/acssynbio.1c00084,10.1021/acssynbio.1c00084,1.0,True,True,True,https://sbolstandard.org/sbolv-10-years/acs-2021/,data/raw/website/2021.html
2021,August,5,The Marburg Collection: A Golden Gate DNA Assembly Framework for Synthetic Biology Applications in Vibrio natriegens,6,6,True,doi:10.1021/acssynbio.1c00126,10.1021/acssynbio.1c00126,1.0,True,True,True,https://sbolstandard.org/sbolv-10-years/acs-2021/,data/raw/website/2021.html
2021,August,6,Development of a N-Acetylneuraminic Acid-Based Sensing and Responding Switch for Orthogonal Gene Regulation in Cyanobacterial Synechococcus Strains,4,4,True,doi:10.1021/acssynbio.1c00139,10.1021/acssynbio.1c00139,1.0,True,True,True,https://sbolstandard.org/sbolv-10-years/acs-2021/,data/raw/website/2021.html
2021,August,7,"Toward Full-Stack In Silico Synthetic Biology: Integrating Model Specification, Simulation, Verification, and Biological Compilation",3,3,True,doi:10.1021/acssynbio.1c00143,10.1021/acssynbio.1c00143,1.0,True,True,True,https://sbolstandard.org/sbolv-10-years/acs-2021/,data/raw/website/2021.html
2021,August,8,"Metabolic Engineering of Escherichia coli for High-Yield Production of (R)-1,3-Butanediol",1,1,True,doi:10.1021/acssynbio.1c00144,10.1021/acssynbio.1c00144,1.0,True,True,True,https://sbolstandard.org/sbolv-10-years/acs-2021/,data/raw/website/2021.html
2021,August,9,Synthetic Cellobiose-Inducible Regulatory Systems Allow Tight and Dynamic Controls of Gene Expression in Streptomyces,4,4,True,doi:10.1021/acssynbio.1c00152,10.1021/acssynbio.1c00152,1.0,True,True,True,https://sbolstandard.org/sbolv-10-years/acs-2021/,data/raw/website/2021.html
2021,August,10,Reprogramming Escherichia coli Metabolism for Bioplastics Synthesis from Waste Cooking Oil,3,3,True,doi:10.1021/acssynbio.1c00155,10.1021/acssynbio.1c00155,1.0,True,True,True,https://sbolstandard.org/sbolv-10-years/acs-2021/,data/raw/website/2021.html
2021,August,11,A Computational Metabolic Model for Engineered Production of Resveratrol in Escherichia coli,1,1,True,doi:10.1021/acssynbio.1c00163,10.1021/acssynbio.1c00163,1.0,True,True,True,https://sbolstandard.org/sbolv-10-years/acs-2021/,data/raw/website/2021.html
2021,August,12,Development of a Biosensor Platform for Phenolic Compounds Using a Transition Ligand Strategy,1,1,True,doi:10.1021/acssynbio.1c00165,10.1021/acssynbio.1c00165,1.0,True,True,True,https://sbolstandard.org/sbolv-10-years/acs-2021/,data/raw/website/2021.html
2021,August,13,Engineering Tropism of Pseudomonas putida toward Target Surfaces through Ectopic Display of Recombinant Nanobodies,1,0,False,doi:10.1021/acssynbio.1c00227,10.1021/acssynbio.1c00227,1.0,True,True,True,https://sbolstandard.org/sbolv-10-years/acs-2021/,data/raw/website/2021.html
2021,August,14,Exploring the Tunability and Dynamic Properties of MarR-PmarO Sensor System in Escherichia coli,2,0,False,doi:10.1021/acssynbio.1c00245,10.1021/acssynbio.1c00245,1.0,True,True,True,https://sbolstandard.org/sbolv-10-years/acs-2021/,data/raw/website/2021.html
2021,August,15,A System for the Evolution of Protein–Protein Interaction Inducers,2,0,False,doi:10.1021/acssynbio.1c00276,10.1021/acssynbio.1c00276,1.0,True,True,True,https://sbolstandard.org/sbolv-10-years/acs-2021/,data/raw/website/2021.html
2021,August,16,VisBOL2—Improving Web-Based Visualization for Synthetic Biology Designs,3,3,True,doi:10.1021/acssynbio.1c00147,10.1021/acssynbio.1c00147,1.0,True,True,True,https://sbolstandard.org/sbolv-10-years/acs-2021/,data/raw/website/2021.html
2021,September,1,Functionalizing Cell-Free Systems with CRISPR-Associated Proteins: Application to RNA-Based Circuit Engineering,7,0,False,doi:10.1021/acssynbio.0c00386,10.1021/acssynbio.0c00386,1.0,True,True,True,https://sbolstandard.org/sbolv-10-years/acs-2021/,data/raw/website/2021.html
2021,September,2,High-Titer Production of Olivetolic Acid and Analogs in Engineered Fungal Host Using a Nonplant Biosynthetic Pathway,1,1,True,doi:10.1021/acssynbio.1c00309,10.1021/acssynbio.1c00309,1.0,True,True,True,https://sbolstandard.org/sbolv-10-years/acs-2021/,data/raw/website/2021.html
2021,September,3,"Expression of Alternative Nitrogenases in Rhodopseudomonas palustris Is Enhanced Using an Optimized Genetic Toolset for Rapid, Markerless Modifications",1,1,True,doi:10.1021/acssynbio.0c00496,10.1021/acssynbio.0c00496,1.0,True,True,True,https://sbolstandard.org/sbolv-10-years/acs-2021/,data/raw/website/2021.html
2021,September,4,"Four-Step Pathway from Phenylpyruvate to Benzylamine, an Intermediate to the High-Energy Propellant CL-20",1,1,True,doi:10.1021/acssynbio.1c00021,10.1021/acssynbio.1c00021,1.0,True,True,True,https://sbolstandard.org/sbolv-10-years/acs-2021/,data/raw/website/2021.html
2021,September,5,Inducible Population Quality Control of Engineered Bacillus subtilis for Improved N-Acetylneuraminic Acid Biosynthesis,4,4,True,doi:10.1021/acssynbio.1c00086,10.1021/acssynbio.1c00086,1.0,True,True,True,https://sbolstandard.org/sbolv-10-years/acs-2021/,data/raw/website/2021.html
2021,September,6,Adaptive Optimization Boosted the Production of Moenomycin A in the Microbial Chassis Streptomyces albus J1074,3,3,True,doi:10.1021/acssynbio.1c00094,10.1021/acssynbio.1c00094,1.0,True,True,True,https://sbolstandard.org/sbolv-10-years/acs-2021/,data/raw/website/2021.html
2021,September,7,A DNA Inversion System in Eukaryotes Established via Laboratory Evolution,5,5,True,doi:10.1021/acssynbio.1c00132,10.1021/acssynbio.1c00132,1.0,True,True,True,https://sbolstandard.org/sbolv-10-years/acs-2021/,data/raw/website/2021.html
2021,September,8,Synthetic Circuit-Driven Expression of Heterologous Enzymes for Disease Detection,2,2,True,doi:10.1021/acssynbio.1c00133,10.1021/acssynbio.1c00133,1.0,True,True,True,https://sbolstandard.org/sbolv-10-years/acs-2021/,data/raw/website/2021.html
2021,September,9,Synthetic Biology Knowledge System,2,2,True,doi:10.1021/acssynbio.1c00188,10.1021/acssynbio.1c00188,1.0,True,True,True,https://sbolstandard.org/sbolv-10-years/acs-2021/,data/raw/website/2021.html
2021,September,10,Construction and Characterization of a Gradient Strength Promoter Library for Fine-Tuned Gene Expression in Bacillus licheniformis,1,1,True,doi:10.1021/acssynbio.1c00242,10.1021/acssynbio.1c00242,1.0,True,True,True,https://sbolstandard.org/sbolv-10-years/acs-2021/,data/raw/website/2021.html
2021,September,11,Modular and Single-Cell Sensors of Bacterial Ser/Thr Kinase Activity,1,1,True,doi:10.1021/acssynbio.1c00250,10.1021/acssynbio.1c00250,1.0,True,True,True,https://sbolstandard.org/sbolv-10-years/acs-2021/,data/raw/website/2021.html
2021,September,12,Exploiting Polyploidy for Markerless and Plasmid-Free Genome Engineering in Cyanobacteria,4,4,True,doi:10.1021/acssynbio.1c00269,10.1021/acssynbio.1c00269,1.0,True,True,True,https://sbolstandard.org/sbolv-10-years/acs-2021/,data/raw/website/2021.html
2021,September,13,An Integrative Toolbox for Synthetic Biology in Rhodococcus,3,3,True,doi:10.1021/acssynbio.1c00292,10.1021/acssynbio.1c00292,1.0,True,True,True,https://sbolstandard.org/sbolv-10-years/acs-2021/,data/raw/website/2021.html
2021,October,1,Shaping Liposomes by Cell-Free Expressed Bacterial Microtubules,1,1,True,doi:10.1021/acssynbio.1c00278,10.1021/acssynbio.1c00278,1.0,True,True,True,https://sbolstandard.org/sbolv-10-years/acs-2021/,data/raw/website/2021.html
2021,October,2,Efficient Production of 2′-Fucosyllactose from l-Fucose via Self-Assembling Multienzyme Complexes in Engineered Escherichia coli,1,1,True,doi:10.1021/acssynbio.1c00102,10.1021/acssynbio.1c00102,1.0,True,True,True,https://sbolstandard.org/sbolv-10-years/acs-2021/,data/raw/website/2021.html
2021,October,3,Development of Genetically Encoded Biosensors for Reporting the Methyltransferase-Dependent Biosynthesis of Semisynthetic Macrolide Antibiotics,1,1,True,doi:10.1021/acssynbio.1c00151,10.1021/acssynbio.1c00151,1.0,True,True,True,https://sbolstandard.org/sbolv-10-years/acs-2021/,data/raw/website/2021.html
2021,October,4,Targetron-Assisted Delivery of Exogenous DNA Sequences into Pseudomonas putida through CRISPR-Aided Counterselection,6,3,False,doi:10.1021/acssynbio.1c00199,10.1021/acssynbio.1c00199,1.0,True,True,True,https://sbolstandard.org/sbolv-10-years/acs-2021/,data/raw/website/2021.html
2021,October,5,Rational Design and Characterization of Nitric Oxide Biosensors in E. coli Nissle 1917 and Mini SimCells,3,3,True,doi:10.1021/acssynbio.1c00223,10.1021/acssynbio.1c00223,1.0,True,True,True,https://sbolstandard.org/sbolv-10-years/acs-2021/,data/raw/website/2021.html
2021,October,6,"Functional Expression and Characterization of the Highly Promiscuous Lanthipeptide Synthetase SyncM, Enabling the Production of Lanthipeptides with a Broad Range of Ring Topologies",1,1,True,doi:10.1021/acssynbio.1c00224,10.1021/acssynbio.1c00224,1.0,True,True,True,https://sbolstandard.org/sbolv-10-years/acs-2021/,data/raw/website/2021.html
2021,October,7,Curation Principles Derived from the Analysis of the SBOL iGEM Data Set,3,3,True,doi:10.1021/acssynbio.1c00225,10.1021/acssynbio.1c00225,1.0,True,True,True,https://sbolstandard.org/sbolv-10-years/acs-2021/,data/raw/website/2021.html
2021,October,8,Visualized Multigene Editing System for Aspergillus niger,4,4,True,doi:10.1021/acssynbio.1c00231,10.1021/acssynbio.1c00231,1.0,True,True,True,https://sbolstandard.org/sbolv-10-years/acs-2021/,data/raw/website/2021.html
2021,October,9,Construction of a Fusellovirus with a Minimal Set of Genes,2,2,True,doi:10.1021/acssynbio.1c00232,10.1021/acssynbio.1c00232,1.0,True,True,True,https://sbolstandard.org/sbolv-10-years/acs-2021/,data/raw/website/2021.html
2021,October,10,"Metabolic Engineering of Gas-Fermenting Clostridium ljungdahlii for Efficient Co-production of Isopropanol, 3-Hydroxybutyrate, and Ethanol",2,2,True,doi:10.1021/acssynbio.1c00235,10.1021/acssynbio.1c00235,1.0,True,True,True,https://sbolstandard.org/sbolv-10-years/acs-2021/,data/raw/website/2021.html
2021,October,11,BioParts—A Biological Parts Search Portal and Updates to the ICE Parts Registry Software Platform,3,3,True,doi:10.1021/acssynbio.1c00263,10.1021/acssynbio.1c00263,1.0,True,True,True,https://sbolstandard.org/sbolv-10-years/acs-2021/,data/raw/website/2021.html
2021,October,12,Engineering a CRISPRi Circuit for Autonomous Control of Metabolic Flux in Escherichia coli,4,4,True,doi:10.1021/acssynbio.1c00294,10.1021/acssynbio.1c00294,1.0,True,True,True,https://sbolstandard.org/sbolv-10-years/acs-2021/,data/raw/website/2021.html
2021,October,13,ReScribe: An Unrestrained Tool Combining Multiplex Recombineering and Minimal-PAM ScCas9 for Genome Recoding Pseudomonas putida,4,0,False,doi:10.1021/acssynbio.1c00297,10.1021/acssynbio.1c00297,1.0,True,True,True,https://sbolstandard.org/sbolv-10-years/acs-2021/,data/raw/website/2021.html
2021,October,14,Tailoring Genetic Elements of the Plasmid-Driven T7 System for Stable and Robust One-Step Cloning and Protein Expression in Broad Escherichia coli,5,5,True,doi:10.1021/acssynbio.1c00361,10.1021/acssynbio.1c00361,1.0,True,True,True,https://sbolstandard.org/sbolv-10-years/acs-2021/,data/raw/website/2021.html
2021,November,1,Toward the Heterologous Biosynthesis of Plant Natural Products: Gene Discovery and Characterization,1,1,True,doi:10.1021/acssynbio.1c00315,10.1021/acssynbio.1c00315,1.0,True,True,True,https://sbolstandard.org/sbolv-10-years/acs-2021/,data/raw/website/2021.html
2021,November,2,Engineering Wired Life: Synthetic Biology for Electroactive Bacteria,3,3,True,doi:10.1021/acssynbio.1c00335,10.1021/acssynbio.1c00335,1.0,True,True,True,https://sbolstandard.org/sbolv-10-years/acs-2021/,data/raw/website/2021.html
2021,November,3,Modular Synthetic Biology Toolkit for Filamentous Fungi,2,2,True,doi:10.1021/acssynbio.1c00260,10.1021/acssynbio.1c00260,1.0,True,True,True,https://sbolstandard.org/sbolv-10-years/acs-2021/,data/raw/website/2021.html
2021,November,4,Point-of-Care Analyte Quantification and Digital Readout via Lysate-Based Cell-Free Biosensors Interfaced with Personal Glucose Monitors,2,0,False,doi:10.1021/acssynbio.1c00282,10.1021/acssynbio.1c00282,1.0,True,True,True,https://sbolstandard.org/sbolv-10-years/acs-2021/,data/raw/website/2021.html
2021,November,5,CRISPR-Cas-Mediated Tethering Recruits the Yeast HMR Mating-Type Locus to the Nuclear Periphery but Fails to Silence Gene Expression,1,0,False,doi:10.1021/acssynbio.1c00306,10.1021/acssynbio.1c00306,1.0,True,True,True,https://sbolstandard.org/sbolv-10-years/acs-2021/,data/raw/website/2021.html
2021,November,6,Characterization of Constitutive Promoters for the Elicitation of Secondary Metabolites in Myxobacteria,2,2,True,doi:10.1021/acssynbio.1c00444,10.1021/acssynbio.1c00444,1.0,True,True,True,https://sbolstandard.org/sbolv-10-years/acs-2021/,data/raw/website/2021.html
2021,November,7,Multiomics Study of Bacterial Growth Arrest in a Synthetic Biology Application,1,1,True,doi:10.1021/acssynbio.1c00115,10.1021/acssynbio.1c00115,1.0,True,True,True,https://sbolstandard.org/sbolv-10-years/acs-2021/,data/raw/website/2021.html
2021,November,8,A Novel and Efficient Genome Editing Tool Assisted by CRISPR-Cas12a/Cpf1 for Pichia pastoris,2,2,True,doi:10.1021/acssynbio.1c00172,10.1021/acssynbio.1c00172,1.0,True,True,True,https://sbolstandard.org/sbolv-10-years/acs-2021/,data/raw/website/2021.html
2021,November,9,Yeast Surface Display for In Vitro Biosynthetic Pathway Reconstruction,1,0,False,doi:10.1021/acssynbio.1c00175,10.1021/acssynbio.1c00175,1.0,True,True,True,https://sbolstandard.org/sbolv-10-years/acs-2021/,data/raw/website/2021.html
2021,November,10,Engineering a Supersecreting Strain of Escherichia coli by Directed Coevolution of the Multiprotein Tat Translocation Machinery,2,0,False,doi:10.1021/acssynbio.1c00183,10.1021/acssynbio.1c00183,1.0,True,True,True,https://sbolstandard.org/sbolv-10-years/acs-2021/,data/raw/website/2021.html
2021,November,11,Improved Stability of Engineered Ammonia Production in the Plant-Symbiont Azospirillum brasilense,3,3,True,doi:10.1021/acssynbio.1c00287,10.1021/acssynbio.1c00287,1.0,True,True,True,https://sbolstandard.org/sbolv-10-years/acs-2021/,data/raw/website/2021.html
2021,November,12,Strategy for Producing the High-Quality Glycopeptide Antibiotic A82846B in Amycolatopsis orientalis Based on the CRISPR-Cas12a System,1,1,True,doi:10.1021/acssynbio.1c00317,10.1021/acssynbio.1c00317,1.0,True,True,True,https://sbolstandard.org/sbolv-10-years/acs-2021/,data/raw/website/2021.html
2021,November,13,Tuning Gene Expression by Phosphate in the Methanogenic Archaeon Methanococcus maripaludis,2,2,True,doi:10.1021/acssynbio.1c00322,10.1021/acssynbio.1c00322,1.0,True,True,True,https://sbolstandard.org/sbolv-10-years/acs-2021/,data/raw/website/2021.html
2021,November,14,Optimization of Heavy Metal Sensors Based on Transcription Factors and Cell-Free Expression Systems,3,3,True,doi:10.1021/acssynbio.1c00331,10.1021/acssynbio.1c00331,1.0,True,True,True,https://sbolstandard.org/sbolv-10-years/acs-2021/,data/raw/website/2021.html
2021,November,15,Development of a Transcription Factor-Based Diamine Biosensor in Corynebacterium glutamicum,4,4,True,doi:10.1021/acssynbio.1c00363,10.1021/acssynbio.1c00363,1.0,True,True,True,https://sbolstandard.org/sbolv-10-years/acs-2021/,data/raw/website/2021.html
2021,November,16,Broadening the Toolkit for Quantitatively Evaluating Noncanonical Amino Acid Incorporation in Yeast,1,0,False,doi:10.1021/acssynbio.1c00370,10.1021/acssynbio.1c00370,1.0,True,True,True,https://sbolstandard.org/sbolv-10-years/acs-2021/,data/raw/website/2021.html
2021,November,17,Targeting glmS Ribozyme with Chimeric Antisense Oligonucleotides for Antibacterial Drug Development,1,1,True,doi:10.1021/acssynbio.1c00443,10.1021/acssynbio.1c00443,1.0,True,True,True,https://sbolstandard.org/sbolv-10-years/acs-2021/,data/raw/website/2021.html
2021,November,18,Regulating Expression of Mistranslating tRNAs by Readthrough RNA Polymerase II Transcription,2,0,False,doi:10.1021/acssynbio.1c00461,10.1021/acssynbio.1c00461,1.0,True,True,True,https://sbolstandard.org/sbolv-10-years/acs-2021/,data/raw/website/2021.html
2021,November,19,Synthetic Biology Curation Tools (SYNBICT),1,1,True,doi:10.1021/acssynbio.1c00220,10.1021/acssynbio.1c00220,1.0,True,True,True,https://sbolstandard.org/sbolv-10-years/acs-2021/,data/raw/website/2021.html
2021,December,1,Artificial Self-assembling Nanocompartment for Organizing Metabolic Pathways in Yeast,2,2,True,doi:10.1021/acssynbio.1c00045,10.1021/acssynbio.1c00045,1.0,True,True,True,https://sbolstandard.org/sbolv-10-years/acs-2021/,data/raw/website/2021.html
2021,December,2,The ProUSER2.0 Toolbox: Genetic Parts and Highly Customizable Plasmids for Synthetic Biology in Bacillus subtilis,1,0,False,doi:10.1021/acssynbio.1c00130,10.1021/acssynbio.1c00130,1.0,True,True,True,https://sbolstandard.org/sbolv-10-years/acs-2021/,data/raw/website/2021.html
2021,December,3,RBS and Promoter Strengths Determine the Cell-Growth-Dependent Protein Mass Fractions and Their Optimal Synthesis Rates,1,1,True,doi:10.1021/acssynbio.1c00131,10.1021/acssynbio.1c00131,1.0,True,True,True,https://sbolstandard.org/sbolv-10-years/acs-2021/,data/raw/website/2021.html
2021,December,4,Virtual Parts Repository 2: Model-Driven Design of Genetic Regulatory Circuits,4,4,True,doi:10.1021/acssynbio.1c00157,10.1021/acssynbio.1c00157,1.0,True,True,True,https://sbolstandard.org/sbolv-10-years/acs-2021/,data/raw/website/2021.html
2021,December,5,Predicting Composition of Genetic Circuits with Resource Competition: Demand and Sensitivity,4,4,True,doi:10.1021/acssynbio.1c00281,10.1021/acssynbio.1c00281,1.0,True,True,True,https://sbolstandard.org/sbolv-10-years/acs-2021/,data/raw/website/2021.html
2021,December,6,Biosynthesis of Poly(3HB-co-3HP) with Variable Monomer Composition in Recombinant Cupriavidus necator H16,2,2,True,doi:10.1021/acssynbio.1c00283,10.1021/acssynbio.1c00283,1.0,True,True,True,https://sbolstandard.org/sbolv-10-years/acs-2021/,data/raw/website/2021.html
2021,December,7,"Exploiting Noise, Non-Linearity, and Feedback for Differential Control of Multiple Synthetic Cells with a Single Optogenetic Input",1,0,False,doi:10.1021/acssynbio.1c00341,10.1021/acssynbio.1c00341,1.0,True,True,True,https://sbolstandard.org/sbolv-10-years/acs-2021/,data/raw/website/2021.html
2021,December,8,An Optogenetic Toolbox for Synergistic Regulation of Protein Abundance,3,0,False,doi:10.1021/acssynbio.1c00350,10.1021/acssynbio.1c00350,1.0,True,True,True,https://sbolstandard.org/sbolv-10-years/acs-2021/,data/raw/website/2021.html
2021,December,9,"Expansion of the Yeast Modular Cloning Toolkit for CRISPR-Based Applications, Genomic Integrations and Combinatorial Libraries",5,0,False,doi:10.1021/acssynbio.1c00408,10.1021/acssynbio.1c00408,1.0,True,True,True,https://sbolstandard.org/sbolv-10-years/acs-2021/,data/raw/website/2021.html
2021,December,10,Channeling Anabolic Side Products toward the Production of Nonessential Metabolites: Stable Malate Production in Synechocystis sp. PCC6803,1,0,False,doi:10.1021/acssynbio.1c00440,10.1021/acssynbio.1c00440,1.0,True,True,True,https://sbolstandard.org/sbolv-10-years/acs-2021/,data/raw/website/2021.html
2021,December,11,Engineered l-Lactate Responding Promoter System Operating in Glucose-Rich and Anoxic Environments,2,2,True,doi:10.1021/acssynbio.1c00456,10.1021/acssynbio.1c00456,1.0,True,True,True,https://sbolstandard.org/sbolv-10-years/acs-2021/,data/raw/website/2021.html
2021,December,12,Plant-Based Biosensors for Detecting CRISPR-Mediated Genome Engineering,1,0,False,doi:10.1021/acssynbio.1c00455,10.1021/acssynbio.1c00455,1.0,True,True,True,https://sbolstandard.org/sbolv-10-years/acs-2021/,data/raw/website/2021.html
2022,January,1,Synthetic Biology in Chimeric Antigen Receptor T (CAR T) Cell Engineering,3,3,True,doi:10.1021/acssynbio.1c00256,10.1021/acssynbio.1c00256,1.0,True,True,True,https://sbolstandard.org/sbolv-10-years/acs-2022/,data/raw/website/2022.html
2022,January,2,Advances in Approaches to Study Chromatin-Mediated Epigenetic Memory,1,0,False,doi:10.1021/acssynbio.1c00394,10.1021/acssynbio.1c00394,1.0,True,True,True,https://sbolstandard.org/sbolv-10-years/acs-2022/,data/raw/website/2022.html
2022,January,3,Repurposing the Homing Endonuclease I-SceI for Positive Selection and Development of Gene-Editing Technologies,1,1,True,doi:10.1021/acssynbio.1c00340,10.1021/acssynbio.1c00340,1.0,True,True,True,https://sbolstandard.org/sbolv-10-years/acs-2022/,data/raw/website/2022.html
2022,January,4,Development and Application of a New Arabinose-Inducible Vector in High-Attachment Strain Stenotrophomonas AGS-1 from Aerobic Granular Sludge,2,0,False,doi:10.1021/acssynbio.1c00446,10.1021/acssynbio.1c00446,1.0,True,True,True,https://sbolstandard.org/sbolv-10-years/acs-2022/,data/raw/website/2022.html
2022,January,5,CRISPR-Cas9-mediated Large Cluster Deletion and Multiplex Genome Editing in Paenibacillus polymyxa,2,2,True,doi:10.1021/acssynbio.1c00565,10.1021/acssynbio.1c00565,1.0,True,True,True,https://sbolstandard.org/sbolv-10-years/acs-2022/,data/raw/website/2022.html
2022,January,6,Reprogramming the Biosynthesis of Precursor Peptide to Create a Selenazole-Containing Nosiheptide Analogue,3,3,True,doi:10.1021/acssynbio.1c00578,10.1021/acssynbio.1c00578,1.0,True,True,True,https://sbolstandard.org/sbolv-10-years/acs-2022/,data/raw/website/2022.html
2022,January,7,TALE.Sense: A Versatile DNA Sensor Platform for Live Mammalian Cells,4,0,False,doi:10.1021/acssynbio.1c00212,10.1021/acssynbio.1c00212,1.0,True,True,True,https://sbolstandard.org/sbolv-10-years/acs-2022/,data/raw/website/2022.html
2022,January,8,Engineering a Controllable Targeted Protein Degradation System and a Derived OR-GATE-Type Inducible Gene Expression System in Synechococcus elongatus PCC 7942,4,4,True,doi:10.1021/acssynbio.1c00226,10.1021/acssynbio.1c00226,1.0,True,True,True,https://sbolstandard.org/sbolv-10-years/acs-2022/,data/raw/website/2022.html
2022,January,9,Synergistic Metabolism of Glucose and Formate Increases the Yield of Short-Chain Organic Acids in Escherichia coli,1,0,False,doi:10.1021/acssynbio.1c00289,10.1021/acssynbio.1c00289,1.0,True,True,True,https://sbolstandard.org/sbolv-10-years/acs-2022/,data/raw/website/2022.html
2022,January,10,"Multiloci Manipulation of Baculovirus Genome Reveals the Pivotal Role of Homologous Regions in Viral DNA Replication, Progeny Production, and Enhancing Transcription",1,0,False,doi:10.1021/acssynbio.1c00303,10.1021/acssynbio.1c00303,1.0,True,True,True,https://sbolstandard.org/sbolv-10-years/acs-2022/,data/raw/website/2022.html
2022,January,11,Incorporation of Functional Rubisco Activases into Engineered Carboxysomes to Enhance Carbon Fixation,1,1,True,doi:10.1021/acssynbio.1c00311,10.1021/acssynbio.1c00311,1.0,True,True,True,https://sbolstandard.org/sbolv-10-years/acs-2022/,data/raw/website/2022.html
2022,January,12,Artificial Consortium of Three E. coli BL21 Strains with Synergistic Functional Modules for Complete Phenanthrene Degradation,2,0,False,doi:10.1021/acssynbio.1c00349,10.1021/acssynbio.1c00349,1.0,True,True,True,https://sbolstandard.org/sbolv-10-years/acs-2022/,data/raw/website/2022.html
2022,January,13,"Interaction of Bare dSpCas9, Scaffold gRNA, and Type II Anti-CRISPR Proteins Highly Favors the Control of Gene Expression in the Yeast S. cerevisiae",1,0,False,doi:10.1021/acssynbio.1c00352,10.1021/acssynbio.1c00352,1.0,True,True,True,https://sbolstandard.org/sbolv-10-years/acs-2022/,data/raw/website/2022.html
2022,January,14,Episome-Based Gene Expression Modulation Platform in the Model Diatom Phaeodactylum tricornutum,4,1,False,doi:10.1021/acssynbio.1c00367,10.1021/acssynbio.1c00367,1.0,True,True,True,https://sbolstandard.org/sbolv-10-years/acs-2022/,data/raw/website/2022.html
2022,January,15,Cell-Free Gene Expression Dynamics in Synthetic Cell Populations,2,2,True,doi:10.1021/acssynbio.1c00376,10.1021/acssynbio.1c00376,1.0,True,True,True,https://sbolstandard.org/sbolv-10-years/acs-2022/,data/raw/website/2022.html
2022,January,16,Mapping of Nonhomologous End Joining-Mediated Integration Facilitates Genome-Scale Trackable Mutagenesis in Yarrowia lipolytica,3,3,True,doi:10.1021/acssynbio.1c00390,10.1021/acssynbio.1c00390,1.0,True,True,True,https://sbolstandard.org/sbolv-10-years/acs-2022/,data/raw/website/2022.html
2022,January,17,Antibiotic-Efficient Genetic Cassette for the TEM-1 β-Lactamase That Improves Plasmid Performance,2,2,True,doi:10.1021/acssynbio.1c00393,10.1021/acssynbio.1c00393,1.0,True,True,True,https://sbolstandard.org/sbolv-10-years/acs-2022/,data/raw/website/2022.html
2022,January,18,Evolving a Generalist Biosensor for Bicyclic Monoterpenes,3,3,True,doi:10.1021/acssynbio.1c00402,10.1021/acssynbio.1c00402,1.0,True,True,True,https://sbolstandard.org/sbolv-10-years/acs-2022/,data/raw/website/2022.html
2022,January,19,Engineering a Dynamic Controllable Infectivity Switch in Bacteriophage T7,1,0,False,doi:10.1021/acssynbio.1c00414,10.1021/acssynbio.1c00414,1.0,True,True,True,https://sbolstandard.org/sbolv-10-years/acs-2022/,data/raw/website/2022.html
2022,January,20,Design and Characterization of an Optogenetic System in Pichia pastoris,1,0,False,doi:10.1021/acssynbio.1c00422,10.1021/acssynbio.1c00422,1.0,True,True,True,https://sbolstandard.org/sbolv-10-years/acs-2022/,data/raw/website/2022.html
2022,January,21,CRISPR-Based Construction of a BL21 (DE3)-Derived Variant Strain Library to Rapidly Improve Recombinant Protein Production,4,4,True,doi:10.1021/acssynbio.1c00463,10.1021/acssynbio.1c00463,1.0,True,True,True,https://sbolstandard.org/sbolv-10-years/acs-2022/,data/raw/website/2022.html
2022,January,22,A Self-Sustained System Spanning the Primary and Secondary Metabolism Stages to Boost the Productivity of Streptomyces,8,7,False,doi:10.1021/acssynbio.1c00473,10.1021/acssynbio.1c00473,1.0,True,True,True,https://sbolstandard.org/sbolv-10-years/acs-2022/,data/raw/website/2022.html
2022,January,23,"Bio-SCAN: A CRISPR/dCas9-Based Lateral Flow Assay for Rapid, Specific, and Sensitive Detection of SARS-CoV-2",1,0,False,doi:10.1021/acssynbio.1c00499,10.1021/acssynbio.1c00499,1.0,True,True,True,https://sbolstandard.org/sbolv-10-years/acs-2022/,data/raw/website/2022.html
2022,January,24,Cheating the Cheater: Suppressing False-Positive Enrichment during Biosensor-Guided Biocatalyst Engineering,3,3,True,doi:10.1021/acssynbio.1c00506,10.1021/acssynbio.1c00506,1.0,True,True,True,https://sbolstandard.org/sbolv-10-years/acs-2022/,data/raw/website/2022.html
2022,January,25,CS-Cells: A CRISPR-Cas12 DNA Device to Generate Chromosome-Shredded Cells for Efficient and Safe Molecular Biomanufacturing,3,1,False,doi:10.1021/acssynbio.1c00516,10.1021/acssynbio.1c00516,1.0,True,True,True,https://sbolstandard.org/sbolv-10-years/acs-2022/,data/raw/website/2022.html
2022,January,26,Engineering a Synthetic Pathway for Tyrosol Synthesis in Escherichia coli,2,0,False,doi:10.1021/acssynbio.1c00517,10.1021/acssynbio.1c00517,1.0,True,True,True,https://sbolstandard.org/sbolv-10-years/acs-2022/,data/raw/website/2022.html
2022,January,27,CRISPR/Cas-Based Genome Editing for Human Gut Commensal Bacteroides Species,2,2,True,doi:10.1021/acssynbio.1c00543,10.1021/acssynbio.1c00543,1.0,True,True,True,https://sbolstandard.org/sbolv-10-years/acs-2022/,data/raw/website/2022.html
2022,January,28,Engineering of the Ligand Specificity of Transcriptional Regulator XylS by Deep Mutational Scanning,1,1,True,doi:10.1021/acssynbio.1c00564,10.1021/acssynbio.1c00564,1.0,True,True,True,https://sbolstandard.org/sbolv-10-years/acs-2022/,data/raw/website/2022.html
2022,January,29,Building a Versatile Protein Production Platform Using Engineered Trichoderma reesei,3,0,False,doi:10.1021/acssynbio.1c00570,10.1021/acssynbio.1c00570,1.0,True,True,True,https://sbolstandard.org/sbolv-10-years/acs-2022/,data/raw/website/2022.html
2022,January,30,A Tunable and Expandable Transactivation System in Probiotic Yeast Saccharomyces boulardii,2,2,True,doi:10.1021/acssynbio.1c00384,10.1021/acssynbio.1c00384,1.0,True,True,True,https://sbolstandard.org/sbolv-10-years/acs-2022/,data/raw/website/2022.html
2022,February,1,Combating Infectious Diseases with Synthetic Biology,2,0,False,doi:10.1021/acssynbio.1c00576,10.1021/acssynbio.1c00576,1.0,True,True,True,https://sbolstandard.org/sbolv-10-years/acs-2022/,data/raw/website/2022.html
2022,February,2,Construction of Synthetic Microbial Ecosystems and the Regulation of Population Proportion,2,0,False,doi:10.1021/acssynbio.1c00354,10.1021/acssynbio.1c00354,1.0,True,True,True,https://sbolstandard.org/sbolv-10-years/acs-2022/,data/raw/website/2022.html
2022,February,3,Building an RNA-Based Toggle Switch Using Inhibitory RNA Aptamers,4,0,False,doi:10.1021/acssynbio.1c00580,10.1021/acssynbio.1c00580,1.0,True,True,True,https://sbolstandard.org/sbolv-10-years/acs-2022/,data/raw/website/2022.html
2022,February,4,Regulatory Part Engineering for High-Yield Protein Synthesis in an All-Streptomyces-Based Cell-Free Expression System,4,4,True,doi:10.1021/acssynbio.1c00587,10.1021/acssynbio.1c00587,1.0,True,True,True,https://sbolstandard.org/sbolv-10-years/acs-2022/,data/raw/website/2022.html
2022,February,5,EMMA-CAD: Design Automation for Synthetic Mammalian Constructs,4,4,True,doi:10.1021/acssynbio.1c00433,10.1021/acssynbio.1c00433,1.0,True,True,True,https://sbolstandard.org/sbolv-10-years/acs-2022/,data/raw/website/2022.html
2022,February,6,Automation and Expansion of EMMA Assembly for Fast-Tracking Mammalian System Engineering,1,1,True,doi:10.1021/acssynbio.1c00330,10.1021/acssynbio.1c00330,1.0,True,True,True,https://sbolstandard.org/sbolv-10-years/acs-2022/,data/raw/website/2022.html
2022,February,7,Synthetic Biology Toolkit for Marker-Less Integration of Multigene Pathways into Pichia pastoris via CRISPR/Cas9,2,2,True,doi:10.1021/acssynbio.1c00307,10.1021/acssynbio.1c00307,1.0,True,True,True,https://sbolstandard.org/sbolv-10-years/acs-2022/,data/raw/website/2022.html
2022,February,8,One-Step In Vivo Assembly of Multiple DNA Fragments and Genomic Integration in Komagataella phaffii,3,0,False,doi:10.1021/acssynbio.1c00302,10.1021/acssynbio.1c00302,1.0,True,True,True,https://sbolstandard.org/sbolv-10-years/acs-2022/,data/raw/website/2022.html
2022,February,9,Conversion of the OmpF Porin into a Device to Gather Amyloids on the E. coli Outer Membrane,1,0,False,doi:10.1021/acssynbio.1c00347,10.1021/acssynbio.1c00347,1.0,True,True,True,https://sbolstandard.org/sbolv-10-years/acs-2022/,data/raw/website/2022.html
2022,February,10,Reduction of the Bacterial Genome by Transposon-Mediated Random Deletion,1,0,False,doi:10.1021/acssynbio.1c00353,10.1021/acssynbio.1c00353,1.0,True,True,True,https://sbolstandard.org/sbolv-10-years/acs-2022/,data/raw/website/2022.html
2022,February,11,Engineering a Xylose-Utilizing Synechococcus elongatus UTEX 2973 Chassis for 3-Hydroxypropionic Acid Biosynthesis under Photomixotrophic Conditions,2,2,True,doi:10.1021/acssynbio.1c00364,10.1021/acssynbio.1c00364,1.0,True,True,True,https://sbolstandard.org/sbolv-10-years/acs-2022/,data/raw/website/2022.html
2022,February,12,Codon-Restrained Method for Both Eliminating and Creating Intragenic Bacterial Promoters,3,3,True,doi:10.1021/acssynbio.1c00359,10.1021/acssynbio.1c00359,1.0,True,True,True,https://sbolstandard.org/sbolv-10-years/acs-2022/,data/raw/website/2022.html
2022,February,13,Differentially Optimized Cell-Free Buffer Enables Robust Expression from Unprotected Linear DNA in Exonuclease-Deficient Extracts,5,5,True,doi:10.1021/acssynbio.1c00448,10.1021/acssynbio.1c00448,1.0,True,True,True,https://sbolstandard.org/sbolv-10-years/acs-2022/,data/raw/website/2022.html
2022,February,14,A Simple Biosensor-Based Assay for Quantitative Autoinducer-2 Analysis,2,0,False,doi:10.1021/acssynbio.1c00459,10.1021/acssynbio.1c00459,1.0,True,True,True,https://sbolstandard.org/sbolv-10-years/acs-2022/,data/raw/website/2022.html
2022,February,15,Enhancement of l-Pipecolic Acid Production by Dynamic Control of Substrates and Multiple Copies of the pipA Gene in the Escherichia coli Genome,1,1,True,doi:10.1021/acssynbio.1c00467,10.1021/acssynbio.1c00467,1.0,True,True,True,https://sbolstandard.org/sbolv-10-years/acs-2022/,data/raw/website/2022.html
2022,February,16,Secretory Production of Tocotrienols in Saccharomyces cerevisiae,1,0,False,doi:10.1021/acssynbio.1c00484,10.1021/acssynbio.1c00484,1.0,True,True,True,https://sbolstandard.org/sbolv-10-years/acs-2022/,data/raw/website/2022.html
2022,February,17,"Electrogenetic Signal Transmission and Propagation in Coculture to Guide Production of a Small Molecule, Tyrosine",1,0,False,doi:10.1021/acssynbio.1c00522,10.1021/acssynbio.1c00522,1.0,True,True,True,https://sbolstandard.org/sbolv-10-years/acs-2022/,data/raw/website/2022.html
2022,February,18,Engineered Mutants of a Marine Photosynthetic Purple Nonsulfur Bacterium with Increased Volumetric Productivity of Polyhydroxyalkanoate Bioplastics,1,0,False,doi:10.1021/acssynbio.1c00537,10.1021/acssynbio.1c00537,1.0,True,True,True,https://sbolstandard.org/sbolv-10-years/acs-2022/,data/raw/website/2022.html
2022,February,19,Highly Reversible Tunable Thermal-Repressible Split-T7 RNA Polymerases (Thermal-T7RNAPs) for Dynamic Gene Regulation,3,0,False,doi:10.1021/acssynbio.1c00545,10.1021/acssynbio.1c00545,1.0,True,True,True,https://sbolstandard.org/sbolv-10-years/acs-2022/,data/raw/website/2022.html
2022,February,20,Establishment of Green- and Red-Fluorescent Reporter Proteins Based on the Fluorescence-Activating and Absorption-Shifting Tag for Use in Acetogenic and Solventogenic Anaerobes,1,0,False,doi:10.1021/acssynbio.1c00554,10.1021/acssynbio.1c00554,1.0,True,True,True,https://sbolstandard.org/sbolv-10-years/acs-2022/,data/raw/website/2022.html
2022,February,21,Encoding Genetic Circuits with DNA Barcodes Paves the Way for Machine Learning-Assisted Metabolite Biosensor Response Curve Profiling in Yeast,1,1,True,doi:10.1021/acssynbio.1c00595,10.1021/acssynbio.1c00595,1.0,True,True,True,https://sbolstandard.org/sbolv-10-years/acs-2022/,data/raw/website/2022.html
2022,February,22,Uncovering the Distinct Properties of a Bacterial Type I-E CRISPR Activation System,2,2,True,doi:10.1021/acssynbio.1c00496,10.1021/acssynbio.1c00496,1.0,True,True,True,https://sbolstandard.org/sbolv-10-years/acs-2022/,data/raw/website/2022.html
2022,February,23,GAMES: A Dynamic Model Development Workflow for Rigorous Characterization of Synthetic Genetic Systems,1,0,False,doi:10.1021/acssynbio.1c00528,10.1021/acssynbio.1c00528,1.0,True,True,True,https://sbolstandard.org/sbolv-10-years/acs-2022/,data/raw/website/2022.html
2022,March,1,Synthetic Genetic Reversible Feynman Gate in a Single E. coli Cell and Its Application in Bacterial to Mammalian Cell Information Transfer,2,1,False,doi:10.1021/acssynbio.1c00392,10.1021/acssynbio.1c00392,1.0,True,True,True,https://sbolstandard.org/sbolv-10-years/acs-2022/,data/raw/website/2022.html
2022,March,2,Improving the Robustness of Engineered Bacteria to Nutrient Stress Using Programmed Proteolysis,1,1,True,doi:10.1021/acssynbio.1c00490,10.1021/acssynbio.1c00490,1.0,True,True,True,https://sbolstandard.org/sbolv-10-years/acs-2022/,data/raw/website/2022.html
2022,March,3,Genome Engineering in Mycoplasma gallisepticum Using Exogenous Recombination Systems,5,0,False,doi:10.1021/acssynbio.1c00541,10.1021/acssynbio.1c00541,1.0,True,True,True,https://sbolstandard.org/sbolv-10-years/acs-2022/,data/raw/website/2022.html
2022,March,4,Conjugation-Based Genome Engineering in Deinococcus radiodurans,3,0,False,doi:10.1021/acssynbio.1c00524,10.1021/acssynbio.1c00524,1.0,True,True,True,https://sbolstandard.org/sbolv-10-years/acs-2022/,data/raw/website/2022.html
2022,March,5,Versatile Design of Intracellular Protein-Responsive Translational Regulation System for Synthetic mRNA,4,0,False,doi:10.1021/acssynbio.1c00567,10.1021/acssynbio.1c00567,1.0,True,True,True,https://sbolstandard.org/sbolv-10-years/acs-2022/,data/raw/website/2022.html
2022,March,6,A Dual-Purpose Real-Time Indicator and Transcriptional Integrator for Calcium Detection in Living Cells,1,0,False,doi:10.1021/acssynbio.1c00597,10.1021/acssynbio.1c00597,1.0,True,True,True,https://sbolstandard.org/sbolv-10-years/acs-2022/,data/raw/website/2022.html
2022,March,7,Design of Synthetic Mammalian Promoters Using Highly Palindromic Subsequences,1,0,False,doi:10.1021/acssynbio.1c00600,10.1021/acssynbio.1c00600,1.0,True,True,True,https://sbolstandard.org/sbolv-10-years/acs-2022/,data/raw/website/2022.html
2022,March,8,Engineering Transcription Factor XylS for Sensing Phthalic Acid and Terephthalic Acid: An Application for Enzyme Evolution,1,1,True,doi:10.1021/acssynbio.1c00275,10.1021/acssynbio.1c00275,1.0,True,True,True,https://sbolstandard.org/sbolv-10-years/acs-2022/,data/raw/website/2022.html
2022,March,9,Systematic In Vivo Characterization of Fluorescent Protein Maturation in Budding Yeast,1,0,False,doi:10.1021/acssynbio.1c00387,10.1021/acssynbio.1c00387,1.0,True,True,True,https://sbolstandard.org/sbolv-10-years/acs-2022/,data/raw/website/2022.html
2022,March,10,Precise Thermal Regulation of Engineered Bacteria Secretion for Breast Cancer Treatment In Vivo,2,0,False,doi:10.1021/acssynbio.1c00452,10.1021/acssynbio.1c00452,1.0,True,True,True,https://sbolstandard.org/sbolv-10-years/acs-2022/,data/raw/website/2022.html
2022,March,11,Heterologous Synthesis and Secretion of Ricinoleic Acid in Starmerella bombicola with Sophorolipid as an Intermediate,1,1,True,doi:10.1021/acssynbio.1c00457,10.1021/acssynbio.1c00457,1.0,True,True,True,https://sbolstandard.org/sbolv-10-years/acs-2022/,data/raw/website/2022.html
2022,March,12,Cre/lox-Mediated Chromosomal Integration of Biosynthetic Gene Clusters for Heterologous Expression in Aspergillus nidulans,2,2,True,doi:10.1021/acssynbio.1c00458,10.1021/acssynbio.1c00458,1.0,True,True,True,https://sbolstandard.org/sbolv-10-years/acs-2022/,data/raw/website/2022.html
2022,March,13,Metabolic Division in an Escherichia coli Coculture System for Efficient Production of Kaempferide,5,5,True,doi:10.1021/acssynbio.1c00510,10.1021/acssynbio.1c00510,1.0,True,True,True,https://sbolstandard.org/sbolv-10-years/acs-2022/,data/raw/website/2022.html
2022,March,14,Programmable Synthetic Upstream Activating Sequence Library for Fine-Tuning Gene Expression Levels in Saccharomyces cerevisiae,2,2,True,doi:10.1021/acssynbio.1c00511,10.1021/acssynbio.1c00511,1.0,True,True,True,https://sbolstandard.org/sbolv-10-years/acs-2022/,data/raw/website/2022.html
2022,March,15,RNA Compensation: A Positive Feedback Insulation Strategy for RNA-Based Transcription Networks,4,0,False,doi:10.1021/acssynbio.1c00540,10.1021/acssynbio.1c00540,1.0,True,True,True,https://sbolstandard.org/sbolv-10-years/acs-2022/,data/raw/website/2022.html
2022,March,16,PASIV: A Pooled Approach-Based Workflow to Overcome Toxicity-Induced Design of Experiments Failures and Inefficiencies,3,3,True,doi:10.1021/acssynbio.1c00562,10.1021/acssynbio.1c00562,1.0,True,True,True,https://sbolstandard.org/sbolv-10-years/acs-2022/,data/raw/website/2022.html
2022,March,17,Polymer Encapsulation of Bacterial Biosensors Enables Coculture with Mammalian Cells,1,1,True,doi:10.1021/acssynbio.1c00577,10.1021/acssynbio.1c00577,1.0,True,True,True,https://sbolstandard.org/sbolv-10-years/acs-2022/,data/raw/website/2022.html
2022,March,18,Transcriptome Analysis of Bacillus licheniformis for Improving Bacitracin Production,1,1,True,doi:10.1021/acssynbio.1c00593,10.1021/acssynbio.1c00593,1.0,True,True,True,https://sbolstandard.org/sbolv-10-years/acs-2022/,data/raw/website/2022.html
2022,March,19,RoboMoClo: A Robotics-Assisted Modular Cloning Framework for Multiple Gene Assembly in Biofoundry,6,6,True,doi:10.1021/acssynbio.1c00628,10.1021/acssynbio.1c00628,1.0,True,True,True,https://sbolstandard.org/sbolv-10-years/acs-2022/,data/raw/website/2022.html
2022,April,1,Designing Biological Circuits: From Principles to Applications,1,1,True,doi:10.1021/acssynbio.1c00557,10.1021/acssynbio.1c00557,1.0,True,True,True,https://sbolstandard.org/sbolv-10-years/acs-2022/,data/raw/website/2022.html
2022,April,2,Bioorthogonal Chemical Epigenetic Modifiers Enable Dose-Dependent CRISPR Targeted Gene Activation in Mammalian Cells,2,1,False,doi:10.1021/acssynbio.1c00606,10.1021/acssynbio.1c00606,1.0,True,True,True,https://sbolstandard.org/sbolv-10-years/acs-2022/,data/raw/website/2022.html
2022,April,3,Parameterized Computational Framework for the Description and Design of Genetic Circuits of Morphogenesis Based on Contact-Dependent Signaling and Changes in Cell–Cell Adhesion,5,1,False,doi:10.1021/acssynbio.0c00369,10.1021/acssynbio.0c00369,1.0,True,True,True,https://sbolstandard.org/sbolv-10-years/acs-2022/,data/raw/website/2022.html
2022,April,4,Phage Enzyme-Assisted Direct In Vivo DNA Assembly in Multiple Microorganisms,1,1,True,doi:10.1021/acssynbio.1c00529,10.1021/acssynbio.1c00529,1.0,True,True,True,https://sbolstandard.org/sbolv-10-years/acs-2022/,data/raw/website/2022.html
2022,April,5,A CRISPR–Cas9 System-Mediated Genetic Disruption and Multi-fragment Assembly in Starmerella bombicola,5,5,True,doi:10.1021/acssynbio.1c00582,10.1021/acssynbio.1c00582,1.0,True,True,True,https://sbolstandard.org/sbolv-10-years/acs-2022/,data/raw/website/2022.html
2022,April,6,DNA Input Classification by a Riboregulator-Based Cell-Free Perceptron,4,0,False,doi:10.1021/acssynbio.1c00596,10.1021/acssynbio.1c00596,1.0,True,True,True,https://sbolstandard.org/sbolv-10-years/acs-2022/,data/raw/website/2022.html
2022,April,7,[NiFe] Hydrogenase Accessory Proteins HypB–HypC Accelerate Proton Conversion to Enhance the Acid Resistance and d-Lactic Acid Production of Escherichia coli,1,0,False,doi:10.1021/acssynbio.1c00599,10.1021/acssynbio.1c00599,1.0,True,True,True,https://sbolstandard.org/sbolv-10-years/acs-2022/,data/raw/website/2022.html
2022,April,8,Construction and Application of a High-Throughput In Vivo Screening Platform for the Evolution of Nitrile Metabolism-Related Enzymes Based on a Desensitized Repressive Biosensor,5,0,False,doi:10.1021/acssynbio.1c00642,10.1021/acssynbio.1c00642,1.0,True,True,True,https://sbolstandard.org/sbolv-10-years/acs-2022/,data/raw/website/2022.html
2022,April,9,Genomic Iterative Replacements of Large Synthetic DNA Fragments in Corynebacterium glutamicum,3,0,False,doi:10.1021/acssynbio.1c00644,10.1021/acssynbio.1c00644,1.0,True,True,True,https://sbolstandard.org/sbolv-10-years/acs-2022/,data/raw/website/2022.html
2022,April,10,De Novo Production of Plant 4′-Deoxyflavones Baicalein and Oroxylin A from Ethanol in Crabtree-Negative Yeast,1,1,True,doi:10.1021/acssynbio.2c00026,10.1021/acssynbio.2c00026,1.0,True,True,True,https://sbolstandard.org/sbolv-10-years/acs-2022/,data/raw/website/2022.html
2022,April,11,A Versatile Transcription Factor Biosensor System Responsive to Multiple Aromatic and Indole Inducers,2,2,True,doi:10.1021/acssynbio.2c00063,10.1021/acssynbio.2c00063,1.0,True,True,True,https://sbolstandard.org/sbolv-10-years/acs-2022/,data/raw/website/2022.html
2022,May,1,Synthetic Translational Regulation by Protein-Binding RNA Origami Scaffolds,4,4,True,doi:10.1021/acssynbio.1c00608,10.1021/acssynbio.1c00608,1.0,True,True,True,https://sbolstandard.org/sbolv-10-years/acs-2022/,data/raw/website/2022.html
2022,May,2,DeepTESR: A Deep Learning Framework to Predict the Degree of Translational Elongation Short Ramp for Gene Expression Control,1,1,True,doi:10.1021/acssynbio.2c00202,10.1021/acssynbio.2c00202,1.0,True,True,True,https://sbolstandard.org/sbolv-10-years/acs-2022/,data/raw/website/2022.html
2022,May,3,Transcriptional Interference in Toehold Switch-Based RNA Circuits,4,4,True,doi:10.1021/acssynbio.1c00486,10.1021/acssynbio.1c00486,1.0,True,True,True,https://sbolstandard.org/sbolv-10-years/acs-2022/,data/raw/website/2022.html
2022,May,4,Simulation-Based Engineering of Time-Delayed Safety Switches for Safer Gene Therapies,2,2,True,doi:10.1021/acssynbio.1c00621,10.1021/acssynbio.1c00621,1.0,True,True,True,https://sbolstandard.org/sbolv-10-years/acs-2022/,data/raw/website/2022.html
2022,May,5,Increased Production of Riboflavin by Coordinated Expression of Multiple Genes in Operons in Bacillus subtilis,3,0,False,doi:10.1021/acssynbio.1c00640,10.1021/acssynbio.1c00640,1.0,True,True,True,https://sbolstandard.org/sbolv-10-years/acs-2022/,data/raw/website/2022.html
2022,May,6,Exploration of Methanomethylophilus alvus Pyrrolysyl-tRNA Synthetase Activity in Yeast,1,0,False,doi:10.1021/acssynbio.2c00001,10.1021/acssynbio.2c00001,1.0,True,True,True,https://sbolstandard.org/sbolv-10-years/acs-2022/,data/raw/website/2022.html
2022,May,7,Tuning Geraniol Biosynthesis via a Novel Decane-Responsive Promoter in Candida glycerinogenes,1,0,False,doi:10.1021/acssynbio.2c00003,10.1021/acssynbio.2c00003,1.0,True,True,True,https://sbolstandard.org/sbolv-10-years/acs-2022/,data/raw/website/2022.html
2022,May,8,"Engineering Antisense Oligonucleotides as Antibacterial Agents That Target FMN Riboswitches and Inhibit the Growth of Staphylococcus aureus, Listeria monocytogenes, and Escherichia coli",1,0,False,doi:10.1021/acssynbio.2c00013,10.1021/acssynbio.2c00013,1.0,True,True,True,https://sbolstandard.org/sbolv-10-years/acs-2022/,data/raw/website/2022.html
2022,May,9,Combining CRISPR–Cpf1 and Recombineering Facilitates Fast and Efficient Genome Editing in Escherichia coli,3,3,True,doi:10.1021/acssynbio.2c00041,10.1021/acssynbio.2c00041,1.0,True,True,True,https://sbolstandard.org/sbolv-10-years/acs-2022/,data/raw/website/2022.html
2022,May,10,Rerouting Fluxes of the Central Carbon Metabolism and Relieving Mechanism-Based Inactivation of l-Aspartate-α-decarboxylase for Fermentative Production of β-Alanine in Escherichia coli,1,0,False,doi:10.1021/acssynbio.2c00055,10.1021/acssynbio.2c00055,1.0,True,True,True,https://sbolstandard.org/sbolv-10-years/acs-2022/,data/raw/website/2022.html
2022,May,11,LOICA: Integrating Models with Data for Genetic Network Design Automation,2,2,True,doi:10.1021/acssynbio.1c00603,10.1021/acssynbio.1c00603,1.0,True,True,True,https://sbolstandard.org/sbolv-10-years/acs-2022/,data/raw/website/2022.html
2022,June,1,Transcription-Associated Fluorescence-Activated Droplet Sorting for Di-rhamnolipid Hyperproducers,1,1,True,doi:10.1021/acssynbio.1c00622,10.1021/acssynbio.1c00622,1.0,True,True,True,https://sbolstandard.org/sbolv-10-years/acs-2022/,data/raw/website/2022.html
2022,June,2,Temporal Expression of Transcription Factor ID2 Improves Natural Killer Cell Differentiation from Human Pluripotent Stem Cells,1,0,False,doi:10.1021/acssynbio.2c00017,10.1021/acssynbio.2c00017,1.0,True,True,True,https://sbolstandard.org/sbolv-10-years/acs-2022/,data/raw/website/2022.html
2022,June,3,Characterization of ColE1 Production for Robust tolC Plate Dual-Selection in E. coli,1,0,False,doi:10.1021/acssynbio.2c00061,10.1021/acssynbio.2c00061,1.0,True,True,True,https://sbolstandard.org/sbolv-10-years/acs-2022/,data/raw/website/2022.html
2022,June,4,Cell-Free Mutant Analysis Combined with Structure Prediction of a Lasso Peptide Biosynthetic Protease B2,1,1,True,doi:10.1021/acssynbio.2c00176,10.1021/acssynbio.2c00176,1.0,True,True,True,https://sbolstandard.org/sbolv-10-years/acs-2022/,data/raw/website/2022.html
2022,June,5,Efficient Synthesis of Phycocyanobilin by Combinatorial Metabolic Engineering in Escherichia coli,1,0,False,doi:10.1021/acssynbio.2c00016,10.1021/acssynbio.2c00016,1.0,True,True,True,https://sbolstandard.org/sbolv-10-years/acs-2022/,data/raw/website/2022.html
2022,June,6,High-Throughput Regulatory Part Prototyping and Analysis by Cell-Free Protein Synthesis and Droplet Microfluidics,3,1,False,doi:10.1021/acssynbio.2c00050,10.1021/acssynbio.2c00050,1.0,True,True,True,https://sbolstandard.org/sbolv-10-years/acs-2022/,data/raw/website/2022.html
2022,June,7,Efficient Single-Nucleotide Microbial Genome Editing Achieved Using CRISPR/Cpf1 with Maximally 3′-End-Truncated crRNAs,1,1,True,doi:10.1021/acssynbio.2c00054,10.1021/acssynbio.2c00054,1.0,True,True,True,https://sbolstandard.org/sbolv-10-years/acs-2022/,data/raw/website/2022.html
2022,June,8,Dynamic Control Strategy to Produce Riboflavin with Lignocellulose Hydrolysate in the Thermophile Geobacillus thermoglucosidasius,2,2,True,doi:10.1021/acssynbio.2c00087,10.1021/acssynbio.2c00087,1.0,True,True,True,https://sbolstandard.org/sbolv-10-years/acs-2022/,data/raw/website/2022.html
2022,July,1,The Growth Dependent Design Constraints of Transcription-Factor-Based Metabolite Biosensors,5,4,False,doi:10.1021/acssynbio.2c00143,10.1021/acssynbio.2c00143,1.0,True,True,True,https://sbolstandard.org/sbolv-10-years/acs-2022/,data/raw/website/2022.html
2022,July,2,Optimal LentiCRISPR-Based System for Sequential CRISPR/Cas9 Screens,1,0,False,doi:10.1021/acssynbio.2c00152,10.1021/acssynbio.2c00152,1.0,True,True,True,https://sbolstandard.org/sbolv-10-years/acs-2022/,data/raw/website/2022.html
2022,July,3,Engineering a Synthetic Dopamine-Responsive Riboswitch for In Vitro Biosensing,1,0,False,doi:10.1021/acssynbio.1c00560,10.1021/acssynbio.1c00560,1.0,True,True,True,https://sbolstandard.org/sbolv-10-years/acs-2022/,data/raw/website/2022.html
2022,July,4,High-Throughput Aminoacyl-tRNA Synthetase Engineering for Genetic Code Expansion in Yeast,1,0,False,doi:10.1021/acssynbio.1c00626,10.1021/acssynbio.1c00626,1.0,True,True,True,https://sbolstandard.org/sbolv-10-years/acs-2022/,data/raw/website/2022.html
2022,July,5,Control-Based Continuation: A New Approach to Prototype Synthetic Gene Networks,1,1,True,doi:10.1021/acssynbio.1c00632,10.1021/acssynbio.1c00632,1.0,True,True,True,https://sbolstandard.org/sbolv-10-years/acs-2022/,data/raw/website/2022.html
2022,July,6,Machine Learning Guided Batched Design of a Bacterial Ribosome Binding Site,1,1,True,doi:10.1021/acssynbio.2c00015,10.1021/acssynbio.2c00015,1.0,True,True,True,https://sbolstandard.org/sbolv-10-years/acs-2022/,data/raw/website/2022.html
2022,July,7,Light-Induced Patterning of Electroactive Bacterial Biofilms,1,1,True,doi:10.1021/acssynbio.2c00024,10.1021/acssynbio.2c00024,1.0,True,True,True,https://sbolstandard.org/sbolv-10-years/acs-2022/,data/raw/website/2022.html
2022,July,8,Mitigating Host Burden of Genetic Circuits by Engineering Autonegatively Regulated Parts and Improving Functional Prediction,5,5,True,doi:10.1021/acssynbio.2c00073,10.1021/acssynbio.2c00073,1.0,True,True,True,https://sbolstandard.org/sbolv-10-years/acs-2022/,data/raw/website/2022.html
2022,July,9,Tunable Temperature-Sensitive Transcriptional Activation Based on Lambda Repressor,2,2,True,doi:10.1021/acssynbio.2c00093,10.1021/acssynbio.2c00093,1.0,True,True,True,https://sbolstandard.org/sbolv-10-years/acs-2022/,data/raw/website/2022.html
2022,July,10,pySBOL3: SBOL3 for Python Programmers,1,1,True,doi:10.1021/acssynbio.2c00249,10.1021/acssynbio.2c00249,1.0,True,True,True,https://sbolstandard.org/sbolv-10-years/acs-2022/,data/raw/website/2022.html
2022,August,1,Standardization of Synthetic Biology Tools and Assembly Methods for Saccharomyces cerevisiae and Emerging Yeast Species,6,5,False,doi:10.1021/acssynbio.1c00442,10.1021/acssynbio.1c00442,1.0,True,True,True,https://sbolstandard.org/sbolv-10-years/acs-2022/,data/raw/website/2022.html
2022,August,2,PeroxiHUB: A Modular Cell-Free Biosensing Platform Using H2O2 as Signal Integrator,2,0,False,doi:10.1021/acssynbio.2c00138,10.1021/acssynbio.2c00138,1.0,True,True,True,https://sbolstandard.org/sbolv-10-years/acs-2022/,data/raw/website/2022.html
2022,August,3,A Modified Yeast Two-Hybrid Platform Enables Dynamic Control of Expression Intensities to Unmask Properties of Protein–Protein Interactions,1,0,False,doi:10.1021/acssynbio.2c00192,10.1021/acssynbio.2c00192,1.0,True,True,True,https://sbolstandard.org/sbolv-10-years/acs-2022/,data/raw/website/2022.html
2022,August,4,Second-Generation Escherichia coli SuptoxR Strains for High-Level Recombinant Membrane Protein Production,1,0,False,doi:10.1021/acssynbio.1c00598,10.1021/acssynbio.1c00598,1.0,True,True,True,https://sbolstandard.org/sbolv-10-years/acs-2022/,data/raw/website/2022.html
2022,August,5,Decoupling Growth and Production by Removing the Origin of Replication from a Bacterial Chromosome,1,0,False,doi:10.1021/acssynbio.1c00618,10.1021/acssynbio.1c00618,1.0,True,True,True,https://sbolstandard.org/sbolv-10-years/acs-2022/,data/raw/website/2022.html
2022,August,6,Implementation of a Novel Optogenetic Tool in Mammalian Cells Based on a Split T7 RNA Polymerase,5,0,False,doi:10.1021/acssynbio.2c00067,10.1021/acssynbio.2c00067,1.0,True,True,True,https://sbolstandard.org/sbolv-10-years/acs-2022/,data/raw/website/2022.html
2022,August,7,Engineering Agrobacterium tumefaciens Adhesion to Target Cells,1,0,False,doi:10.1021/acssynbio.2c00069,10.1021/acssynbio.2c00069,1.0,True,True,True,https://sbolstandard.org/sbolv-10-years/acs-2022/,data/raw/website/2022.html
2022,August,8,Engineering Critical Amino Acid Residues of Lanosterol Synthase to Improve the Production of Triterpenoids in Saccharomyces cerevisiae,1,0,False,doi:10.1021/acssynbio.2c00098,10.1021/acssynbio.2c00098,1.0,True,True,True,https://sbolstandard.org/sbolv-10-years/acs-2022/,data/raw/website/2022.html
2022,August,9,Whole-Cell Biosensor and Producer Co-cultivation-Based Microfludic Platform for Screening Saccharopolyspora erythraea with Hyper Erythromycin Production,1,0,False,doi:10.1021/acssynbio.2c00102,10.1021/acssynbio.2c00102,1.0,True,True,True,https://sbolstandard.org/sbolv-10-years/acs-2022/,data/raw/website/2022.html
2022,August,10,Rapid Assembly and Prototyping of Biocatalytic Virus-like Particle Nanoreactors,3,0,False,doi:10.1021/acssynbio.2c00117,10.1021/acssynbio.2c00117,1.0,True,True,True,https://sbolstandard.org/sbolv-10-years/acs-2022/,data/raw/website/2022.html
2022,August,11,Deciphering the Rules of Ribosome Binding Site Differentiation in Context Dependence,2,0,False,doi:10.1021/acssynbio.2c00139,10.1021/acssynbio.2c00139,1.0,True,True,True,https://sbolstandard.org/sbolv-10-years/acs-2022/,data/raw/website/2022.html
2022,August,12,Building the Plant SynBio Toolbox through Combinatorial Analysis of DNA Regulatory Elements,2,0,False,doi:10.1021/acssynbio.2c00147,10.1021/acssynbio.2c00147,1.0,True,True,True,https://sbolstandard.org/sbolv-10-years/acs-2022/,data/raw/website/2022.html
2022,August,13,Proteolytically Activated CRAC Effectors through Designed Intramolecular Inhibition,3,0,False,doi:10.1021/acssynbio.2c00151,10.1021/acssynbio.2c00151,1.0,True,True,True,https://sbolstandard.org/sbolv-10-years/acs-2022/,data/raw/website/2022.html
2022,August,14,Synergistic Improvement of 5-Aminolevulinic Acid Production with Synthetic Scaffolds and System Pathway Engineering,1,0,False,doi:10.1021/acssynbio.2c00157,10.1021/acssynbio.2c00157,1.0,True,True,True,https://sbolstandard.org/sbolv-10-years/acs-2022/,data/raw/website/2022.html
2022,August,15,Transfer RNA Synthesis-Coupled Translation and DNA Replication in a Reconstituted Transcription/Translation System,2,0,False,doi:10.1021/acssynbio.2c00163,10.1021/acssynbio.2c00163,1.0,True,True,True,https://sbolstandard.org/sbolv-10-years/acs-2022/,data/raw/website/2022.html
2022,August,16,Integrating CRISPR-Cas12a with a crRNA-Mediated Catalytic Network for the Development of a Modular and Sensitive Aptasensor,2,2,True,doi:10.1021/acssynbio.2c00224,10.1021/acssynbio.2c00224,1.0,True,True,True,https://sbolstandard.org/sbolv-10-years/acs-2022/,data/raw/website/2022.html
2022,August,17,"Stress-Tolerant, Recyclable, and Renewable Biocatalyst Platform Enabled by Engineered Bacterial Spores",4,4,True,doi:10.1021/acssynbio.2c00256,10.1021/acssynbio.2c00256,1.0,True,True,True,https://sbolstandard.org/sbolv-10-years/acs-2022/,data/raw/website/2022.html
2022,August,18,Engineering Metabolic Pathways for Cofactor Self-Sufficiency and Serotonin Production in Escherichia coli,4,4,True,doi:10.1021/acssynbio.2c00298,10.1021/acssynbio.2c00298,1.0,True,True,True,https://sbolstandard.org/sbolv-10-years/acs-2022/,data/raw/website/2022.html
2022,August,19,BMSS2: A Unified Database-Driven Modeling Tool for Systematic Biomodel Selection,1,0,False,doi:10.1021/acssynbio.2c00123,10.1021/acssynbio.2c00123,1.0,True,True,True,https://sbolstandard.org/sbolv-10-years/acs-2022/,data/raw/website/2022.html
2022,September,1,Overcoming Leak Sensitivity in CRISPRi Circuits Using Antisense RNA Sequestration and Regulatory Feedback,4,4,True,doi:10.1021/acssynbio.2c00155,10.1021/acssynbio.2c00155,1.0,True,True,True,https://sbolstandard.org/sbolv-10-years/acs-2022/,data/raw/website/2022.html
2022,September,2,Malarial Antibody Detection with an Engineered Yeast Agglutination Assay,1,1,True,doi:10.1021/acssynbio.2c00160,10.1021/acssynbio.2c00160,1.0,True,True,True,https://sbolstandard.org/sbolv-10-years/acs-2022/,data/raw/website/2022.html
2022,September,3,Genome Editing by CRISPR/Cas12 Recognizing AT-Rich PAMs in Shewanella oneidensis MR-1,4,4,True,doi:10.1021/acssynbio.2c00208,10.1021/acssynbio.2c00208,1.0,True,True,True,https://sbolstandard.org/sbolv-10-years/acs-2022/,data/raw/website/2022.html
2022,September,4,Mobile Translation Systems Generate Genomically Engineered Escherichia coli Cells with Improved Growth Phenotypes,1,0,False,doi:10.1021/acssynbio.2c00099,10.1021/acssynbio.2c00099,1.0,True,True,True,https://sbolstandard.org/sbolv-10-years/acs-2022/,data/raw/website/2022.html
2022,September,5,An Easy-to-Use Plasmid Toolset for Efficient Generation and Benchmarking of Synthetic Small RNAs in Bacteria,2,0,False,doi:10.1021/acssynbio.2c00164,10.1021/acssynbio.2c00164,1.0,True,True,True,https://sbolstandard.org/sbolv-10-years/acs-2022/,data/raw/website/2022.html
2022,September,6,Prebiotics-Controlled Disposable Engineered Bacteria for Intestinal Diseases,5,2,False,doi:10.1021/acssynbio.2c00182,10.1021/acssynbio.2c00182,1.0,True,True,True,https://sbolstandard.org/sbolv-10-years/acs-2022/,data/raw/website/2022.html
2022,September,7,Evolution-Guided Biosynthesis of Terpenoid Inhibitors,2,0,False,doi:10.1021/acssynbio.2c00188,10.1021/acssynbio.2c00188,1.0,True,True,True,https://sbolstandard.org/sbolv-10-years/acs-2022/,data/raw/website/2022.html
2022,September,8,Nitrogenase Cofactor Maturase NifB Isolated from Transgenic Rice is Active in FeMo-co Synthesis,1,0,False,doi:10.1021/acssynbio.2c00194,10.1021/acssynbio.2c00194,1.0,True,True,True,https://sbolstandard.org/sbolv-10-years/acs-2022/,data/raw/website/2022.html
2022,September,9,GB_SynP: A Modular dCas9-Regulated Synthetic Promoter Collection for Fine-Tuned Recombinant Gene Expression in Plants,4,0,False,doi:10.1021/acssynbio.2c00238,10.1021/acssynbio.2c00238,1.0,True,True,True,https://sbolstandard.org/sbolv-10-years/acs-2022/,data/raw/website/2022.html
2022,September,10,CRISPR/Cpf1-Mediated Multiplex and Large-Fragment Gene Editing in Staphylococcus aureus,5,2,False,doi:10.1021/acssynbio.2c00248,10.1021/acssynbio.2c00248,1.0,True,True,True,https://sbolstandard.org/sbolv-10-years/acs-2022/,data/raw/website/2022.html
2022,September,11,A Network Approach to Genetic Circuit Designs,3,2,False,doi:10.1021/acssynbio.2c00255,10.1021/acssynbio.2c00255,1.0,True,True,True,https://sbolstandard.org/sbolv-10-years/acs-2022/,data/raw/website/2022.html
2022,September,12,Modular Use of the Uniquely Small Ring A of Mersacidin Generates the Smallest Ribosomally Produced Lanthipeptide,1,0,False,doi:10.1021/acssynbio.2c00343,10.1021/acssynbio.2c00343,1.0,True,True,True,https://sbolstandard.org/sbolv-10-years/acs-2022/,data/raw/website/2022.html
2022,September,13,Enzymatic Supercoiling of Bacterial Chromosomes Facilitates Genome Manipulation,1,0,False,doi:10.1021/acssynbio.2c00353,10.1021/acssynbio.2c00353,1.0,True,True,True,https://sbolstandard.org/sbolv-10-years/acs-2022/,data/raw/website/2022.html
2022,September,14,Inducible CRISPR/Cas9 Allows for Multiplexed and Rapidly Segregated Single-Target Genome Editing in Synechocystis Sp. PCC 6803,7,1,False,doi:10.1021/acssynbio.2c00375,10.1021/acssynbio.2c00375,1.0,True,True,True,https://sbolstandard.org/sbolv-10-years/acs-2022/,data/raw/website/2022.html
2022,September,15,A Universal Method for Developing Autoinduction Expression Systems Using AHL-Mediated Quorum-Sensing Circuits,2,2,True,doi:10.1021/acssynbio.2c00400,10.1021/acssynbio.2c00400,1.0,True,True,True,https://sbolstandard.org/sbolv-10-years/acs-2022/,data/raw/website/2022.html
2022,October,1,"Intestinal Engineered Probiotics as Living Therapeutics: Chassis Selection, Colonization Enhancement, Gene Circuit Design, and Biocontainment",4,1,False,doi:10.1021/acssynbio.2c00314,10.1021/acssynbio.2c00314,1.0,True,True,True,https://sbolstandard.org/sbolv-10-years/acs-2022/,data/raw/website/2022.html
2022,October,2,Interaction between the Anchoring Domain of A-Kinase Anchoring Proteins and the Dimerization and Docking Domain of Protein Kinase A: A Potent Tool for Synthetic Biology,1,0,False,doi:10.1021/acssynbio.2c00443,10.1021/acssynbio.2c00443,1.0,True,True,True,https://sbolstandard.org/sbolv-10-years/acs-2022/,data/raw/website/2022.html
2022,October,3,Synonymous Codons and Hydrophobicity Optimization of Post-translational Signal Peptide PelB Increase Phage Display Efficiency of DARPins,1,0,False,doi:10.1021/acssynbio.2c00260,10.1021/acssynbio.2c00260,1.0,True,True,True,https://sbolstandard.org/sbolv-10-years/acs-2022/,data/raw/website/2022.html
2022,October,4,A p-Coumaroyl-CoA Biosensor for Dynamic Regulation of Naringenin Biosynthesis in Saccharomyces cerevisiae,2,0,False,doi:10.1021/acssynbio.2c00111,10.1021/acssynbio.2c00111,1.0,True,True,True,https://sbolstandard.org/sbolv-10-years/acs-2022/,data/raw/website/2022.html
2022,October,5,A Versatile in Vivo DNA Assembly Toolbox for Fungal Strain Engineering,1,1,True,doi:10.1021/acssynbio.2c00159,10.1021/acssynbio.2c00159,1.0,True,True,True,https://sbolstandard.org/sbolv-10-years/acs-2022/,data/raw/website/2022.html
2022,October,6,Steady-State Operation of a Cell-Free Genetic Band-Detection Circuit,2,2,True,doi:10.1021/acssynbio.2c00195,10.1021/acssynbio.2c00195,1.0,True,True,True,https://sbolstandard.org/sbolv-10-years/acs-2022/,data/raw/website/2022.html
2022,October,7,Construction of an rAAV Producer Cell Line through Synthetic Biology,1,0,False,doi:10.1021/acssynbio.2c00207,10.1021/acssynbio.2c00207,1.0,True,True,True,https://sbolstandard.org/sbolv-10-years/acs-2022/,data/raw/website/2022.html
2022,October,8,Novel Split Intein-Mediated Enzymatic Channeling Accelerates the Multimeric Bioconversion Pathway of Ginsenoside,2,2,True,doi:10.1021/acssynbio.2c00216,10.1021/acssynbio.2c00216,1.0,True,True,True,https://sbolstandard.org/sbolv-10-years/acs-2022/,data/raw/website/2022.html
2022,October,9,Reprogramming the Cleavage Specificity of Botulinum Neurotoxin Serotype B1,3,0,False,doi:10.1021/acssynbio.2c00235,10.1021/acssynbio.2c00235,1.0,True,True,True,https://sbolstandard.org/sbolv-10-years/acs-2022/,data/raw/website/2022.html
2022,October,10,SpyPhage: A Cell-Free TXTL Platform for Rapid Engineering of Targeted Phage Therapies,2,1,False,doi:10.1021/acssynbio.2c00244,10.1021/acssynbio.2c00244,1.0,True,True,True,https://sbolstandard.org/sbolv-10-years/acs-2022/,data/raw/website/2022.html
2022,October,11,Optogenetic Control of Bacterial Expression by Red Light,1,0,False,doi:10.1021/acssynbio.2c00259,10.1021/acssynbio.2c00259,1.0,True,True,True,https://sbolstandard.org/sbolv-10-years/acs-2022/,data/raw/website/2022.html
2022,October,12,Induced CD45 Proximity Potentiates Natural Killer Cell Receptor Antagonism,2,0,False,doi:10.1021/acssynbio.2c00337,10.1021/acssynbio.2c00337,1.0,True,True,True,https://sbolstandard.org/sbolv-10-years/acs-2022/,data/raw/website/2022.html
2022,October,13,Efficient Bacterial Genome Engineering throughout the Central Dogma Using the Dual-Selection Marker tetAOPT,5,1,False,doi:10.1021/acssynbio.2c00345,10.1021/acssynbio.2c00345,1.0,True,True,True,https://sbolstandard.org/sbolv-10-years/acs-2022/,data/raw/website/2022.html
2022,October,14,Reprogramming T7RNA Polymerase in Escherichia coli Nissle 1917 under Specific Lac Operon for Efficient p-Coumaric Acid Production,3,0,False,doi:10.1021/acssynbio.2c00363,10.1021/acssynbio.2c00363,1.0,True,True,True,https://sbolstandard.org/sbolv-10-years/acs-2022/,data/raw/website/2022.html
2022,October,15,Light-Dependent Control of Bacterial Expression at the mRNA Level,3,2,False,doi:10.1021/acssynbio.2c00365,10.1021/acssynbio.2c00365,1.0,True,True,True,https://sbolstandard.org/sbolv-10-years/acs-2022/,data/raw/website/2022.html
2022,October,16,Discovery and Heterologous Expression of Microginins from Microcystis aeruginosa LEGE 91341,3,3,True,doi:10.1021/acssynbio.2c00389,10.1021/acssynbio.2c00389,1.0,True,True,True,https://sbolstandard.org/sbolv-10-years/acs-2022/,data/raw/website/2022.html
2022,October,17,Engineered Protein Nanocages for Concurrent RNA and Protein Packaging In Vivo,2,1,False,doi:10.1021/acssynbio.2c00391,10.1021/acssynbio.2c00391,1.0,True,True,True,https://sbolstandard.org/sbolv-10-years/acs-2022/,data/raw/website/2022.html
2022,October,18,Building an Artificial Plant Cell Wall on a Lipid Bilayer by Assembling Polysaccharides and Engineered Proteins,1,0,False,doi:10.1021/acssynbio.2c00404,10.1021/acssynbio.2c00404,1.0,True,True,True,https://sbolstandard.org/sbolv-10-years/acs-2022/,data/raw/website/2022.html
2022,October,19,Analysis of Slow-Cycling Variants of the Light-Inducible Nuclear Protein Export System LEXY in Mammalian Cells,1,0,False,doi:10.1021/acssynbio.2c00232,10.1021/acssynbio.2c00232,1.0,True,True,True,https://sbolstandard.org/sbolv-10-years/acs-2022/,data/raw/website/2022.html
2022,October,20,GroovDB: A Database of Ligand-Inducible Transcription Factors,2,0,False,doi:10.1021/acssynbio.2c00382,10.1021/acssynbio.2c00382,1.0,True,True,True,https://sbolstandard.org/sbolv-10-years/acs-2022/,data/raw/website/2022.html
2022,October,21,The VEGAS Platform Is Unsuitable for Mammalian Directed Evolution,2,1,False,doi:10.1021/acssynbio.2c00460,10.1021/acssynbio.2c00460,1.0,True,True,True,https://sbolstandard.org/sbolv-10-years/acs-2022/,data/raw/website/2022.html
2022,November,1,Engineered Spore-Forming Bacillus as a Microbial Vessel for Long-Term DNA Data Storage,2,0,False,doi:10.1021/acssynbio.2c00291,10.1021/acssynbio.2c00291,1.0,True,True,True,https://sbolstandard.org/sbolv-10-years/acs-2022/,data/raw/website/2022.html
2022,November,2,Harnessing Escherichia coli’s Native Machinery for Detection of Vitamin C (Ascorbate) Deficiency,2,0,False,doi:10.1021/acssynbio.2c00335,10.1021/acssynbio.2c00335,1.0,True,True,True,https://sbolstandard.org/sbolv-10-years/acs-2022/,data/raw/website/2022.html
2022,November,3,Unusual Class I Lanthipeptides from the Marine Bacteria Thalassomonas viridans,3,2,False,doi:10.1021/acssynbio.2c00480,10.1021/acssynbio.2c00480,1.0,True,True,True,https://sbolstandard.org/sbolv-10-years/acs-2022/,data/raw/website/2022.html
2022,November,4,"Synthetic Biology Toolbox, Including a Single-Plasmid CRISPR-Cas9 System to Biologically Engineer the Electrogenic, Metal-Resistant Bacterium Cupriavidus metallidurans CH34",2,1,False,doi:10.1021/acssynbio.2c00130,10.1021/acssynbio.2c00130,1.0,True,True,True,https://sbolstandard.org/sbolv-10-years/acs-2022/,data/raw/website/2022.html
2022,November,5,Genome-Wide Screen for Enhanced Noncanonical Amino Acid Incorporation in Yeast,2,0,False,doi:10.1021/acssynbio.2c00267,10.1021/acssynbio.2c00267,1.0,True,True,True,https://sbolstandard.org/sbolv-10-years/acs-2022/,data/raw/website/2022.html
2022,November,6,"AgeMTPT, a Catalyst for Peptide N-Terminal Modification",1,1,True,doi:10.1021/acssynbio.2c00312,10.1021/acssynbio.2c00312,1.0,True,True,True,https://sbolstandard.org/sbolv-10-years/acs-2022/,data/raw/website/2022.html
2022,November,7,Genetic Code Expansion in Pseudomonas putida KT2440,2,2,True,doi:10.1021/acssynbio.2c00325,10.1021/acssynbio.2c00325,1.0,True,True,True,https://sbolstandard.org/sbolv-10-years/acs-2022/,data/raw/website/2022.html
2022,November,8,Synthetic Platforms for Characterizing and Targeting of SARS-CoV-2 Genome Capping Enzymes,4,4,True,doi:10.1021/acssynbio.2c00359,10.1021/acssynbio.2c00359,1.0,True,True,True,https://sbolstandard.org/sbolv-10-years/acs-2022/,data/raw/website/2022.html
2022,November,9,MGCEP 1.0: A Genetic-Engineered Marine-Derived Chassis Cell for a Scaled Heterologous Expression Platform of Microbial Bioactive Metabolites,3,1,False,doi:10.1021/acssynbio.2c00362,10.1021/acssynbio.2c00362,1.0,True,True,True,https://sbolstandard.org/sbolv-10-years/acs-2022/,data/raw/website/2022.html
2022,November,10,"Comparison of Kill Switch Toxins in Plant-Beneficial Pseudomonas fluorescens Reveals Drivers of Lethality, Stability, and Escape",3,1,False,doi:10.1021/acssynbio.2c00386,10.1021/acssynbio.2c00386,1.0,True,True,True,https://sbolstandard.org/sbolv-10-years/acs-2022/,data/raw/website/2022.html
2022,November,11,Engineering a Rhodopsin-Based Photo-Electrosynthetic System in Bacteria for CO2 Fixation,1,0,False,doi:10.1021/acssynbio.2c00397,10.1021/acssynbio.2c00397,1.0,True,True,True,https://sbolstandard.org/sbolv-10-years/acs-2022/,data/raw/website/2022.html
2022,November,12,Zymo-Parts: A Golden Gate Modular Cloning Toolbox for Heterologous Gene Expression in Zymomonas mobilis,1,0,False,doi:10.1021/acssynbio.2c00428,10.1021/acssynbio.2c00428,1.0,True,True,True,https://sbolstandard.org/sbolv-10-years/acs-2022/,data/raw/website/2022.html
2022,November,13,EasyGuide Plasmids Support in Vivo Assembly of gRNAs for CRISPR/Cas9 Applications in Saccharomyces cerevisiae,1,0,False,doi:10.1021/acssynbio.2c00348,10.1021/acssynbio.2c00348,1.0,True,True,True,https://sbolstandard.org/sbolv-10-years/acs-2022/,data/raw/website/2022.html
2022,December,1,Ribosome Stalling of N-Linked Glycoproteins in Cell-Free Extracts,1,1,True,doi:10.1021/acssynbio.2c00311,10.1021/acssynbio.2c00311,1.0,True,True,True,https://sbolstandard.org/sbolv-10-years/acs-2022/,data/raw/website/2022.html
2022,December,2,Robotic Construction and Screening of Lanthipeptide Variant Libraries in Escherichia coli,2,2,True,doi:10.1021/acssynbio.2c00344,10.1021/acssynbio.2c00344,1.0,True,True,True,https://sbolstandard.org/sbolv-10-years/acs-2022/,data/raw/website/2022.html
2022,December,3,Targeting Transcriptional and Translational Hindrances in a Modular T7RNAP Expression System in Engineered Pseudomonas putida,8,0,False,doi:10.1021/acssynbio.2c00295,10.1021/acssynbio.2c00295,1.0,True,True,True,https://sbolstandard.org/sbolv-10-years/acs-2022/,data/raw/website/2022.html
2022,December,4,Two-Layered Microfluidic Devices for High-Throughput Dynamic Analysis of Synthetic Gene Circuits in E. coli,3,3,True,doi:10.1021/acssynbio.2c00307,10.1021/acssynbio.2c00307,1.0,True,True,True,https://sbolstandard.org/sbolv-10-years/acs-2022/,data/raw/website/2022.html
2022,December,5,High Titer of (S)-Equol Synthesis from Daidzein in Escherichia coli,3,0,False,doi:10.1021/acssynbio.2c00378,10.1021/acssynbio.2c00378,1.0,True,True,True,https://sbolstandard.org/sbolv-10-years/acs-2022/,data/raw/website/2022.html
2022,December,6,Tuning of Gene Expression in Clostridium phytofermentans Using Synthetic Promoters and CRISPRi,4,0,False,doi:10.1021/acssynbio.2c00385,10.1021/acssynbio.2c00385,1.0,True,True,True,https://sbolstandard.org/sbolv-10-years/acs-2022/,data/raw/website/2022.html
2022,December,7,Hybrid Nucleic Acid-Quantum Dot Assemblies as Multiplexed Reporter Platforms for Cell-Free Transcription Translation-Based Biosensors,1,1,True,doi:10.1021/acssynbio.2c00394,10.1021/acssynbio.2c00394,1.0,True,True,True,https://sbolstandard.org/sbolv-10-years/acs-2022/,data/raw/website/2022.html
2022,December,8,Rapid and Accurate Assembly of Large DNA Assisted by In Vitro Packaging of Bacteriophage,6,3,False,doi:10.1021/acssynbio.2c00419,10.1021/acssynbio.2c00419,1.0,True,True,True,https://sbolstandard.org/sbolv-10-years/acs-2022/,data/raw/website/2022.html
2022,December,9,Computer-Based Design of a Cell Factory for High-Yield Cytidine Production,1,1,True,doi:10.1021/acssynbio.2c00431,10.1021/acssynbio.2c00431,1.0,True,True,True,https://sbolstandard.org/sbolv-10-years/acs-2022/,data/raw/website/2022.html
2022,December,10,Enzymatic Synthesis of DNA with an Expanded Genetic Alphabet Using Terminal Deoxynucleotidyl Transferase,1,1,True,doi:10.1021/acssynbio.2c00456,10.1021/acssynbio.2c00456,1.0,True,True,True,https://sbolstandard.org/sbolv-10-years/acs-2022/,data/raw/website/2022.html
2022,December,11,Modulating DHA-Producing Schizochytrium sp. toward Astaxanthin Biosynthesis via a Seamless Genome Editing System,4,3,False,doi:10.1021/acssynbio.2c00490,10.1021/acssynbio.2c00490,1.0,True,True,True,https://sbolstandard.org/sbolv-10-years/acs-2022/,data/raw/website/2022.html
2022,December,12,Characterization of Eight Bacterial Biosensors for Microbial Diagnostic and Therapeutic Applications,1,0,False,doi:10.1021/acssynbio.2c00491,10.1021/acssynbio.2c00491,1.0,True,True,True,https://sbolstandard.org/sbolv-10-years/acs-2022/,data/raw/website/2022.html
2022,December,13,Autoinduction Expression Modules for Regulating Gene Expression in Bacillus subtilis,2,2,True,doi:10.1021/acssynbio.2c00304,10.1021/acssynbio.2c00304,1.0,True,True,True,https://sbolstandard.org/sbolv-10-years/acs-2022/,data/raw/website/2022.html
2023,January,1,"Engineering the Biosynthesis of Late-Stage Vinblastine Precursors Precondylocarpine Acetate, Catharanthine, Tabersonine in Nicotiana benthamiana",3,0,False,doi:10.1021/acssynbio.2c00434,10.1021/acssynbio.2c00434,1.0,True,True,True,https://sbolstandard.org/sbolv-10-years/acs-2023/,data/raw/website/2023.html
2023,January,2,Continuous Directed Evolution of a Feedback-Resistant Arabidopsis Arogenate Dehydratase in Plantized Escherichia coli,1,0,False,doi:10.1021/acssynbio.2c00511,10.1021/acssynbio.2c00511,1.0,True,True,True,https://sbolstandard.org/sbolv-10-years/acs-2023/,data/raw/website/2023.html
2023,January,3,A Logically Reversible Double Feynman Gate with Molecular Engineered Bacteria Arranged in an Artificial Neural Network-Type Architecture,1,0,False,doi:10.1021/acssynbio.2c00520,10.1021/acssynbio.2c00520,1.0,True,True,True,https://sbolstandard.org/sbolv-10-years/acs-2023/,data/raw/website/2023.html
2023,January,4,CaExTun: Mitigating Cas9-Related Toxicity in Streptomyces through Species-Specific Expression Tuning with Randomized Constitutive Promoters,2,2,True,doi:10.1021/acssynbio.2c00539,10.1021/acssynbio.2c00539,1.0,True,True,True,https://sbolstandard.org/sbolv-10-years/acs-2023/,data/raw/website/2023.html
2023,January,5,Coupling Cell Communication and Optogenetics: Implementation of a Light-Inducible Intercellular System in Yeast,2,0,False,doi:10.1021/acssynbio.2c00338,10.1021/acssynbio.2c00338,1.0,True,True,True,https://sbolstandard.org/sbolv-10-years/acs-2023/,data/raw/website/2023.html
2023,January,6,Genetically Encoded Detection of Biosynthetic Protease Inhibitors,2,0,False,doi:10.1021/acssynbio.2c00384,10.1021/acssynbio.2c00384,1.0,True,True,True,https://sbolstandard.org/sbolv-10-years/acs-2023/,data/raw/website/2023.html
2023,January,7,Reconstitution of Multi-Protein Complexes through Ribozyme-Assisted Polycistronic Co-Expression,1,0,False,doi:10.1021/acssynbio.2c00416,10.1021/acssynbio.2c00416,1.0,True,True,True,https://sbolstandard.org/sbolv-10-years/acs-2023/,data/raw/website/2023.html
2023,January,8,Tuning the Transcriptional Activity of the CaMV 35S Promoter in Plants by Single-Nucleotide Changes in the TATA Box,1,1,True,doi:10.1021/acssynbio.2c00457,10.1021/acssynbio.2c00457,1.0,True,True,True,https://sbolstandard.org/sbolv-10-years/acs-2023/,data/raw/website/2023.html
2023,January,9,Engineering Pheromone-Mediated Quorum Sensing with Enhanced Response Output Increases Fucosyllactose Production in Saccharomyces cerevisiae,3,3,True,doi:10.1021/acssynbio.2c00507,10.1021/acssynbio.2c00507,1.0,True,True,True,https://sbolstandard.org/sbolv-10-years/acs-2023/,data/raw/website/2023.html
2023,January,10,Developing Cyanobacterial Quorum Sensing Toolkits: Toward Interspecies Coordination in Mixed Autotroph/Heterotroph Communities,1,0,False,doi:10.1021/acssynbio.2c00527,10.1021/acssynbio.2c00527,1.0,True,True,True,https://sbolstandard.org/sbolv-10-years/acs-2023/,data/raw/website/2023.html
2023,January,11,Simple and Rapid Non-ribosomal Peptide Synthetase Gene Assembly Using the SEAM–OGAB Method,3,0,False,doi:10.1021/acssynbio.2c00565,10.1021/acssynbio.2c00565,1.0,True,True,True,https://sbolstandard.org/sbolv-10-years/acs-2023/,data/raw/website/2023.html
2023,January,12,A Universal Strategy to Promote Secretion of G+/G– Bacterial Extracellular Vesicles and Its Application in Host Innate Immune Responses,1,0,False,doi:10.1021/acssynbio.2c00583,10.1021/acssynbio.2c00583,1.0,True,True,True,https://sbolstandard.org/sbolv-10-years/acs-2023/,data/raw/website/2023.html
2023,February,1,Circular Guide RNA for Improved Stability and CRISPR-Cas9 Editing Efficiency in Vitro and in Bacteria,1,0,False,doi:10.1021/acssynbio.2c00381,10.1021/acssynbio.2c00381,1.0,True,True,True,https://sbolstandard.org/sbolv-10-years/acs-2023/,data/raw/website/2023.html
2023,February,2,A Dueling-Competent Signal-Sensing Module Guides Precise Delivery of Cargo Proteins into Target Cells by Engineered Pseudomonas aeruginosa,1,0,False,doi:10.1021/acssynbio.2c00441,10.1021/acssynbio.2c00441,1.0,True,True,True,https://sbolstandard.org/sbolv-10-years/acs-2023/,data/raw/website/2023.html
2023,February,3,Signal Peptide Efficiency: From High-Throughput Data to Prediction and Explanation,1,0,False,doi:10.1021/acssynbio.2c00328,10.1021/acssynbio.2c00328,1.0,True,True,True,https://sbolstandard.org/sbolv-10-years/acs-2023/,data/raw/website/2023.html
2023,February,4,Mechanistic Insights into Cell-Free Gene Expression through an Integrated -Omics Analysis of Extract Processing Methods,3,0,False,doi:10.1021/acssynbio.2c00339,10.1021/acssynbio.2c00339,1.0,True,True,True,https://sbolstandard.org/sbolv-10-years/acs-2023/,data/raw/website/2023.html
2023,February,5,Titrating Avidity of Yeast-Displayed Proteins Using a Transcriptional Regulator,1,1,True,doi:10.1021/acssynbio.2c00351,10.1021/acssynbio.2c00351,1.0,True,True,True,https://sbolstandard.org/sbolv-10-years/acs-2023/,data/raw/website/2023.html
2023,February,6,Modular Engineering Strategy to Redirect Electron Flux into the Electron-Transfer Chain for Enhancing Extracellular Electron Transfer in Shewanella oneidensis,5,5,True,doi:10.1021/acssynbio.2c00408,10.1021/acssynbio.2c00408,1.0,True,True,True,https://sbolstandard.org/sbolv-10-years/acs-2023/,data/raw/website/2023.html
2023,February,7,A Ubiquitous Chromatin Opening Element and DNA Demethylation Facilitate Doxycycline-Controlled Expression during Differentiation and in Transgenic Mice,3,3,True,doi:10.1021/acssynbio.2c00450,10.1021/acssynbio.2c00450,1.0,True,True,True,https://sbolstandard.org/sbolv-10-years/acs-2023/,data/raw/website/2023.html
2023,February,8,Engineering the Substrate Specificity of Toluene Degrading Enzyme XylM Using Biosensor XylS and Machine Learning,1,1,True,doi:10.1021/acssynbio.2c00577,10.1021/acssynbio.2c00577,1.0,True,True,True,https://sbolstandard.org/sbolv-10-years/acs-2023/,data/raw/website/2023.html
2023,February,9,Simplified Construction of Engineered Bacillus subtilis Host for Improved Expression of Proteins Harboring Noncanonical Amino Acids,1,0,False,doi:10.1021/acssynbio.2c00604,10.1021/acssynbio.2c00604,1.0,True,True,True,https://sbolstandard.org/sbolv-10-years/acs-2023/,data/raw/website/2023.html
2023,February,10,Tail-Engineered Phage P2 Enables Delivery of Antimicrobials into Multiple Gut Pathogens,3,3,True,doi:10.1021/acssynbio.2c00615,10.1021/acssynbio.2c00615,1.0,True,True,True,https://sbolstandard.org/sbolv-10-years/acs-2023/,data/raw/website/2023.html
2023,February,11,A Suite of New Strain Construction Vectors for Gene Expression Knockdown in Budding Yeast,3,0,False,doi:10.1021/acssynbio.2c00547,10.1021/acssynbio.2c00547,1.0,True,True,True,https://sbolstandard.org/sbolv-10-years/acs-2023/,data/raw/website/2023.html
2023,March,1,A Biological OR(XNOR) Logic Gate Couples Carbon Source and Transgene Expression Switching in a Komagataella phaffii (Pichia pastoris) Strain Co-producing Process-Enhancing Lipase and a Virus-like Particle (VLP) Vaccine,1,1,True,doi:10.1021/acssynbio.2c00342,10.1021/acssynbio.2c00342,1.0,True,True,True,https://sbolstandard.org/sbolv-10-years/acs-2023/,data/raw/website/2023.html
2023,March,2,Optical Control of Cell Signaling with Red/Far-Red Light-Responsive Optogenetic Tools in Caenorhabditis elegans,1,0,False,doi:10.1021/acssynbio.2c00461,10.1021/acssynbio.2c00461,1.0,True,True,True,https://sbolstandard.org/sbolv-10-years/acs-2023/,data/raw/website/2023.html
2023,March,3,P1 Bacteriophage-Enabled Delivery of CRISPR-Cas9 Antimicrobial Activity Against Shigella flexneri,3,1,False,doi:10.1021/acssynbio.2c00465,10.1021/acssynbio.2c00465,1.0,True,True,True,https://sbolstandard.org/sbolv-10-years/acs-2023/,data/raw/website/2023.html
2023,March,4,Chimeric MerR-Family Regulators and Logic Elements for the Design of Metal Sensitive Genetic Circuits in Bacillus subtilis,4,0,False,doi:10.1021/acssynbio.2c00545,10.1021/acssynbio.2c00545,1.0,True,True,True,https://sbolstandard.org/sbolv-10-years/acs-2023/,data/raw/website/2023.html
2023,March,5,Construction of Osmotic Pressure Responsive Vacuole-like Bacterial Organelles with Capsular Polysaccharides as Building Blocks,1,1,True,doi:10.1021/acssynbio.2c00546,10.1021/acssynbio.2c00546,1.0,True,True,True,https://sbolstandard.org/sbolv-10-years/acs-2023/,data/raw/website/2023.html
2023,March,6,New Target Gene Screening Using Shortened and Random sgRNA Libraries in Microbial CRISPR Interference,2,2,True,doi:10.1021/acssynbio.2c00595,10.1021/acssynbio.2c00595,1.0,True,True,True,https://sbolstandard.org/sbolv-10-years/acs-2023/,data/raw/website/2023.html
2023,March,7,Simulations Reveal High Efficiency and Confinement of a Population Suppression CRISPR Toxin-Antidote Gene Drive,1,0,False,doi:10.1021/acssynbio.2c00611,10.1021/acssynbio.2c00611,1.0,True,True,True,https://sbolstandard.org/sbolv-10-years/acs-2023/,data/raw/website/2023.html
2023,March,8,Metabolic Engineering for Efficient Ketocarotenoid Accumulation in the Green Microalga Chlamydomonas reinhardtii,3,3,True,doi:10.1021/acssynbio.2c00616,10.1021/acssynbio.2c00616,1.0,True,True,True,https://sbolstandard.org/sbolv-10-years/acs-2023/,data/raw/website/2023.html
2023,March,9,Autoinduction AND Gate Inhibits Cell Lysis to Enhance Protein Production in Bacillus subtilis Controlled by Population Density and Cell Physiological State,4,4,True,doi:10.1021/acssynbio.2c00624,10.1021/acssynbio.2c00624,1.0,True,True,True,https://sbolstandard.org/sbolv-10-years/acs-2023/,data/raw/website/2023.html
2023,March,10,In Silico Prediction and Mining of Exporters for Secretory Bioproduction of Terpenoids in Saccharomyces cerevisiae,1,0,False,doi:10.1021/acssynbio.2c00673,10.1021/acssynbio.2c00673,1.0,True,True,True,https://sbolstandard.org/sbolv-10-years/acs-2023/,data/raw/website/2023.html
2023,March,11,Engineering Modular and Highly Sensitive Cell-Based Biosensors for Aromatic Contaminant Monitoring and High-Throughput Enzyme Screening,2,0,False,doi:10.1021/acssynbio.3c00036,10.1021/acssynbio.3c00036,1.0,True,True,True,https://sbolstandard.org/sbolv-10-years/acs-2023/,data/raw/website/2023.html
2023,March,12,SynBioSuite: A Tool for Improving the Workflow for Genetic Design and Modeling,1,1,True,doi:10.1021/acssynbio.2c00597,10.1021/acssynbio.2c00597,1.0,True,True,True,https://sbolstandard.org/sbolv-10-years/acs-2023/,data/raw/website/2023.html
2023,April,1,Directed Evolution of Aerotolerance in Sulfide-Dependent Thiazole Synthases,1,1,True,doi:10.1021/acssynbio.2c00512,10.1021/acssynbio.2c00512,1.0,True,True,True,https://sbolstandard.org/sbolv-10-years/acs-2023/,data/raw/website/2023.html
2023,April,2,Marine Biofilm Engineered to Produce Current in Response to Small Molecules,3,3,True,doi:10.1021/acssynbio.2c00417,10.1021/acssynbio.2c00417,1.0,True,True,True,https://sbolstandard.org/sbolv-10-years/acs-2023/,data/raw/website/2023.html
2023,April,3,"Inducible Synthetic Growth Regulation Using the ClpXP Proteasome Enhances cis,cis-Muconic Acid and Glycolic Acid Yields in Saccharomyces cerevisiae",1,0,False,doi:10.1021/acssynbio.2c00467,10.1021/acssynbio.2c00467,1.0,True,True,True,https://sbolstandard.org/sbolv-10-years/acs-2023/,data/raw/website/2023.html
2023,April,4,Standard Intein Gene Expression Ramps (SIGER) for Protein-Independent Expression Control,2,2,True,doi:10.1021/acssynbio.2c00530,10.1021/acssynbio.2c00530,1.0,True,True,True,https://sbolstandard.org/sbolv-10-years/acs-2023/,data/raw/website/2023.html
2023,April,5,Reconstruction of the Native Biosynthetic System of Carotenoids in E. coli─Biosynthesis of a Series of Carotenoids Specific to Paprika Fruit,1,1,True,doi:10.1021/acssynbio.2c00578,10.1021/acssynbio.2c00578,1.0,True,True,True,https://sbolstandard.org/sbolv-10-years/acs-2023/,data/raw/website/2023.html
2023,April,6,"Design of Four Small-Molecule-Inducible Systems in the Yeast Chromosome, Applied to Optimize Terpene Biosynthesis",2,2,True,doi:10.1021/acssynbio.2c00607,10.1021/acssynbio.2c00607,1.0,True,True,True,https://sbolstandard.org/sbolv-10-years/acs-2023/,data/raw/website/2023.html
2023,April,7,Modular Pathway Compartmentalization for Agroclavine Overproduction in Saccharomyces cerevisiae,1,0,False,doi:10.1021/acssynbio.2c00626,10.1021/acssynbio.2c00626,1.0,True,True,True,https://sbolstandard.org/sbolv-10-years/acs-2023/,data/raw/website/2023.html
2023,April,8,Clonal Amplification-Enhanced Gene Expression in Synthetic Vesicles,6,6,True,doi:10.1021/acssynbio.2c00668,10.1021/acssynbio.2c00668,1.0,True,True,True,https://sbolstandard.org/sbolv-10-years/acs-2023/,data/raw/website/2023.html
2023,April,9,CRISPR/Cas12a-Mediated Genome Editing in Thioalkalivibrio versutus,2,2,True,doi:10.1021/acssynbio.2c00676,10.1021/acssynbio.2c00676,1.0,True,True,True,https://sbolstandard.org/sbolv-10-years/acs-2023/,data/raw/website/2023.html
2023,April,10,"Indirect Enrichment of Desirable, but Less Fit Phenotypes, from a Synthetic Microbial Community Using Microdroplet Confinement",1,0,False,doi:10.1021/acssynbio.3c00008,10.1021/acssynbio.3c00008,1.0,True,True,True,https://sbolstandard.org/sbolv-10-years/acs-2023/,data/raw/website/2023.html
2023,April,11,In Vitro Transcription/Translation-Coupled DNA Replication through Partial Regeneration of 20 Aminoacyl-tRNA Synthetases,4,4,True,doi:10.1021/acssynbio.3c00014,10.1021/acssynbio.3c00014,1.0,True,True,True,https://sbolstandard.org/sbolv-10-years/acs-2023/,data/raw/website/2023.html
2023,April,12,Experimental Data Connector (XDC): Integrating the Capture of Experimental Data and Metadata Using Standard Formats and Digital Repositories,1,1,True,doi:10.1021/acssynbio.2c00669,10.1021/acssynbio.2c00669,1.0,True,True,True,https://sbolstandard.org/sbolv-10-years/acs-2023/,data/raw/website/2023.html
2023,May,1,Sourcing Phage-Encoded Terminators Using ONT-cappable-seq for SynBio Applications in Pseudomonas,1,1,True,doi:10.1021/acssynbio.3c00101,10.1021/acssynbio.3c00101,1.0,True,True,True,https://sbolstandard.org/sbolv-10-years/acs-2023/,data/raw/website/2023.html
2023,May,2,TFBMiner: A User-Friendly Command Line Tool for the Rapid Mining of Transcription Factor-Based Biosensors,1,1,True,doi:10.1021/acssynbio.2c00679,10.1021/acssynbio.2c00679,1.0,True,True,True,https://sbolstandard.org/sbolv-10-years/acs-2023/,data/raw/website/2023.html
2023,May,3,A Suite of Constitutive Promoters for Tuning Gene Expression in Plants,5,4,False,doi:10.1021/acssynbio.3c00075,10.1021/acssynbio.3c00075,1.0,True,True,True,https://sbolstandard.org/sbolv-10-years/acs-2023/,data/raw/website/2023.html
2023,May,4,Design Approaches to Expand the Toolkit for Building Cotranscriptionally Encoded RNA Strand Displacement Circuits,1,1,True,doi:10.1021/acssynbio.3c00079,10.1021/acssynbio.3c00079,1.0,True,True,True,https://sbolstandard.org/sbolv-10-years/acs-2023/,data/raw/website/2023.html
2023,May,5,Immortalized Bovine Satellite Cells for Cultured Meat Applications,1,1,True,doi:10.1021/acssynbio.3c00216,10.1021/acssynbio.3c00216,1.0,True,True,True,https://sbolstandard.org/sbolv-10-years/acs-2023/,data/raw/website/2023.html
2023,June,1,Engineering Outer Membrane Vesicles to Increase Extracellular Electron Transfer of Shewanella oneidensis,3,0,False,doi:10.1021/acssynbio.2c00636,10.1021/acssynbio.2c00636,1.0,True,True,True,https://sbolstandard.org/sbolv-10-years/acs-2023/,data/raw/website/2023.html
2023,June,2,Cell-Free Biosensing Genetic Circuit Coupled with Ribozyme Cleavage Reaction for Rapid and Sensitive Detection of Small Molecules,2,2,True,doi:10.1021/acssynbio.3c00003,10.1021/acssynbio.3c00003,1.0,True,True,True,https://sbolstandard.org/sbolv-10-years/acs-2023/,data/raw/website/2023.html
2023,June,3,In Vivo Sampling of Intracellular Heterogeneity of Pseudomonas putida Enables Multiobjective Optimization of Genetic Devices,3,3,True,doi:10.1021/acssynbio.3c00009,10.1021/acssynbio.3c00009,1.0,True,True,True,https://sbolstandard.org/sbolv-10-years/acs-2023/,data/raw/website/2023.html
2023,June,4,Global Transcriptome-Guided Identification of Neutral Sites for Engineering Synechococcus elongatus PCC 11801,1,0,False,doi:10.1021/acssynbio.3c00019,10.1021/acssynbio.3c00019,1.0,True,True,True,https://sbolstandard.org/sbolv-10-years/acs-2023/,data/raw/website/2023.html
2023,June,5,Modulating Sensitivity of an Erythromycin Biosensor for Precise High-Throughput Screening of Strains with Different Characteristics,2,1,False,doi:10.1021/acssynbio.3c00059,10.1021/acssynbio.3c00059,1.0,True,True,True,https://sbolstandard.org/sbolv-10-years/acs-2023/,data/raw/website/2023.html
2023,June,6,Constructing Marine Bacterial Metabolic Chassis for Potential Biorefinery of Red Algal Biomass and Agaropectin Wastes,2,1,False,doi:10.1021/acssynbio.3c00063,10.1021/acssynbio.3c00063,1.0,True,True,True,https://sbolstandard.org/sbolv-10-years/acs-2023/,data/raw/website/2023.html
2023,June,7,Engineering an Efficient Expression Using Heterologous GAL Promoters and Transcriptional Activators in Saccharomyces cerevisiae,1,0,False,doi:10.1021/acssynbio.3c00243,10.1021/acssynbio.3c00243,1.0,True,True,True,https://sbolstandard.org/sbolv-10-years/acs-2023/,data/raw/website/2023.html
2023,June,8,Characterizing a Propionate Sensor in E. coli Nissle 1917,1,1,True,doi:10.1021/acssynbio.3c00138,10.1021/acssynbio.3c00138,1.0,True,True,True,https://sbolstandard.org/sbolv-10-years/acs-2023/,data/raw/website/2023.html
2023,July,1,Construction and Applications of Mammalian Cell-Based DNA-Encoded Peptide/Protein Libraries,3,0,False,doi:10.1021/acssynbio.3c00043,10.1021/acssynbio.3c00043,1.0,True,True,True,https://sbolstandard.org/sbolv-10-years/acs-2023/,data/raw/website/2023.html
2023,July,2,Application of CRISPR in Filamentous Fungi and Macrofungi: From Component Function to Development Potentiality,2,0,False,doi:10.1021/acssynbio.3c00099,10.1021/acssynbio.3c00099,1.0,True,True,True,https://sbolstandard.org/sbolv-10-years/acs-2023/,data/raw/website/2023.html
2023,July,3,Understanding Autologous Spliceostatin Transcriptional Regulation to Derive Parts for Heterologous Expression in a Burkholderia Bacterial Host,2,2,True,doi:10.1021/acssynbio.3c00228,10.1021/acssynbio.3c00228,1.0,True,True,True,https://sbolstandard.org/sbolv-10-years/acs-2023/,data/raw/website/2023.html
2023,July,4,Remotely Controllable Engineered Bacteria for Targeted Therapy of Pseudomonas aeruginosa Infection,2,0,False,doi:10.1021/acssynbio.2c00655,10.1021/acssynbio.2c00655,1.0,True,True,True,https://sbolstandard.org/sbolv-10-years/acs-2023/,data/raw/website/2023.html
2023,July,5,Assembly of Microbial Communities Engaging in Metabolic Division of Labor in a Diffusion-Limited Environment Is Governed by Metabolic Flux,1,0,False,doi:10.1021/acssynbio.3c00022,10.1021/acssynbio.3c00022,1.0,True,True,True,https://sbolstandard.org/sbolv-10-years/acs-2023/,data/raw/website/2023.html
2023,July,6,CRISPR-Associated Transposase for Targeted Mutagenesis in Diverse Proteobacteria,1,1,True,doi:10.1021/acssynbio.3c00065,10.1021/acssynbio.3c00065,1.0,True,True,True,https://sbolstandard.org/sbolv-10-years/acs-2023/,data/raw/website/2023.html
2023,July,7,Systematic Part Transfer by Extending a Modular Toolkit to Diverse Bacteria,2,1,False,doi:10.1021/acssynbio.3c00104,10.1021/acssynbio.3c00104,1.0,True,True,True,https://sbolstandard.org/sbolv-10-years/acs-2023/,data/raw/website/2023.html
2023,July,8,Bayesian Optimization for Design of Multiscale Biological Circuits,1,1,True,doi:10.1021/acssynbio.3c00120,10.1021/acssynbio.3c00120,1.0,True,True,True,https://sbolstandard.org/sbolv-10-years/acs-2023/,data/raw/website/2023.html
2023,July,9,Programmable Acetylation Modification of Bacterial Proteins by a Cas12a-Guided Acetyltransferase,1,0,False,doi:10.1021/acssynbio.3c00211,10.1021/acssynbio.3c00211,1.0,True,True,True,https://sbolstandard.org/sbolv-10-years/acs-2023/,data/raw/website/2023.html
2023,July,10,Modular and Flexible Molecular Device for Simultaneous Cytosine and Adenine Base Editing at Random Genomic Loci in Filamentous Fungi,1,0,False,doi:10.1021/acssynbio.3c00229,10.1021/acssynbio.3c00229,1.0,True,True,True,https://sbolstandard.org/sbolv-10-years/acs-2023/,data/raw/website/2023.html
2023,July,11,Leaderless Bicistronic Design for Precise and Reliable Control of Gene Expression in Corynebacterium Glutamicum,2,0,False,doi:10.1021/acssynbio.3c00246,10.1021/acssynbio.3c00246,1.0,True,True,True,https://sbolstandard.org/sbolv-10-years/acs-2023/,data/raw/website/2023.html
2023,July,12,Developing a Base Editing System for Marine Roseobacter Clade Bacteria,3,2,False,doi:10.1021/acssynbio.3c00259,10.1021/acssynbio.3c00259,1.0,True,True,True,https://sbolstandard.org/sbolv-10-years/acs-2023/,data/raw/website/2023.html
2023,July,13,RNA-Guided DNA Transposition in Corynebacterium glutamicum and Bacillus subtilis,2,2,True,doi:10.1021/acssynbio.3c00193,10.1021/acssynbio.3c00193,1.0,True,True,True,https://sbolstandard.org/sbolv-10-years/acs-2023/,data/raw/website/2023.html
2023,August,1,Noise Minimization in Cell-Free Gene Expression,3,3,True,doi:10.1021/acssynbio.3c00174,10.1021/acssynbio.3c00174,1.0,True,True,True,https://sbolstandard.org/sbolv-10-years/acs-2023/,data/raw/website/2023.html
2023,August,2,Plasmid Copy Number Engineering Accelerates Fungal Polyketide Discovery upon Unnatural Polyketide Biosynthesis,2,0,False,doi:10.1021/acssynbio.3c00178,10.1021/acssynbio.3c00178,1.0,True,True,True,https://sbolstandard.org/sbolv-10-years/acs-2023/,data/raw/website/2023.html
2023,August,3,Identifying Antisense Oligonucleotides to Disrupt Small RNA Regulated Antibiotic Resistance via a Cell-Free Transcription–Translation Platform,1,1,True,doi:10.1021/acssynbio.3c00245,10.1021/acssynbio.3c00245,1.0,True,True,True,https://sbolstandard.org/sbolv-10-years/acs-2023/,data/raw/website/2023.html
2023,August,4,Engineered Artificial Human Neutrophils Exhibit Mature Functional Performance,1,0,False,doi:10.1021/acssynbio.3c00309,10.1021/acssynbio.3c00309,1.0,True,True,True,https://sbolstandard.org/sbolv-10-years/acs-2023/,data/raw/website/2023.html
2023,August,5,Targeted In Vivo Mutagenesis in Yeast Using CRISPR/Cas9 and Hyperactive Cytidine and Adenine Deaminases,2,2,True,doi:10.1021/acssynbio.2c00690,10.1021/acssynbio.2c00690,1.0,True,True,True,https://sbolstandard.org/sbolv-10-years/acs-2023/,data/raw/website/2023.html
2023,August,6,Multiplicity of the Agrobacterium Infection of Nicotiana benthamiana for Transient DNA Delivery,1,0,False,doi:10.1021/acssynbio.3c00148,10.1021/acssynbio.3c00148,1.0,True,True,True,https://sbolstandard.org/sbolv-10-years/acs-2023/,data/raw/website/2023.html
2023,August,7,Systems Analysis of Highly Multiplexed CRISPR-Base Editing in Streptomycetes,1,1,True,doi:10.1021/acssynbio.3c00188,10.1021/acssynbio.3c00188,1.0,True,True,True,https://sbolstandard.org/sbolv-10-years/acs-2023/,data/raw/website/2023.html
2023,August,8,Deep Neural Networks for Predicting Single-Cell Responses and Probability Landscapes,1,0,False,doi:10.1021/acssynbio.3c00203,10.1021/acssynbio.3c00203,1.0,True,True,True,https://sbolstandard.org/sbolv-10-years/acs-2023/,data/raw/website/2023.html
2023,August,9,Cell Free Bacteriophage Synthesis from Engineered Strains Improves Yield,1,0,False,doi:10.1021/acssynbio.3c00239,10.1021/acssynbio.3c00239,1.0,True,True,True,https://sbolstandard.org/sbolv-10-years/acs-2023/,data/raw/website/2023.html
2023,August,10,A Cell-Free Biosensor for Assessment of Hyperhomocysteinemia,1,1,True,doi:10.1021/acssynbio.3c00103,10.1021/acssynbio.3c00103,1.0,True,True,True,https://sbolstandard.org/sbolv-10-years/acs-2023/,data/raw/website/2023.html
2023,September,1,Dual Input-Controlled Synthetic mRNA Circuit for Bidirectional Protein Expression Regulation,3,0,False,doi:10.1021/acssynbio.3c00144,10.1021/acssynbio.3c00144,1.0,True,True,True,https://sbolstandard.org/sbolv-10-years/acs-2023/,data/raw/website/2023.html
2023,September,2,Tailored Synthetic sRNAs Dynamically Tune Multilayer Genetic Circuits,3,0,False,doi:10.1021/acssynbio.2c00614,10.1021/acssynbio.2c00614,1.0,True,True,True,https://sbolstandard.org/sbolv-10-years/acs-2023/,data/raw/website/2023.html
2023,September,3,Tuning Methylation-Dependent Silencing Dynamics by Synthetic Modulation of CpG Density,1,0,False,doi:10.1021/acssynbio.3c00078,10.1021/acssynbio.3c00078,1.0,True,True,True,https://sbolstandard.org/sbolv-10-years/acs-2023/,data/raw/website/2023.html
2023,September,4,CRAPS: Chromosomal-Repair-Assisted Pathway Shuffling in Yeast,3,1,False,doi:10.1021/acssynbio.3c00170,10.1021/acssynbio.3c00170,1.0,True,True,True,https://sbolstandard.org/sbolv-10-years/acs-2023/,data/raw/website/2023.html
2023,September,5,Algorithmic Programming of Sequential Logic and Genetic Circuits for Recording Biochemical Concentration in a Probiotic Bacterium,3,3,True,doi:10.1021/acssynbio.3c00232,10.1021/acssynbio.3c00232,1.0,True,True,True,https://sbolstandard.org/sbolv-10-years/acs-2023/,data/raw/website/2023.html
2023,September,6,Design–Build–Test of Synthetic Promoters for Inducible Gene Regulation in Alphaproteobacteria,5,0,False,doi:10.1021/acssynbio.3c00251,10.1021/acssynbio.3c00251,1.0,True,True,True,https://sbolstandard.org/sbolv-10-years/acs-2023/,data/raw/website/2023.html
2023,September,7,Systematic Engineering of Saccharomyces cerevisiae Chassis for Efficient Flavonoid-7-O-Disaccharide Biosynthesis,2,0,False,doi:10.1021/acssynbio.3c00348,10.1021/acssynbio.3c00348,1.0,True,True,True,https://sbolstandard.org/sbolv-10-years/acs-2023/,data/raw/website/2023.html
2023,September,8,Engineering a Streptococcus Cas9 Ortholog with an RxQ PAM-Binding Motif for PAM-Free Gene Control in Bacteria,1,1,True,doi:10.1021/acssynbio.3c00366,10.1021/acssynbio.3c00366,1.0,True,True,True,https://sbolstandard.org/sbolv-10-years/acs-2023/,data/raw/website/2023.html
2023,September,9,Improved Combinatorial Assembly and Barcode Sequencing for Gene-Sized DNA Constructs,1,0,False,doi:10.1021/acssynbio.3c00183,10.1021/acssynbio.3c00183,1.0,True,True,True,https://sbolstandard.org/sbolv-10-years/acs-2023/,data/raw/website/2023.html
2023,September,10,A Layered Genetic Design Enables the Yeast Galactose Regulon to Respond to Cyanamide,1,0,False,doi:10.1021/acssynbio.3c00241,10.1021/acssynbio.3c00241,1.0,True,True,True,https://sbolstandard.org/sbolv-10-years/acs-2023/,data/raw/website/2023.html
2023,October,1,"Signal Amplification for Cell-Free Biosensors, an Analog-to-Digital Converter",3,3,True,doi:10.1021/acssynbio.3c00227,10.1021/acssynbio.3c00227,1.0,True,True,True,https://sbolstandard.org/sbolv-10-years/acs-2023/,data/raw/website/2023.html
2023,October,2,Comprehensive Screening of a Light-Inducible Split Cre Recombinase with Domain Insertion Profiling,1,1,True,doi:10.1021/acssynbio.3c00328,10.1021/acssynbio.3c00328,1.0,True,True,True,https://sbolstandard.org/sbolv-10-years/acs-2023/,data/raw/website/2023.html
2023,October,3,Plasmid Crosstalk in Cell-Free Expression Systems,4,3,False,doi:10.1021/acssynbio.3c00412,10.1021/acssynbio.3c00412,1.0,True,True,True,https://sbolstandard.org/sbolv-10-years/acs-2023/,data/raw/website/2023.html
2023,October,4,Automated Design of Synthetic Gene Circuits in the Presence of Molecular Noise,2,2,True,doi:10.1021/acssynbio.3c00033,10.1021/acssynbio.3c00033,1.0,True,True,True,https://sbolstandard.org/sbolv-10-years/acs-2023/,data/raw/website/2023.html
2023,October,5,"At-Home, Cell-Free Synthetic Biology Education Modules for Transcriptional Regulation and Environmental Water Quality Monitoring",2,0,False,doi:10.1021/acssynbio.3c00223,10.1021/acssynbio.3c00223,1.0,True,True,True,https://sbolstandard.org/sbolv-10-years/acs-2023/,data/raw/website/2023.html
2023,October,6,Development of CRISPR/Cas9-Based Genome Editing Tools for Polyploid Yeast Cyberlindnera jadinii and Its Application in Engineering Heterologous Steroid-Producing Strains,2,0,False,doi:10.1021/acssynbio.3c00278,10.1021/acssynbio.3c00278,1.0,True,True,True,https://sbolstandard.org/sbolv-10-years/acs-2023/,data/raw/website/2023.html
2023,October,7,Metabolic Engineering of Pichia pastoris for High-Level Production of Lycopene,1,0,False,doi:10.1021/acssynbio.3c00294,10.1021/acssynbio.3c00294,1.0,True,True,True,https://sbolstandard.org/sbolv-10-years/acs-2023/,data/raw/website/2023.html
2023,October,8,Conditional Control of Universal CAR T Cells by Cleavable OFF-Switch Adaptors,1,0,False,doi:10.1021/acssynbio.3c00320,10.1021/acssynbio.3c00320,1.0,True,True,True,https://sbolstandard.org/sbolv-10-years/acs-2023/,data/raw/website/2023.html
2023,October,9,Engineering the Maize Root Microbiome: A Rapid MoClo Toolkit and Identification of Potential Bacterial Chassis for Studying Plant–Microbe Interactions,2,0,False,doi:10.1021/acssynbio.3c00371,10.1021/acssynbio.3c00371,1.0,True,True,True,https://sbolstandard.org/sbolv-10-years/acs-2023/,data/raw/website/2023.html
2023,October,10,Synthetic Gene Circuits Combining CRISPR Interference and CRISPR Activation in E. coli: Importance of Equal Guide RNA Binding Affinities to Avoid Context-Dependent Effects,4,4,True,doi:10.1021/acssynbio.3c00375,10.1021/acssynbio.3c00375,1.0,True,True,True,https://sbolstandard.org/sbolv-10-years/acs-2023/,data/raw/website/2023.html
2023,October,11,Development of an Efficient Recombinant Protein Expression System in Clostridium saccharoperbutylacetonicum Based on the Bacteriophage T7 System,2,0,False,doi:10.1021/acssynbio.3c00439,10.1021/acssynbio.3c00439,1.0,True,True,True,https://sbolstandard.org/sbolv-10-years/acs-2023/,data/raw/website/2023.html
2023,October,12,Development of a CRISPR/Cas9D10A Nickase (nCas9)-Mediated Genome Editing Tool in Streptomyces,1,1,True,doi:10.1021/acssynbio.3c00466,10.1021/acssynbio.3c00466,1.0,True,True,True,https://sbolstandard.org/sbolv-10-years/acs-2023/,data/raw/website/2023.html
2023,November,1,Module-Based Polyketide Synthase Engineering for de Novo Polyketide Biosynthesis,2,2,True,doi:10.1021/acssynbio.3c00282,10.1021/acssynbio.3c00282,1.0,True,True,True,https://sbolstandard.org/sbolv-10-years/acs-2023/,data/raw/website/2023.html
2023,November,2,Investigating and Modeling the Factors That Affect Genetic Circuit Performance,1,1,True,doi:10.1021/acssynbio.3c00151,10.1021/acssynbio.3c00151,1.0,True,True,True,https://sbolstandard.org/sbolv-10-years/acs-2023/,data/raw/website/2023.html
2023,November,3,Combining Fusion of Cells with CRISPR-Cas9 Editing for the Cloning of Large DNA Fragments or Complete Bacterial Genomes in Yeast,1,1,True,doi:10.1021/acssynbio.3c00248,10.1021/acssynbio.3c00248,1.0,True,True,True,https://sbolstandard.org/sbolv-10-years/acs-2023/,data/raw/website/2023.html
2023,November,4,Toward Minimal Transcription–Translation Machinery,3,1,False,doi:10.1021/acssynbio.3c00324,10.1021/acssynbio.3c00324,1.0,True,True,True,https://sbolstandard.org/sbolv-10-years/acs-2023/,data/raw/website/2023.html
2023,November,5,Efficient Protein Expression and Biosynthetic Gene Cluster Regulation in Bacillus subtilis Driven by a T7-BOOST System,2,1,False,doi:10.1021/acssynbio.3c00331,10.1021/acssynbio.3c00331,1.0,True,True,True,https://sbolstandard.org/sbolv-10-years/acs-2023/,data/raw/website/2023.html
2023,November,6,Maximizing Heterologous Expression of Engineered Type I Polyketide Synthases: Investigating Codon Optimization Strategies,3,0,False,doi:10.1021/acssynbio.3c00367,10.1021/acssynbio.3c00367,1.0,True,True,True,https://sbolstandard.org/sbolv-10-years/acs-2023/,data/raw/website/2023.html
2023,November,7,Cold Exposure and Oral Delivery of GLP-1R Agonists by an Engineered Probiotic Yeast Strain Have Antiobesity Effects in Mice,1,1,True,doi:10.1021/acssynbio.3c00455,10.1021/acssynbio.3c00455,1.0,True,True,True,https://sbolstandard.org/sbolv-10-years/acs-2023/,data/raw/website/2023.html
2023,November,8,Heterologous Single-Strand DNA-Annealing and Binding Protein Enhance CRISPR-Based Genome Editing Efficiency in Komagataella phaffii,3,0,False,doi:10.1021/acssynbio.3c00494,10.1021/acssynbio.3c00494,1.0,True,True,True,https://sbolstandard.org/sbolv-10-years/acs-2023/,data/raw/website/2023.html
2023,November,9,Nonsterilized Fermentation of Crude Glycerol for Polyhydroxybutyrate Production by Metabolically Engineered Vibrio natriegens,3,2,False,doi:10.1021/acssynbio.3c00498,10.1021/acssynbio.3c00498,1.0,True,True,True,https://sbolstandard.org/sbolv-10-years/acs-2023/,data/raw/website/2023.html
2023,November,10,Developing the Limosilactobacillus reuteri Chassis through an Endogenous Programmable Endonuclease-Based Genome Editing Tool,5,0,False,doi:10.1021/acssynbio.3c00450,10.1021/acssynbio.3c00450,1.0,True,True,True,https://sbolstandard.org/sbolv-10-years/acs-2023/,data/raw/website/2023.html
2023,December,1,Automated Platform for the Plasmid Construction Process,1,0,False,doi:10.1021/acssynbio.3c00292,10.1021/acssynbio.3c00292,1.0,True,True,True,https://sbolstandard.org/sbolv-10-years/acs-2023/,data/raw/website/2023.html
2023,December,2,Tunable Dynamics in a Multistrain Transcriptional Pulse Generator,1,1,True,doi:10.1021/acssynbio.3c00434,10.1021/acssynbio.3c00434,1.0,True,True,True,https://sbolstandard.org/sbolv-10-years/acs-2023/,data/raw/website/2023.html
2023,December,3,Standardization of Fluorescent Reporter Assays in Synthetic Biology across the Visible Light Spectrum,1,1,True,doi:10.1021/acssynbio.3c00386,10.1021/acssynbio.3c00386,1.0,True,True,True,https://sbolstandard.org/sbolv-10-years/acs-2023/,data/raw/website/2023.html
2023,December,4,Synthetic Biology Toolbox for Nitrogen-Fixing Soil Microbes,2,1,False,doi:10.1021/acssynbio.3c00414,10.1021/acssynbio.3c00414,1.0,True,True,True,https://sbolstandard.org/sbolv-10-years/acs-2023/,data/raw/website/2023.html
2023,December,5,Yeast Metabolic Engineering for Biosynthesis of Caffeic Acid-Derived Phenethyl Ester and Phenethyl Amide,1,0,False,doi:10.1021/acssynbio.3c00413,10.1021/acssynbio.3c00413,1.0,True,True,True,https://sbolstandard.org/sbolv-10-years/acs-2023/,data/raw/website/2023.html
2023,December,6,Standardized Representation of Parts and Assembly for Build Planning,6,6,True,doi:10.1021/acssynbio.3c00418,10.1021/acssynbio.3c00418,1.0,True,True,True,https://sbolstandard.org/sbolv-10-years/acs-2023/,data/raw/website/2023.html
2023,December,7,MS2 Virus-like Particles as a Versatile Peptide Presentation Platform: Insights into the Deterministic Abilities for Accommodating Heterologous Peptide Lengths,1,0,False,doi:10.1021/acssynbio.3c00503,10.1021/acssynbio.3c00503,1.0,True,True,True,https://sbolstandard.org/sbolv-10-years/acs-2023/,data/raw/website/2023.html
2023,December,8,Establishing Tunable Genetic Logic Gates with Versatile Dynamic Performance by Varying Regulatory Parameters,6,0,False,doi:10.1021/acssynbio.3c00554,10.1021/acssynbio.3c00554,1.0,True,True,True,https://sbolstandard.org/sbolv-10-years/acs-2023/,data/raw/website/2023.html
2023,December,9,Using Methyl Bromide for Interspecies Cell–Cell Signaling and As a Reporter in a Model Soil Consortium,2,2,True,doi:10.1021/acssynbio.3c00559,10.1021/acssynbio.3c00559,1.0,True,True,True,https://sbolstandard.org/sbolv-10-years/acs-2023/,data/raw/website/2023.html
2023,December,10,GENETTA: a Network-Based Tool for the Analysis of Complex Genetic Designs,1,1,True,doi:10.1021/acssynbio.3c00333,10.1021/acssynbio.3c00333,1.0,True,True,True,https://sbolstandard.org/sbolv-10-years/acs-2023/,data/raw/website/2023.html
2023,December,11,Changes in Coding and Efficiency through Modular Modifications to a One Pot PURE System for In Vitro Transcription and Translation,2,2,True,doi:10.1021/acssynbio.3c00461,10.1021/acssynbio.3c00461,1.0,True,True,True,https://sbolstandard.org/sbolv-10-years/acs-2023/,data/raw/website/2023.html
