doi,year,figure_number,image_path,historical_compatible,evaluator_compatible,evaluator_rationale,adjudicated_compatible,adjudication_rationale,reviewer,reviewed_at
10.1021/sb200003v,2012,1,images/10.1021__sb200003v__figure-1.png,False,True,"Panels A and D are schematics of the encapsulated plasmid set — distinct circular plasmids each carrying a labeled coding sequence (mreB, yfp-mreB, mreC) with transcription/translation arrows to the resulting protein products — which specifies the composition of the engineered expression system and its functional interactions, content directly expressible with SBOL Visual CDS, plasmid, and production glyphs. The remaining panels are fluorescence micrographs, but the construct depiction stands on its own as a design specification rather than a sequence annotation or cloning map.",,,,
10.1021/sb200005w,2012,2,images/10.1021__sb200005w__figure-2.png,True,False,"Figure 2 consists solely of two FACS scatter plots (panels a and b) of ECFP versus DsRed_E fluorescence overlaid with mathematical model fitting lines and insets of averaged data. It contains no depiction of a construct's sequence features, composition, or interactions, so there is nothing that could be drawn with SBOL Visual glyphs.",,,,
10.1021/sb200007r,2012,1,images/10.1021__sb200007r__figure-1.png,False,True,"Panel A is a schematic layout of the fusion constructs engineered in the study, showing each design as an ordered linear arrangement of modular coding parts (Venus, mRFP, Ceru, TM_TLR4/TM_PDGFR, FKBP12, FRB, NpuDnaE intein halves, KDEL) — a design specification of what was built, not a sequence annotation or cloning map. This composition of coding features could be rendered with SBOL Visual CDS/fusion glyphs, so the figure counts even though panels B–H are only micrographs.",,,,
10.1021/sb3000172,2012,1,images/10.1021__sb3000172__figure-1.png,False,True,"Panel A includes a linear construct map of the RACer chimera (pLyn–YFP–CaM–MLCKp–Rac1(2-47)–IQ2p–Rac1(48-188)) that specifies the composition and arrangement of an engineered fusion-gene design, which could be drawn with SBOL Visual glyphs. The surrounding binding-event cartoon and the data plots in the other panels do not negate that standalone design depiction, and it is neither a sequence annotation nor cloning cartography.",,,,
10.1021/sb300018h,2012,1,images/10.1021__sb300018h__figure-1.png,False,True,The panels specify the composition of engineered in vitro transcriptional circuits — modular DNA switch elements wired to RNA regulator/product species via inhibition and activation interactions — which is design specification of a nucleic-acid system rather than sequence annotation or cloning cartography. This circuit architecture and its molecular interactions could be rendered with SBOL Visual module and interaction glyphs.,,,,
10.1021/sb300018h,2012,7,images/10.1021__sb300018h__figure-7.png,False,True,"Panel A is a schematic diagram of an engineered nucleic-acid switch, laying out the transcription template with its RNAP-driven output plus the activator and inhibitor strands and the regulatory interactions among them, which is design content expressible with SBOL Visual nucleic-acid and interaction glyphs. The remaining panels (fluorescence time courses, gel) are data and do not affect that judgment.",,,,
10.1021/sb3000904,2012,1,images/10.1021__sb3000904__figure-1.png,True,False,"Figure 1 is a workflow/mechanism schematic of the Heritable Recombination cycle (mating, induction, in vivo mutagenesis, selection, sporulation) drawn as yeast cells carrying generically labeled plasmid circles ""C"" and ""T"". The plasmids are unelaborated tokens tracking cell contents through the protocol rather than depictions specifying the composition or arrangement of sequence features in an engineered construct.",,,,
10.1021/sb3000904,2012,2,images/10.1021__sb3000904__figure-2.png,True,False,"Panel (a) is a mechanism cartoon of endonuclease-induced double-strand-break recombination whose plasmid circles are incidental, unannotated sketches, and panel (b) is an annotated sequence map of the cassette region marked with I-SceI recognition/cleavage sites, homology arms, and the mutated codon — sequence annotation and cloning cartography rather than a design specification. The remaining panels are a bar chart, a sequence alignment, and a gel image.",,,,
10.1021/sb3000904,2012,3,images/10.1021__sb3000904__figure-3.png,True,False,"Panel (a) is a workflow schematic of the mating/recombination/sporulation/germination mutagenesis cycle, with small cartoon plasmid circles attached to its nodes that mark cassette identity, SceI sites, and repaired target genes rather than specifying an engineered construct's composition and arrangement as a design; panels (b) and (c) are plate photographs and a gel image.",,,,
10.1021/sb3000904,2012,4,images/10.1021__sb3000904__figure-4.png,True,False,"Panel (a) is a directed-evolution workflow schematic in which the single hisA gene arrow is marked with colored bars showing where the randomized codon positions (16-18, 167-169, 125/127/129) sit in the sequence — sequence annotation attached to a protocol diagram rather than a construct design specification; panels (b) and (c) are a protein crystal structure rendering and a mutation table. No panel lays out the composition or arrangement of an engineered nucleic-acid construct.",,,,
10.1021/sb300119v,2013,2,images/10.1021__sb300119v__figure-2.png,False,True,"Panel (a) is a design schematic of the co-transformed ccm library and mtrCAB plasmids, showing each construct's transcriptional unit composition — library/T7 promoters, lacO operator, and the ccmA-H and mtrCAB coding sequences — which is exactly the promoter/CDS arrangement SBOL Visual glyphs express. The marker and origin annotations are secondary framing rather than the panel's purpose, which is to specify the engineered constructs whose promoter strengths are varied in panels (b) and (c).",,,,
10.1021/sb300128r,2013,1,images/10.1021__sb300128r__figure-1.png,False,True,"Panel (b) lays out three engineered fusion constructs as linear part arrangements (TP_Fd transit peptide + TM domain + CYP79A1/CYP71E1/UGT85B1 coding sequences), specifying the composition of nucleic-acid constructs to be built rather than annotating a native sequence. The restriction sites are secondary labels on what is fundamentally a design specification, so the depiction could be drawn with SBOL Visual glyphs even though panels (a) and (c) are a mechanism schematic and a TLC image.",,,,
10.1021/sb300131w,2013,1,images/10.1021__sb300131w__figure-1.png,True,False,"Both panels illustrate a mutagenesis protocol and its enzymatic mechanism: panel (a) is cloning cartography showing primer-binding positions and base substitutions on a template plasmid through PCR and isothermal assembly, and panel (b) is a base-pairing/exonuclease-polymerase-ligase mechanism schematic. Neither specifies the composition or arrangement of an engineered construct's sequence features as a design to build.",,,,
10.1021/sb300131w,2013,2,images/10.1021__sb300131w__figure-2.png,True,False,"All three panels are cloning cartography: plasmid maps annotated with primer pairs, restriction sites (AscI, BstBI, BsaI, BsmBI), point-mutation stars, deleted regions, and PCR fragment sizes, arranged as a mutagenesis/assembly workflow. They document how each product was assembled rather than specifying the composition and arrangement of an engineered construct as a design.",,,,
10.1021/sb400002n,2013,1,images/10.1021__sb400002n__figure-1.png,False,True,"Panel (a) lays out an engineered expression construct as a linear design — spacer, a swappable RBS (variants A–F), start codon, 6His tag, and YFP coding sequence — which is exactly the composition and arrangement of sequence features that SBOL Visual glyphs express. The remaining panels are fluorescence and accumulation-rate plots, but the construct depiction in (a) is a primary purpose of the figure and specifies a design to build rather than annotating a native sequence or documenting cloning apparatus.",,,,
10.1021/sb400002n,2013,2,images/10.1021__sb400002n__figure-2.png,False,True,"Above the scatter plot, Figure 2 includes a schematic of the Y–R bicistronic operon showing the RBS variant set (A–F) upstream of the YFP CDS and the RBS set (A, C, E) upstream of the RFP CDS laid out along a backbone. This specifies the composition and arrangement of the engineered construct as a design and could be drawn with SBOL Visual RBS and CDS glyphs, so the figure counts even though the remainder is a data plot.",,,,
10.1021/sb400002n,2013,3,images/10.1021__sb400002n__figure-3.png,False,True,"The inset panel diagrams the engineered operon variants as a design: an upstream gene and downstream gene laid out in order, each preceded by a labeled RBS variant ({A}/{E} and {X}), which is exactly an RBS–CDS composition specifiable with SBOL Visual glyphs. Although the main panel is a bar chart, the construct depiction specifies the arrangement of the constructs built rather than annotating a native sequence or documenting cloning apparatus.",,,,
10.1021/sb400002n,2013,4,images/10.1021__sb400002n__figure-4.png,False,True,"Panels (a) and (b) each carry a schematic above the scatter plots laying out the engineered operon as a design — a set of variant RBS sequences (A, C, D, E, F) driving an upstream CDS (RFP or CFP) followed by a second RBS choice driving the downstream YFP CDS. That is a specification of the construct's composition and arrangement, drawable with SBOL Visual RBS and CDS glyphs, so it counts even though the rest of the figure is data plots.",,,,
10.1021/sb400002n,2013,5,images/10.1021__sb400002n__figure-5.png,False,True,"Above the scatter plot, Figure 5 includes schematics of the engineered CFP-YFP and CFP-YFP-RFP operons, laying out each RBS variant (A/C/E) and its downstream CDS in order along the construct. This specifies the composition and arrangement of a designed construct rather than annotating a native sequence or documenting cloning apparatus, so it could be drawn with SBOL Visual RBS and CDS glyphs.",,,,
10.1021/sb400002n,2013,6,images/10.1021__sb400002n__figure-6.png,False,True,"Both panels (a) and (b) are headed by schematic operon diagrams showing an engineered synthetic construct as a design: RBS elements (variants A/C/E) laid out on a backbone upstream of CDS boxes (YFP, RFP, CFP) in defined order, specifying the composition and arrangement of the reporter operon variants. These are design specifications drawable with SBOL Visual RBS/CDS glyphs, and they count on their own terms even though the rest of the figure is scatter plots.",,,,
10.1021/sb400002n,2013,7,images/10.1021__sb400002n__figure-7.png,False,True,"Above each scatter plot, panels (a) and (b) carry schematics of the engineered CFP-YFP-RFP operon showing RBS variants ({A}, {C}, {E}) preceding each coding sequence in linear order — a design specification of the construct's composition and arrangement, directly renderable with SBOL Visual RBS and CDS glyphs. The accompanying data plots do not negate the construct depictions, which are judged on their own terms.",,,,
10.1021/sb400002n,2013,8,images/10.1021__sb400002n__figure-8.png,False,True,"Above the plot, Figure 8 includes construct schematics of the engineered two-gene operons ({A}/{C} RBS variants driving YFP, followed by an {C} RBS and RFP), laying out the composition and arrangement of sequence features as a design to build. This is exactly the RBS/CDS operon design content SBOL Visual glyphs represent, so the figure counts despite the accompanying fluorescence and RT-qPCR data plots.",,,,
10.1021/sb400019s,2013,1,images/10.1021__sb400019s__figure-1.png,True,False,"Panel (a) is a protein-level reaction mechanism schematic showing sortase-mediated labeling of the pIII coat protein — peptide motifs, a disulfide loop, and a Factor Xa cleavage site on a displayed polypeptide, with no nucleic-acid sequence features or construct architecture depicted. Panel (b) is a gel image (fluorescence and immunoblot), so no panel specifies an engineered nucleic-acid design.",,,,
10.1021/sb400019s,2013,2,images/10.1021__sb400019s__figure-2.png,True,False,"Panel (a) is a protein-chemistry mechanism cartoon showing sortase-mediated conjugation of fluorophores to phage coat proteins (pIX, pVIII, pIII), and panel (b) is an SDS-PAGE fluorescence image and immunoblots. Neither depicts the composition or arrangement of an engineered nucleic-acid construct, so there is no sequence-feature design content that SBOL Visual glyphs could represent.",,,,
10.1021/sb400019s,2013,3,images/10.1021__sb400019s__figure-3.png,True,False,"Panel (a) is a base-pairing/assembly mechanism cartoon of phage particles joined by hybridized DNA oligos, annotated with restriction-cleavage sites (AgeI, AatII) — laboratory cartography of an assembly product rather than a design specification of sequence features on a construct. The remaining panels (b–e) are gel images, AFM and fluorescence micrographs, a histogram, and DLS curves, none of which convey nucleic-acid design content.",,,,
10.1021/sb400021j,2013,1,images/10.1021__sb400021j__figure-1.png,True,False,"Panel (a) is a protocol/workflow schematic and panels (c)–(f) are bar charts, micrographs, and plate photographs; the only construct depiction, panel (b), is a conventional vector map of pOSIP annotated with cloning apparatus (MCS, ccdB counter-selection, pUC and R6Kγ origins, antibiotic resistance marker, attP and FRT recombination sites), which the panel excluded as cloning and vector cartography rather than a design specification.",,,,
10.1021/sb400021j,2013,2,images/10.1021__sb400021j__figure-2.png,True,False,"All three panels are cloning-workflow schematics for the clonetegration/pE-FLP excision procedure, illustrated with vector cartography whose annotations are cloning apparatus (attP/att186/attHK022 integration sites, FRT sites, kanR/camR selection markers, integration modules) plus fluorescence micrographs. The plasmid and chromosome depictions document how the integration products are assembled rather than specifying an engineered construct's composition as a design.",,,,
10.1021/sb400050k,2013,1,images/10.1021__sb400050k__figure-1.png,True,False,"The figure depicts XylR protein domain organization and its activation mechanism, plus the native Pu and PR promoter regions annotated with the positions of UAS binding sites, an IHF site, -12/-24 and -35/-10 boxes, and transcription start sites, alongside abstract logic-gate symbols. These are annotated sequence/motif maps of native regulatory regions and a protein mechanism illustration, not a specification of an engineered construct's design.",,,,
10.1021/sb400050k,2013,3,images/10.1021__sb400050k__figure-3.png,True,False,"Figure 3 is a protocol schematic for generating KILB libraries: in vitro transposition, digestion/recloning, religation, and plate photographs. Its construct depictions are cloning cartography — a transposon delimited by mosaic ends with a Km selection marker and SbfI/NotI restriction sites, and a vector map with oriV, bla, BamHI/XbaI cloning sites, xylR domain boundaries with residue coordinates, and triangles marking random insertion points — documenting how the library was assembled and where insertions fall rather than specifying an engineered construct's design.",,,,
10.1021/sb400050k,2013,4,images/10.1021__sb400050k__figure-4.png,True,False,"Panel (a) is a protein domain map annotating where NIa protease target sites were inserted along the XylR amino-acid sequence — a protein-level sequence/target-site annotation, not a nucleic-acid construct design — while panels (b) and (c) are a Western blot image and β-galactosidase bar charts. No panel specifies the composition or arrangement of an engineered DNA construct.",,,,
10.1021/sb400050k,2013,6,images/10.1021__sb400050k__figure-6.png,True,False,"Panel (a) is a protein domain map of XylR variants (effector-binding, activation, HTH domains with protease cleavage sites and amino acid termini), which is protein-only content with no nucleic-acid construct design; panels (b)-(c) are a plate photograph and bar charts, and panel (d) is an abstract Boolean logic-gate formalization rather than a depiction of a construct's sequence-feature composition.",,,,
10.1021/sb4000756,2014,1,images/10.1021__sb4000756__figure-1.png,False,True,"The figure lays out the engineered transcriptional template as a design — a T7 promoter positioned on a nucleic-acid backbone with a downstream noncomplementary ssDNA region carrying the thrombin aptamer — and shows the functional interaction (thrombin binding blocking polymerase) that this arrangement is built to produce. This is design specification of sequence features and their regulatory interaction, not a sequence annotation, vector map, or incidental sketch attached to another structure.",,,,
10.1021/sb400109p,2014,2,images/10.1021__sb400109p__figure-2.png,False,True,"Panel (a) lays out the engineered GFP TALEN reporter as a linear construct design — 5' GFP homology region, Xa10 binding site, in-frame stop, TALEN binding site, and 3' GFP — which is exactly the kind of sequence-feature composition SBOL Visual glyphs express, regardless of the mechanism arrows and the bar chart in panel (b). The binding sites here are designed components of a synthetic reporter cassette rather than annotations of a native sequence or cloning apparatus, so no exclusion applies.",,,,
10.1021/sb400135t,2014,1,images/10.1021__sb400135t__figure-1.png,False,True,"Panel E lays out composite SBOL DNA components for the genetic multiplexer — promoters (pLux, pLas, pLambda), RBSs, CDSs (LuxI, LasI, LuxR, cI, LasR), and terminators arranged along backbones — which specifies the composition and arrangement of the engineered construct as a design. Although panels A–D are model-composition/regulatory DAGs with incidental construct sketches at their nodes, panel E on its own terms is a design specification drawable with SBOL Visual glyphs.",,,,
10.1021/sb400135t,2014,2,images/10.1021__sb400135t__figure-2.png,False,True,"The library DAGs on the right specify genetic logic gates as designs to build — promoter glyphs driving coding-sequence glyphs with activation/repression and complex-formation relations — and the caption states these are SBOL Visual symbols representing the DNA components of each gate, so the content is genetic-circuit design that SBOL Visual glyphs can (and do) express. The construct depictions are not sequence annotations or cloning maps but the buildable composition of each gate in a design library.",,,,
10.1021/sb400140t,2014,5,images/10.1021__sb400140t__figure-5.png,False,True,"Panel c lays out four engineered linear DNA templates as design specifications, showing the arrangement of a T7 promoter, hammerhead ribozyme, and o-tRNA/o-tRNA-opt coding sequence along a backbone — sequence features that map directly onto SBOL Visual glyphs. The remaining panels (protein structure and bar charts) are not compatible, but the construct depiction in panel c specifies designs to build rather than annotating a native sequence or documenting cloning apparatus.",,,,
10.1021/sb400161v,2014,1,images/10.1021__sb400161v__figure-1.png,False,True,"Figure 1 depicts 36 engineered DNA constructs as linear backbones subdivided into colored, labeled reusable parts in their designed order, communicating the composition and arrangement of each target as a design to build. This is construct-composition content that could be rendered with SBOL Visual glyphs, and it is not a sequence annotation map, a cloning/vector map, or construct sketches decorating another organizing structure.",,,,
10.1021/sb400169s,2014,2,images/10.1021__sb400169s__figure-2.png,False,True,"Panel A specifies the composition and domain arrangement of the engineered DNA complexes (Catalysis, Catalysis_1, and strand X) that constitute the catalytic circuit, and panel B lays out the functional interactions among these engineered nucleic-acid species — design content that could be rendered with SBOL Visual nucleic-acid glyphs. The plot in panel C is incidental, since a construct/system design is a primary purpose of the figure.",,,,
10.1021/sb400169s,2014,3,images/10.1021__sb400169s__figure-3.png,False,True,"Panel A specifies the domain composition and arrangement of the engineered DNA strands (signal A, B, and the a*b* Template) that constitute the catalytic DNA toolbox circuit, and panel B lays out the functional interactions among those designed nucleic-acid species, both of which are expressible with SBOL Visual nucleic-acid and interaction glyphs. The simulation plot in panel C does not affect this, since a construct-design depiction is judged on its own terms.",,,,
10.1021/sb400169s,2014,8,images/10.1021__sb400169s__figure-8.png,False,True,"Panels A and B depict engineered DNA strands and complexes as domain-annotated nucleic-acid designs, specifying the composition and arrangement of the two-domain strand-displacement species that implement each reaction, plus the functional interactions among them. This is a design specification of an engineered nucleic-acid system rather than sequence annotation or cloning cartography, so it could be drawn with SBOL Visual glyphs; the simulation plots in panel C do not change that.",,,,
10.1021/sb400169s,2014,9,images/10.1021__sb400169s__figure-9.png,False,True,"Panel A specifies the composition and domain arrangement of each engineered DNA strand/gate species (X, X', TemplateOff, TemplateOffInv) as a design to build, and panel B lays out functional interactions among those nucleic-acid constructs and enzymes — engineered nucleic-acid system design content that SBOL Visual glyphs could express. This is design specification rather than sequence annotation or cloning cartography, so the exclusions do not apply.",,,,
10.1021/sb400169s,2014,10,images/10.1021__sb400169s__figure-10.png,False,True,"Panels A and B depict engineered nucleic-acid constructs as domain-level strand diagrams — transcription templates laid out with a promoter and ordered functional domains (u*, xs*, t*, prom, ys, y1/y2, yh) on annealed strands — which specifies the composition and arrangement of constructs to build rather than annotating a native sequence or documenting cloning apparatus. The reaction arrows and simulation plots are additional content, but the strand-level design depictions could be drawn with SBOL Visual glyphs and molecular-interaction arcs.",,,,
10.1021/sb500047r,2014,2,images/10.1021__sb500047r__figure-2.png,True,False,"Figure 2 is a laboratory protocol schematic tracing a one-step RBS insertion workflow (primer annealing, extension, DpnI digest, transformation and plating), and its plasmid circles are annotated with cloning apparatus — primer binding sites and the insertion point — rather than specifying an engineered construct's design. This falls under the panel's exclusions for workflow schematics and cloning/vector cartography.",,,,
10.1021/sb5000675,2014,1,images/10.1021__sb5000675__figure-1.png,False,True,"Panel A is a circuit diagram of the Kim–Winfree in vitro transcriptional oscillator, specifying the engineered nucleic-acid system's composition (two DNA switches SW12/SW21, RNA activator rA1, RNA inhibitor rI2, plus the DNA-tweezer load) and the activation/inhibition interactions among them — content directly expressible with SBOL Visual glyphs and arcs. Panels B and C are data plots and do not count, but the design-specifying panel A is judged on its own terms.",,,,
10.1021/sb5000675,2014,3,images/10.1021__sb5000675__figure-3.png,False,True,"Panels I and II specify the design of the Kim–Winfree oscillator as a synthetic transcriptional network of two (or three) DNA switch templates wired by RNA activator/inhibitor signals with activation and inhibition arrows, and panel V depicts the switch template's promoter/domain composition — content that maps directly onto SBOL Visual functional-interaction and sequence-feature glyphs. The plots (III, IV) and reaction schemes (VI, VII) do not disqualify the figure, since the design depiction is judged on its own terms.",,,,
10.1021/sb500084f,2014,7,images/10.1021__sb500084f__figure-7.png,False,True,"Flanking the scatter plot, Figure 7 contains two schematics that lay out engineered promoter architectures on a DNA backbone — overlapping O_CRP-IHF versus adjacent O_IHF and O_CRP operator sites upstream of a core promoter with -35/-10 elements and a transcription start arrow. These specify the composition and arrangement of synthetic cis-regulatory constructs proposed for combinatorial control rather than annotating positions in a native sequence, so they could be drawn with SBOL Visual glyphs.",,,,
10.1021/sb500236e,2014,3,images/10.1021__sb500236e__figure-3.png,False,True,"Panel (a) is a gene circuit architecture diagram specifying an engineered design: two transcription units (activator and repressor genes with their mRNAs and proteins) connected by activation and repression regulatory interactions forming a single negative feedback loop. That composition and its functional interactions could be drawn with SBOL Visual glyphs, and the remaining panels (design-space heat maps and a time course) do not negate the design content of panel (a).",,,,
10.1021/sb500236e,2014,4,images/10.1021__sb500236e__figure-4.png,False,True,"Panel a of each of the two sub-figures is a gene circuit architecture diagram specifying the design of an engineered transcriptional system — activator and repressor transcription units with their mRNA/protein products and the activation and repression interactions that form the positive and negative feedback loops. That regulatory composition is exactly the content SBOL Visual glyphs and functional-interaction arcs express, and it is a primary purpose of the figure even though panels b–d are data plots.",,,,
10.1021/acssynbio.5b00044,2015,9,images/10.1021__acssynbio.5b00044__figure-9.png,False,True,"Panels (a)–(d) specify the design of engineered nucleic-acid constructs — DNA strand-displacement modules drawn as labeled domains and toeholds arranged along strands within duplex complexes — defining the composition of each circuit element (DIFF, TRANS, ANDdiff, WIRE) to be built, together with their input/output interactions. This is design specification rather than sequence annotation or cloning cartography, so the incidental mechanism panel (e) does not disqualify it.",,,,
10.1021/acssynbio.5b00077,2015,1,images/10.1021__acssynbio.5b00077__figure-1.png,False,True,"Panel A specifies the design of an engineered DNA-encoded RNA transcriptional cascade: a three-level circuit topology with repression interactions between orthogonal sRNA repressor/attenuator pairs, expanded into a nucleic-acid layout showing promoter, attenuator, terminator, and target gene arranged along a backbone. This is construct composition and functional interaction content that SBOL Visual glyphs could express, and it is not a sequence annotation, cloning map, or node decoration, even though the surrounding panel B is a modeling workflow.",,,,
10.1021/acssynbio.5b00077,2015,2,images/10.1021__acssynbio.5b00077__figure-2.png,False,True,"Panel A lays out the three plasmid levels of an engineered sRNA transcriptional cascade as a design — constitutive promoters followed by attenuators, tandem repressor copies, and an SFGFP coding sequence on DNA backbones — together with the repression interactions between the RNA species, all of which maps directly onto SBOL Visual glyphs. This is design specification of a genetic circuit rather than sequence annotation or cloning cartography, so the mechanistic/model panel C and the data plot in panel B do not change the verdict.",,,,
10.1021/acssynbio.5b00077,2015,3,images/10.1021__acssynbio.5b00077__figure-3.png,False,True,"Above each sensitivity heatmap, panels A–D depict the DNA constructs (L1, L2, L2', L3) used in each experiment as linear designs with promoter arrows, ribozyme/attenuator-antisense elements, and an SFGFP CDS, plus repression arrows between them. These are design specifications of engineered nucleic-acid constructs and their regulatory interactions, drawable with SBOL Visual glyphs, even though the rest of the figure is data plots.",,,,
10.1021/acssynbio.5b00077,2015,4,images/10.1021__acssynbio.5b00077__figure-4.png,False,True,"Each of the four panels embeds a schematic of the engineered sRNA cascade construct — promoter arrows, hairpin/attenuator and CDS elements on DNA backbone lines, with repression arrows between levels — which specifies the composition and regulatory arrangement of the circuits being tested rather than annotating a sequence or documenting cloning. These construct depictions are directly renderable with SBOL Visual glyphs even though the surrounding content is time-course data plots.",,,,
10.1021/acssynbio.5b00077,2015,5,images/10.1021__acssynbio.5b00077__figure-5.png,False,True,"Although Figure 5 is primarily fluorescence trajectory plots, each of the six panels carries an inset schematic that lays out the engineered plasmid constructs as a design: promoters (bent arrows), attenuator/antisense sRNA parts, tandem copies (x2), and the SFGFP reporter arranged on backbones with repressive interactions drawn between them. These construct depictions specify the composition and arrangement of the RNA transcriptional cascade variants to be built, which is exactly the content SBOL Visual glyphs represent.",,,,
10.1021/acssynbio.5b00113,2015,1,images/10.1021__acssynbio.5b00113__figure-1.png,True,False,"Panels (a) and (b) illustrate uracil-excision overhang chemistry and base pairing, panels (e) and (f) are bar charts, and the plasmid depictions in (c) and (d) are conventional vector cartography — pET_Duet_GFPstop annotated with AmpR, f1 ori, and colored primer/fragment arrows showing how the cloning product is amplified and reassembled. Nothing here specifies the composition of an engineered construct as a design to build.",,,,
10.1021/acssynbio.5b00132,2015,1,images/10.1021__acssynbio.5b00132__figure-1.png,True,False,"Panel (a) is a CRISPR mechanism and base-pairing illustration: the promoter/GFP sketch on the genome line is incidental scaffolding for an annotated target-sequence map marking the protospacer, PAM, and D10A/H840A cleavage positions, which documents where features sit in a sequence rather than specifying a construct design to build. Panel (b) is a bar chart of transformation efficiencies.",,,,
10.1021/acssynbio.5b00132,2015,3,images/10.1021__acssynbio.5b00132__figure-3.png,True,False,"Panel (a) is a native K12 MG1655 genomic locus map annotated with sgRNA target positions, IS5 repeats, and PCR primer-binding sites, which documents where features sit in an existing sequence and how a deletion product is genotyped rather than specifying an engineered construct's design; panel (b) is a base-pairing/cut-site mechanism sketch, and panels (c)–(e) are gel images and colony plates.",,,,
10.1021/acssynbio.5b00132,2015,4,images/10.1021__acssynbio.5b00132__figure-4.png,True,False,"Panel (a) is a native E. coli genomic locus map annotated with sgRNA target sites (K, L, B, I), primer-binding sites (Pt1/Pt4/Ph1/Ph4), direct repeats and marker genes, showing where features sit before and after recombination — sequence annotation and locus cartography rather than a design specification for a construct to build. Panels (b) and (c) are a gel image and replica-plate photographs, which are excluded outright.",,,,
10.1021/acssynbio.5b00170,2015,2,images/10.1021__acssynbio.5b00170__figure-2.png,True,False,"Panels B–F are simulation plots, and panel A is a kinetic/mathematical model schematic whose organizing structure is a reaction-and-rate-parameter graph (α, γ, k, C terms) with small promoter/CDS sketches attached to its nodes to illustrate the model parameters in Table 1. It documents model composition rather than specifying an engineered construct's design to build, matching the study's exclusion for model-composition graphs and mathematical models.",,,,
10.1021/sb4001189,2015,3,images/10.1021__sb4001189__figure-3.png,True,False,"Panel A's only construct depiction is embedded in a protocol/workflow schematic of the library-screening method: an annotated -35/-10 motif map of the phaC1 promoter sequence plus a conventional vector cartoon whose labeled parts are cloning apparatus (KanR selection marker, Rep replication region) alongside the promoter-GFP reporter. The remaining panels (B, C, D) are data plots. It documents where motifs sit and how the screening plasmid was assembled rather than specifying an engineered construct's composition as a design.",,,,
10.1021/sb500024b,2015,1,images/10.1021__sb500024b__figure-1.png,False,True,"Panel B specifies the composition of the engineered genetic circuit as a design, showing promoter-driven transcriptional units (P_tet scaffold-RFP, P_con histidine kinase, P_BAD response regulator, P_sal phosphatase, and a P_CusR promoter glyph driving the antiscaffold-YFP cassette on a backbone line) together with their functional interactions. This is construct design content that could be drawn with SBOL Visual glyphs, not sequence annotation or cloning cartography.",,,,
10.1021/sb500234s,2015,1,images/10.1021__sb500234s__figure-1.png,True,False,"Panel (b) is flow cytometry data, and panel (a) is a conventional vector map whose annotations are cloning apparatus — restriction sites (PacI, AscI, FseI, SpeI, SwaI, PshAI), oriT, and the bla selection marker — organized around host DIAL-strain dependence rather than specifying a construct's design composition. This falls under the panel's cloning/vector-cartography exclusion.",,,,
10.1021/sb500234s,2015,2,images/10.1021__sb500234s__figure-2.png,True,False,"Panel (a) is a conventional SEVA-style vector map plus chromosomal locus diagram whose annotations are cloning apparatus — origin (COR), selection markers (bla, kanR), oriT, FRT knockout remnants, and a ring of restriction/insertion sites (PacI, AscI, FseI, PshAI, SwaI, SpeI) — serving a host-strain auxotrophy-complementation overview rather than specifying a construct's design. The remaining panels (b, c) are bar charts and (d) is a dilution-series plate image, none of which are SBOL Visual content.",,,,
10.1021/sb500234s,2015,4,images/10.1021__sb500234s__figure-4.png,True,False,"Figure 4's panels are conventional vector/cassette maps whose annotations are cloning apparatus — restriction sites (EcoRI, XmaI, AvrII, PacI, AscI, FseI, SpeI, SwaI, SphI, NotI), a pUC18-derived multicloning site, ampR/kanR selection markers, an oriR/RK2 origin, and FWD/REV primer arrows — organized around a retrofitting workflow (PCR-amplify the COR/toxin/auxotrophy cassette, swap it into an existing plasmid, integrate into the host chromosome). This is laboratory cartography documenting how the cloning products are assembled rather than a design specification of a construct's composition and arrangement.",,,,
10.1021/sb500241e,2015,1,images/10.1021__sb500241e__figure-1.png,True,False,"Panel (a) is a laboratory workflow schematic for the RADOM assembly protocol, and panel (b) is conventional vector cartography — an assembly vector map whose annotations are entirely cloning apparatus (selection marker, CEN/ARS, Amp^r, Ori, lacZα linearization site, restriction sites, terminal-homology fragments F1–Fn). It documents how a cloning product is assembled rather than specifying the composition of an engineered construct as a design.",,,,
10.1021/sb500241e,2015,2,images/10.1021__sb500241e__figure-2.png,True,False,"Panel (a) is a cloning assembly scheme: overlapping PCR building blocks joined into pRS413/pZX8 backbones annotated purely with cloning apparatus (Ori, Amp^r, CEN/ARS, HIS3 marker, M13F/M13R primer sites, XhoI/FseI release sites), documenting how the minichunk product is built rather than specifying an engineered construct's functional design. Panel (b) consists solely of colony-PCR gel images.",,,,
10.1021/sb500241e,2015,3,images/10.1021__sb500241e__figure-3.png,True,False,"Panel (a) is vector cartography rather than a design specification: the assembly vectors pRS413/pZX8 are annotated purely with cloning apparatus (HIS3 marker, CEN/ARS, Amp^r, Ori, XhoI/FseI restriction sites, MCPCR amplicon locations, and minichunk overlap regions), documenting how the ~10 kb chunk assembly product was built and verified. Panels (b) and (c) are agarose gel images, which are also outside SBOL Visual's scope.",,,,
10.1021/sb500241e,2015,4,images/10.1021__sb500241e__figure-4.png,True,False,"Figure 4 is cloning cartography: vector maps annotated entirely with cloning apparatus (HIS3 selection marker, CEN, Amp^r, Ori, primer-binding sites LA-F/LA-R/LB-F/LB-R, red restriction sites) plus homology overlaps showing how linker PCR fragments join minichunks to the backbone. It documents an assembly product and its cloning handles rather than specifying the composition of an engineered construct as a design.",,,,
10.1021/sb500300d,2015,3,images/10.1021__sb500300d__figure-3.png,False,True,"Panel A is a network-topology diagram of the Oligator, an engineered DNA-based circuit, showing the designed DNA templates T1, T2 and T3 and their production, inhibition and degradation interactions with the ssDNA oligomers α, β and inh. This specifies the composition and regulatory architecture of a nucleic-acid construct system and could be drawn with SBOL Visual glyphs, even though the remaining panels (B–D) are box plots and simulation traces.",,,,
10.1021/sb500300d,2015,4,images/10.1021__sb500300d__figure-4.png,False,True,"Panel A specifies the design of an engineered DNA-based circuit — a PEN-toolbox type-1 incoherent feedforward loop built from DNA templates T1–T3 and oligonucleotides U, α, inh, and Y with their activation, inhibition, and degradation interactions — which is design specification of a nucleic-acid system rather than sequence annotation or cloning cartography. The remaining panels (heatmap, box plots, time course) are data plots, but the construct-design panel counts on its own terms.",,,,
10.1021/sb500322u,2015,1,images/10.1021__sb500322u__figure-1.png,False,True,"The top panel is a linear map of an engineered Tet-ON lentiviral construct specifying its design: TRE and hPGK promoters, CDSs (MyoD variant, DsRed Express2, rtTA2S-M2, PuroR), a T2A skipping peptide, an IRES, and flanking SIN LTRs, with transcription arrows indicating expression units. That is a design specification of a nucleic-acid construct's composition and arrangement, drawable with SBOL Visual glyphs, rather than a sequence annotation or a cloning map; the protein-fusion and peptide-sequence panels below are incidental to this judgment.",,,,
10.1021/sb500322u,2015,5,images/10.1021__sb500322u__figure-5.png,False,True,"Panel A lays out two engineered lentiviral constructs as linear designs — SIN LTRs flanking an hUbC promoter driving a loxP-stuffer-loxP-luciferase cassette, and an EF1α-driven Cre cassette — specifying promoters, CDSs, recombination sites, and transcription start arrows that map directly onto SBOL Visual glyphs. This is a design specification of a Cre-dependent reporter circuit rather than sequence annotation or cloning cartography, so it counts even though panels B–E are a workflow schematic, a mechanism cartoon, and bar charts.",,,,
10.1021/sb500351f,2015,2,images/10.1021__sb500351f__figure-2.png,True,False,"Panel (a) is a CRISPR genome-editing mechanism/workflow schematic — the pCRISPomyces-2 cartoon and the chromosome line are annotated with cloning apparatus (1 kb homology arms, Cas9 cleavage sites, numbered primer-binding positions) to show excision and recombination, not to specify a construct's design; panels (b) and (c) are gel images and a colony photograph.",,,,
10.1021/sb500365m,2015,2,images/10.1021__sb500365m__figure-2.png,True,False,"Panels b, c, e, f, g and h are dose-response and fold-change data plots, while panels a and d are organized as yeast mating-pathway signal-transduction schematics (Ste2/OR1G1/GPR40 → G-protein → Ste11/Ste7/Fus3 → Ste12) whose primary purpose is mechanism. The small promoter–GFP box at the nucleus node is an incidental construct sketch attached to the pathway's terminal node rather than a design specification of the construct's composition, which the panel's pathway-organization exclusion places outside scope.",,,,
10.1021/sb500365m,2015,3,images/10.1021__sb500365m__figure-3.png,True,False,"Panels b–e are bar charts and dose-response plots, and panel (a) is a GPCR/MAPK signal-transduction mechanism schematic whose organizing structure is a protein signaling cascade; the only nucleic-acid element is the small P_Fig1-GFP reporter sketch attached as the pathway's terminal output node, which is an incidental construct sketch rather than a design specification. Under the panel's exclusion for mechanism/pathway diagrams with construct depictions hung on their nodes, Figure 3 was not counted.",,,,
10.1021/acssynbio.5b00100,2016,1,images/10.1021__acssynbio.5b00100__figure-1.png,False,True,"Panel B lays out an engineered hybrid promoter construct as a design to build — eight UAS1B repeats fused upstream of a core promoter with TATA box and ATG driving a GFP reporter CDS on a linear backbone — which is exactly the kind of part composition SBOL Visual glyphs express, and panel C presents the interchangeable UAS, proximal, TATA, and core promoter parts available for that design. Panel A's generic promoter annotation is not itself countable, but the construct depiction in B is judged on its own terms and specifies composition and arrangement rather than documenting a native sequence or a cloning product.",,,,
10.1021/acssynbio.5b00100,2016,4,images/10.1021__acssynbio.5b00100__figure-4.png,False,True,"Panel A lays out a series of engineered hybrid promoter constructs as modular parts on a linear backbone — upstream activating region, swappable TATA box element, TEF/POX2 core promoter, and downstream reporter — which is a design specification for constructs to build rather than annotation of where motifs sit in a native sequence. This part-based layout could be drawn with SBOL Visual glyphs, and the remaining panels being a strength table and fluorescence bar charts does not disqualify it.",,,,
10.1021/acssynbio.5b00100,2016,6,images/10.1021__acssynbio.5b00100__figure-6.png,False,True,"Panels A and B are linear diagrams of engineered hybrid promoter constructs, showing the modular arrangement of UAS1B8 enhancer, TATA box, TEF proximal sequence, core promoter, and downstream reporter CDS, with variants differing by which parts are swapped in or omitted. These specify designs to build rather than annotating where features sit in a native sequence, so the sequence features could be drawn with SBOL Visual glyphs.",,,,
10.1021/acssynbio.5b00100,2016,7,images/10.1021__acssynbio.5b00100__figure-7.png,False,True,"Panel A lays out an engineered expression cassette as a design to build — UAS(TEF)3 enhancer repeats, TEF core promoter, and a GFP CDS arranged along a backbone — which is directly renderable with SBOL Visual glyphs. This holds even though panel B is homologous-recombination locus cartography and the remaining panels are bar charts.",,,,
10.1021/acssynbio.5b00124,2016,1,images/10.1021__acssynbio.5b00124__figure-1.png,True,False,"The figure's organizing structure is the CIDAR MoClo cloning protocol — Type IIS restriction sites, 4 bp fusion-site overhangs, ligation steps, lacZ blue-white selection and antibiotic-resistance destination vectors — i.e., laboratory cartography and workflow rather than a design specification. The generic promoter/RBS/CDS/terminator sketches and the resulting transcriptional unit are incidental illustrations of how an assembly product is built, not the composition of a particular engineered construct.",,,,
10.1021/acssynbio.5b00127,2016,1,images/10.1021__acssynbio.5b00127__figure-1.png,False,True,"Panel B is a design diagram of the engineered synthetic oscillator circuit, showing the araC, gfp, and lacI coding sequences under the Plac/ara-1 promoter together with their regulatory interactions (repression, activation, inducer action, and ClpXP-mediated degradation), which is exactly the genetic-circuit content SBOL Visual glyphs express. The remaining panels (A schematic, C and D drive-signal plots) are not compatible on their own, but the construct depiction in panel B specifies a design rather than annotating a sequence or documenting cloning apparatus.",,,,
10.1021/acssynbio.5b00196,2016,1,images/10.1021__acssynbio.5b00196__figure-1.png,False,True,"Panel (a) lays out the gRNA expression construct as a design specification — SNR52 promoter arrow followed by the 20 nt target, gRNA structural component, and SUP4 3' flanking/terminator region, with three interchangeable spacer variants defining distinct plasmids — which is exactly the promoter/CDS/terminator arrangement SBOL Visual glyphs express. The remaining panels (AarI seamless-cloning base-pairing and the glpO target-site/recombination-template map) are excluded content, but the panel (a) construct design is judged on its own terms and counts.",,,,
10.1021/acssynbio.5b00226,2016,1,images/10.1021__acssynbio.5b00226__figure-1.png,False,True,"Figure 1 lays out the pancake permuton motif as a linear arrangement of a DNA component flanked by nested pairs of directional invertase recognition sites, specifying the composition and orientation of an engineered construct to be built rather than annotating an existing sequence or documenting cloning apparatus. Recombinase sites and components are directly representable as SBOL Visual glyphs.",,,,
10.1021/acssynbio.5b00226,2016,2,images/10.1021__acssynbio.5b00226__figure-2.png,False,True,"Each panel lays out an engineered DNA construct as a linear arrangement of invertase recognition sites (red/blue/green triangles) flanking DNA elements 1, 2, and 3 — a design specification for a recombinase-based permuton circuit that maps directly onto SBOL Visual recombination-site and inverted-region glyphs. The successive panels show the same designed construct in its post-inversion states rather than annotating a native sequence or documenting a cloning product.",,,,
10.1021/acssynbio.5b00226,2016,3,images/10.1021__acssynbio.5b00226__figure-3.png,False,True,"Figure 3 is a linear schematic of an engineered DNA construct motif, laying out directional invertase recognition sites (Correct, Link, Flip) flanking a genetic component along a backbone, with the connections to upstream and downstream components indicated. This specifies the composition and arrangement of a construct to be built — recombination sites and a component are directly renderable as SBOL Visual glyphs — rather than annotating a native sequence or documenting cloning apparatus.",,,,
10.1021/acssynbio.5b00226,2016,4,images/10.1021__acssynbio.5b00226__figure-4.png,False,True,"The figure lays out an engineered DNA construct as a design: three elements arranged on a linear backbone flanked by numbered invertase recognition sites, with the shell structure of paired sites specified, and successive panels showing the construct's configuration after each inversion. This is a design specification for a recombinase-based genetic construct—directly expressible with SBOL Visual recombinase-site and inverted-region glyphs—not a sequence annotation or cloning map.",,,,
10.1021/acssynbio.5b00237,2016,3,images/10.1021__acssynbio.5b00237__figure-3.png,False,True,"Panel A depicts the engineered expression construct itself — a pET backbone carrying the reb operon with rebA, rebB, rebC, and rebD drawn as directional CDS glyphs in their arranged order — which specifies the composition of the construct being built and expressed, content directly renderable in SBOL Visual. Its annotations are the functional coding payload rather than cloning apparatus (no markers, origins, or restriction sites), so the construct depiction counts as a design specification even though the surrounding panels are a plate photo, absorbance plot, EM micrograph, and sequence alignment.",,,,
10.1021/acssynbio.5b00242,2016,1,images/10.1021__acssynbio.5b00242__figure-1.png,False,True,"Figure 1 is a design diagram of the repressilator genetic circuit, showing the promoters pLac, pTet, and pRM together with the proteins they produce and the repression interactions between them. This is exactly the sequence-feature/functional-interaction content SBOL Visual glyphs express, even though iBioSim's own diamond/rectangle notation is used instead.",,,,
10.1021/acssynbio.5b00252,2016,2,images/10.1021__acssynbio.5b00252__figure-2.png,False,True,"Panels b and c lay out the engineered transcriptional units of the two yeast cell types as designs to build — P_FUS1-lacI, P_TEF1-lacO-αCa/αSc, and P_FUS1-GFP drawn as promoter/operator/CDS arrangements with LacI repression and pheromone receptor interactions. This is construct design specification, not sequence annotation or cloning cartography, and is directly renderable with SBOL Visual glyphs.",,,,
10.1021/acssynbio.5b00252,2016,4,images/10.1021__acssynbio.5b00252__figure-4.png,False,True,"Panel (a) is a design schematic of the engineered multicellular memory device, showing the NOT Sc, NOT Ca, and BUF Ca genetic-circuit modules and their repression/stimulation interactions mediated by the αSc and αCa pheromone species — content expressible with SBOL Visual module, molecular-species, and interaction glyphs. Panels (b) and (c) are data plots, but the circuit design panel alone qualifies the figure.",,,,
10.1021/acssynbio.5b00252,2016,6,images/10.1021__acssynbio.5b00252__figure-6.png,False,True,"Panel (a) is a schematic of the engineered multicellular memory device, laying out the composition of the consortium's genetic logic modules (NOT Sc, NOT Ca, BUF Ca) and the regulatory interactions between them and the wiring molecules (αSc, αCa, CaBar1) with repression/activation arcs. This circuit-topology specification of an engineered system is representable with SBOL Visual glyphs; panels (b) and (c) are data plots and do not affect the judgment.",,,,
10.1021/acssynbio.5b00257,2016,1,images/10.1021__acssynbio.5b00257__figure-1.png,True,False,"Panel (a) is a restriction/nicking-site annotated linker sequence plus conventional vector cartography — donor and acceptor plasmid circles annotated with cloning apparatus (Sp and Cm selection markers, ccdB counter-selection, linker/nicking sites) laid out as a recombination workflow rather than as a construct design to build. Panel (b) is a bar chart and a plate photograph, so no panel specifies the composition of an engineered construct in an SBOL Visual sense.",,,,
10.1021/acssynbio.5b00275,2016,2,images/10.1021__acssynbio.5b00275__figure-2.png,False,True,"The panels specify design choices for NOR, NOT, OR, and AND logic gates built from DNA walkers on engineered single-stranded anchorage tracks, laying out the arrangement of track elements and the blockage (inhibition) interactions between them. This is a design specification for an engineered nucleic-acid system with functional interactions, which SBOL Visual glyphs could express, rather than a sequence annotation, cloning map, or incidental mechanism sketch.",,,,
10.1021/acssynbio.6b00009,2016,1,images/10.1021__acssynbio.6b00009__figure-1.png,False,True,"All four panels depict engineered nucleic-acid constructs — buffered/active input gates, sink gate, and output gate — with their domain composition (Ba^, Bb, Bc^, Xa^, Xb, Xc^, toeholds, history domains) explicitly laid out along each strand, which is a design specification of constructs to be synthesized rather than annotation of a native sequence or cloning cartography. The reaction arrows show functional interactions between these engineered species, so the design content is a primary purpose of the figure and not an incidental sketch within a mechanism illustration.",,,,
10.1021/acssynbio.6b00056,2016,1,images/10.1021__acssynbio.6b00056__figure-1.png,True,False,"Both panels annotate native ACTB/GAPDH genomic sequences with sgRNA target sites and cleavage positions, and depict transfer vectors as cloning cartography (target site, fluorophore-2A-Puro selection cassette, insertion point) to document integration products and their orientation. The depictions report where features sit in a sequence and how an integration product was assembled rather than specifying an engineered construct's composition as a design; the remaining content is PCR gel data.",,,,
10.1021/acssynbio.6b00056,2016,2,images/10.1021__acssynbio.6b00056__figure-2.png,True,False,"Panels A and B show annotated target-sequence maps (RGN/sgRNA recognition and cleavage sites on GAPDH and TUBB sequences) plus integration-junction cartoons annotated with insertion points and primer-binding sets, alongside gel images. This documents where cut/target sites and PCR primers sit and how the integration product was verified, i.e. sequence annotation and laboratory cartography, not a specification of an engineered construct's composition; the vector itself is drawn as an unannotated box.",,,,
10.1021/acssynbio.6b00056,2016,3,images/10.1021__acssynbio.6b00056__figure-3.png,True,False,"Panels A and D are target-site sequence annotations (RGN protospacers with cut sites marked on allele sequences) combined with vector cartography — circular plasmids labeled only by selection markers (PuroR, HygroR, NeoR, BlaR) and diagrams of the resulting integration products with primer arrows — while panels B and C are gel and Western blot images. Nothing here specifies the composition or arrangement of an engineered construct as a design to build; it documents where cleavage occurs and how the integration product was assembled and screened.",,,,
10.1021/acssynbio.6b00069,2016,1,images/10.1021__acssynbio.6b00069__figure-1.png,False,True,"Panel b lays out the native and engineered photosynthesis gene clusters of Rba. sphaeroides as linear arrangements of directional CDS arrows, with bchF/C/X deleted and bchG/bchP replaced by Synechocystis chlG/chlP, which specifies the composition and arrangement of the engineered construct rather than cloning apparatus or mere sequence annotation. This content is directly drawable with SBOL Visual CDS glyphs on a backbone, so the figure counts even though the other panels are a pathway schematic, a gel, and a spectrum.",,,,
10.1021/acssynbio.6b00074,2016,1,images/10.1021__acssynbio.6b00074__figure-1.png,True,False,"Figure 1 is a laboratory workflow schematic tracing chromosome transfer between human, DT40, CHO, and recipient cells, with an inset depicting Cre-mediated recombination between a loxP acceptor site and a targeting vector. The only linear feature arrangements are cloning cartography — selection markers (TK, Hyg), split HPRT halves, loxP sites, and the resulting recombination product — documenting how the insertion is achieved rather than specifying an engineered construct's design.",,,,
10.1021/acssynbio.6b00074,2016,2,images/10.1021__acssynbio.6b00074__figure-2.png,True,False,"Figure 2 is a laboratory workflow schematic tracing the 'bottom-up' generation and cell-to-cell transfer of an alphoid-tetO HAC, and its DNA depictions are cloning cartography — a TAR-cloning vector annotated with a LAC cassette and Bsr selection marker, and targeting-vector/loxP diagrams showing 5'/3' HPRT homology arms, TK and Hyg markers, and the Cre-mediated recombination product. These document how a cloning product is assembled rather than specifying the composition of an engineered construct as a design.",,,,
10.1021/acssynbio.6b00078,2016,1,images/10.1021__acssynbio.6b00078__figure-1.png,True,False,"Panels a, b, d, e, f, g and h are polymerase-mechanism/base-pairing schematics, a gel image, and data plots, none of which carry construct design content. Panel c is a cloning flowsheet showing a gfp fragment joined to a linearized pUC19 vector to yield a 3.4 kb circle — it documents how the cloning product was assembled rather than specifying an engineered construct's composition as a design, so it falls under the cloning/vector cartography exclusion.",,,,
10.1021/acssynbio.6b00080,2016,1,images/10.1021__acssynbio.6b00080__figure-1.png,False,True,"Although Figure 1 is laid out as a method overview, its panels depict the engineered construct itself: a biosynthetic gene cluster drawn as CDS arrows on a linear backbone, and the refactored product with synthetic promoter glyphs inserted upstream of each operon. That refactored cluster specifies the composition and arrangement of the construct being built rather than annotating a sequence or documenting cloning apparatus, and it could be drawn with SBOL Visual promoter and CDS glyphs.",,,,
10.1021/acssynbio.6b00080,2016,4,images/10.1021__acssynbio.6b00080__figure-4.png,False,True,"Panel (c) specifies the design of the engineered marker-free bidirectional promoter cassettes — two sequence-orthogonal promoters flanking a 100 bp insulator, each with its -35/-10 promoter module and Shine-Dalgarno RBS laid out in arrangement order — and panels (a) and (b) likewise depict the promoter–insulator–RBS–tamI expression constructs being built. These are design specifications for constructs to assemble, not annotations of a native sequence or a cloning/vector map, so they are drawable with SBOL Visual glyphs.",,,,
10.1021/acssynbio.6b00080,2016,5,images/10.1021__acssynbio.6b00080__figure-5.png,False,True,"Panels (a) and (b) lay out the Tam gene cluster as an engineered construct, showing CDS arrows with promoter glyphs and the eight inserted bidirectional promoter cassettes that define the refactored cluster's composition and arrangement — a design specification renderable with SBOL Visual glyphs. The accompanying HPLC traces are data plots, but the construct diagrams stand on their own as design content rather than sequence annotation or cloning cartography.",,,,
10.1021/acssynbio.6b00144,2016,3,images/10.1021__acssynbio.6b00144__figure-3.png,False,True,"Figure 3 is a design specification for engineered DNA: it lays out the domain composition and arrangement of the strands and complexes (Fa, Ga1/Ga2, Da1/Da2, Ia1/Ia2, Oa) that implement the addition gate, i.e. sequence features positioned along nucleic-acid backbones plus the hybridization relationships among them. This is construct design content that could be rendered with SBOL Visual nucleic-acid glyphs, not a sequence annotation map, cloning/vector cartography, or an incidental sketch attached to some other organizing structure.",,,,
10.1021/acssynbio.6b00144,2016,10,images/10.1021__acssynbio.6b00144__figure-10.png,False,True,"Figure 10 lays out the engineered DNA strand-displacement gate complexes of the multiplication gate as designs — each species (Gm1–Gm4, Im1, Fm1, Dm1, etc.) is drawn as a specified arrangement of named nucleic-acid domains on strands, and the numbered links depict functional interactions among those constructs. This is design specification of an engineered nucleic-acid system rather than sequence annotation or cloning cartography, so it is content SBOL Visual glyphs could express.",,,,
10.1021/acssynbio.6b00144,2016,15,images/10.1021__acssynbio.6b00144__figure-15.png,False,True,"Figure 15 specifies the design of an engineered nucleic-acid device — a 2× DNA strand-displacement amplifier — by laying out the ordered domains (n5, h, n6, i, m4, i, n7 and their complements) along each designed strand and showing how strands Om1, F1, and the A1 complex are composed. This is a construct design to be built rather than annotation of a native sequence or cloning cartography, so its composition and arrangement could be expressed with SBOL Visual nucleic-acid glyphs.",,,,
10.1021/acssynbio.6b00157,2017,1,images/10.1021__acssynbio.6b00157__figure-1.png,False,True,"The top-left panel is a genetic wiring diagram of the synthetic oscillator, showing the araC, gfp, and lacI coding regions with their transcriptional activation and repression links plus inducer inputs (ARA, IPTG) — a genetic circuit design that could be rendered with SBOL Visual glyphs and interaction arrows. The remaining panels (time traces, queueing/ClpXP degradation cartoon) are not compatible, but the circuit panel is judged on its own terms.",,,,
10.1021/acssynbio.6b00170,2017,2,images/10.1021__acssynbio.6b00170__figure-2.png,False,True,"All three panels depict engineered DNA complexes at the domain level (numbered domains, toeholds, clamps, complements, fluorophore/quencher modifiers) laid out along strands, specifying the composition and arrangement of the source, delay, and reporter constructs that make up the timer circuit, plus the functional interactions among them. This is design specification of an engineered nucleic-acid system rather than sequence annotation or cloning cartography, and could be rendered with SBOL Visual glyphs.",,,,
10.1021/acssynbio.6b00184,2017,2,images/10.1021__acssynbio.6b00184__figure-2.png,False,True,"The left half of every panel (A–G) is a 'Promoter design' schematic laying out engineered synthetic promoter variants as ordered arrangements of -35 and -10 elements, ZFP/BCR-ABL1 binding sites, and defined-length spacers — a design specification of constructs to build, systematically varied and then assayed. These layouts are directly expressible with SBOL Visual promoter, operator, and spacer glyphs; the accompanying expression bar charts do not disqualify the figure since the construct depictions stand on their own as designs rather than annotations of a native sequence.",,,,
10.1021/acssynbio.6b00250,2017,1,images/10.1021__acssynbio.6b00250__figure-1.png,True,False,"Figure 1 is a single scatter plot of GFP versus RFP concentrations with error bars and a trend line, showing the correlation between expression of the two reporters. It contains no diagram of construct composition or sequence features, so there is nothing that could be drawn with SBOL Visual glyphs.",,,,
10.1021/acssynbio.6b00250,2017,3,images/10.1021__acssynbio.6b00250__figure-3.png,True,False,"Figure 3 consists solely of rendered RGB color-triangle images — a target picture plus predicted and experimental composite and per-channel (red, green, blue) pixel arrays — which are visualizations of fluorescence output data. No panel depicts sequence features, backbones, or the composition of an engineered nucleic-acid construct, so there is nothing that could be drawn with SBOL Visual glyphs.",,,,
10.1021/acssynbio.6b00250,2017,4,images/10.1021__acssynbio.6b00250__figure-4.png,True,False,"Figure 4 is a single scatter plot of protein/RNA ratio versus GC content with a linear fit, containing no diagram of construct composition or sequence features. It is purely a data plot, so there is nothing that could be rendered with SBOL Visual glyphs.",,,,
10.1021/acssynbio.6b00252,2017,4,images/10.1021__acssynbio.6b00252__figure-4.png,True,False,"Figure 4's organizing structure is a software data-structure/object graph for DNAplotlib's DNARenderer, with small rendered part sketches attached to its nodes as illustrative output; panel B is a styling-option swatch showing how opts change a glyph's color, arrowhead, and label rather than a construct laid out as a design. Neither panel communicates the composition of a specific engineered construct to be built.",,,,
10.1021/acssynbio.6b00252,2017,5,images/10.1021__acssynbio.6b00252__figure-5.png,True,False,"Figure 5 is a feature matrix table listing which styling options each renderer supports, with black squares marking support; the SBOL Visual and regulation glyphs appear only as column-header icons in a legend row, not as a construct laid out on a backbone. No panel communicates the design of an engineered nucleic-acid construct or system.",,,,
10.1021/acssynbio.6b00262,2017,1,images/10.1021__acssynbio.6b00262__figure-1.png,False,True,"Panel B lays out the engineered positive-feedback construct as a design: the divergent GAL1/GAL10 promoters driving GFP and the constitutively active Gal3c coding sequence, together with the regulatory interactions (Gal80 sequestration, Gal4 activation, feedback) among those parts. That promoter/CDS arrangement plus interaction arrows is directly expressible in SBOL Visual glyphs, and it specifies a circuit to build rather than annotating a native sequence or documenting cloning apparatus.",,,,
10.1021/acssynbio.6b00310,2017,1,images/10.1021__acssynbio.6b00310__figure-1.png,False,True,"Panel A includes a linear block diagram laying out the composition and arrangement of the engineered Ecad12rec chimeric construct (Ecad12–Cerulean–VEGFR2tail fusion), which specifies a design to build rather than annotating a native sequence or documenting cloning apparatus, and could be drawn with concatenated SBOL Visual CDS/fusion glyphs. The remaining panels (mechanism cartoon, micrographs, traces, box and bar plots) are not compatible, but the construct depiction is judged on its own terms.",,,,
10.1021/acssynbio.6b00310,2017,2,images/10.1021__acssynbio.6b00310__figure-2.png,False,True,"Panel A includes linear maps of the engineered FRBrec and FKBP12rec fusion constructs, laying out their coding segments (FRB/FKBP12, Cerulean/mRFP, VEGFR2tail) in order as a design to build, which is expressible with SBOL Visual CDS/fusion glyphs. The surrounding mechanism cartoon, micrographs, and plots do not negate that standalone construct-design depiction, and it is not a sequence annotation, cloning map, or node decoration.",,,,
10.1021/acssynbio.6b00310,2017,3,images/10.1021__acssynbio.6b00310__figure-3.png,False,True,"Panel A includes a linear block diagram of the engineered STIM1rec chimera, laying out its composition and order (STIM1–VEGFR2tail–Venus) as a design specification of a fusion construct, which is directly renderable with SBOL Visual CDS/fusion glyphs. The remaining panels (micrographs, Ca2+ traces, box and bar plots) are data, but the construct depiction in A stands on its own terms and is not a sequence annotation, cloning map, or node decoration.",,,,
10.1021/acssynbio.6b00310,2017,4,images/10.1021__acssynbio.6b00310__figure-4.png,False,True,"Panel A opens with linear part-arrangement diagrams of the two engineered chimeras (MLCKrec: MLCK–Cerulean–VEGFR2tail; CaMrec: CaM–mRFP–VEGFR2tail), which specify the modular composition and order of designed fusion constructs rather than annotating a native sequence or documenting cloning apparatus. That design depiction is a stated purpose of the panel and could be rendered with SBOL Visual CDS/fusion glyphs, so the figure counts even though panels B–F are micrographs and data plots.",,,,
10.1021/acssynbio.6b00333,2017,1,images/10.1021__acssynbio.6b00333__figure-1.png,False,True,"Panel A includes explicit linear construct diagrams (PHYB(1–908)–GS–eGFP–GS–RAB11, KIF1A MD(1–383)–mCherry–PIF6(1–100), BICD(1–500)–PIF6(1–100)) that specify the composition and arrangement of engineered fusion coding sequences as a design to build, alongside the light-induced dimerization interactions between those constructs. This is design specification rather than sequence annotation or cloning cartography, so it could be drawn with SBOL Visual CDS and interaction glyphs; the remaining micrograph and bar-chart panels do not negate the compatible panel.",,,,
10.1021/acssynbio.6b00337,2017,4,images/10.1021__acssynbio.6b00337__figure-4.png,True,False,"The figure is an annotated amino-acid sequence map of α-mating-factor secretion signals, marking pre-/pro-regions, deletion variants, and signal peptidase/KEX2/STE13 cleavage sites — sequence and protein-level annotation rather than a nucleic-acid design specification. The small 'Secretion Signal + Coding Sequence' box at the top is only an orientation cue for the sequence blow-up, not a construct composition laid out as a design to build.",,,,
10.1021/acssynbio.6b00354,2017,1,images/10.1021__acssynbio.6b00354__figure-1.png,True,False,"Figure 1 is conventional cloning and vector cartography: panel A's lower diagrams are Golden Gate/GoldenBraid/Gibson assembly workflow schematics, panel B is a binary vector map annotated with cloning apparatus (T-DNA borders, oriV+rep origin, antibiotic-resistance R genes, lacZα reporter, BsaI/BsmBI recognition sites, overhang sequences and inverse-PCR primer-binding arrows), and panel C is a bar chart of backbone sizes with origin glyphs attached. No panel specifies the composition and arrangement of an engineered construct as a design to build, so the panel's cloning/vector-map exclusion applies despite the caption noting SBOL-format glyphs.",,,,
10.1021/acssynbio.6b00391,2017,1,images/10.1021__acssynbio.6b00391__figure-1.png,False,True,"Each panel lays out an engineered nucleic-acid construct as a design — a duplex aptamer placed upstream of a promoter (recognition and unwinding regions) separated by a spacer of specified length — with the four variants differing in the deliberately chosen part spacing (DBDAP), plus interactions with thrombin and RNAP. That composition and arrangement of promoter/aptamer/spacer parts on a backbone is exactly the kind of design specification SBOL Visual glyphs could express, even though the surrounding framing is mechanistic.",,,,
10.1021/acssynbio.7b00011,2017,3,images/10.1021__acssynbio.7b00011__figure-3.png,False,True,"Panel D lays out four engineered gRNA designs as composed module arrangements (truncated guide, inducible aptamer/riboswitch, Pol II-driven, and MS2/PP7/Com aptamer insertions), and panel E depicts engineered CRISPR constructs feeding genetic logic circuits with a promoter-driven GOI cassette. These specify the composition and arrangement of engineered nucleic-acid parts as designs, which SBOL Visual glyphs could render.",,,,
10.1021/acssynbio.7b00102,2017,1,images/10.1021__acssynbio.7b00102__figure-1.png,False,True,"Figure 1's callouts specify engineered expression cassettes as designs — P_rhaBAD–mlacI, P_T7–lacO–RBS–target gene–T_T7, P_T7–RBS–gfp–T_T7, and P_tac–lacO–RBS–gfp–T_rrnB — laid out as ordered sequence features on plasmid backbones, exactly the content SBOL Visual glyphs express. The surrounding circular maps and the T7 RNAP/IPTG mechanism sketch do not negate the design-specification panels, which are a primary purpose of the figure.",,,,
10.1021/acssynbio.7b00102,2017,2,images/10.1021__acssynbio.7b00102__figure-2.png,False,True,"Panel A is a schematic of the engineered mLacI inducible system, laying out linear construct designs (P_rhaBAD–mlacI on pAR-mLacI, P_lacUV5–lacO–RBS–T7 RNAP in the DE3 region, and P_T7–RBS–gfp–terminator on pMW-GFP) together with their regulatory interactions, which is exactly the promoter/RBS/CDS/terminator composition SBOL Visual glyphs express. Panels B and C are kinetic data plots, but the construct depiction in A specifies a design to build rather than annotating a sequence or documenting cloning apparatus, so the figure counts.",,,,
10.1021/acssynbio.7b00102,2017,3,images/10.1021__acssynbio.7b00102__figure-3.png,False,True,"Panel A lays out the pAR-mLacI and pMH-GFP constructs as designs, showing promoters (P_rhaBAD, P_tac), lacO operator, RBSs, mlacI and gfp CDSs, and terminators arranged on backbones, plus the repression and expression interactions between them. That composition-and-arrangement content is directly renderable with SBOL Visual glyphs, and the surrounding kinetic plots in B and C do not negate it.",,,,
10.1021/acssynbio.7b00121,2017,1,images/10.1021__acssynbio.7b00121__figure-1.png,False,True,"The inset in panel (b) ('intracellular dynamics') is a genetic circuit diagram laying out sequence features on a backbone — a promoter, an operator/binding site, a CDS arrow and a terminator — together with production of a diffusible signalling molecule that feeds back into the construct, i.e. exactly the composition-plus-interaction content SBOL Visual glyphs express. Judged on its own terms this depiction specifies an engineered construct's design rather than annotating a native sequence or documenting a cloning product, so the figure counts even though the remaining panels are a feature table, a simulator overview and simulation plots.",,,,
10.1021/acssynbio.6b00390,2018,2,images/10.1021__acssynbio.6b00390__figure-2.png,False,True,"Figure 2 specifies the design of an engineered DNA-based circuit — two seesaw gates and a fanout gate — by laying out the named domains (S1, S2, T, toeholds and complements) along each engineered strand and showing the signal-strand interactions between them. This is a nucleic-acid construct design specification with functional interactions, not a sequence annotation, cloning map, or incidental sketch attached to another structure.",,,,
10.1021/acssynbio.7b00209,2018,1,images/10.1021__acssynbio.7b00209__figure-1.png,True,False,"The figure consists of five conventional circular plasmid/vector maps (A037, A167/A168, A169/A170, A135-JH, A139) annotated chiefly with cloning apparatus — ColE1/BAC origins, AmpR/CmR/hph/pac/ZeoR selection markers, CEN6/HIS3/ARS yeast propagation elements, loxP and attB/attP recombination sites, and restriction sites explicitly marked in blue. This is laboratory vector cartography documenting how the cloning products are assembled and selected, which the historical panel excluded, rather than a design specification of a construct's composition.",,,,
10.1021/acssynbio.7b00209,2018,2,images/10.1021__acssynbio.7b00209__figure-2.png,True,False,"Panel (a) is a targeting/transfer workflow whose only construct sketch is the XhoI-linearized A037 vector annotated with cloning apparatus (M2A/M2B homology hooks, restriction sites, loxP/attB recombination sites, and an eGFP-hph-TK selection/counter-selection marker), and panel (b) is a diagnostic PCR map showing primer-binding positions and amplicon sizes along the targeted locus; panel (c) is FISH micrographs. This is vector/locus cartography documenting how a cloning product was assembled and verified, not a design specification for an engineered construct.",,,,
10.1021/acssynbio.7b00209,2018,3,images/10.1021__acssynbio.7b00209__figure-3.png,True,False,"The figure's organizing structure is a cyclic Cre/integrase recombination workflow, and its construct depictions are platform-cassette and carrier-vector maps annotated with cloning apparatus — selection markers (hph, TK, Pac, FcyFur), loxP/attB/attP recombination sites, and DNA1/DNA2 insertion points — documenting how each integration product is assembled rather than specifying a genetic design to build. This falls under the panel's cloning-and-vector-cartography and mechanism/workflow exclusions.",,,,
10.1021/acssynbio.7b00209,2018,4,images/10.1021__acssynbio.7b00209__figure-4.png,True,False,"All four panels depict recombination between carrier plasmids and the HAC and the resulting incomplete-recombination by-products, annotated almost entirely with cloning apparatus — loxP/attB/attP/attL/attR recombination sites and selection-marker cassettes (GFP-hph-TK, Pac-mCherry-FcyFur) paired with their removal drugs. This documents how cloning products are assembled and screened rather than specifying the composition of a construct to build, falling under the panel's cloning/vector-cartography and mechanism exclusions.",,,,
10.1021/acssynbio.7b00209,2018,5,images/10.1021__acssynbio.7b00209__figure-5.png,True,False,"Panel (a) is a genomic locus map of the VHL gene annotated with coordinates, exon positions, breakage/rejoining points, and cloning apparatus (PCR products, AscI/NotI/FseI restriction sites, attB/attP and loxP recombination sites), which is sequence annotation plus vector cartography rather than a design specification. Panel (b) is organized as a three-round assembly workflow documenting the successive cloning products on the HAC, annotated with recombination sites and diagnostic primer-binding positions, and panels (c)-(d) are gel images, so no panel presents an engineered construct's composition as a design to build.",,,,
10.1021/acssynbio.7b00248,2018,1,images/10.1021__acssynbio.7b00248__figure-1.png,False,True,"Panel (b) lays out the engineered LIT constructs as ordered block diagrams of their fused coding elements (Venus–iLID–ActA and SspB–mKate2–CB5), which specifies the composition and arrangement of the expressed constructs as a design rather than annotating a sequence or documenting cloning apparatus. That construct-composition depiction could be drawn with SBOL Visual CDS/fusion glyphs, even though panel (a) is a purely mechanistic tethering cartoon.",,,,
10.1021/acssynbio.7b00295,2018,1,images/10.1021__acssynbio.7b00295__figure-1.png,True,False,"Figure 1 is a chemical-mechanism and small-molecule structure figure: panel (b) is entirely chemical structures of CEM compounds, and panel (a) is a cartoon of how the bivalent FK506-HDAC-inhibitor recruits corepressors to a Gal4-FKBP fusion to silence a gene. The CiA:Oct4 line in (a) is an incidental backdrop annotating where the ZFx12 and Gal4x5 binding sites sit relative to eGFP in a previously described target locus, serving the mechanism illustration rather than specifying a nucleic-acid construct design to build.",,,,
10.1021/acssynbio.7b00295,2018,4,images/10.1021__acssynbio.7b00295__figure-4.png,True,False,"Panels b–d are box plots and line charts of ChIP-qPCR data, and panel a is an assay schematic: the nucGFP locus is marked with the TSS and the bp coordinates (-169, 489, 738, 1199) of the four qPCR amplicons, paired with a CEM-treatment timeline. Although a Gal4x5/promoter/nucGFP sketch appears, its function here is to annotate where the assay sites sit along the sequence and to stage the protocol rather than to specify a construct design to build.",,,,
10.1021/acssynbio.7b00356,2018,5,images/10.1021__acssynbio.7b00356__figure-5.png,False,True,"Panel (a) is a schematic of the engineered reporter construct, laying out the ibpA thermoterm hairpin (with the 200 nt insertion upstream) followed by the poly-U tract, SD sequence, AUG start, and gfp CDS — a terminator/RBS/CDS arrangement that specifies the design being built and tested, which is directly renderable with SBOL Visual glyphs. Panels (b) and (c) are Northern/Western blot data and do not count, but the presence of the construct design panel makes the figure compatible.",,,,
10.1021/acssynbio.9b00220,2019,2,images/10.1021__acssynbio.9b00220__figure-2.png,True,False,"Panel A is an annotated map of native repABC regions from six organisms, showing where repA/repB/repC lie in each naturally occurring replicon along with amplified fragment lengths, which documents existing sequence organization rather than specifying an engineered construct's design; panel B is a scatter plot of doubling time versus replicon stability.",,,,
10.1021/acssynbio.0c00130,2020,3,images/10.1021__acssynbio.0c00130__figure-3.png,False,True,"Panel (c) lays out the BDD construct as an ordered series of encoded modules (NisA leader, nisin(1-12), DSHPQFCNK, LEVLFQGP linker, stalk/cell-wall spacer, LPXTG, TMS) on a linear backbone, which specifies the composition and arrangement of an engineered construct to build rather than annotating positions in a native sequence or documenting cloning apparatus. That design specification could be drawn with SBOL Visual glyphs, so the figure counts even though panels (a) and (b) are a data table and a peptide structure.",,,,
10.1021/acssynbio.0c00133,2020,2,images/10.1021__acssynbio.0c00133__figure-2.png,True,False,"Panels A, D, and H are protein domain-architecture maps of engineered NFAT variants (Myc tag, TAD-A, NLS, NES, RHD, linker, KRφ) annotated with phosphorylation sites, while panel G is a signaling-mechanism cartoon and the remaining panels are confocal micrographs and bar charts. No panel depicts the nucleic-acid composition of a construct — promoters, RBSs, CDSs, terminators on a backbone — so the figure falls under the protein-only exclusion.",,,,
10.1021/acssynbio.0c00133,2020,5,images/10.1021__acssynbio.0c00133__figure-5.png,True,False,"Panels B–D are bar plots of reporter activity whose construct information appears only as text labels, and panel A is a signaling-mechanism schematic (TRPV1 → Ca2+ influx → NFAT:TALE:VP64:KRφ translocation) organized around the pathway rather than around a construct's design. The small DNA element at the pathway's terminus — a binding site, bent-arrow promoter, and reporter gene — is an incidental sketch decorating the mechanism's endpoint, not a specification of the construct's composition and arrangement.",,,,
10.1021/acssynbio.9b00404,2020,1,images/10.1021__acssynbio.9b00404__figure-1.png,False,True,"Panels (b) and (d) diagram the engineered expression constructs as designs — circular plasmids (pET24a-mpa, pSTV28-hlyb/d, pSTV28-hlyb/d_lyso) with promoters (pT7-Lac, pLac, pBAD) driving arranged coding sequences for the MpA anchor-extender/SBD fusion, HlyAc tag, HlyB/HlyD, and lysostaphin, plus the resulting protein products and their function. This is construct composition and arrangement expressible with SBOL Visual glyphs, not sequence annotation or cloning cartography, even though other panels are structural and conceptual illustrations.",,,,
10.1021/acssynbio.0c00445,2021,1,images/10.1021__acssynbio.0c00445__figure-1.png,False,True,"Panel (c)'s output schematic lays out the composition and arrangement of the engineered pegRNA as a design to build — guide, Cas9 hairpin scaffold, reverse transcription template, edit sequence, and primer binding sequence as ordered functional parts of the molecule, with cloning oligos derived from it — which is a construct design specification renderable with SBOL Visual glyphs. The surrounding mechanism (a, b) and editing-type (d) panels are not themselves compatible, but the pegRNA design depiction is judged on its own terms and is a primary purpose of the figure.",,,,
10.1021/acssynbio.0c00601,2021,3,images/10.1021__acssynbio.0c00601__figure-3.png,False,True,"Figure 3 shows three circular plasmid diagrams whose annotations specify an engineered modular expression system — T7 and araBAD promoters driving His-MrsA, MrsM, and MrsD coding sequences alongside their lacI/araC regulators — rather than merely documenting a cloning product. The promoter/CDS arrangement communicates the design of the constructs used to vary mersacidin maturation and is directly renderable with SBOL Visual glyphs.",,,,
10.1021/acssynbio.1c00193,2021,2,images/10.1021__acssynbio.1c00193__figure-2.png,False,True,"Panel C specifies complete genetic circuit designs for function 0x4D, with each gate mapped to a specific repressor from the Cello library (PhlF, SrpR, AmtR, BM3R1, QacR, etc.) and wired into a defined topology — this is the composition of an engineered transcriptional circuit stated as a design to build, which could equally be rendered with SBOL Visual glyphs. The surrounding workflow schematic (A), line plot (B), and output histograms (D) are not compatible on their own, but the construct depiction in C is judged on its own terms.",,,,
10.1021/acssynbio.1c00193,2021,7,images/10.1021__acssynbio.1c00193__figure-7.png,False,True,"Panels A and B specify the composition of an engineered genetic circuit — logic gates wired into a design and assigned to specific repressor devices (PhlF, SrpR, AmtR, BM3R1, etc., per the panel C legend) — which is a design to build and could be rendered with SBOL Visual glyphs for the constituent transcriptional units and their regulatory interactions. The accompanying output histograms in panel D are data plots, but the circuit design panels count on their own terms.",,,,
10.1021/acssynbio.1c00318,2021,2,images/10.1021__acssynbio.1c00318__figure-2.png,False,True,"Figure 2 specifies the design of an engineered nucleic-acid system, laying out each component of a DNA strand-displacement circuit (inputs, signal reversal gates, annihilators, restoration gates and fuels, reporters) as domain-level constructs on strands together with the reaction scheme that links them. This is design specification of engineered DNA constructs and their functional interactions, not sequence annotation or cloning cartography, so it is content SBOL Visual could represent.",,,,
10.1021/acssynbio.1c00329,2021,1,images/10.1021__acssynbio.1c00329__figure-1.png,False,True,"Panel A lays out the editing template as a designed construct — an arrow-glyph VCP promoter driving a tdTomato–P2A–shble coding arrangement, with parts drawn in order along a linear backbone — which is precisely the kind of composition SBOL Visual glyphs express. The workflow schematic in B and the gel in C are not compatible on their own, but the construct depiction in A is judged on its own terms and specifies a design to build rather than merely annotating a native sequence or documenting a cloning product.",,,,
10.1021/acssynbio.1c00329,2021,2,images/10.1021__acssynbio.1c00329__figure-2.png,False,True,"Panel A is a schematic map of the episomal expression plasmid that lays out an engineered cassette as a design — Ribi promoter driving a Nano Luciferase–hfnCas12a fusion CDS, with HH ribozyme, crRNA, and HDV ribozyme arranged in order — which is precisely the kind of composition SBOL Visual glyphs express. The presence of markers, origin, sequence annotations (B), a bar chart (C), and a photograph (D) does not negate the design-specification content of panel A.",,,,
10.1021/acssynbio.1c00329,2021,3,images/10.1021__acssynbio.1c00329__figure-3.png,False,True,"Panel A lays out the multiplexing plasmid as a design: a promoter, Cas12a CDS, and a CRISPR array of alternating repeats and named spacers arranged on a backbone, which is exactly the kind of engineered construct composition SBOL Visual glyphs express. Panel B is a raw annotated sequence and does not count on its own, but panel A's design specification is a primary purpose of the figure.",,,,
10.1021/acssynbio.1c00329,2021,4,images/10.1021__acssynbio.1c00329__figure-4.png,False,True,"Panel A's circular map specifies the composition of the engineered dCas-KRAB CRISPRi plasmid as a design — a Ribi promoter driving a KRAB–dCas9/dCas12a fusion with a nanoluciferase reporter plus an sgRNA/crRNA cassette — which is exactly the kind of construct arrangement SBOL Visual glyphs express, with the resistance markers and origin as secondary annotations rather than the organizing content. The target-site distance map above it and the bar charts in panels B and C are not compatible on their own, but the plasmid design depiction is judged on its own terms.",,,,
10.1021/acssynbio.1c00395,2021,2,images/10.1021__acssynbio.1c00395__figure-2.png,False,True,"Panel (a) includes linear cassette diagrams for the pCTcon2, pJYDNn, and pJYDC1 display vectors that lay out the designed arrangement of coding elements (AppS4 signal sequence, reporter, Aga2p, linkers, MCS, HDEL) as a construct specification rather than as a sequence annotation or cloning map. That fusion-construct design content is SBOL Visual-representable even though the surrounding panels are flow-cytometry plots and a display mechanism schematic.",,,,
10.1021/acssynbio.1c00625,2022,8,images/10.1021__acssynbio.1c00625__figure-8.png,False,True,"Each compartment panel depicts an engineered genetic unit — a promoter driving gene h, activated by A* binding the promoter site — together with functional interactions (activation, inhibition, transport) between that construct and molecular species H, E, A, and B, which is exactly the content SBOL Visual's sequence-feature and interaction glyphs express. The compartmentalized layout is a presentation device for the proposed system's design rather than a sequence annotation or cloning map.",,,,
10.1021/acssynbio.1c00625,2022,11,images/10.1021__acssynbio.1c00625__figure-11.png,False,True,"Both panels lay out the domain-level composition and strand arrangement of engineered DNA Join/Fork gate complexes (input, weight, seal, helper, translator strands) that implement the CRN neuron, which is a design specification for an engineered nucleic-acid system rather than a sequence annotation or cloning map. Although the panels are organized as reaction cycles, the construct depictions are the substance of the figure, not incidental sketches, and their composition and functional interactions with molecular species could be expressed with SBOL Visual glyphs.",,,,
10.1021/acssynbio.2c00027,2022,2,images/10.1021__acssynbio.2c00027__figure-2.png,False,True,"Panel A depicts engineered synthetic promoter constructs as designs — repeated TFRE units concatenated into 6-mer homotypic and heterotypic assemblies, and an explicit linear cassette of 6x TFRE + CMV core promoter + GFP CDS — which specifies the composition and arrangement of nucleic-acid parts rather than annotating a native sequence or documenting cloning apparatus. The surrounding workflow arrows and the bar charts in panels B and C do not negate that construct design depiction, which could be drawn with SBOL Visual glyphs.",,,,
10.1021/acssynbio.2c00027,2022,5,images/10.1021__acssynbio.2c00027__figure-5.png,False,True,"Panel B schematically lays out the architecture of engineered synthetic promoters as ordered 5'→3' arrangements of discrete TFRE modules (2x IRF9-A, 2x SPI1-A, etc.), specifying the composition and arrangement of each designed library member rather than annotating a native sequence or documenting cloning apparatus. This construct-design content is directly expressible with SBOL Visual glyphs, even though panel A is a bar chart.",,,,
10.1021/acssynbio.2c00027,2022,6,images/10.1021__acssynbio.2c00027__figure-6.png,False,True,"Panel B is a schematic of the architecture of six synthetic DC-specific promoters, showing the ordered arrangement of TFRE building blocks 5'-to-3' along a linear construct — a design specification for engineered promoters that could be drawn with SBOL Visual glyphs. Panel A is a bar chart and does not count, but the construct depictions in panel B are judged on their own terms.",,,,
10.1021/acssynbio.2c00156,2022,2,images/10.1021__acssynbio.2c00156__figure-2.png,True,False,"Panel A is a protocol/workflow schematic and panel C is a bar chart; the only linear construct depiction, panel B, is an annotated target-site map showing where each Cas variant's gRNAs bind along the integrated eGFP reporter (color-coded by 5′–3′ target position) rather than a specification of the reporter's design. Under the exclusion for annotated sequence/target-site maps, the figure is not counted.",,,,
10.1021/acssynbio.2c00205,2022,1,images/10.1021__acssynbio.2c00205__figure-1.png,False,True,"Panel C is a design schematic of the engineered yeast sensor system, showing the P_FIG1-driven luciferase reporter cassette (promoter joined to CDS) together with the heterologous GPCR and the deletions (Δste2, Δsst2, Δfar1) that constitute the sensor strain, plus the functional activation of that cassette by Ste12. This specifies the composition of an engineered construct and its regulatory interactions rather than annotating a native sequence or documenting cloning apparatus, so it could be drawn with SBOL Visual glyphs.",,,,
10.1021/acssynbio.2c00247,2022,5,images/10.1021__acssynbio.2c00247__figure-5.png,False,True,"Panels A and D are design schematics that lay out the modular composition of the engineered ff-synNotch ligand and receptor variants (mCherry–ICD–TM/PDGFR–FKBP fusions and FRB–citrine–EGF–Notch–NICD-Gal4 fusions), specifying each engineered construct as an arrangement of parts to build rather than annotating a native sequence or documenting cloning apparatus. They also depict functional interactions among these constructs (rapamycin-induced binding, NICD-Gal4 release to a reporter), content expressible with SBOL Visual glyphs; the surrounding luciferase plots and micrographs do not disqualify the figure.",,,,
10.1021/acssynbio.2c00345,2022,2,images/10.1021__acssynbio.2c00345__figure-2.png,True,False,"Every construct depiction in Figure 2 (panels a, c, e, h, i) is recombineering cartography: donor cassettes and genomic loci annotated with recombination sites, homology arms, crossover lines, and insertion points, plus a genome map marking knockout loci. These document how the edited cloning products were assembled and where features sit in the genome rather than specifying an engineered construct's design, and the figure's organizing structure is a knockout/insertion workflow with data plots.",,,,
10.1021/acssynbio.2c00345,2022,3,images/10.1021__acssynbio.2c00345__figure-3.png,True,False,"Panels a and b are recombineering workflow/mechanism schematics: they trace insertion and NiCl2-counterselected removal of the tetA^OPT selection cassette at a target locus, with the annotations serving as cloning apparatus (selection marker, gray recombination/homology sites, degenerate ssDNA oligo and its insertion point), while panel c is a bar chart of relative activity. The construct sketches document how the edit is performed rather than specifying an engineered construct's composition as a design to build.",,,,
10.1021/acssynbio.2c00345,2022,5,images/10.1021__acssynbio.2c00345__figure-5.png,True,False,"Panels a and d are genome-editing cartography: lacZ/tetA-OPT locus maps annotated with cloning apparatus — gray recombination sites, homology arms, a selection marker, and ssDNA/dsDNA donor fragments — documenting how the knockout and counterselection products are assembled rather than specifying a construct's design. The remaining panels are bar charts, growth curves, and plate photographs.",,,,
10.1021/acssynbio.2c00375,2022,2,images/10.1021__acssynbio.2c00375__figure-2.png,True,False,"The only diagrammatic panel (A) is an annotated genomic locus map of the Δslr1181::P_psbA2-Yfp-B0015-Sp^r landing site, marking the sgRNA target region and the desired 20 bp deletion alongside cloning apparatus (selection marker, flanking homology regions) rather than specifying an engineered construct's design to build. All remaining panels are transformation plate images, spot assays, gel electrophoresis, a bar chart, and a colony photograph.",,,,
10.1021/acssynbio.2c00375,2022,3,images/10.1021__acssynbio.2c00375__figure-3.png,True,False,"Panels A, E, and J are genome-editing target maps — the caption states they show 'approximate placement of the sgRNA target region (black box) and intended edits' at the slr1181, rbcL, and slr0168 loci, with panel E annotating the PAM and stop codon at base resolution. These document where target/cleavage and insertion sites sit in the S6803 genome rather than specifying a construct's composition as a design, and the remaining panels (B–D, F–I, K–L) are spot assays, gels, quantification plots, and a Western blot.",,,,
10.1021/acssynbio.2c00375,2022,4,images/10.1021__acssynbio.2c00375__figure-4.png,True,False,"Panel A marks the approximate sgRNA target region and intended Δ30 bp edit position within four native S6803 genomic loci, which is target-site sequence annotation rather than a specification of an engineered construct's composition. Panel B is a data plot of editing efficiencies, so no panel of Figure 4 depicts a nucleic-acid design to build.",,,,
10.1021/acssynbio.2c00375,2022,7,images/10.1021__acssynbio.2c00375__figure-7.png,True,False,"Panel A is an annotated sequence/target map of the native nblA1–nblA2 region marking Cas9 and Cpf1 spacer positions, PAM sequences, DSB cleavage points, and the deletion span, which documents where features sit in a target sequence rather than specifying an engineered construct's design; panels B and C are spot-assay photographs and a gel image.",,,,
10.1021/acssynbio.2c00389,2022,1,images/10.1021__acssynbio.2c00389__figure-1.png,True,False,"Panel a is an annotated map of native microginin biosynthetic gene clusters from two cyanobacterial genomes, marking where genes and PKS/NRPS domains occur in existing sequence (via antiSMASH/NCBI annotation), not a design specification for an engineered construct; panels b and c are chemical structures and LC-MS chromatograms.",,,,
10.1021/acssynbio.2c00389,2022,2,images/10.1021__acssynbio.2c00389__figure-2.png,True,False,"Figure 2 consists solely of chemical structure drawings of microginin natural products with NMR (COSY/HMBC) correlation arrows and MS/MS fragmentation spectra with annotated fragment assignments. It contains no depiction of nucleic-acid sequence features, constructs, or genetic circuit design.",,,,
10.1021/acssynbio.2c00389,2022,3,images/10.1021__acssynbio.2c00389__figure-3.png,True,False,"Panel (a) is cloning cartography: a native mic BGC locus map annotated with gene positions and homology/insertion points, followed by three vector maps (Tn, ori, Kan, gfpv2) charting the two-step SLIC/DiPaC assembly product rather than specifying a construct design to build; panels (b)–(d) are LC–MS chromatograms and mass spectra.",,,,
10.1021/acssynbio.2c00419,2022,1,images/10.1021__acssynbio.2c00419__figure-1.png,True,False,"Figure 1 is a workflow schematic of the iPac cloning protocol (PCR fragments → exonuclease assembly → concatemer → in vitro phage packaging → transduction → circularization), and its DNA depictions are unlabeled colored fragment bars and a cos-marked circular product rather than a specification of an engineered construct's sequence features. The abstract fragments and resulting plasmid map document how a cloning product is assembled, which the panel treated as laboratory cartography rather than design specification.",,,,
10.1021/acssynbio.2c00419,2022,2,images/10.1021__acssynbio.2c00419__figure-2.png,True,False,"Panel A is a circular map of the native λ phage genome partitioned into five overlapping PCR fragments with the cos site marked, which documents how a cloning/assembly product is put together rather than specifying the composition of an engineered construct; the remaining panels (B–F) are a gel image, agar plate photographs, and transduction-efficiency plots. No panel lays out engineered sequence features such as promoters, RBSs, CDSs, or terminators as a design.",,,,
10.1021/acssynbio.2c00419,2022,3,images/10.1021__acssynbio.2c00419__figure-3.png,True,False,"Panel A is cloning cartography: it diagrams the numbered PCR fragments and their 50-bp overlap junctions used to assemble each λ genome, marking where deletions were introduced rather than specifying an engineered construct's functional composition. Panel B is an annotated λ genome map (head, tail, recombination, replication, lysis regions) paired with NGS read-coverage plots, i.e., sequence annotation plus data, so no panel specifies a design to build.",,,,
10.1021/acssynbio.2c00419,2022,4,images/10.1021__acssynbio.2c00419__figure-4.png,True,False,"Panels A–D are genome circles partitioned into numbered PCR fragments with an inserted cos packaging site, documenting how each phage genome was assembled rather than specifying the composition and arrangement of sequence features (promoters, CDSs, terminators) as a design; this is cloning/assembly cartography. The remaining panels are agarose gel images (E–H) and plaque photographs (I), which are not SBOL Visual content.",,,,
10.1021/acssynbio.2c00419,2022,5,images/10.1021__acssynbio.2c00419__figure-5.png,True,False,"Only panel A is a diagram, and it is a conventional circular vector map whose annotations are cloning apparatus — a pBR322-cos backbone with AmpR marker, cos packaging site, cat selection gene, and four overlapping P1 genome fragments assembled with 50 bp overlaps — documenting how the 48 kb cloning product was assembled rather than specifying a construct's design. The remaining panels (B, D, E) are gel images and (C) is a plate photograph.",,,,
10.1021/acssynbio.2c00419,2022,6,images/10.1021__acssynbio.2c00419__figure-6.png,True,False,"Panels A–C are cloning cartography: plasmid maps and fragment-assembly schematics annotated only with cloning apparatus (vector versus λDNA insert, cos packaging site, Afl II restriction sites, fragment sizes), documenting how each construct is assembled and packaged rather than specifying a design of sequence features. Panels D and E are agarose gel images, which are also outside SBOL Visual's scope.",,,,
10.1021/acssynbio.2c00356,2023,2,images/10.1021__acssynbio.2c00356__figure-2.png,False,True,"Each panel specifies the composition and arrangement of engineered DNA fuel complexes — top/bottom strands with defined toehold, balance, and overhang domains laid out along the strands — as a design to be synthesized for a given N and shift, together with the functional signal-propagation relationships between them. This is design specification of an engineered nucleic-acid system, not annotation of a native sequence or cloning cartography.",,,,
10.1021/acssynbio.2c00356,2023,3,images/10.1021__acssynbio.2c00356__figure-3.png,False,True,"Panels (a) and (b) lay out the domain-level composition of engineered DNA fuel complexes (overhang, balance, and toehold domains arranged along the strands of the N = 5 / N = 6, shift = 2 cascade designs), which specifies the design of a nucleic-acid system rather than annotating a native sequence or documenting a cloning product. The accompanying displacement reactions depict functional interactions among those designed species, so the content is drawable with SBOL Visual nucleic-acid glyphs.",,,,
10.1021/acssynbio.2c00361,2023,1,images/10.1021__acssynbio.2c00361__figure-1.png,False,True,"Panel A depicts the genetic logic gates as DNA constructs — promoter glyphs and CDS boxes arranged on backbones with cognate/noncognate TFs binding at input and output promoters — which is the composition of an engineered genetic circuit plus its functional interactions with molecular species, exactly the content SBOL Visual glyphs express. This is a design specification of the gates' arrangement rather than a sequence annotation, cloning map, or construct sketches merely decorating another structure's nodes, even though panels B and C are an abstract topology diagram and a transfer-function plot.",,,,
10.1021/acssynbio.2c00593,2023,2,images/10.1021__acssynbio.2c00593__figure-2.png,True,False,"The figure's organizing structure is a combinatorial matrix of repressor-protein pairs plus abstract logic-gate symbols (BUFR/SE-PA), which carry no nucleic-acid design content; the only DNA depictions are the PROXIMAL/CORE insets and the small ADR headers, which are mechanism cartoons annotating -35/-10 boxes and operator positions relative to bound RNA polymerase and repressors. Under the exclusion for annotated sequence/motif maps and mechanism illustrations with incidental construct sketches, no panel specifies an engineered construct's composition as a design to build.",,,,
10.1021/acssynbio.2c00593,2023,4,images/10.1021__acssynbio.2c00593__figure-4.png,True,False,The figure is a grid of prediction-vs-measurement scatter plots; its only schematic elements are an abstract logic-gate diagram (BUFFER triangles feeding an AND gate) and a repression-mechanism inset annotating -35/-10 boxes and an OP1 operator with bound repressor dimers and RNA polymerase. Both are mechanism/abstract-logic illustrations rather than a specification of an engineered construct's composition and arrangement.,,,,
10.1021/acssynbio.2c00593,2023,6,images/10.1021__acssynbio.2c00593__figure-6.png,True,False,"The figure is composed of eight model-vs-measurement scatter plots plus abstract logic-gate symbols; the only DNA depictions are small mechanism insets showing repressor binding at a promoter annotated with -35/-10 boxes and the OP1 operator position, which is a motif-annotated mechanism cartoon rather than a design specification for a construct. Under the panel's exclusions for -35/-10 and operator annotation and for incidental mechanism sketches, this does not count.",,,,
10.1021/acssynbio.3c00094,2023,2,images/10.1021__acssynbio.3c00094__figure-2.png,False,True,"Panel C lays out the minimal synthetic promoter chassis (MinSyn000) as a design — a backbone with a defined variable region into which specified pairs of AtTGA1 binding sites are inserted upstream of the TATA element and TSS — and panel D enumerates the resulting combinatorial promoter variants by their binding-site composition. These specify engineered promoter constructs to build rather than annotating a native sequence or documenting cloning apparatus, so they could be drawn with SBOL Visual glyphs.",,,,
10.1021/acssynbio.3c00183,2023,1,images/10.1021__acssynbio.3c00183__figure-1.png,True,False,"Panel (a) is a cloning workflow schematic — restriction-site cut/ligate chemistry and en masse assembly cycles — whose plasmid and module sketches are annotated only with BamHI/BglII/EcoRI/MfeI sites and barcodes, i.e. cloning apparatus rather than a design specification. Panel (b) is conventional vector cartography of pCombi-CC, labeling the selection marker, origins, replicon/partition genes, and added/removed restriction sites and synonymous changes, which the historical panel excluded.",,,,
10.1021/acssynbio.3c00186,2023,1,images/10.1021__acssynbio.3c00186__figure-1.png,False,True,"The Design panel (and the construct inside the Build panel) lays out engineered pathway constructs as linear arrangements of genetic elements — promoters, RBSs, and CDSs per the caption — combined combinatorially from the element library, which is a design specification for constructs to be built rather than sequence annotation or cloning cartography. Although the figure's overall frame is a DBTL workflow with icons, that construct-composition depiction is a primary purpose of its panels and could be drawn with SBOL Visual glyphs.",,,,
10.1021/acssynbio.3c00199,2023,1,images/10.1021__acssynbio.3c00199__figure-1.png,False,True,"Panel A (Design) lays out an engineered construct's composition — five yeast promoters (pTDH3, pACT1, pENO2, pYEF3, pPGK1) combinatorially paired with the PDC1, ADH1, and TPS1 coding sequences, drawn as promoter and CDS arrow glyphs — which specifies the 216-member combinatorial library as a design to build rather than annotating a native sequence or documenting cloning apparatus. That it sits inside a DBTL workflow schematic alongside plots and a metabolic pathway does not disqualify it, since the construct depiction is judged on its own terms.",,,,
10.1021/acssynbio.3c00237,2023,1,images/10.1021__acssynbio.3c00237__figure-1.png,False,True,"Panel B lays out the composition and arrangement of the engineered multi-gene expression plasmids (P1-1 through P3-1) as directional CDS glyphs in operon order under a single T7 promoter with an RBS upstream of each gene, which is a construct design specification drawable with SBOL Visual glyphs. Panel A is a metabolic/enzymatic pathway that would not count on its own, but panel B is judged on its own terms and is not a sequence annotation or cloning map.",,,,
10.1021/acssynbio.3c00237,2023,2,images/10.1021__acssynbio.3c00237__figure-2.png,False,True,"Above the HPLC traces, Figure 2 includes construct diagrams of the P1-1, P2-1, and P3-1 plasmids drawn as ordered series of CDS arrow glyphs (chlI, chlD, chlH, gun4, chlM, acsF, chlG; dvr/bciB, bchN, bchB, bchL, chlP; dxs, crtE), which specify the composition and arrangement of the engineered expression modules rather than annotating a native sequence or documenting cloning apparatus. Under the rule that a design-specifying construct panel counts even when the rest of the figure is data plots, this qualifies as SBOL Visual compatible.",,,,
10.1021/acssynbio.3c00237,2023,3,images/10.1021__acssynbio.3c00237__figure-3.png,False,True,"Above the HPLC traces, Figure 3 includes schematics of the P1-2, P2-2, P2-3, and P3-1 plasmids drawn as ordered series of labeled CDS arrow glyphs (bchC, bchX, bchY, bchZ, bchF, bchG, chlP, dxs, crtE), specifying the composition and arrangement of the engineered biosynthetic modules rather than annotating a native sequence or documenting cloning apparatus. That construct depiction is SBOL Visual-expressible even though the rest of the figure is chromatograms and absorbance spectra.",,,,
10.1021/acssynbio.3c00237,2023,4,images/10.1021__acssynbio.3c00237__figure-4.png,False,True,"Although the bulk of Figure 4 is a carotenoid biosynthetic pathway drawn with chemical structures, the bottom panels depict the P3-2 and P3-3 plasmids as linear arrangements of CDS arrow glyphs (dxs, crtE, crtI, crtB, crtY), specifying the composition and order of genes in the engineered expression constructs. That is a design specification of an engineered nucleic-acid construct rather than sequence annotation or cloning cartography, and it could be drawn with SBOL Visual glyphs.",,,,
10.1021/acssynbio.3c00237,2023,5,images/10.1021__acssynbio.3c00237__figure-5.png,False,True,"Each panel is headed by schematics of the three co-transformed plasmids (P1-x, P2-x, P3-x) drawn as ordered rows of directional CDS arrow glyphs naming the (bacterio)chlorophyll and carotenoid biosynthetic genes, which specifies the composition and arrangement of the engineered constructs as a design rather than annotating a sequence or documenting cloning apparatus. The remainder of the figure is HPLC/absorbance data plots, but the construct depictions count on their own terms and are directly renderable with SBOL Visual glyphs.",,,,
10.1021/acssynbio.3c00253,2023,2,images/10.1021__acssynbio.3c00253__figure-2.png,False,True,"The top-left panel lays out an engineered mRNA construct as a design specification along a linear backbone — Csy4 site, three miRNA/activator-responsive eToeholds acting as translational control elements, and Csy4, Cas13a, and gene-of-interest coding regions — which is exactly the kind of sequence-feature composition SBOL Visual glyphs express. The remaining truth-table panels depict functional interactions between that construct and molecular species (miRNAs, Csy4, Cas13a), reinforcing rather than negating compatibility, and none of the three exclusions applies since nothing here annotates a native sequence or documents cloning apparatus.",,,,
10.1021/acssynbio.3c00253,2023,3,images/10.1021__acssynbio.3c00253__figure-3.png,False,True,"The top-left panel lays out the engineered mRNA construct as a design — Csy4 cleavage site, miRNA1-activated eToehold, Csy4 CDS, Cas13a CDS, miRNA2-activated eToehold, and gene-of-interest CDS arranged in order along a single backbone — which is exactly the sequence-feature composition SBOL Visual glyphs express, and this same construct schematic is repeated in each truth-table row. The surrounding logic-gate mechanism illustration does not disqualify it, since the construct depiction specifies a design to build rather than annotating a native sequence or documenting cloning apparatus.",,,,
10.1021/acssynbio.3c00253,2023,4,images/10.1021__acssynbio.3c00253__figure-4.png,False,True,"The top panel lays out an engineered single-mRNA XOR circuit as a linear arrangement of sequence features — Csy4 cleavage sites, miRNA-activated eToehold translational elements, and Csy4/Cas13a/gene-of-interest coding regions — which is a design specification of a nucleic-acid construct renderable with SBOL Visual glyphs. The truth-table rows below reuse that same construct layout to show functional interactions with miRNA species, so construct design is a primary purpose of the figure rather than an incidental sketch.",,,,
10.1021/acssynbio.3c00312,2023,1,images/10.1021__acssynbio.3c00312__figure-1.png,False,True,"Panels B and C each include a plasmid schematic that lays out the engineered reporter construct's composition — promoter (P_T7 or P_J23119) driving an sfGFP CDS on a defined backbone with its selection marker — which is the design variable the paper is testing, not a record of where features sit in a native sequence or how a clone was assembled. These cassette depictions are directly renderable with SBOL Visual glyphs, and they count on their own terms even though the rest of the figure is data plots.",,,,
10.1021/acssynbio.3c00423,2023,1,images/10.1021__acssynbio.3c00423__figure-1.png,True,False,"Panel A is a chromosomal locus map marking where the 10 integration landing sites occur in the S. cerevisiae genome, and panel B is conventional vector cartography whose annotations are cloning apparatus (5'/3' homology arms, BsmBI/BsaI/BbsI/NotI restriction sites, dropout, selection marker, KanR-ColE1 and CamR-ColE1 backbones) documenting a Golden Gate assembly product rather than specifying an engineered construct's design. The remaining panels (C–F) are bar charts, growth curves, and box plots.",,,,
10.1021/acssynbio.3c00423,2023,4,images/10.1021__acssynbio.3c00423__figure-4.png,True,False,"Panels A, B, and D are cloning/vector cartography and assembly-mechanism schematics: plasmid and locus maps annotated with restriction sites (NotI, BsaI, BsmBI), homology arms, dropout cassettes, selection markers, and ColE1 origins, arranged to document how the gap-repair and Golden Gate products are assembled rather than to specify a construct design; the generic promoter-CDS-terminator blocks are placeholders within that assembly workflow, and panels C and E are a heatmap and gel images.",,,,
